date,ticker,action,shares,price,notional,cost
2019-03-29,2049.TW,BUY,95,208.6112518310547,19818.068923950195,0.0
2019-03-29,2308.TW,BUY,149,133.7365264892578,19926.742446899414,0.0
2019-03-29,3008.TW,BUY,5,3579.566162109375,17897.830810546875,0.0
2019-03-29,3037.TW,BUY,786,25.43862533569336,19994.75951385498,0.0
2019-03-29,9910.TW,BUY,173,115.0851058959961,19909.723320007324,0.0
2019-04-01,2049.TW,SELL,95,211.01832580566406,20046.740951538086,0.0
2019-04-01,3037.TW,SELL,786,27.759037017822266,21818.6030960083,0.0
2019-04-01,2207.TW,BUY,68,293.0050964355469,19924.346557617188,0.0
2019-04-01,2308.TW,BUY,4,131.2132110595703,524.8528442382812,0.0
2019-04-01,3019.TW,BUY,265,75.9072265625,20115.4150390625,0.0
2019-04-01,9910.TW,BUY,6,112.445556640625,674.67333984375,0.0
2019-04-02,9904.TW,BUY,788,25.93973159790039,20440.508499145508,0.0
2019-04-02,3665.TW,BUY,119,170.82469177246094,20328.13832092285,0.0
2019-04-02,3045.TW,BUY,259,78.80380249023438,20410.184844970703,0.0
2019-04-02,2889.TW,BUY,3131,6.533994674682617,20457.937326431274,0.0
2019-04-02,2327.TW,BUY,354,57.69657516479492,20424.587608337402,0.0
2019-04-02,2308.TW,SELL,153,132.47486877441406,20268.65492248535,0.0
2019-04-02,3019.TW,SELL,265,76.99828338623047,20404.545097351074,0.0
2019-04-02,3008.TW,SELL,5,3599.019775390625,17995.098876953125,0.0
2019-04-02,2207.TW,SELL,68,297.7436828613281,20246.570434570312,0.0
2019-04-02,9910.TW,SELL,179,113.5013656616211,20316.744453430176,0.0
2019-04-03,3008.TW,BUY,5,3540.65771484375,17703.28857421875,0.0
2019-04-03,9910.TW,BUY,183,112.445556640625,20577.536865234375,0.0
2019-04-03,3034.TW,BUY,178,115.66888427734375,20589.061401367188,0.0
2019-04-03,3019.TW,BUY,271,75.98515319824219,20591.976516723633,0.0
2019-04-03,2207.TW,BUY,69,297.34881591796875,20517.068298339844,0.0
2019-04-03,3045.TW,SELL,259,79.16036987304688,20502.53579711914,0.0
2019-04-03,3665.TW,SELL,119,170.82469177246094,20328.13832092285,0.0
2019-04-03,9904.TW,SELL,788,26.119369506835938,20582.06317138672,0.0
2019-04-03,2889.TW,SELL,3131,6.533994674682617,20457.937326431274,0.0
2019-04-03,2327.TW,SELL,354,59.49958801269531,21062.85415649414,0.0
2019-04-08,3045.TW,BUY,262,78.80380249023438,20646.596252441406,0.0
2019-04-08,3034.TW,BUY,7,111.62047576904297,781.3433303833008,0.0
2019-04-08,3019.TW,BUY,3,75.20581817626953,225.6174545288086,0.0
2019-04-08,9910.TW,BUY,1,111.91764831542969,111.91764831542969,0.0
2019-04-08,3008.TW,SELL,5,3579.566162109375,17897.830810546875,0.0
2019-04-08,2207.TW,SELL,69,311.1698303222656,21470.718292236328,0.0
2019-04-08,2327.TW,BUY,353,58.5079345703125,20653.300903320312,0.0
2019-04-09,2327.TW,SELL,353,59.49958801269531,21003.354568481445,0.0
2019-04-09,3034.TW,SELL,185,113.6446762084961,21024.265098571777,0.0
2019-04-09,3045.TW,SELL,262,79.16036987304688,20740.01690673828,0.0
2019-04-09,3019.TW,BUY,3,74.89408111572266,224.68224334716797,0.0
2019-04-09,3037.TW,BUY,664,31.239662170410156,20743.135681152344,0.0
2019-04-09,3231.TW,BUY,1237,16.789077758789062,20768.08918762207,0.0
2019-04-09,6415.TW,BUY,180,115.1888427734375,20733.99169921875,0.0
2019-04-09,9910.TW,BUY,3,110.86180877685547,332.5854263305664,0.0
2019-04-10,6415.TW,BUY,2,114.12007141113281,228.24014282226562,0.0
2019-04-10,3008.TW,BUY,5,3711.85302734375,18559.26513671875,0.0
2019-04-10,3037.TW,BUY,9,30.938865661621094,278.44979095458984,0.0
2019-04-10,9910.TW,SELL,187,113.23739624023438,21175.393096923828,0.0
2019-04-10,3231.TW,SELL,1237,16.957643508911133,20976.60502052307,0.0
2019-04-10,1216.TW,BUY,382,54.38660430908203,20775.682846069336,0.0
2019-04-11,1216.TW,SELL,382,53.57264709472656,20464.751190185547,0.0
2019-04-11,3008.TW,SELL,5,3649.600830078125,18248.004150390625,0.0
2019-04-11,3037.TW,SELL,673,31.153717041015625,20966.451568603516,0.0
2019-04-11,2049.TW,BUY,91,225.86183166503906,20553.426681518555,0.0
2019-04-11,2207.TW,BUY,65,315.5135498046875,20508.380737304688,0.0
2019-04-11,3019.TW,BUY,2,73.88095092773438,147.76190185546875,0.0
2019-04-11,3443.TW,BUY,105,195.4995574951172,20527.453536987305,0.0
2019-04-12,3711.TW,BUY,407,50.052757263183594,20371.472206115723,0.0
2019-04-12,3665.TW,BUY,124,164.1024169921875,20348.69970703125,0.0
2019-04-12,3443.TW,BUY,1,191.01564025878906,191.01564025878906,0.0
2019-04-12,2207.TW,SELL,65,316.3033447265625,20559.717407226562,0.0
2019-04-12,2049.TW,SELL,91,229.0712432861328,20845.483139038086,0.0
2019-04-12,3019.TW,BUY,7,71.30913543701172,499.16394805908203,0.0
2019-04-15,3019.TW,SELL,286,72.94573974609375,20862.481567382812,0.0
2019-04-15,3443.TW,SELL,106,194.1543731689453,20580.363555908203,0.0
2019-04-15,3711.TW,SELL,407,50.98631286621094,20751.42933654785,0.0
2019-04-15,3034.TW,BUY,181,113.35549926757812,20517.34536743164,0.0
2019-04-15,3037.TW,BUY,645,31.884220123291016,20565.321979522705,0.0
2019-04-15,3665.TW,BUY,1,163.7069854736328,163.7069854736328,0.0
2019-04-15,5871.TW,BUY,264,77.9736099243164,20585.03302001953,0.0
2019-04-15,6415.TW,BUY,4,110.43878173828125,441.755126953125,0.0
2019-04-16,5871.TW,BUY,5,77.10077667236328,385.5038833618164,0.0
2019-04-16,3037.TW,BUY,3,32.01313018798828,96.03939056396484,0.0
2019-04-16,3034.TW,BUY,3,112.77715301513672,338.33145904541016,0.0
2019-04-16,6415.TW,SELL,186,116.97012329101562,21756.442932128906,0.0
2019-04-16,2049.TW,BUY,89,231.8794403076172,20637.27018737793,0.0
2019-04-16,3665.TW,SELL,125,163.31158447265625,20413.94805908203,0.0
2019-04-16,3019.TW,BUY,289,71.85467529296875,20766.00115966797,0.0
2019-04-17,2049.TW,SELL,89,232.2806396484375,20672.976928710938,0.0
2019-04-17,3034.TW,SELL,184,113.06633758544922,20804.206115722656,0.0
2019-04-17,3037.TW,SELL,4,32.27095413208008,129.0838165283203,0.0
2019-04-17,5871.TW,SELL,269,77.68266296386719,20896.636337280273,0.0
2019-04-17,2454.TW,BUY,107,194.15789794921875,20774.895080566406,0.0
2019-04-17,3008.TW,BUY,5,3599.019775390625,17995.098876953125,0.0
2019-04-17,3019.TW,BUY,3,71.07533264160156,213.2259979248047,0.0
2019-04-17,3665.TW,BUY,127,162.91615295410156,20690.3514251709,0.0
2019-04-18,5871.TW,BUY,273,75.9369888305664,20730.79795074463,0.0
2019-04-18,3665.TW,BUY,2,160.93899536132812,321.87799072265625,0.0
2019-04-18,3037.TW,BUY,10,31.79828453063965,317.9828453063965,0.0
2019-04-18,2474.TW,BUY,130,158.8355712890625,20648.624267578125,0.0
2019-04-18,2454.TW,SELL,107,195.8403778076172,20954.92042541504,0.0
2019-04-18,3019.TW,SELL,292,72.08846282958984,21049.831146240234,0.0
2019-04-18,3008.TW,SELL,5,3602.91015625,18014.55078125,0.0
2019-04-18,2327.TW,BUY,348,59.67988967895508,20768.601608276367,0.0
2019-04-19,3008.TW,BUY,5,3567.893310546875,17839.466552734375,0.0
2019-04-19,9910.TW,BUY,168,124.05964660644531,20842.020629882812,0.0
2019-04-19,4938.TW,BUY,552,37.88916015625,20914.81640625,0.0
2019-04-19,3019.TW,BUY,294,71.15328979492188,20919.06719970703,0.0
2019-04-19,2207.TW,BUY,64,325.3857421875,20824.6875,0.0
2019-04-19,3665.TW,SELL,129,160.1481475830078,20659.111038208008,0.0
2019-04-19,3037.TW,SELL,654,32.313926696777344,21133.308059692383,0.0
2019-04-19,2474.TW,SELL,130,159.46588134765625,20730.564575195312,0.0
2019-04-19,2327.TW,SELL,348,60.130645751953125,20925.464721679688,0.0
2019-04-19,5871.TW,SELL,273,76.80982208251953,20969.081428527832,0.0
2019-04-22,4938.TW,BUY,12,37.13264083862305,445.59169006347656,0.0
2019-04-22,3665.TW,BUY,133,157.38014221191406,20931.55891418457,0.0
2019-04-22,2474.TW,BUY,133,157.25982666015625,20915.55694580078,0.0
2019-04-22,2317.TW,BUY,330,63.46295928955078,20942.776565551758,0.0
2019-04-22,3037.TW,BUY,649,32.313926696777344,20971.738426208496,0.0
2019-04-22,3019.TW,SELL,294,71.69880676269531,21079.449188232422,0.0
2019-04-22,3008.TW,SELL,5,3556.220947265625,17781.104736328125,0.0
2019-04-22,2207.TW,SELL,64,329.72943115234375,21102.68359375,0.0
2019-04-22,9910.TW,SELL,168,125.37942504882812,21063.743408203125,0.0
2019-04-23,9910.TW,BUY,167,125.37942504882812,20938.363983154297,0.0
2019-04-23,2317.TW,SELL,330,63.82436752319336,21062.04128265381,0.0
2019-04-23,2474.TW,SELL,133,162.61740112304688,21628.114349365234,0.0
2019-04-23,4938.TW,SELL,564,37.258731842041016,21013.924758911133,0.0
2019-04-23,2327.TW,BUY,361,57.96702194213867,20926.09492111206,0.0
2019-04-23,3019.TW,BUY,297,70.45186614990234,20924.204246520996,0.0
2019-04-23,3037.TW,BUY,24,31.153717041015625,747.689208984375,0.0
2019-04-23,3665.TW,BUY,1,155.7984619140625,155.7984619140625,0.0
2019-04-24,2327.TW,BUY,9,57.60642623901367,518.457836151123,0.0
2019-04-24,9910.TW,SELL,167,128.8108673095703,21511.414840698242,0.0
2019-04-24,6415.TW,BUY,181,117.92012023925781,21343.541763305664,0.0
2019-04-24,3711.TW,BUY,406,52.49435806274414,21312.70937347412,0.0
2019-04-24,2317.TW,BUY,339,62.81243133544922,21293.414222717285,0.0
2019-04-24,3019.TW,SELL,297,70.76361846923828,21016.79468536377,0.0
2019-04-24,3665.TW,SELL,134,158.56643676757812,21247.90252685547,0.0
2019-04-24,3037.TW,SELL,673,32.61471939086914,21949.70615005493,0.0
2019-04-24,2207.TW,BUY,64,330.5192565917969,21153.232421875,0.0
2019-04-25,2207.TW,SELL,64,331.7038879394531,21229.048828125,0.0
2019-04-25,2327.TW,SELL,370,57.96702194213867,21447.79811859131,0.0
2019-04-25,3711.TW,SELL,406,52.85341262817383,21458.485527038574,0.0
2019-04-25,6415.TW,SELL,181,118.98888397216797,21536.987998962402,0.0
2019-04-25,2317.TW,BUY,2,62.74014663696289,125.48029327392578,0.0
2019-04-25,2382.TW,BUY,555,38.62894821166992,21439.066257476807,0.0
2019-04-25,2454.TW,BUY,110,193.82142639160156,21320.356903076172,0.0
2019-04-25,3037.TW,BUY,657,32.61471939086914,21427.870639801025,0.0
2019-04-25,4938.TW,BUY,574,37.321773529052734,21422.69800567627,0.0
2019-04-26,3019.TW,BUY,311,68.19180297851562,21207.65072631836,0.0
2019-04-26,3661.TW,BUY,275,76.96917724609375,21166.52374267578,0.0
2019-04-26,3037.TW,BUY,27,30.981834411621094,836.5095291137695,0.0
2019-04-26,2327.TW,BUY,368,57.51626205444336,21165.984436035156,0.0
2019-04-26,3443.TW,BUY,100,210.74493408203125,21074.493408203125,0.0
2019-04-26,2454.TW,SELL,110,195.1674041748047,21468.414459228516,0.0
2019-04-26,2382.TW,SELL,555,38.11217498779297,21152.257118225098,0.0
2019-04-26,2317.TW,SELL,341,63.17383575439453,21542.277992248535,0.0
2019-04-26,4938.TW,SELL,574,37.06959533691406,21277.947723388672,0.0
2019-04-29,3711.TW,BUY,392,51.41718292236328,20155.535705566406,0.0
2019-04-29,3037.TW,BUY,38,27.930919647216797,1061.3749465942383,0.0
2019-04-29,3019.TW,SELL,9,66.63313293457031,599.6981964111328,0.0
2019-04-29,3661.TW,SELL,275,75.85233306884766,20859.391593933105,0.0
2019-04-29,2327.TW,BUY,4,54.18068313598633,216.7227325439453,0.0
2019-04-30,2327.TW,SELL,372,54.901893615722656,20423.504425048828,0.0
2019-04-30,2474.TW,BUY,134,154.10833740234375,20650.517211914062,0.0
2019-04-30,2317.TW,BUY,329,62.81243133544922,20665.289909362793,0.0
2019-04-30,3711.TW,SELL,392,51.48899459838867,20183.68588256836,0.0
2019-04-30,3661.TW,BUY,273,75.48004150390625,20606.051330566406,0.0
2019-04-30,3037.TW,SELL,24,29.606779098510742,710.5626983642578,0.0
2019-04-30,3019.TW,SELL,302,68.81526184082031,20782.209075927734,0.0
2019-04-30,3443.TW,SELL,100,203.57064819335938,20357.064819335938,0.0
2019-04-30,3008.TW,BUY,5,3618.4736328125,18092.3681640625,0.0
2019-05-02,2317.TW,SELL,329,62.81243133544922,20665.289909362793,0.0
2019-05-02,2474.TW,SELL,134,157.57498168945312,21115.04754638672,0.0
2019-05-02,3661.TW,SELL,273,75.66619110107422,20656.87017059326,0.0
2019-05-02,2049.TW,BUY,88,234.2864990234375,20617.2119140625,0.0
2019-05-02,2207.TW,BUY,56,367.24359130859375,20565.64111328125,0.0
2019-05-02,3037.TW,BUY,3,29.563806533813477,88.69141960144043,0.0
2019-05-02,3443.TW,BUY,104,198.6383056640625,20658.3837890625,0.0
2019-05-03,2327.TW,BUY,386,54.09053421020508,20878.94620513916,0.0
2019-05-03,9910.TW,BUY,160,130.3946075439453,20863.13720703125,0.0
2019-05-03,2049.TW,BUY,1,233.88534545898438,233.88534545898438,0.0
2019-05-03,3037.TW,SELL,3,29.90757179260254,89.72271537780762,0.0
2019-05-03,3008.TW,SELL,5,3637.927978515625,18189.639892578125,0.0
2019-05-03,3443.TW,SELL,104,200.88027954101562,20891.549072265625,0.0
2019-05-06,3037.TW,BUY,19,28.40359878540039,539.6683769226074,0.0
2019-05-06,2317.TW,BUY,332,61.366798400878906,20373.777069091797,0.0
2019-05-06,2303.TW,BUY,2275,8.956378936767578,20375.76208114624,0.0
2019-05-06,3661.TW,BUY,266,76.5969009399414,20374.775650024414,0.0
2019-05-06,9910.TW,SELL,160,131.45040893554688,21032.0654296875,0.0
2019-05-06,2327.TW,SELL,386,52.9185676574707,20426.56711578369,0.0
2019-05-06,2207.TW,SELL,56,366.45379638671875,20521.41259765625,0.0
2019-05-06,2049.TW,BUY,3,221.44886779785156,664.3466033935547,0.0
2019-05-07,6415.TW,BUY,170,122.31392669677734,20793.36753845215,0.0
2019-05-07,2049.TW,SELL,92,223.85592651367188,20594.745239257812,0.0
2019-05-07,2303.TW,SELL,2275,9.227785110473633,20993.211126327515,0.0
2019-05-07,2317.TW,SELL,332,62.5955810546875,20781.73291015625,0.0
2019-05-07,3037.TW,SELL,717,29.692720413208008,21289.68053627014,0.0
2019-05-07,3661.TW,SELL,266,76.31768035888672,20300.502975463867,0.0
2019-05-07,2207.TW,BUY,58,355.39697265625,20613.0244140625,0.0
2019-05-07,2327.TW,BUY,393,52.828426361083984,20761.571559906006,0.0
2019-05-07,2883.TW,BUY,3004,6.92486047744751,20802.28087425232,0.0
2019-05-07,3443.TW,BUY,106,195.05116271972656,20675.423248291016,0.0
2019-05-08,4938.TW,BUY,614,33.72828674316406,20709.168060302734,0.0
2019-05-08,3443.TW,BUY,1,191.9123992919922,191.9123992919922,0.0
2019-05-08,9910.TW,BUY,152,135.67372131347656,20622.405639648438,0.0
2019-05-08,3034.TW,BUY,165,125.50074005126953,20707.622108459473,0.0
2019-05-08,2883.TW,SELL,3004,6.8538360595703125,20588.92352294922,0.0
2019-05-08,6415.TW,SELL,170,121.83892059326172,20712.616500854492,0.0
2019-05-08,2049.TW,BUY,95,217.83828735351562,20694.637298583984,0.0
2019-05-08,2327.TW,SELL,393,53.098873138427734,20867.8571434021,0.0
2019-05-08,2207.TW,SELL,58,356.5816650390625,20681.736572265625,0.0
2019-05-09,3443.TW,BUY,3,182.9445343017578,548.8336029052734,0.0
2019-05-09,3037.TW,BUY,693,29.048158645629883,20130.37394142151,0.0
2019-05-09,3008.TW,BUY,5,3431.7138671875,17158.5693359375,0.0
2019-05-09,2207.TW,BUY,59,339.6015930175781,20036.49398803711,0.0
2019-05-09,9910.TW,SELL,152,133.298095703125,20261.310546875,0.0
2019-05-09,4938.TW,SELL,614,32.78263854980469,20128.540069580078,0.0
2019-05-09,3034.TW,SELL,165,125.78990936279297,20755.33504486084,0.0
2019-05-09,2049.TW,BUY,2,207.00657653808594,414.0131530761719,0.0
2019-05-10,3019.TW,BUY,320,63.51579666137695,20325.054931640625,0.0
2019-05-10,5871.TW,BUY,284,71.57279968261719,20326.67510986328,0.0
2019-05-10,4938.TW,BUY,623,32.593505859375,20305.754150390625,0.0
2019-05-10,3034.TW,BUY,166,122.0306625366211,20257.0899810791,0.0
2019-05-10,2317.TW,BUY,336,60.499420166015625,20327.80517578125,0.0
2019-05-10,2207.TW,SELL,59,343.5504455566406,20269.476287841797,0.0
2019-05-10,3037.TW,SELL,693,29.563806533813477,20487.71792793274,0.0
2019-05-10,3008.TW,SELL,5,3466.73095703125,17333.65478515625,0.0
2019-05-10,2049.TW,SELL,97,208.6112518310547,20235.291427612305,0.0
2019-05-10,3443.TW,SELL,110,183.39291381835938,20173.22052001953,0.0
2019-05-13,2207.TW,BUY,58,339.2066955566406,19673.988342285156,0.0
2019-05-13,6415.TW,BUY,175,112.33879852294922,19659.289741516113,0.0
2019-05-13,3008.TW,BUY,5,3307.207275390625,16536.036376953125,0.0
2019-05-13,2327.TW,BUY,422,46.78831481933594,19744.668853759766,0.0
2019-05-13,2049.TW,BUY,102,193.36660766601562,19723.393981933594,0.0
2019-05-13,2317.TW,SELL,336,58.69239044189453,19720.643188476562,0.0
2019-05-13,4938.TW,SELL,623,32.593505859375,20305.754150390625,0.0
2019-05-13,3034.TW,SELL,166,115.66888427734375,19201.034790039062,0.0
2019-05-13,3019.TW,SELL,320,61.17778778076172,19576.89208984375,0.0
2019-05-13,5871.TW,SELL,284,69.82711791992188,19830.901489257812,0.0
2019-05-14,9910.TW,BUY,151,130.13064575195312,19649.727508544922,0.0
2019-05-14,6415.TW,BUY,6,109.01376342773438,654.0825805664062,0.0
2019-05-14,5871.TW,BUY,288,68.37239074707031,19691.24853515625,0.0
2019-05-14,4938.TW,BUY,616,32.02611541748047,19728.08709716797,0.0
2019-05-14,3037.TW,BUY,656,30.079456329345703,19732.12335205078,0.0
2019-05-14,2327.TW,SELL,422,46.51786422729492,19630.538703918457,0.0
2019-05-14,2207.TW,SELL,58,348.2890319824219,20200.76385498047,0.0
2019-05-14,2049.TW,SELL,102,193.36660766601562,19723.393981933594,0.0
2019-05-14,3008.TW,SELL,5,3326.6611328125,16633.3056640625,0.0
2019-05-15,3008.TW,BUY,6,3318.880126953125,19913.28076171875,0.0
2019-05-15,3661.TW,BUY,274,74.17706298828125,20324.515258789062,0.0
2019-05-15,3034.TW,BUY,175,115.95805358886719,20292.659378051758,0.0
2019-05-15,2303.TW,BUY,2329,8.752822875976562,20385.324478149414,0.0
2019-05-15,2317.TW,BUY,362,56.23483657836914,20357.01084136963,0.0
2019-05-15,6415.TW,SELL,181,115.1888427734375,20849.180541992188,0.0
2019-05-15,3037.TW,SELL,656,32.227989196777344,21141.560913085938,0.0
2019-05-15,4938.TW,SELL,616,32.08916473388672,19766.92547607422,0.0
2019-05-15,9910.TW,SELL,151,133.0341796875,20088.1611328125,0.0
2019-05-15,5871.TW,SELL,288,69.24522399902344,19942.62451171875,0.0
2019-05-16,3037.TW,BUY,677,29.821630477905273,20189.24383354187,0.0
2019-05-16,2303.TW,SELL,2329,8.786751747131348,20464.34481906891,0.0
2019-05-16,3008.TW,SELL,6,3307.207275390625,19843.24365234375,0.0
2019-05-16,3661.TW,SELL,274,74.82855224609375,20503.023315429688,0.0
2019-05-16,2317.TW,BUY,6,54.861488342285156,329.16893005371094,0.0
2019-05-16,2327.TW,BUY,450,44.895137786865234,20202.812004089355,0.0
2019-05-16,3034.TW,BUY,4,112.77715301513672,451.1086120605469,0.0
2019-05-16,5871.TW,BUY,299,67.4995346069336,20182.360847473145,0.0
2019-05-17,3037.TW,BUY,44,27.157453536987305,1194.9279556274414,0.0
2019-05-17,3034.TW,BUY,1,108.43955993652344,108.43955993652344,0.0
2019-05-17,3019.TW,BUY,335,58.45011901855469,19580.78987121582,0.0
2019-05-17,2317.TW,SELL,6,53.994110107421875,323.96466064453125,0.0
2019-05-17,5871.TW,SELL,299,66.626708984375,19921.385986328125,0.0
2019-05-17,2327.TW,SELL,450,44.98529815673828,20243.384170532227,0.0
2019-05-17,3008.TW,BUY,6,2995.940673828125,17975.64404296875,0.0
2019-05-20,3037.TW,BUY,21,26.169126510620117,549.5516567230225,0.0
2019-05-20,3661.TW,BUY,276,70.36119079589844,19419.68865966797,0.0
2019-05-20,3665.TW,BUY,129,150.65786743164062,19434.86489868164,0.0
2019-05-20,3034.TW,BUY,6,104.10199737548828,624.6119842529297,0.0
2019-05-20,3019.TW,SELL,335,58.605979919433594,19633.003273010254,0.0
2019-05-20,3008.TW,SELL,6,3100.993408203125,18605.96044921875,0.0
2019-05-20,2317.TW,SELL,362,54.210960388183594,19624.36766052246,0.0
2019-05-20,2303.TW,BUY,2247,8.65104866027832,19438.906339645386,0.0
2019-05-21,2303.TW,SELL,2247,8.786751747131348,19743.83117580414,0.0
2019-05-21,3037.TW,SELL,8,26.770713806152344,214.16571044921875,0.0
2019-05-21,3661.TW,SELL,276,71.57109069824219,19753.621032714844,0.0
2019-05-21,3665.TW,SELL,129,156.58929443359375,20200.018981933594,0.0
2019-05-21,2330.TW,BUY,100,195.95518493652344,19595.518493652344,0.0
2019-05-21,3034.TW,BUY,10,100.34274291992188,1003.4274291992188,0.0
2019-05-21,3711.TW,BUY,437,44.95412826538086,19644.954051971436,0.0
2019-05-21,9910.TW,BUY,146,134.08998107910156,19577.137237548828,0.0
2019-05-22,3665.TW,BUY,129,153.82131958007812,19842.950225830078,0.0
2019-05-22,3443.TW,BUY,101,195.94793701171875,19790.741638183594,0.0
2019-05-22,3037.TW,BUY,24,26.169126510620117,628.0590362548828,0.0
2019-05-22,3019.TW,BUY,337,58.83979034423828,19829.0093460083,0.0
2019-05-22,2330.TW,SELL,100,199.30484008789062,19930.484008789062,0.0
2019-05-22,9910.TW,SELL,146,136.99351501464844,20001.053192138672,0.0
2019-05-22,3711.TW,SELL,437,45.16956329345703,19739.099159240723,0.0
2019-05-22,3034.TW,SELL,196,102.94529724121094,20177.278259277344,0.0
2019-05-22,2207.TW,BUY,51,384.2236633300781,19595.406829833984,0.0
2019-05-23,3034.TW,BUY,200,96.58351135253906,19316.702270507812,0.0
2019-05-23,3711.TW,BUY,463,41.86622619628906,19384.062728881836,0.0
2019-05-23,9910.TW,BUY,144,133.82601928710938,19270.94677734375,0.0
2019-05-23,3008.TW,BUY,6,2957.0322265625,17742.193359375,0.0
2019-05-23,3037.TW,BUY,39,24.321386337280273,948.5340671539307,0.0
2019-05-23,3443.TW,SELL,101,190.11883544921875,19202.002380371094,0.0
2019-05-23,2207.TW,SELL,51,392.9111022949219,20038.466217041016,0.0
2019-05-23,3665.TW,SELL,129,153.42588806152344,19791.939559936523,0.0
2019-05-23,3019.TW,SELL,337,56.81351089477539,19146.153171539307,0.0
2019-05-24,3008.TW,SELL,6,2937.578369140625,17625.47021484375,0.0
2019-05-24,3037.TW,SELL,2,24.063562393188477,48.12712478637695,0.0
2019-05-24,3711.TW,SELL,463,42.08165740966797,19483.80738067627,0.0
2019-05-24,2207.TW,BUY,50,381.8543395996094,19092.71697998047,0.0
2019-05-24,2454.TW,BUY,99,193.14840698242188,19121.692291259766,0.0
2019-05-24,9910.TW,BUY,5,128.0189971923828,640.0949859619141,0.0
2019-05-27,3034.TW,BUY,3,94.55931091308594,283.6779327392578,0.0
2019-05-27,2454.TW,BUY,2,189.1104736328125,378.220947265625,0.0
2019-05-27,3008.TW,BUY,6,2871.434326171875,17228.60595703125,0.0
2019-05-27,9910.TW,SELL,149,130.92251586914062,19507.454864501953,0.0
2019-05-27,2207.TW,SELL,50,392.1213684082031,19606.068420410156,0.0
2019-05-27,2303.TW,BUY,2215,8.684974670410156,19237.218894958496,0.0
2019-05-28,2454.TW,SELL,101,188.77395629882812,19066.16958618164,0.0
2019-05-28,3008.TW,SELL,6,2914.23291015625,17485.3974609375,0.0
2019-05-28,2303.TW,BUY,48,8.447494506835938,405.479736328125,0.0
2019-05-28,2474.TW,BUY,158,121.01758575439453,19120.778549194336,0.0
2019-05-28,3034.TW,BUY,1,93.69180297851562,93.69180297851562,0.0
2019-05-28,9910.TW,BUY,149,128.28294372558594,19114.158615112305,0.0
2019-05-29,3008.TW,BUY,6,2813.071533203125,16878.42919921875,0.0
2019-05-29,9910.TW,BUY,3,126.17127990722656,378.5138397216797,0.0
2019-05-29,6415.TW,BUY,180,106.40123748779297,19152.222747802734,0.0
2019-05-29,3665.TW,BUY,124,153.82131958007812,19073.843627929688,0.0
2019-05-29,2207.TW,BUY,48,396.465087890625,19030.32421875,0.0
2019-05-29,3034.TW,SELL,204,94.84847259521484,19349.088409423828,0.0
2019-05-29,2474.TW,SELL,158,120.07213592529297,18971.39747619629,0.0
2019-05-29,2303.TW,SELL,2263,8.549270629882812,19346.999435424805,0.0
2019-05-29,3037.TW,SELL,795,24.622182846069336,19574.635362625122,0.0
2019-05-30,3665.TW,SELL,124,153.0304412841797,18975.77471923828,0.0
2019-05-30,9910.TW,SELL,152,127.22713470458984,19338.524475097656,0.0
2019-05-30,3034.TW,BUY,203,94.2701416015625,19136.838745117188,0.0
2019-05-30,3037.TW,BUY,778,24.57921028137207,19122.62559890747,0.0
2019-05-30,6415.TW,BUY,1,105.45121765136719,105.45121765136719,0.0
2019-05-31,3034.TW,SELL,203,96.87267303466797,19665.152626037598,0.0
2019-05-31,3231.TW,BUY,1297,15.170854568481445,19676.598375320435,0.0
2019-05-31,2912.TW,BUY,85,230.8538360595703,19622.576065063477,0.0
2019-05-31,2615.TW,BUY,1876,10.492666244506836,19684.241874694824,0.0
2019-05-31,2474.TW,BUY,162,121.01758575439453,19604.848892211914,0.0
2019-05-31,3008.TW,SELL,6,2933.68701171875,17602.1220703125,0.0
2019-05-31,3037.TW,SELL,778,25.73941993713379,20025.268711090088,0.0
2019-05-31,9910.TW,BUY,156,126.17127990722656,19682.719665527344,0.0
2019-05-31,2207.TW,SELL,48,399.6241760253906,19181.96044921875,0.0
2019-05-31,6415.TW,SELL,181,106.40123748779297,19258.623985290527,0.0
2019-06-03,3034.TW,BUY,204,94.84847259521484,19349.088409423828,0.0
2019-06-03,2615.TW,BUY,75,9.936026573181152,745.2019929885864,0.0
2019-06-03,3037.TW,BUY,785,24.66515350341797,19362.145500183105,0.0
2019-06-03,9910.TW,BUY,1,123.00379180908203,123.00379180908203,0.0
2019-06-03,2207.TW,BUY,48,397.2549133300781,19068.23583984375,0.0
2019-06-03,2912.TW,SELL,85,233.15469360351562,19818.148956298828,0.0
2019-06-03,2474.TW,SELL,162,121.96304321289062,19758.01300048828,0.0
2019-06-03,3231.TW,SELL,1297,14.93486213684082,19370.516191482544,0.0
2019-06-04,3661.TW,BUY,250,77.71373748779297,19428.434371948242,0.0
2019-06-04,3443.TW,BUY,100,193.4552001953125,19345.52001953125,0.0
2019-06-04,3034.TW,BUY,4,93.69180297851562,374.7672119140625,0.0
2019-06-04,9910.TW,BUY,1,123.26776123046875,123.26776123046875,0.0
2019-06-04,3037.TW,SELL,785,25.309715270996094,19868.126487731934,0.0
2019-06-04,2615.TW,SELL,1951,10.019522666931152,19548.08872318268,0.0
2019-06-04,2207.TW,SELL,48,398.0446472167969,19106.14306640625,0.0
2019-06-04,3008.TW,BUY,6,2851.9794921875,17111.876953125,0.0
2019-06-05,3008.TW,SELL,6,2813.071533203125,16878.42919921875,0.0
2019-06-05,3034.TW,SELL,208,96.00515747070312,19969.07275390625,0.0
2019-06-05,9910.TW,SELL,1,123.79568481445312,123.79568481445312,0.0
2019-06-05,2327.TW,BUY,422,46.157257080078125,19478.36248779297,0.0
2019-06-05,3037.TW,BUY,791,24.66515350341797,19510.136421203613,0.0
2019-06-05,3443.TW,BUY,1,192.07994079589844,192.07994079589844,0.0
2019-06-05,3661.TW,BUY,1,77.62067413330078,77.62067413330078,0.0
2019-06-06,3661.TW,BUY,1,76.6899642944336,76.6899642944336,0.0
2019-06-06,3443.TW,BUY,2,187.4956817626953,374.9913635253906,0.0
2019-06-06,3008.TW,BUY,7,2700.2373046875,18901.6611328125,0.0
2019-06-06,3034.TW,BUY,223,86.46248626708984,19281.134437561035,0.0
2019-06-06,9910.TW,SELL,157,128.54690551757812,20181.864166259766,0.0
2019-06-06,3037.TW,SELL,791,24.622182846069336,19476.146631240845,0.0
2019-06-06,2327.TW,SELL,422,44.17394256591797,18641.403762817383,0.0
2019-06-06,2615.TW,BUY,1937,9.991690635681152,19353.904761314392,0.0
2019-06-10,6415.TW,BUY,190,104.3824691772461,19832.669143676758,0.0
2019-06-10,2884.TW,BUY,1295,15.34482479095459,19871.548104286194,0.0
2019-06-10,2615.TW,BUY,69,9.908193588256836,683.6653575897217,0.0
2019-06-10,1303.TW,BUY,348,57.070220947265625,19860.436889648438,0.0
2019-06-10,9910.TW,BUY,154,129.0748291015625,19877.523681640625,0.0
2019-06-10,3443.TW,SELL,103,192.53834533691406,19831.44956970215,0.0
2019-06-10,3034.TW,SELL,223,92.24593353271484,20570.84317779541,0.0
2019-06-10,3008.TW,SELL,7,2739.145751953125,19174.020263671875,0.0
2019-06-10,3661.TW,SELL,252,79.4820785522461,20029.483795166016,0.0
2019-06-11,3661.TW,BUY,253,79.10979461669922,20014.778038024902,0.0
2019-06-11,2884.TW,BUY,51,14.923261642456055,761.0863437652588,0.0
2019-06-11,2880.TW,BUY,1513,13.270971298217773,20078.97957420349,0.0
2019-06-11,2454.TW,BUY,96,207.28126525878906,19899.00146484375,0.0
2019-06-11,1216.TW,BUY,336,59.6402587890625,20039.126953125,0.0
2019-06-11,6415.TW,SELL,190,109.96378326416016,20893.11882019043,0.0
2019-06-11,2615.TW,SELL,2006,9.991690635681152,20043.33141517639,0.0
2019-06-11,1303.TW,SELL,348,57.29056167602539,19937.115463256836,0.0
2019-06-11,9910.TW,SELL,154,130.92251586914062,20162.067443847656,0.0
2019-06-12,2889.TW,BUY,3112,6.5025811195373535,20236.032444000244,0.0
2019-06-12,9910.TW,BUY,163,123.79568481445312,20178.69662475586,0.0
2019-06-12,3037.TW,BUY,714,28.317657470703125,20218.80743408203,0.0
2019-06-12,2884.TW,BUY,49,14.501699447631836,710.58327293396,0.0
2019-06-12,2454.TW,SELL,96,208.2906951904297,19995.90673828125,0.0
2019-06-12,3661.TW,SELL,253,85.53164672851562,21639.506622314453,0.0
2019-06-12,1216.TW,SELL,336,59.41828536987305,19964.543884277344,0.0
2019-06-12,2207.TW,BUY,50,404.3628234863281,20218.141174316406,0.0
2019-06-12,2880.TW,SELL,1513,13.047660827636719,19741.110832214355,0.0
2019-06-13,2889.TW,SELL,3112,6.471168041229248,20138.27494430542,0.0
2019-06-13,9910.TW,SELL,163,124.85150909423828,20350.79598236084,0.0
2019-06-13,2884.TW,BUY,2,14.36117935180664,28.72235870361328,0.0
2019-06-13,3034.TW,BUY,212,94.2701416015625,19985.27001953125,0.0
2019-06-13,3037.TW,BUY,2,28.016864776611328,56.033729553222656,0.0
2019-06-13,3443.TW,BUY,105,190.24623107910156,19975.854263305664,0.0
2019-06-14,9910.TW,BUY,164,122.21194458007812,20042.758911132812,0.0
2019-06-14,6415.TW,BUY,180,111.15129089355469,20007.232360839844,0.0
2019-06-14,3661.TW,BUY,249,80.50585174560547,20045.95708465576,0.0
2019-06-14,3037.TW,BUY,18,27.32933235168457,491.92798233032227,0.0
2019-06-14,3034.TW,SELL,212,94.84847259521484,20107.876190185547,0.0
2019-06-14,3443.TW,SELL,105,189.78782653808594,19927.721786499023,0.0
2019-06-14,2884.TW,SELL,1397,14.557908058166504,20337.397557258606,0.0
2019-06-14,2207.TW,SELL,50,397.2549133300781,19862.745666503906,0.0
2019-06-14,2454.TW,BUY,97,206.6082305908203,20040.99836730957,0.0
2019-06-17,2884.TW,BUY,1376,14.557908058166504,20031.68148803711,0.0
2019-06-17,3034.TW,BUY,213,93.98095703125,20017.94384765625,0.0
2019-06-17,1216.TW,BUY,338,59.12229537963867,19983.33583831787,0.0
2019-06-17,2454.TW,BUY,2,202.2338104248047,404.4676208496094,0.0
2019-06-17,6415.TW,SELL,180,111.15129089355469,20007.232360839844,0.0
2019-06-17,3037.TW,SELL,734,27.501216888427734,20185.893196105957,0.0
2019-06-17,9910.TW,SELL,164,123.53172302246094,20259.202575683594,0.0
2019-06-18,3661.TW,BUY,2,80.0405044555664,160.0810089111328,0.0
2019-06-18,3034.TW,BUY,3,93.11344146728516,279.34032440185547,0.0
2019-06-18,2412.TW,BUY,244,82.5005111694336,20130.124725341797,0.0
2019-06-18,3037.TW,BUY,741,27.157453536987305,20123.673070907593,0.0
2019-06-18,2884.TW,SELL,1376,14.586013793945312,20070.35498046875,0.0
2019-06-18,2454.TW,SELL,99,207.6177215576172,20554.1544342041,0.0
2019-06-18,1216.TW,SELL,338,59.492279052734375,20108.39031982422,0.0
2019-06-18,2303.TW,BUY,2239,8.99030590057373,20129.294911384583,0.0
2019-06-19,3231.TW,BUY,1293,16.21595573425293,20967.230764389038,0.0
2019-06-19,2303.TW,SELL,2239,9.261710166931152,20736.96906375885,0.0
2019-06-19,3034.TW,SELL,216,98.89689636230469,21361.729614257812,0.0
2019-06-19,3037.TW,SELL,741,29.864601135253906,22129.669441223145,0.0
2019-06-19,2207.TW,BUY,51,407.52191162109375,20783.61749267578,0.0
2019-06-19,2412.TW,BUY,6,83.60543060302734,501.63258361816406,0.0
2019-06-19,2454.TW,BUY,101,207.6177215576172,20969.389877319336,0.0
2019-06-19,3661.TW,BUY,10,80.31970977783203,803.1970977783203,0.0
2019-06-20,2615.TW,BUY,2114,9.991690635681152,21122.434003829956,0.0
2019-06-20,3034.TW,BUY,214,98.31854248046875,21040.168090820312,0.0
2019-06-20,2412.TW,BUY,4,82.86882019042969,331.47528076171875,0.0
2019-06-20,2303.TW,BUY,2323,9.092082023620605,21120.906540870667,0.0
2019-06-20,3231.TW,SELL,1293,16.148529052734375,20880.048065185547,0.0
2019-06-20,2454.TW,SELL,101,208.62721252441406,21071.34846496582,0.0
2019-06-20,2207.TW,SELL,51,408.3116455078125,20823.893920898438,0.0
2019-06-20,3661.TW,SELL,9,83.7633056640625,753.8697509765625,0.0
2019-06-21,3661.TW,SELL,252,89.44060516357422,22539.032501220703,0.0
2019-06-21,2303.TW,SELL,2323,9.295635223388672,21593.760623931885,0.0
2019-06-21,2412.TW,SELL,254,83.60543060302734,21235.779373168945,0.0
2019-06-21,2615.TW,SELL,2114,10.019522666931152,21181.270917892456,0.0
2019-06-21,3034.TW,SELL,214,98.60771942138672,21102.051956176758,0.0
2019-06-21,2880.TW,BUY,1629,13.239069938659668,21566.4449300766,0.0
2019-06-21,2886.TW,BUY,1053,20.479732513427734,21565.158336639404,0.0
2019-06-21,2891.TW,BUY,1485,14.523961067199707,21568.082184791565,0.0
2019-06-21,3019.TW,BUY,342,62.97026062011719,21535.829132080078,0.0
2019-06-21,3037.TW,BUY,726,29.692720413208008,21556.915019989014,0.0
2019-06-24,3037.TW,BUY,4,29.735685348510742,118.94274139404297,0.0
2019-06-24,9910.TW,BUY,167,129.33876037597656,21599.572982788086,0.0
2019-06-24,2303.TW,BUY,2327,9.329562187194824,21709.891209602356,0.0
2019-06-24,2002.TW,BUY,1117,19.430665969848633,21704.053888320923,0.0
2019-06-24,2474.TW,BUY,155,139.29627990722656,21590.923385620117,0.0
2019-06-24,2891.TW,SELL,1485,14.489542007446289,21516.96988105774,0.0
2019-06-24,2886.TW,SELL,1053,20.51297950744629,21600.167421340942,0.0
2019-06-24,2880.TW,SELL,1629,13.366676330566406,21774.315742492676,0.0
2019-06-24,3019.TW,SELL,342,64.45098876953125,22042.238159179688,0.0
2019-06-25,3661.TW,BUY,244,88.32376098632812,21550.997680664062,0.0
2019-06-25,3019.TW,BUY,341,63.35992431640625,21605.73419189453,0.0
2019-06-25,2327.TW,BUY,455,47.50951385498047,21616.828804016113,0.0
2019-06-25,2207.TW,BUY,53,403.5730285644531,21389.370513916016,0.0
2019-06-25,3037.TW,BUY,10,29.220041275024414,292.20041275024414,0.0
2019-06-25,2474.TW,SELL,155,140.24172973632812,21737.46810913086,0.0
2019-06-25,2303.TW,SELL,2327,9.295635223388672,21630.94316482544,0.0
2019-06-25,2002.TW,SELL,1117,19.430665969848633,21704.053888320923,0.0
2019-06-25,9910.TW,SELL,167,128.8108673095703,21511.414840698242,0.0
2019-06-26,6415.TW,BUY,158,137.75160217285156,21764.753143310547,0.0
2019-06-26,2327.TW,SELL,455,47.96027374267578,21821.92455291748,0.0
2019-06-26,3019.TW,SELL,341,64.21720123291016,21898.065620422363,0.0
2019-06-26,3037.TW,SELL,740,29.649747848510742,21940.81340789795,0.0
2019-06-26,3661.TW,SELL,244,89.62675476074219,21868.928161621094,0.0
2019-06-26,2207.TW,BUY,1,398.0446472167969,398.0446472167969,0.0
2019-06-26,3008.TW,BUY,7,2879.2158203125,20154.5107421875,0.0
2019-06-26,3034.TW,BUY,225,96.58351135253906,21731.29005432129,0.0
2019-06-26,3711.TW,BUY,501,43.446083068847656,21766.487617492676,0.0
2019-06-27,3037.TW,BUY,738,30.50916290283203,22515.76222229004,0.0
2019-06-27,2886.TW,BUY,1098,20.51297950744629,22523.251499176025,0.0
2019-06-27,3661.TW,BUY,252,89.25447082519531,22492.12664794922,0.0
2019-06-27,2327.TW,BUY,467,48.23072814941406,22523.750045776367,0.0
2019-06-27,9910.TW,BUY,174,129.33876037597656,22504.944305419922,0.0
2019-06-27,3711.TW,SELL,501,45.09775161743164,22593.973560333252,0.0
2019-06-27,3034.TW,SELL,225,98.02937316894531,22056.608963012695,0.0
2019-06-27,3008.TW,SELL,7,3023.17626953125,21162.23388671875,0.0
2019-06-27,2207.TW,SELL,54,405.9423522949219,21920.88702392578,0.0
2019-06-27,6415.TW,SELL,158,144.63917541503906,22852.989715576172,0.0
2019-06-28,3711.TW,BUY,503,44.16420364379883,22214.59443283081,0.0
2019-06-28,3661.TW,BUY,6,86.18313598632812,517.0988159179688,0.0
2019-06-28,2207.TW,BUY,55,401.2037353515625,22066.205444335938,0.0
2019-06-28,3037.TW,SELL,4,30.294309616088867,121.17723846435547,0.0
2019-06-28,9910.TW,SELL,174,127.7550277709961,22229.37483215332,0.0
2019-06-28,2886.TW,SELL,1098,20.546226501464844,22559.7566986084,0.0
2019-07-01,2327.TW,SELL,467,49.132232666015625,22944.752655029297,0.0
2019-07-01,3037.TW,SELL,734,33.302249908447266,24443.851432800293,0.0
2019-07-01,3711.TW,SELL,503,47.46753692626953,23876.171073913574,0.0
2019-07-01,2207.TW,BUY,3,393.3060302734375,1179.9180908203125,0.0
2019-07-01,3045.TW,BUY,268,86.29193878173828,23126.23959350586,0.0
2019-07-01,3661.TW,BUY,3,88.60296630859375,265.80889892578125,0.0
2019-07-01,6415.TW,BUY,164,141.07662963867188,23136.567260742188,0.0
2019-07-01,9910.TW,BUY,182,127.22713470458984,23155.33851623535,0.0
2019-07-02,6505.TW,BUY,255,91.35882568359375,23296.500549316406,0.0
2019-07-02,6415.TW,BUY,1,141.3141326904297,141.3141326904297,0.0
2019-07-02,3037.TW,BUY,706,33.08740234375,23359.7060546875,0.0
2019-07-02,2207.TW,BUY,1,391.3315734863281,391.3315734863281,0.0
2019-07-02,3045.TW,SELL,268,87.36166381835938,23412.925903320312,0.0
2019-07-02,9910.TW,SELL,182,128.8108673095703,23443.577850341797,0.0
2019-07-02,3661.TW,SELL,261,90.09209442138672,23514.036643981934,0.0
2019-07-02,1301.TW,BUY,282,82.84703826904297,23362.864791870117,0.0
2019-07-03,3443.TW,BUY,113,203.9989776611328,23051.884475708008,0.0
2019-07-03,3661.TW,BUY,264,87.48611450195312,23096.334228515625,0.0
2019-07-03,3037.TW,BUY,18,31.97015953063965,575.4628715515137,0.0
2019-07-03,6505.TW,SELL,255,90.51290893554688,23080.791778564453,0.0
2019-07-03,6415.TW,SELL,165,142.73916625976562,23551.962432861328,0.0
2019-07-03,1301.TW,SELL,282,82.45440673828125,23252.142700195312,0.0
2019-07-03,3034.TW,BUY,228,101.49943542480469,23141.87127685547,0.0
2019-07-04,3045.TW,BUY,268,87.0051040649414,23317.367889404297,0.0
2019-07-04,2207.TW,SELL,59,398.0446472167969,23484.634185791016,0.0
2019-07-04,3034.TW,SELL,228,101.49943542480469,23141.87127685547,0.0
2019-07-04,3443.TW,SELL,113,208.12478637695312,23518.100860595703,0.0
2019-07-04,1301.TW,BUY,284,82.06175231933594,23305.537658691406,0.0
2019-07-04,3008.TW,BUY,7,3077.6484375,21543.5390625,0.0
2019-07-04,3037.TW,BUY,5,32.05610656738281,160.28053283691406,0.0
2019-07-04,3661.TW,BUY,4,87.20691680908203,348.8276672363281,0.0
2019-07-05,3443.TW,BUY,113,206.74954223632812,23362.698272705078,0.0
2019-07-05,2207.TW,BUY,60,388.9622802734375,23337.73681640625,0.0
2019-07-05,2049.TW,BUY,106,219.44302368164062,23260.960510253906,0.0
2019-07-05,9910.TW,BUY,182,128.54690551757812,23395.53680419922,0.0
2019-07-05,3037.TW,SELL,729,32.18501663208008,23462.877124786377,0.0
2019-07-05,3008.TW,SELL,7,3073.757568359375,21516.302978515625,0.0
2019-07-05,1301.TW,SELL,284,82.06175231933594,23305.537658691406,0.0
2019-07-05,3045.TW,SELL,268,87.36166381835938,23412.925903320312,0.0
2019-07-08,3037.TW,BUY,725,31.927194595336914,23147.216081619263,0.0
2019-07-08,3034.TW,BUY,232,99.76441192626953,23145.34356689453,0.0
2019-07-08,6415.TW,BUY,154,149.62677001953125,23042.522583007812,0.0
2019-07-08,3019.TW,BUY,339,68.12232971191406,23093.469772338867,0.0
2019-07-08,2049.TW,SELL,106,216.63479614257812,22963.28839111328,0.0
2019-07-08,3661.TW,SELL,268,87.48611450195312,23446.278686523438,0.0
2019-07-08,9910.TW,SELL,182,126.43523406982422,23011.212600708008,0.0
2019-07-08,3443.TW,SELL,113,204.4573974609375,23103.685913085938,0.0
2019-07-09,3045.TW,BUY,273,84.42669677734375,23048.488220214844,0.0
2019-07-09,2207.TW,SELL,60,394.49066162109375,23669.439697265625,0.0
2019-07-09,3019.TW,SELL,339,67.24178314208984,22794.964485168457,0.0
2019-07-09,3034.TW,SELL,232,99.47523498535156,23078.254516601562,0.0
2019-07-09,6415.TW,SELL,154,152.2392578125,23444.845703125,0.0
2019-07-09,2049.TW,BUY,109,211.41949462890625,23044.72491455078,0.0
2019-07-09,2327.TW,BUY,484,47.59968185424805,23038.246017456055,0.0
2019-07-09,3008.TW,BUY,7,3128.22900390625,21897.60302734375,0.0
2019-07-09,3037.TW,BUY,35,30.3372802734375,1061.8048095703125,0.0
2019-07-10,6415.TW,BUY,160,146.3017120361328,23408.27392578125,0.0
2019-07-10,3665.TW,BUY,126,185.85093688964844,23417.218048095703,0.0
2019-07-10,3045.TW,BUY,3,84.80026245117188,254.40078735351562,0.0
2019-07-10,3037.TW,BUY,2,30.766979217529297,61.533958435058594,0.0
2019-07-10,2049.TW,SELL,109,213.82655334472656,23307.094314575195,0.0
2019-07-10,3008.TW,SELL,7,3233.281494140625,22632.970458984375,0.0
2019-07-10,2327.TW,SELL,484,48.50117874145508,23474.570510864258,0.0
2019-07-10,2912.TW,BUY,101,231.62081909179688,23393.702728271484,0.0
2019-07-11,3019.TW,BUY,346,68.84278106689453,23819.602249145508,0.0
2019-07-11,3661.TW,BUY,272,87.48611450195312,23796.22314453125,0.0
2019-07-11,3045.TW,BUY,8,83.6795654296875,669.4365234375,0.0
2019-07-11,9910.TW,BUY,184,129.0748291015625,23749.7685546875,0.0
2019-07-11,6415.TW,SELL,160,149.38922119140625,23902.275390625,0.0
2019-07-11,3665.TW,SELL,126,190.2006378173828,23965.280364990234,0.0
2019-07-11,3037.TW,SELL,762,32.227989196777344,24557.727767944336,0.0
2019-07-11,2912.TW,SELL,101,232.00428771972656,23432.433059692383,0.0
2019-07-11,2207.TW,BUY,60,392.5162353515625,23550.97412109375,0.0
2019-07-12,3661.TW,BUY,5,83.7633056640625,418.8165283203125,0.0
2019-07-12,3037.TW,BUY,736,31.540454864501953,23213.774780273438,0.0
2019-07-12,2049.TW,BUY,109,211.41949462890625,23044.72491455078,0.0
2019-07-12,9910.TW,BUY,7,121.15612030029297,848.0928421020508,0.0
2019-07-12,3019.TW,SELL,346,68.68268585205078,23764.20930480957,0.0
2019-07-12,2207.TW,SELL,1,387.77764892578125,387.77764892578125,0.0
2019-07-12,3045.TW,SELL,284,83.30599212646484,23658.901763916016,0.0
2019-07-15,2049.TW,SELL,109,215.03004455566406,23438.274856567383,0.0
2019-07-15,2207.TW,SELL,59,388.56744384765625,22925.47918701172,0.0
2019-07-15,3037.TW,SELL,736,31.97015953063965,23530.03741455078,0.0
2019-07-15,2327.TW,BUY,484,48.23072814941406,23343.672424316406,0.0
2019-07-15,3045.TW,BUY,282,82.55885314941406,23281.596588134766,0.0
2019-07-15,3665.TW,BUY,125,185.85093688964844,23231.367111206055,0.0
2019-07-15,9910.TW,BUY,4,119.30842590332031,477.23370361328125,0.0
2019-07-16,3034.TW,BUY,215,108.14574432373047,23251.33502960205,0.0
2019-07-16,3661.TW,BUY,7,81.90191650390625,573.3134155273438,0.0
2019-07-16,3037.TW,BUY,736,31.669368743896484,23308.655395507812,0.0
2019-07-16,6415.TW,BUY,151,154.02261352539062,23257.414642333984,0.0
2019-07-16,2412.TW,BUY,284,82.1322021484375,23325.54541015625,0.0
2019-07-16,3665.TW,SELL,125,188.2235107421875,23527.938842773438,0.0
2019-07-16,2327.TW,SELL,484,48.59132766723633,23518.202590942383,0.0
2019-07-16,9910.TW,SELL,195,120.89215850830078,23573.970909118652,0.0
2019-07-16,3045.TW,SELL,282,81.81171417236328,23070.903396606445,0.0
2019-07-17,3665.TW,BUY,126,184.6646728515625,23267.748779296875,0.0
2019-07-17,2412.TW,SELL,284,82.5005111694336,23430.14517211914,0.0
2019-07-17,3037.TW,SELL,736,31.927194595336914,23498.41522216797,0.0
2019-07-17,3661.TW,SELL,4,83.11181640625,332.447265625,0.0
2019-07-17,6415.TW,SELL,151,155.22215270996094,23438.5450592041,0.0
2019-07-17,2303.TW,BUY,2400,9.71414566040039,23313.949584960938,0.0
2019-07-17,3008.TW,BUY,7,3233.281494140625,22632.970458984375,0.0
2019-07-17,3034.TW,BUY,9,103.89282989501953,935.0354690551758,0.0
2019-07-18,6415.TW,BUY,152,151.1436767578125,22973.8388671875,0.0
2019-07-18,3034.TW,BUY,9,99.03235626220703,891.2912063598633,0.0
2019-07-18,2454.TW,BUY,110,209.10604858398438,23001.66534423828,0.0
2019-07-18,2327.TW,BUY,494,46.69816589355469,23068.893951416016,0.0
2019-07-18,2303.TW,SELL,2400,9.749470710754395,23398.729705810547,0.0
2019-07-18,3661.TW,SELL,4,83.39102935791016,333.5641174316406,0.0
2019-07-18,3008.TW,SELL,7,3229.390380859375,22605.732666015625,0.0
2019-07-18,3665.TW,SELL,126,183.47837829589844,23118.275665283203,0.0
2019-07-19,2615.TW,BUY,2157,10.916062355041504,23545.946499824524,0.0
2019-07-19,3008.TW,BUY,7,3221.60888671875,22551.26220703125,0.0
2019-07-19,6415.TW,BUY,3,151.62350463867188,454.8705139160156,0.0
2019-07-19,2327.TW,BUY,13,46.427711486816406,603.5602493286133,0.0
2019-07-19,3661.TW,SELL,276,86.555419921875,23889.2958984375,0.0
2019-07-19,3034.TW,SELL,233,104.50039672851562,24348.59243774414,0.0
2019-07-19,2454.TW,SELL,110,210.83706665039062,23192.07733154297,0.0
2019-07-19,2207.TW,BUY,60,387.75787353515625,23265.472412109375,0.0
2019-07-22,2615.TW,SELL,2157,11.059696197509766,23855.764698028564,0.0
2019-07-22,3008.TW,SELL,7,3287.75341796875,23014.27392578125,0.0
2019-07-22,2207.TW,BUY,2,373.59136962890625,747.1827392578125,0.0
2019-07-22,2303.TW,BUY,2433,9.608174324035645,23376.688130378723,0.0
2019-07-22,2327.TW,BUY,5,45.616355895996094,228.08177947998047,0.0
2019-07-22,3665.TW,BUY,126,184.2692413330078,23217.924407958984,0.0
2019-07-22,6415.TW,BUY,1,149.22439575195312,149.22439575195312,0.0
2019-07-23,3037.TW,BUY,678,34.54840087890625,23423.815795898438,0.0
2019-07-23,3034.TW,BUY,221,105.71551513671875,23363.128845214844,0.0
2019-07-23,3019.TW,BUY,345,67.8821792602539,23419.351844787598,0.0
2019-07-23,2327.TW,SELL,512,45.97695541381836,23540.201171875,0.0
2019-07-23,2303.TW,SELL,2433,9.608174324035645,23376.688130378723,0.0
2019-07-23,3665.TW,SELL,126,184.6646728515625,23267.748779296875,0.0
2019-07-24,3019.TW,SELL,2,67.48194885253906,134.96389770507812,0.0
2019-07-24,6415.TW,SELL,1,149.22439575195312,149.22439575195312,0.0
2019-07-24,3034.TW,BUY,1,104.19660186767578,104.19660186767578,0.0
2019-07-24,3037.TW,BUY,5,33.94681167602539,169.73405838012695,0.0
2019-07-25,3665.TW,BUY,126,186.64178466796875,23516.864868164062,0.0
2019-07-25,2885.TW,BUY,2142,10.990667343139648,23542.009449005127,0.0
2019-07-25,2412.TW,BUY,286,82.10075378417969,23480.81558227539,0.0
2019-07-25,2303.TW,BUY,2459,9.57284927368164,23539.636363983154,0.0
2019-07-25,3037.TW,SELL,683,34.89216613769531,23831.3494720459,0.0
2019-07-25,6415.TW,SELL,155,151.1436767578125,23427.269897460938,0.0
2019-07-25,3034.TW,SELL,222,104.8041763305664,23266.527145385742,0.0
2019-07-25,3019.TW,SELL,343,68.84278106689453,23613.073905944824,0.0
2019-07-25,2207.TW,BUY,1,372.7818298339844,372.7818298339844,0.0
2019-07-26,3711.TW,BUY,470,49.9809455871582,23491.044425964355,0.0
2019-07-26,3034.TW,BUY,226,103.89282989501953,23479.779556274414,0.0
2019-07-26,2303.TW,BUY,61,9.325580596923828,568.8604164123535,0.0
2019-07-26,6415.TW,BUY,159,147.54501342773438,23459.657135009766,0.0
2019-07-26,3665.TW,SELL,126,193.36407470703125,24363.873413085938,0.0
2019-07-26,2885.TW,SELL,2142,10.927684783935547,23407.10080718994,0.0
2019-07-26,2412.TW,SELL,286,82.4843978881836,23590.537796020508,0.0
2019-07-26,2207.TW,BUY,1,365.9009704589844,365.9009704589844,0.0
2019-07-29,2207.TW,SELL,64,371.9723205566406,23806.228515625,0.0
2019-07-29,2303.TW,SELL,2520,9.466876983642578,23856.529998779297,0.0
2019-07-29,3034.TW,SELL,226,103.89282989501953,23479.779556274414,0.0
2019-07-29,3711.TW,SELL,470,50.19638442993164,23592.30068206787,0.0
2019-07-29,3037.TW,BUY,668,35.22802734375,23532.322265625,0.0
2019-07-29,3443.TW,BUY,98,238.3808135986328,23361.319732666016,0.0
2019-07-29,3661.TW,BUY,245,95.86245727539062,23486.302032470703,0.0
2019-07-29,4938.TW,BUY,655,35.934818267822266,23537.305965423584,0.0
2019-07-29,6415.TW,BUY,4,143.70645141601562,574.8258056640625,0.0
2019-07-30,3443.TW,BUY,1,230.58761596679688,230.58761596679688,0.0
2019-07-30,3037.TW,BUY,10,33.913551330566406,339.13551330566406,0.0
2019-07-30,3034.TW,BUY,226,101.46257781982422,22930.542587280273,0.0
2019-07-30,4938.TW,SELL,655,35.304378509521484,23124.367923736572,0.0
2019-07-30,6415.TW,SELL,4,143.9463653564453,575.7854614257812,0.0
2019-07-30,3661.TW,SELL,245,93.07034301757812,22802.23403930664,0.0
2019-07-30,2615.TW,BUY,1884,12.20875358581543,23001.29175567627,0.0
2019-07-31,3231.TW,BUY,1386,16.691940307617188,23135.029266357422,0.0
2019-07-31,3037.TW,BUY,17,33.30012512207031,566.1021270751953,0.0
2019-07-31,3034.TW,BUY,3,100.85501098632812,302.5650329589844,0.0
2019-07-31,4938.TW,BUY,676,34.22902297973633,23138.819534301758,0.0
2019-07-31,6415.TW,SELL,159,152.34323120117188,24222.573760986328,0.0
2019-07-31,3443.TW,SELL,99,235.17184448242188,23282.012603759766,0.0
2019-07-31,2615.TW,BUY,57,11.921489715576172,679.5249137878418,0.0
2019-08-01,2615.TW,SELL,1941,11.97894287109375,23251.12811279297,0.0
2019-08-01,3034.TW,SELL,229,102.07015228271484,23374.0648727417,0.0
2019-08-01,3231.TW,SELL,1386,16.65612030029297,23085.382736206055,0.0
2019-08-01,2049.TW,BUY,105,219.44302368164062,23041.517486572266,0.0
2019-08-01,2884.TW,BUY,1462,15.811883926391602,23116.97430038452,0.0
2019-08-01,3037.TW,BUY,13,32.64288330078125,424.35748291015625,0.0
2019-08-01,9904.TW,BUY,823,28.058027267456055,23091.756441116333,0.0
2019-08-02,3665.TW,BUY,121,185.5303192138672,22449.16862487793,0.0
2019-08-02,3443.TW,BUY,104,215.9180145263672,22455.473510742188,0.0
2019-08-02,9904.TW,SELL,823,27.572338104248047,22692.034259796143,0.0
2019-08-02,3008.TW,BUY,7,3027.067626953125,21189.473388671875,0.0
2019-08-02,2884.TW,SELL,1462,15.595707893371582,22800.924940109253,0.0
2019-08-02,3037.TW,SELL,5,32.117095947265625,160.58547973632812,0.0
2019-08-02,2049.TW,SELL,105,209.8147735595703,22030.551223754883,0.0
2019-08-05,3008.TW,SELL,7,3015.39501953125,21107.76513671875,0.0
2019-08-05,3037.TW,SELL,11,31.459857940673828,346.0584373474121,0.0
2019-08-05,3665.TW,SELL,121,180.22947692871094,21807.766708374023,0.0
2019-08-05,4938.TW,SELL,7,32.58145523071289,228.07018661499023,0.0
2019-08-05,2049.TW,BUY,107,202.1924591064453,21634.59312438965,0.0
2019-08-05,3034.TW,BUY,228,95.38697052001953,21748.229278564453,0.0
2019-08-05,3443.TW,BUY,8,194.37205505371094,1554.9764404296875,0.0
2019-08-06,3037.TW,SELL,692,31.328407287597656,21679.257843017578,0.0
2019-08-06,3034.TW,SELL,228,95.38697052001953,21748.229278564453,0.0
2019-08-06,3443.TW,SELL,112,194.37205505371094,21769.670166015625,0.0
2019-08-06,2049.TW,BUY,1,199.78541564941406,199.78541564941406,0.0
2019-08-06,2615.TW,BUY,1834,11.806584358215332,21653.27571296692,0.0
2019-08-06,3661.TW,BUY,233,92.88421630859375,21642.022399902344,0.0
2019-08-06,3665.TW,BUY,121,178.190673828125,21561.071533203125,0.0
2019-08-06,4938.TW,BUY,6,32.07709503173828,192.4625701904297,0.0
2019-08-07,3443.TW,BUY,116,186.1204071044922,21589.967224121094,0.0
2019-08-07,2474.TW,BUY,167,129.84178161621094,21683.577529907227,0.0
2019-08-07,3661.TW,BUY,7,90.46437072753906,633.2505950927734,0.0
2019-08-07,2327.TW,BUY,481,45.16559600830078,21724.651679992676,0.0
2019-08-07,3008.TW,BUY,7,3001.929443359375,21013.506103515625,0.0
2019-08-07,3665.TW,SELL,121,179.4139404296875,21709.086791992188,0.0
2019-08-07,4938.TW,SELL,675,32.278839111328125,21788.216400146484,0.0
2019-08-07,2615.TW,SELL,1834,11.777856826782227,21600.589420318604,0.0
2019-08-07,2049.TW,SELL,108,205.9576873779297,22243.430236816406,0.0
2019-08-08,5871.TW,BUY,287,76.62635040283203,21991.762565612793,0.0
2019-08-08,4938.TW,BUY,683,32.278839111328125,22046.44711303711,0.0
2019-08-08,3665.TW,BUY,123,179.00619506835938,22017.761993408203,0.0
2019-08-08,3443.TW,BUY,1,187.4956817626953,187.4956817626953,0.0
2019-08-08,3661.TW,SELL,240,93.07034301757812,22336.88232421875,0.0
2019-08-08,3008.TW,SELL,7,3029.652099609375,21207.564697265625,0.0
2019-08-08,2327.TW,SELL,481,46.33755874633789,22288.365756988525,0.0
2019-08-08,2474.TW,BUY,2,130.1569366455078,260.3138732910156,0.0
2019-08-12,2884.TW,BUY,1475,15.533941268920898,22912.563371658325,0.0
2019-08-12,6505.TW,BUY,270,84.59150695800781,22839.70687866211,0.0
2019-08-12,6415.TW,BUY,149,153.78269958496094,22913.62223815918,0.0
2019-08-12,3037.TW,BUY,687,33.34394454956055,22907.289905548096,0.0
2019-08-12,2615.TW,BUY,1931,11.86403751373291,22909.45643901825,0.0
2019-08-12,2474.TW,SELL,169,137.40538024902344,23221.50926208496,0.0
2019-08-12,4938.TW,SELL,683,34.02727508544922,23240.628883361816,0.0
2019-08-12,3665.TW,SELL,123,186.34585571289062,22920.540252685547,0.0
2019-08-12,3443.TW,SELL,117,197.12258911132812,23063.34292602539,0.0
2019-08-12,5871.TW,SELL,287,76.31736755371094,21903.08448791504,0.0
2019-08-13,2892.TW,BUY,1599,14.200149536132812,22706.039108276367,0.0
2019-08-13,3037.TW,BUY,11,32.511436462402344,357.6258010864258,0.0
2019-08-13,3034.TW,BUY,232,97.81721496582031,22693.593872070312,0.0
2019-08-13,3661.TW,BUY,232,97.72386169433594,22671.935913085938,0.0
2019-08-13,6505.TW,SELL,270,83.74559783935547,22611.311416625977,0.0
2019-08-13,2884.TW,SELL,1475,15.410411834716797,22730.357456207275,0.0
2019-08-13,6415.TW,SELL,149,154.02261352539062,22949.369415283203,0.0
2019-08-13,2615.TW,SELL,12,11.835309982299805,142.02371978759766,0.0
2019-08-14,3665.TW,BUY,137,167.18118286132812,22903.822052001953,0.0
2019-08-14,2615.TW,SELL,1919,12.09384822845459,23208.094750404358,0.0
2019-08-14,2892.TW,SELL,1599,14.233722686767578,22759.722576141357,0.0
2019-08-14,3034.TW,SELL,232,99.33612823486328,23045.98175048828,0.0
2019-08-14,3037.TW,SELL,698,34.17644500732422,23855.158615112305,0.0
2019-08-14,2002.TW,BUY,1224,18.78297996520996,22990.367477416992,0.0
2019-08-14,2207.TW,BUY,66,346.06781005859375,22840.475463867188,0.0
2019-08-14,2886.TW,BUY,1159,19.83516502380371,22988.9562625885,0.0
2019-08-14,3661.TW,BUY,10,94.93175506591797,949.3175506591797,0.0
2019-08-15,6505.TW,BUY,281,80.53111267089844,22629.24266052246,0.0
2019-08-15,4938.TW,BUY,673,33.6910400390625,22674.069946289062,0.0
2019-08-15,3665.TW,BUY,2,162.28807067871094,324.5761413574219,0.0
2019-08-15,2002.TW,SELL,1224,18.661537170410156,22841.72149658203,0.0
2019-08-15,3661.TW,SELL,242,94.93175506591797,22973.48472595215,0.0
2019-08-15,2886.TW,SELL,1159,19.624149322509766,22744.38906478882,0.0
2019-08-15,2615.TW,BUY,1995,11.375686645507812,22694.494857788086,0.0
2019-08-16,2308.TW,BUY,182,127.184814453125,23147.63623046875,0.0
2019-08-16,3037.TW,BUY,676,34.39552307128906,23251.373596191406,0.0
2019-08-16,2615.TW,BUY,75,11.232054710388184,842.4041032791138,0.0
2019-08-16,6415.TW,BUY,149,155.70199584960938,23199.597381591797,0.0
2019-08-16,2049.TW,BUY,111,209.36195373535156,23239.176864624023,0.0
2019-08-16,4938.TW,SELL,673,34.2962646484375,23081.386108398438,0.0
2019-08-16,3665.TW,SELL,139,170.0354766845703,23634.931259155273,0.0
2019-08-16,2207.TW,SELL,66,350.5201721191406,23134.33135986328,0.0
2019-08-16,6505.TW,SELL,281,83.576416015625,23484.972900390625,0.0
2019-08-19,6415.TW,BUY,1,155.4620819091797,155.4620819091797,0.0
2019-08-19,3008.TW,BUY,7,2962.32666015625,20736.28662109375,0.0
2019-08-19,2615.TW,BUY,50,11.002242088317871,550.1121044158936,0.0
2019-08-19,9910.TW,BUY,195,119.56883239746094,23315.922317504883,0.0
2019-08-19,3037.TW,SELL,676,34.78987121582031,23517.95294189453,0.0
2019-08-19,2308.TW,SELL,182,128.48703002929688,23384.63946533203,0.0
2019-08-19,2049.TW,SELL,111,212.7661895751953,23617.04704284668,0.0
2019-08-19,2327.TW,BUY,489,47.68982696533203,23320.325386047363,0.0
2019-08-20,2327.TW,SELL,489,47.87012481689453,23408.491035461426,0.0
2019-08-20,3008.TW,SELL,7,3009.850341796875,21068.952392578125,0.0
2019-08-20,6415.TW,SELL,150,162.65936279296875,24398.904418945312,0.0
2019-08-20,2207.TW,BUY,67,347.6868591308594,23295.019561767578,0.0
2019-08-20,2615.TW,BUY,58,10.772429466247559,624.8009090423584,0.0
2019-08-20,3661.TW,BUY,227,103.3080825805664,23450.934745788574,0.0
2019-08-20,4938.TW,BUY,682,34.3635139465332,23435.916511535645,0.0
2019-08-20,9910.TW,BUY,4,117.7707748413086,471.0830993652344,0.0
2019-08-21,2327.TW,BUY,513,46.427711486816406,23817.415992736816,0.0
2019-08-21,3037.TW,BUY,688,34.658416748046875,23844.99072265625,0.0
2019-08-21,2454.TW,BUY,99,240.2642822265625,23786.163940429688,0.0
2019-08-21,2207.TW,BUY,2,341.615478515625,683.23095703125,0.0
2019-08-21,9910.TW,SELL,199,118.07047271728516,23496.024070739746,0.0
2019-08-21,4938.TW,SELL,682,34.49801254272461,23527.644554138184,0.0
2019-08-21,3661.TW,SELL,227,109.82300567626953,24929.822288513184,0.0
2019-08-21,2615.TW,SELL,28,11.088420867919922,310.4757843017578,0.0
2019-08-22,4938.TW,BUY,693,34.3635139465332,23813.91516494751,0.0
2019-08-22,2615.TW,BUY,62,10.772429466247559,667.8906269073486,0.0
2019-08-22,2382.TW,BUY,625,38.11607360839844,23822.546005249023,0.0
2019-08-22,6415.TW,BUY,143,166.0181427001953,23740.59440612793,0.0
2019-08-22,3037.TW,SELL,688,36.0167121887207,24779.497985839844,0.0
2019-08-22,2454.TW,SELL,99,238.87942504882812,23649.063079833984,0.0
2019-08-22,2207.TW,SELL,69,344.8536071777344,23794.898895263672,0.0
2019-08-22,2327.TW,BUY,9,45.616355895996094,410.54720306396484,0.0
2019-08-23,2327.TW,SELL,522,46.51786422729492,24282.32512664795,0.0
2019-08-23,2382.TW,SELL,625,38.390289306640625,23993.93081665039,0.0
2019-08-23,4938.TW,SELL,693,34.09452438354492,23627.50539779663,0.0
2019-08-23,2454.TW,BUY,100,237.14842224121094,23714.842224121094,0.0
2019-08-23,2615.TW,BUY,20,10.686251640319824,213.72503280639648,0.0
2019-08-23,3019.TW,BUY,350,68.12232971191406,23842.815399169922,0.0
2019-08-23,3037.TW,BUY,669,35.622371673583984,23831.366649627686,0.0
2019-08-23,6415.TW,BUY,1,165.05850219726562,165.05850219726562,0.0
2019-08-26,3037.TW,BUY,19,34.00117874145508,646.0223960876465,0.0
2019-08-26,3019.TW,BUY,6,65.64079284667969,393.8447570800781,0.0
2019-08-26,2327.TW,BUY,515,45.46019744873047,23412.00168609619,0.0
2019-08-26,2615.TW,SELL,2232,10.772429466247559,24044.06256866455,0.0
2019-08-26,2454.TW,SELL,100,237.4946746826172,23749.46746826172,0.0
2019-08-26,2207.TW,BUY,69,337.97265625,23320.11328125,0.0
2019-08-27,5871.TW,BUY,314,74.7724838256836,23478.55992126465,0.0
2019-08-27,2207.TW,SELL,69,340.4012145996094,23487.683807373047,0.0
2019-08-27,3019.TW,SELL,356,67.24178314208984,23938.074798583984,0.0
2019-08-27,6415.TW,SELL,144,165.05850219726562,23768.42431640625,0.0
2019-08-27,2327.TW,BUY,17,44.155120849609375,750.6370544433594,0.0
2019-08-27,2474.TW,BUY,174,134.56903076171875,23415.011352539062,0.0
2019-08-27,2885.TW,BUY,2072,11.337079048156738,23490.42778778076,0.0
2019-08-27,3037.TW,BUY,7,33.78209686279297,236.47467803955078,0.0
2019-08-28,2615.TW,BUY,2185,10.801156997680664,23600.52803993225,0.0
2019-08-28,2308.TW,BUY,188,125.448486328125,23584.3154296875,0.0
2019-08-28,2207.TW,BUY,70,332.7108154296875,23289.757080078125,0.0
2019-08-28,5871.TW,SELL,314,74.7724838256836,23478.55992126465,0.0
2019-08-28,2327.TW,SELL,532,44.481388092041016,23664.09846496582,0.0
2019-08-28,2885.TW,SELL,2072,11.400062561035156,23620.929626464844,0.0
2019-08-28,2474.TW,SELL,174,134.88418579101562,23469.84832763672,0.0
2019-08-28,3661.TW,BUY,191,123.52427673339844,23593.1368560791,0.0
2019-08-28,3037.TW,SELL,695,34.04499435424805,23661.271076202393,0.0
2019-08-28,6415.TW,BUY,148,158.58090209960938,23469.973510742188,0.0
2019-08-29,3019.TW,BUY,346,68.92283630371094,23847.301361083984,0.0
2019-08-29,6415.TW,BUY,4,156.4217071533203,625.6868286132812,0.0
2019-08-29,2890.TW,BUY,3021,7.8932719230651855,23845.574479579926,0.0
2019-08-29,2308.TW,BUY,3,124.58035278320312,373.7410583496094,0.0
2019-08-29,3661.TW,SELL,191,127.29601287841797,24313.538459777832,0.0
2019-08-29,2615.TW,SELL,2185,10.916062355041504,23851.596245765686,0.0
2019-08-29,2207.TW,SELL,70,343.2345275878906,24026.416931152344,0.0
2019-08-29,2049.TW,BUY,111,213.1917266845703,23664.281661987305,0.0
2019-08-30,3037.TW,BUY,712,34.22026062011719,24364.825561523438,0.0
2019-08-30,3665.TW,BUY,138,175.74411010742188,24252.68719482422,0.0
2019-08-30,3019.TW,BUY,9,68.60263061523438,617.4236755371094,0.0
2019-08-30,2615.TW,BUY,2233,10.916062355041504,24375.56723880768,0.0
2019-08-30,2454.TW,BUY,95,254.45852661132812,24173.560028076172,0.0
2019-08-30,6415.TW,SELL,152,167.45761108398438,25453.556884765625,0.0
2019-08-30,2890.TW,SELL,3021,7.960447788238525,24048.512768268585,0.0
2019-08-30,2308.TW,SELL,191,127.184814453125,24292.299560546875,0.0
2019-08-30,2049.TW,SELL,111,216.5959930419922,24042.155227661133,0.0
2019-09-02,2382.TW,BUY,645,38.321739196777344,24717.521781921387,0.0
2019-09-02,2308.TW,BUY,195,126.75074768066406,24716.395797729492,0.0
2019-09-02,2207.TW,BUY,70,352.5439758300781,24678.07830810547,0.0
2019-09-02,3665.TW,SELL,138,181.4527587890625,25040.480712890625,0.0
2019-09-02,2454.TW,SELL,95,256.5357360839844,24370.894927978516,0.0
2019-09-02,3019.TW,SELL,355,68.84278106689453,24439.18727874756,0.0
2019-09-02,2615.TW,SELL,2233,11.002242088317871,24568.006583213806,0.0
2019-09-02,3231.TW,BUY,1393,17.766530990600586,24748.777669906616,0.0
2019-09-02,3037.TW,SELL,712,35.05276107788086,24957.565887451172,0.0
2019-09-02,3661.TW,BUY,199,123.99573516845703,24675.15129852295,0.0
2019-09-03,2382.TW,SELL,645,38.18463134765625,24629.08721923828,0.0
2019-09-03,3711.TW,BUY,473,51.78721618652344,24495.353256225586,0.0
2019-09-03,6415.TW,BUY,146,167.697509765625,24483.83642578125,0.0
2019-09-03,3019.TW,BUY,361,67.80213165283203,24476.569526672363,0.0
2019-09-03,2308.TW,SELL,195,126.75074768066406,24716.395797729492,0.0
2019-09-03,3661.TW,SELL,2,123.99573516845703,247.99147033691406,0.0
2019-09-03,3231.TW,SELL,1393,17.730709075927734,24698.877742767334,0.0
2019-09-03,2207.TW,BUY,2,337.97265625,675.9453125,0.0
2019-09-04,6415.TW,BUY,1,166.97776794433594,166.97776794433594,0.0
2019-09-04,3034.TW,BUY,218,113.00623321533203,24635.358840942383,0.0
2019-09-04,2454.TW,BUY,97,252.72752380371094,24514.56980895996,0.0
2019-09-04,3661.TW,BUY,9,119.28108215332031,1073.5297393798828,0.0
2019-09-04,3711.TW,SELL,473,53.12846755981445,25129.765155792236,0.0
2019-09-04,3019.TW,SELL,361,68.44253540039062,24707.755279541016,0.0
2019-09-04,2207.TW,SELL,72,349.7106628417969,25179.167724609375,0.0
2019-09-04,2049.TW,BUY,112,219.14920043945312,24544.71044921875,0.0
2019-09-05,3661.TW,BUY,3,117.86665344238281,353.59996032714844,0.0
2019-09-05,2049.TW,SELL,112,223.830078125,25068.96875,0.0
2019-09-05,2454.TW,SELL,97,254.45852661132812,24682.477081298828,0.0
2019-09-05,3034.TW,SELL,218,114.52513885498047,24966.480270385742,0.0
2019-09-05,3019.TW,BUY,359,68.76273345947266,24685.821311950684,0.0
2019-09-05,3045.TW,BUY,295,83.6795654296875,24685.471801757812,0.0
2019-09-05,3443.TW,BUY,111,220.96066284179688,24526.633575439453,0.0
2019-09-05,6415.TW,BUY,3,164.33877563476562,493.0163269042969,0.0
2019-09-06,3037.TW,BUY,643,38.42658996582031,24708.29734802246,0.0
2019-09-06,3019.TW,BUY,3,68.28244018554688,204.84732055664062,0.0
2019-09-06,3443.TW,BUY,2,217.2932891845703,434.5865783691406,0.0
2019-09-06,3045.TW,SELL,295,83.6795654296875,24685.471801757812,0.0
2019-09-06,3661.TW,SELL,5,120.69546508789062,603.4773254394531,0.0
2019-09-10,3019.TW,SELL,362,65.88094329833984,23848.901473999023,0.0
2019-09-10,3443.TW,SELL,113,220.04383850097656,24864.95375061035,0.0
2019-09-10,3661.TW,SELL,204,120.69546508789062,24621.874877929688,0.0
2019-09-10,2327.TW,BUY,491,49.70170593261719,24403.53761291504,0.0
2019-09-10,2615.TW,BUY,2215,11.03096866607666,24433.595595359802,0.0
2019-09-10,3034.TW,BUY,218,111.7911148071289,24370.4630279541,0.0
2019-09-10,3037.TW,BUY,4,37.72553634643555,150.9021453857422,0.0
2019-09-10,6415.TW,BUY,1,161.45982360839844,161.45982360839844,0.0
2019-09-11,3661.TW,BUY,195,125.88160705566406,24546.913375854492,0.0
2019-09-11,3231.TW,BUY,1380,17.87398910522461,24666.10496520996,0.0
2019-09-11,3019.TW,BUY,374,65.88094329833984,24639.4727935791,0.0
2019-09-11,2615.TW,BUY,62,10.829883575439453,671.4527816772461,0.0
2019-09-11,2327.TW,SELL,491,50.02796936035156,24563.732955932617,0.0
2019-09-11,6415.TW,SELL,151,166.73788452148438,25177.42056274414,0.0
2019-09-11,3037.TW,SELL,647,37.90080261230469,24521.819290161133,0.0
2019-09-11,3034.TW,SELL,218,114.22135162353516,24900.254653930664,0.0
2019-09-11,2454.TW,BUY,95,259.30535888671875,24634.00909423828,0.0
2019-09-12,3443.TW,BUY,113,218.2101287841797,24657.744552612305,0.0
2019-09-12,3665.TW,BUY,134,183.0837860107422,24533.227325439453,0.0
2019-09-12,3231.TW,BUY,19,17.623252868652344,334.84180450439453,0.0
2019-09-12,3661.TW,BUY,2,124.93867492675781,249.87734985351562,0.0
2019-09-12,3019.TW,SELL,374,66.12108612060547,24729.286209106445,0.0
2019-09-12,2615.TW,SELL,2277,11.002242088317871,25052.105235099792,0.0
2019-09-12,2454.TW,SELL,95,259.651611328125,24666.903076171875,0.0
2019-09-12,3034.TW,BUY,216,113.9175796508789,24606.197204589844,0.0
2019-09-16,3231.TW,SELL,1399,17.551612854003906,24554.706382751465,0.0
2019-09-16,3661.TW,SELL,197,126.35307312011719,24891.555404663086,0.0
2019-09-16,3665.TW,SELL,134,179.4139404296875,24041.468017578125,0.0
2019-09-16,2615.TW,BUY,2251,10.858610153198242,24442.731454849243,0.0
2019-09-16,3019.TW,BUY,374,65.24054718017578,24399.964645385742,0.0
2019-09-16,3443.TW,BUY,1,213.6259002685547,213.6259002685547,0.0
2019-09-16,6415.TW,BUY,147,165.77822875976562,24369.399627685547,0.0
2019-09-17,6415.TW,BUY,1,165.05850219726562,165.05850219726562,0.0
2019-09-17,3037.TW,BUY,607,40.3983039855957,24521.77051925659,0.0
2019-09-17,3008.TW,BUY,7,3152.421875,22066.953125,0.0
2019-09-17,3019.TW,SELL,374,65.56074523925781,24519.718719482422,0.0
2019-09-17,2615.TW,SELL,16,10.973517417907715,175.57627868652344,0.0
2019-09-17,3034.TW,SELL,216,113.31001281738281,24474.962768554688,0.0
2019-09-18,3008.TW,SELL,7,3334.597412109375,23342.181884765625,0.0
2019-09-18,3037.TW,SELL,607,40.573570251464844,24628.15714263916,0.0
2019-09-18,3443.TW,SELL,114,220.50225830078125,25137.257446289062,0.0
2019-09-18,6415.TW,SELL,148,168.41725158691406,24925.75323486328,0.0
2019-09-18,2049.TW,BUY,107,233.19175720214844,24951.518020629883,0.0
2019-09-18,2454.TW,BUY,94,264.4984130859375,24862.850830078125,0.0
2019-09-18,2615.TW,BUY,58,10.916062355041504,633.1316165924072,0.0
2019-09-18,3019.TW,BUY,383,65.24054718017578,24987.129570007324,0.0
2019-09-18,3661.TW,BUY,193,129.65335083007812,25023.096710205078,0.0
2019-09-19,3019.TW,BUY,11,64.36000061035156,707.9600067138672,0.0
2019-09-19,9904.TW,BUY,870,29.178855895996094,25385.6046295166,0.0
2019-09-19,2317.TW,BUY,454,55.8758544921875,25367.637939453125,0.0
2019-09-19,2454.TW,SELL,94,263.4598083496094,24765.22198486328,0.0
2019-09-19,3661.TW,SELL,15,142.38294982910156,2135.7442474365234,0.0
2019-09-19,2049.TW,BUY,3,230.21304321289062,690.6391296386719,0.0
2019-09-19,2615.TW,SELL,2293,10.94478988647461,25096.40320968628,0.0
2019-09-20,3037.TW,BUY,635,40.748836517333984,25875.51118850708,0.0
2019-09-20,2317.TW,SELL,454,56.636070251464844,25712.77589416504,0.0
2019-09-20,3019.TW,SELL,394,64.60014343261719,25452.456512451172,0.0
2019-09-20,3661.TW,SELL,178,154.6410675048828,27526.11001586914,0.0
2019-09-20,9904.TW,SELL,870,29.216217041015625,25418.108825683594,0.0
2019-09-20,2049.TW,BUY,2,229.7875213623047,459.5750427246094,0.0
2019-09-20,2615.TW,BUY,2392,10.829883575439453,25905.081512451172,0.0
2019-09-20,2885.TW,BUY,2199,11.777965545654297,25899.7462348938,0.0
2019-09-20,3034.TW,BUY,230,112.398681640625,25851.69677734375,0.0
2019-09-23,6505.TW,BUY,309,84.59150695800781,26138.775650024414,0.0
2019-09-23,3034.TW,BUY,3,111.7911148071289,335.3733444213867,0.0
2019-09-23,2615.TW,BUY,28,10.801156997680664,302.4323959350586,0.0
2019-09-23,2207.TW,BUY,69,377.638916015625,26057.085205078125,0.0
2019-09-23,2049.TW,SELL,112,234.4683837890625,26260.458984375,0.0
2019-09-23,3037.TW,SELL,635,41.7566032409668,26515.443058013916,0.0
2019-09-23,2885.TW,SELL,2199,11.872441291809082,26107.49840068817,0.0
2019-09-23,2002.TW,BUY,1394,18.74249839782715,26127.042766571045,0.0
2019-09-24,2615.TW,BUY,13,10.772429466247559,140.04158306121826,0.0
2019-09-24,3661.TW,BUY,175,149.45494079589844,26154.614639282227,0.0
2019-09-24,3037.TW,BUY,641,40.88028335571289,26204.261631011963,0.0
2019-09-24,6415.TW,BUY,138,189.769287109375,26188.16162109375,0.0
2019-09-24,6505.TW,SELL,309,85.8603744506836,26530.85570526123,0.0
2019-09-24,3034.TW,SELL,233,112.09488677978516,26118.10861968994,0.0
2019-09-24,2207.TW,SELL,69,376.4246520996094,25973.300994873047,0.0
2019-09-24,2002.TW,SELL,1394,18.78297996520996,26183.474071502686,0.0
2019-09-24,2327.TW,BUY,520,50.35424041748047,26184.205017089844,0.0
2019-09-25,6415.TW,BUY,2,184.73118591308594,369.4623718261719,0.0
2019-09-25,3037.TW,BUY,9,39.87251663208008,358.8526496887207,0.0
2019-09-25,2454.TW,BUY,98,263.1136169433594,25785.13446044922,0.0
2019-09-25,3711.TW,BUY,488,53.12846755981445,25926.692169189453,0.0
2019-09-25,3661.TW,SELL,175,149.45494079589844,26154.614639282227,0.0
2019-09-25,2615.TW,SELL,2433,10.829883575439453,26349.10673904419,0.0
2019-09-25,2327.TW,SELL,520,49.91921615600586,25957.992401123047,0.0
2019-09-25,2308.TW,BUY,219,118.06916809082031,25857.14781188965,0.0
2019-09-26,2308.TW,SELL,219,116.33285522460938,25476.895294189453,0.0
2019-09-26,2454.TW,SELL,98,260.343994140625,25513.71142578125,0.0
2019-09-26,3037.TW,SELL,1,39.609619140625,39.609619140625,0.0
2019-09-26,3711.TW,SELL,488,53.20298385620117,25963.056121826172,0.0
2019-09-26,3034.TW,BUY,232,110.57598876953125,25653.62939453125,0.0
2019-09-26,3443.TW,BUY,112,227.83705139160156,25517.749755859375,0.0
2019-09-26,3661.TW,BUY,174,147.56906127929688,25677.016662597656,0.0
2019-09-27,3034.TW,BUY,4,108.14574432373047,432.5829772949219,0.0
2019-09-27,3037.TW,BUY,20,38.2513313293457,765.0266265869141,0.0
2019-09-27,2615.TW,BUY,2442,10.485166549682617,25604.77671432495,0.0
2019-09-27,3661.TW,SELL,4,150.3978729248047,601.5914916992188,0.0
2019-09-27,6415.TW,SELL,140,184.4912567138672,25828.775939941406,0.0
2019-09-27,3443.TW,SELL,112,229.21231079101562,25671.77880859375,0.0
2019-09-27,2454.TW,BUY,100,255.49717712402344,25549.717712402344,0.0
2019-10-01,2454.TW,SELL,100,260.6901550292969,26069.015502929688,0.0
2019-10-01,2615.TW,SELL,2442,10.485166549682617,25604.77671432495,0.0
2019-10-01,3034.TW,SELL,236,112.09488677978516,26454.393280029297,0.0
2019-10-01,3037.TW,SELL,5,38.73330307006836,193.6665153503418,0.0
2019-10-01,3443.TW,BUY,111,230.58761596679688,25595.225372314453,0.0
2019-10-01,3661.TW,BUY,8,144.268798828125,1154.150390625,0.0
2019-10-01,3665.TW,BUY,149,172.48202514648438,25699.821746826172,0.0
2019-10-01,6415.TW,BUY,139,184.73118591308594,25677.634841918945,0.0
2019-10-02,3665.TW,BUY,3,169.62770080566406,508.8831024169922,0.0
2019-10-02,2454.TW,BUY,100,257.5743408203125,25757.43408203125,0.0
2019-10-02,2207.TW,BUY,66,390.1863708496094,25752.30047607422,0.0
2019-10-02,3037.TW,SELL,664,39.259090423583984,26068.036041259766,0.0
2019-10-02,3443.TW,SELL,111,235.17184448242188,26104.074737548828,0.0
2019-10-02,3661.TW,SELL,1,146.1546630859375,146.1546630859375,0.0
2019-10-03,2207.TW,BUY,2,380.47222900390625,760.9444580078125,0.0
2019-10-03,2615.TW,BUY,2495,10.456439971923828,26088.81772994995,0.0
2019-10-03,2105.TW,BUY,760,34.31447982788086,26079.004669189453,0.0
2019-10-03,2474.TW,BUY,160,163.06536865234375,26090.458984375,0.0
2019-10-03,3665.TW,SELL,152,169.62770080566406,25783.410522460938,0.0
2019-10-03,6415.TW,SELL,139,191.92848205566406,26678.059005737305,0.0
2019-10-03,2454.TW,SELL,100,262.7673645019531,26276.736450195312,0.0
2019-10-04,3665.TW,BUY,158,168.4044647216797,26607.90542602539,0.0
2019-10-04,3037.TW,BUY,670,39.69725036621094,26597.157745361328,0.0
2019-10-04,2615.TW,BUY,121,10.169173240661621,1230.4699621200562,0.0
2019-10-04,6415.TW,BUY,142,187.13026428222656,26572.497528076172,0.0
2019-10-04,2474.TW,SELL,160,164.06170654296875,26249.873046875,0.0
2019-10-04,2207.TW,SELL,68,384.519775390625,26147.3447265625,0.0
2019-10-04,2105.TW,SELL,760,34.657630920410156,26339.79949951172,0.0
2019-10-04,3661.TW,SELL,12,161.24159240722656,1934.8991088867188,0.0
2019-10-07,2615.TW,SELL,2616,10.341533660888672,27053.452056884766,0.0
2019-10-07,3037.TW,SELL,670,40.66120147705078,27243.004989624023,0.0
2019-10-07,3665.TW,SELL,158,171.25875854492188,27058.883850097656,0.0
2019-10-07,2049.TW,BUY,122,219.57472229003906,26788.116119384766,0.0
2019-10-07,3008.TW,BUY,7,3548.455078125,24839.185546875,0.0
2019-10-07,3661.TW,BUY,1,160.77012634277344,160.77012634277344,0.0
2019-10-07,6415.TW,BUY,3,183.77149963378906,551.3144989013672,0.0
2019-10-07,9910.TW,BUY,203,131.85533142089844,26766.632278442383,0.0
2019-10-08,2474.TW,BUY,155,172.696533203125,26767.962646484375,0.0
2019-10-08,3037.TW,BUY,671,39.96015167236328,26813.26177215576,0.0
2019-10-08,2207.TW,BUY,70,380.8769836425781,26661.38885498047,0.0
2019-10-08,6415.TW,BUY,3,181.13250732421875,543.3975219726562,0.0
2019-10-08,9910.TW,SELL,203,133.6533660888672,27131.63331604004,0.0
2019-10-08,3661.TW,SELL,166,163.59893798828125,27157.423706054688,0.0
2019-10-08,3008.TW,SELL,7,3548.455078125,24839.185546875,0.0
2019-10-08,2049.TW,BUY,2,216.17047119140625,432.3409423828125,0.0
2019-10-09,3661.TW,BUY,163,161.7130889892578,26359.233505249023,0.0
2019-10-09,3037.TW,BUY,30,37.76934814453125,1133.0804443359375,0.0
2019-10-09,3034.TW,BUY,241,109.96843719482422,26502.393363952637,0.0
2019-10-09,6415.TW,SELL,148,188.32980346679688,27872.810913085938,0.0
2019-10-09,2474.TW,BUY,3,167.38278198242188,502.1483459472656,0.0
2019-10-09,2049.TW,SELL,124,216.5959930419922,26857.90313720703,0.0
2019-10-14,2615.TW,BUY,2659,10.370259284973145,27574.51943874359,0.0
2019-10-14,2454.TW,BUY,107,256.5357360839844,27449.323760986328,0.0
2019-10-14,2382.TW,BUY,746,36.95065689086914,27565.19004058838,0.0
2019-10-14,3661.TW,SELL,1,169.7279815673828,169.7279815673828,0.0
2019-10-14,3008.TW,BUY,7,3532.614013671875,24728.298095703125,0.0
2019-10-14,3034.TW,SELL,241,112.70243835449219,27161.287643432617,0.0
2019-10-14,2474.TW,SELL,158,171.03598022460938,27023.68487548828,0.0
2019-10-14,2207.TW,SELL,70,386.9483642578125,27086.385498046875,0.0
2019-10-14,3037.TW,SELL,701,40.61738586425781,28472.787490844727,0.0
2019-10-15,2382.TW,SELL,746,37.01920700073242,27616.328422546387,0.0
2019-10-15,2615.TW,SELL,2659,10.284080505371094,27345.37006378174,0.0
2019-10-15,3008.TW,SELL,7,3564.296630859375,24950.076416015625,0.0
2019-10-15,2207.TW,BUY,71,385.3293151855469,27358.381378173828,0.0
2019-10-15,2327.TW,BUY,411,66.5589370727539,27355.723136901855,0.0
2019-10-15,3034.TW,BUY,246,111.18355560302734,27351.154678344727,0.0
2019-10-15,3661.TW,BUY,3,165.01332092285156,495.0399627685547,0.0
2019-10-16,3008.TW,BUY,7,3465.2880859375,24257.0166015625,0.0
2019-10-16,3665.TW,BUY,161,167.9967041015625,27047.469360351562,0.0
2019-10-16,3661.TW,BUY,2,162.18455505371094,324.3691101074219,0.0
2019-10-16,2454.TW,BUY,2,249.26551818847656,498.5310363769531,0.0
2019-10-16,3034.TW,SELL,246,111.48734283447266,27425.886337280273,0.0
2019-10-16,2207.TW,SELL,71,389.3769226074219,27645.761505126953,0.0
2019-10-16,2327.TW,BUY,2,65.68890380859375,131.3778076171875,0.0
2019-10-17,3443.TW,BUY,109,253.50881958007812,27632.461334228516,0.0
2019-10-17,3037.TW,BUY,671,41.18699645996094,27636.47462463379,0.0
2019-10-17,2615.TW,BUY,2728,10.140448570251465,27663.143699645996,0.0
2019-10-17,6415.TW,BUY,144,191.92848205566406,27637.701416015625,0.0
2019-10-17,3008.TW,SELL,7,3481.129638671875,24367.907470703125,0.0
2019-10-17,2454.TW,SELL,109,256.8819274902344,28000.130096435547,0.0
2019-10-17,2327.TW,SELL,413,67.53776550292969,27893.09715270996,0.0
2019-10-17,3665.TW,SELL,161,169.62770080566406,27310.059829711914,0.0
2019-10-18,2615.TW,SELL,2728,10.284080505371094,28054.971618652344,0.0
2019-10-18,3037.TW,SELL,671,40.485939025878906,27166.065086364746,0.0
2019-10-18,3443.TW,SELL,109,256.7178039550781,27982.240631103516,0.0
2019-10-18,3661.TW,SELL,5,171.61387634277344,858.0693817138672,0.0
2019-10-18,2474.TW,BUY,162,171.03598022460938,27707.82879638672,0.0
2019-10-18,3008.TW,BUY,8,3409.84375,27278.75,0.0
2019-10-18,6415.TW,BUY,3,189.5293731689453,568.5881195068359,0.0
2019-10-18,9910.TW,BUY,212,130.9563446044922,27762.745056152344,0.0
2019-10-21,3443.TW,BUY,110,251.67514038085938,27684.26544189453,0.0
2019-10-21,3661.TW,BUY,2,168.3135986328125,336.627197265625,0.0
2019-10-21,6415.TW,BUY,2,185.45091247558594,370.9018249511719,0.0
2019-10-21,3037.TW,BUY,689,40.17922592163086,27683.486660003662,0.0
2019-10-21,9910.TW,SELL,212,131.25599670410156,27826.27130126953,0.0
2019-10-21,2474.TW,BUY,1,169.3754425048828,169.3754425048828,0.0
2019-10-21,3008.TW,SELL,8,3469.248779296875,27753.990234375,0.0
2019-10-22,2474.TW,SELL,163,171.70021057128906,27987.134323120117,0.0
2019-10-22,3037.TW,SELL,689,42.28239440917969,29132.569747924805,0.0
2019-10-22,3443.TW,SELL,110,253.0504150390625,27835.545654296875,0.0
2019-10-22,3661.TW,SELL,164,173.97120666503906,28531.277893066406,0.0
2019-10-22,2327.TW,BUY,416,67.7552719116211,28186.193115234375,0.0
2019-10-22,3008.TW,BUY,8,3477.16943359375,27817.35546875,0.0
2019-10-22,3045.TW,BUY,333,84.80026245117188,28238.487396240234,0.0
2019-10-22,6415.TW,BUY,4,184.0114288330078,736.0457153320312,0.0
2019-10-22,9910.TW,BUY,218,129.4579620361328,28221.835723876953,0.0
2019-10-23,3661.TW,BUY,162,173.02825927734375,28030.578002929688,0.0
2019-10-23,3443.TW,BUY,112,249.38302612304688,27930.89892578125,0.0
2019-10-23,2207.TW,BUY,69,406.376708984375,28039.992919921875,0.0
2019-10-23,2049.TW,BUY,128,218.29811096191406,27942.158203125,0.0
2019-10-23,3045.TW,SELL,333,84.42669677734375,28114.09002685547,0.0
2019-10-23,6415.TW,SELL,153,185.2109832763672,28337.28044128418,0.0
2019-10-23,2327.TW,SELL,416,67.97278594970703,28276.678955078125,0.0
2019-10-23,9910.TW,SELL,218,127.9596176147461,27895.19664001465,0.0
2019-10-24,2330.TW,BUY,112,255.4379425048828,28609.049560546875,0.0
2019-10-24,9904.TW,BUY,949,30.262319564819336,28718.94126701355,0.0
2019-10-24,3045.TW,BUY,340,84.42669677734375,28705.076904296875,0.0
2019-10-24,3037.TW,BUY,680,42.194766998291016,28692.44155883789,0.0
2019-10-24,2105.TW,BUY,784,36.60211944580078,28696.061645507812,0.0
2019-10-24,3661.TW,SELL,162,178.21438598632812,28870.730529785156,0.0
2019-10-24,3443.TW,SELL,112,252.13351440429688,28238.95361328125,0.0
2019-10-24,3008.TW,SELL,8,3508.852294921875,28070.818359375,0.0
2019-10-24,2207.TW,SELL,69,418.5194396972656,28877.841339111328,0.0
2019-10-24,2049.TW,SELL,128,221.27684020996094,28323.435546875,0.0
2019-10-25,9910.TW,BUY,224,127.65994262695312,28595.8271484375,0.0
2019-10-25,3661.TW,BUY,163,175.85704040527344,28664.69758605957,0.0
2019-10-25,3008.TW,BUY,8,3445.487060546875,27563.896484375,0.0
2019-10-25,2105.TW,BUY,5,36.373355865478516,181.86677932739258,0.0
2019-10-25,6415.TW,BUY,144,199.12579345703125,28674.1142578125,0.0
2019-10-25,3045.TW,SELL,340,84.80026245117188,28832.089233398438,0.0
2019-10-25,3037.TW,SELL,680,42.23857879638672,28722.23358154297,0.0
2019-10-25,2330.TW,SELL,112,255.87376403808594,28657.861572265625,0.0
2019-10-25,9904.TW,SELL,949,30.112873077392578,28577.116550445557,0.0
2019-10-28,3661.TW,SELL,163,180.5717315673828,29433.1922454834,0.0
2019-10-28,6415.TW,SELL,144,206.32313537597656,29710.531494140625,0.0
2019-10-28,2105.TW,BUY,8,36.25897216796875,290.07177734375,0.0
2019-10-28,3037.TW,BUY,695,41.62515640258789,28929.483699798584,0.0
2019-10-28,3711.TW,BUY,497,58.19541549682617,28923.121501922607,0.0
2019-10-28,9910.TW,BUY,6,125.562255859375,753.37353515625,0.0
2019-10-29,3443.TW,BUY,114,251.21669006347656,28638.702667236328,0.0
2019-10-29,6415.TW,BUY,141,202.96435546875,28617.97412109375,0.0
2019-10-29,3661.TW,BUY,161,177.2714385986328,28540.701614379883,0.0
2019-10-29,9910.TW,BUY,4,121.96619415283203,487.8647766113281,0.0
2019-10-29,3037.TW,BUY,2,41.099365234375,82.19873046875,0.0
2019-10-29,3008.TW,SELL,8,3417.764404296875,27342.115234375,0.0
2019-10-29,3711.TW,SELL,497,58.344444274902344,28997.188804626465,0.0
2019-10-29,2105.TW,SELL,797,36.06833267211914,28746.461139678955,0.0
2019-10-30,3037.TW,SELL,697,42.28239440917969,29470.828903198242,0.0
2019-10-30,3443.TW,SELL,114,254.42568969726562,29004.52862548828,0.0
2019-10-30,3661.TW,SELL,3,181.9861602783203,545.9584808349609,0.0
2019-10-30,9910.TW,SELL,234,123.16486358642578,28820.578079223633,0.0
2019-10-30,3665.TW,BUY,168,172.0742950439453,28908.481567382812,0.0
2019-10-30,3711.TW,BUY,500,57.82284164428711,28911.420822143555,0.0
2019-10-30,5871.TW,BUY,344,84.04180145263672,28910.37969970703,0.0
2019-10-30,6415.TW,BUY,6,196.24688720703125,1177.4813232421875,0.0
2019-10-31,3711.TW,SELL,500,59.23861312866211,29619.306564331055,0.0
2019-10-31,3661.TW,BUY,7,175.85704040527344,1230.999282836914,0.0
2019-10-31,3443.TW,BUY,118,245.2572021484375,28940.349853515625,0.0
2019-10-31,3037.TW,BUY,704,41.318443298339844,29088.18408203125,0.0
2019-10-31,2327.TW,BUY,426,68.2990493774414,29095.39503479004,0.0
2019-10-31,3665.TW,SELL,168,169.219970703125,28428.955078125,0.0
2019-10-31,6415.TW,SELL,147,205.8433074951172,30258.966201782227,0.0
2019-10-31,5871.TW,SELL,344,84.96873474121094,29229.244750976562,0.0
2019-10-31,2303.TW,BUY,2943,9.890767097473145,29108.527567863464,0.0
2019-11-01,2308.TW,BUY,254,115.89878845214844,29438.292266845703,0.0
2019-11-01,3443.TW,BUY,5,238.3808135986328,1191.904067993164,0.0
2019-11-01,2454.TW,BUY,105,280.4237060546875,29444.489135742188,0.0
2019-11-01,6415.TW,BUY,145,202.4845428466797,29360.258712768555,0.0
2019-11-01,3661.TW,SELL,7,185.75787353515625,1300.3051147460938,0.0
2019-11-01,2327.TW,SELL,426,68.73409271240234,29280.7234954834,0.0
2019-11-01,2303.TW,SELL,2943,10.244009017944336,30148.11853981018,0.0
2019-11-01,3037.TW,SELL,704,41.36226272583008,29119.032958984375,0.0
2019-11-04,3665.TW,BUY,173,170.44326782226562,29486.685333251953,0.0
2019-11-04,3661.TW,BUY,3,182.92906188964844,548.7871856689453,0.0
2019-11-04,3037.TW,BUY,711,41.53752136230469,29533.177688598633,0.0
2019-11-04,6415.TW,BUY,3,199.36572265625,598.09716796875,0.0
2019-11-04,3443.TW,SELL,123,241.13136291503906,29659.157638549805,0.0
2019-11-04,2454.TW,SELL,105,285.2705383300781,29953.406524658203,0.0
2019-11-04,2308.TW,SELL,254,116.76693725585938,29658.80206298828,0.0
2019-11-04,2327.TW,BUY,434,67.97278594970703,29500.18910217285,0.0
2019-11-05,3037.TW,SELL,711,41.62515640258789,29595.48620223999,0.0
2019-11-05,3665.TW,SELL,173,172.8898162841797,29909.938217163086,0.0
2019-11-05,6415.TW,SELL,148,209.68186950683594,31032.91668701172,0.0
2019-11-05,2303.TW,BUY,2924,10.244009017944336,29953.48236846924,0.0
2019-11-05,2327.TW,BUY,7,67.86402893066406,475.04820251464844,0.0
2019-11-05,3661.TW,BUY,2,182.92906188964844,365.8581237792969,0.0
2019-11-05,3711.TW,BUY,502,59.61118698120117,29924.81586456299,0.0
2019-11-05,4938.TW,BUY,730,41.021026611328125,29945.34942626953,0.0
2019-11-06,3037.TW,BUY,753,39.609619140625,29826.043212890625,0.0
2019-11-06,3231.TW,BUY,1529,19.521692276000977,29848.667490005493,0.0
2019-11-06,3019.TW,BUY,442,67.4018783569336,29791.63023376465,0.0
2019-11-06,4938.TW,SELL,730,41.2227668762207,30092.619819641113,0.0
2019-11-06,2327.TW,BUY,6,66.7764663696289,400.65879821777344,0.0
2019-11-06,3711.TW,SELL,502,59.31312942504883,29775.19097137451,0.0
2019-11-06,2303.TW,SELL,2924,10.244009017944336,29953.48236846924,0.0
2019-11-07,2327.TW,SELL,2,66.5589370727539,133.1178741455078,0.0
2019-11-07,3019.TW,SELL,442,66.92159271240234,29579.343978881836,0.0
2019-11-07,3037.TW,SELL,753,40.22304153442383,30287.950275421143,0.0
2019-11-07,3231.TW,SELL,1529,19.629148483276367,30012.968030929565,0.0
2019-11-07,2454.TW,BUY,100,294.2717590332031,29427.175903320312,0.0
2019-11-07,3443.TW,BUY,121,243.88194274902344,29509.715072631836,0.0
2019-11-07,3661.TW,BUY,6,174.9141387939453,1049.4848327636719,0.0
2019-11-07,6415.TW,BUY,143,206.80294799804688,29572.821563720703,0.0
2019-11-08,3711.TW,BUY,519,58.344444274902344,30280.766578674316,0.0
2019-11-08,3034.TW,BUY,235,128.8028106689453,30268.66050720215,0.0
2019-11-08,3019.TW,BUY,456,66.44129180908203,30297.229064941406,0.0
2019-11-08,2454.TW,BUY,5,286.6553649902344,1433.2768249511719,0.0
2019-11-08,2327.TW,SELL,445,66.7764663696289,29715.527534484863,0.0
2019-11-08,6415.TW,SELL,143,211.6011505126953,30258.96452331543,0.0
2019-11-08,3661.TW,SELL,169,192.3583984375,32508.5693359375,0.0
2019-11-08,3443.TW,SELL,121,246.63241577148438,29842.52230834961,0.0
2019-11-08,2207.TW,BUY,66,455.75714111328125,30079.971313476562,0.0
2019-11-11,2474.TW,BUY,176,169.3754425048828,29810.077880859375,0.0
2019-11-11,3019.TW,BUY,11,63.79964828491211,701.7961311340332,0.0
2019-11-11,2327.TW,BUY,485,61.447391510009766,29801.984882354736,0.0
2019-11-11,2317.TW,BUY,446,66.82295989990234,29803.040115356445,0.0
2019-11-11,3711.TW,SELL,519,58.12090301513672,30164.748664855957,0.0
2019-11-11,2454.TW,SELL,105,279.38507080078125,29335.43243408203,0.0
2019-11-11,2207.TW,SELL,66,458.18572998046875,30240.258178710938,0.0
2019-11-12,3008.TW,BUY,8,3595.97900390625,28767.83203125,0.0
2019-11-12,2327.TW,BUY,9,61.447391510009766,553.0265235900879,0.0
2019-11-12,2105.TW,BUY,906,33.551937103271484,30398.055015563965,0.0
2019-11-12,2049.TW,BUY,135,223.830078125,30217.060546875,0.0
2019-11-12,3443.TW,BUY,124,243.88194274902344,30241.360900878906,0.0
2019-11-12,3019.TW,SELL,467,64.1198501586914,29943.970024108887,0.0
2019-11-12,2474.TW,SELL,176,172.696533203125,30394.58984375,0.0
2019-11-12,2317.TW,SELL,446,69.17961883544922,30854.11000061035,0.0
2019-11-12,3034.TW,SELL,235,131.23304748535156,30839.766159057617,0.0
2019-11-13,2049.TW,SELL,135,225.10667419433594,30389.40101623535,0.0
2019-11-13,2327.TW,SELL,36,67.53776550292969,2431.3595581054688,0.0
2019-11-13,3008.TW,SELL,8,3580.137939453125,28641.103515625,0.0
2019-11-13,3443.TW,SELL,124,245.2572021484375,30411.89306640625,0.0
2019-11-13,2105.TW,BUY,30,33.0562858581543,991.6885757446289,0.0
2019-11-13,2317.TW,BUY,454,68.19134521484375,30958.870727539062,0.0
2019-11-13,2474.TW,BUY,180,171.36810302734375,30846.258544921875,0.0
2019-11-13,3019.TW,BUY,488,63.31935501098633,30899.845245361328,0.0
2019-11-14,3008.TW,BUY,8,3540.53466796875,28324.27734375,0.0
2019-11-14,3661.TW,BUY,154,201.31626892089844,31002.70541381836,0.0
2019-11-14,3019.TW,BUY,12,62.19865036010742,746.3838043212891,0.0
2019-11-14,2207.TW,BUY,67,459.80474853515625,30806.91815185547,0.0
2019-11-14,2474.TW,SELL,180,171.70021057128906,30906.03790283203,0.0
2019-11-14,2105.TW,BUY,13,32.75127029418945,425.7665138244629,0.0
2019-11-14,2327.TW,SELL,458,71.0179672241211,32526.22898864746,0.0
2019-11-14,2317.TW,SELL,454,67.88726043701172,30820.81623840332,0.0
2019-11-15,6415.TW,BUY,136,232.71328735351562,31649.007080078125,0.0
2019-11-15,3034.TW,BUY,246,129.1065673828125,31760.215576171875,0.0
2019-11-15,2327.TW,BUY,456,69.8216552734375,31838.6748046875,0.0
2019-11-15,2105.TW,BUY,23,32.75127029418945,753.2792167663574,0.0
2019-11-15,4938.TW,BUY,678,46.938812255859375,31824.514709472656,0.0
2019-11-15,3019.TW,SELL,500,62.598899841308594,31299.449920654297,0.0
2019-11-15,3008.TW,SELL,8,3564.296630859375,28514.373046875,0.0
2019-11-15,2207.TW,SELL,67,465.4712829589844,31186.575958251953,0.0
2019-11-15,3661.TW,SELL,154,221.1178741455078,34052.1526184082,0.0
2019-11-18,2105.TW,SELL,6,32.63688659667969,195.82131958007812,0.0
2019-11-18,3034.TW,SELL,246,130.3217010498047,32059.138458251953,0.0
2019-11-18,4938.TW,SELL,678,47.07331085205078,31915.70475769043,0.0
2019-11-18,2207.TW,BUY,67,465.4712829589844,31186.575958251953,0.0
2019-11-18,3045.TW,BUY,365,86.29454040527344,31497.507247924805,0.0
2019-11-18,6415.TW,BUY,6,221.9173126220703,1331.5038757324219,0.0
2019-11-19,3037.TW,BUY,740,42.5452880859375,31483.51318359375,0.0
2019-11-19,6415.TW,BUY,3,217.1190948486328,651.3572845458984,0.0
2019-11-19,3661.TW,BUY,147,213.10293579101562,31326.131561279297,0.0
2019-11-19,3008.TW,BUY,8,3564.296630859375,28514.373046875,0.0
2019-11-19,2327.TW,SELL,456,70.36543273925781,32086.637329101562,0.0
2019-11-19,3045.TW,SELL,365,85.92097473144531,31361.15577697754,0.0
2019-11-19,2207.TW,SELL,67,468.70941162109375,31403.53057861328,0.0
2019-11-19,2105.TW,BUY,7,32.3699951171875,226.5899658203125,0.0
2019-11-20,2105.TW,SELL,4,32.179359436035156,128.71743774414062,0.0
2019-11-20,3037.TW,SELL,740,42.76436996459961,31645.63377380371,0.0
2019-11-20,6415.TW,SELL,2,217.1190948486328,434.2381896972656,0.0
2019-11-20,2327.TW,BUY,448,69.6041259765625,31182.6484375,0.0
2019-11-20,3661.TW,BUY,4,205.55947875976562,822.2379150390625,0.0
2019-11-21,6415.TW,BUY,1,214.48008728027344,214.48008728027344,0.0
2019-11-21,3008.TW,BUY,1,3409.84375,3409.84375,0.0
2019-11-21,2454.TW,BUY,109,281.80853271484375,30717.13006591797,0.0
2019-11-21,2105.TW,SELL,969,31.912466049194336,30923.17960166931,0.0
2019-11-21,3661.TW,SELL,151,207.44532775878906,31324.24449157715,0.0
2019-11-21,2327.TW,SELL,2,69.27786254882812,138.55572509765625,0.0
2019-11-21,2207.TW,BUY,67,460.6142578125,30861.1552734375,0.0
2019-11-22,2474.TW,BUY,174,177.67813110351562,30915.99481201172,0.0
2019-11-22,2327.TW,BUY,4,68.95159149169922,275.8063659667969,0.0
2019-11-22,3037.TW,BUY,753,41.18699645996094,31013.808334350586,0.0
2019-11-22,2454.TW,SELL,109,284.5781555175781,31019.018951416016,0.0
2019-11-22,2207.TW,SELL,67,463.0427551269531,31023.86459350586,0.0
2019-11-22,3008.TW,SELL,9,3441.526123046875,30973.735107421875,0.0
2019-11-22,3661.TW,BUY,159,194.2442626953125,30884.837768554688,0.0
2019-11-25,3037.TW,BUY,8,40.61738586425781,324.9390869140625,0.0
2019-11-25,6415.TW,BUY,5,206.5630340576172,1032.815170288086,0.0
2019-11-25,3034.TW,BUY,224,137.9162139892578,30893.23193359375,0.0
2019-11-25,2474.TW,BUY,4,173.36074829101562,693.4429931640625,0.0
2019-11-25,3661.TW,SELL,6,201.78773498535156,1210.7264099121094,0.0
2019-11-25,2327.TW,SELL,450,70.14791107177734,31566.559982299805,0.0
2019-11-26,3037.TW,SELL,761,40.61738586425781,30909.830642700195,0.0
2019-11-26,3661.TW,SELL,153,207.91680908203125,31811.27178955078,0.0
2019-11-26,6415.TW,SELL,149,215.91952514648438,32172.009246826172,0.0
2019-11-26,2327.TW,BUY,440,71.0179672241211,31247.90557861328,0.0
2019-11-26,2357.TW,BUY,216,144.5990447998047,31233.393676757812,0.0
2019-11-26,2474.TW,BUY,4,171.70021057128906,686.8008422851562,0.0
2019-11-26,3034.TW,BUY,4,137.00486755371094,548.0194702148438,0.0
2019-11-26,5871.TW,BUY,364,85.89566802978516,31266.023162841797,0.0
2019-11-27,4938.TW,BUY,676,46.87156677246094,31685.179138183594,0.0
2019-11-27,3661.TW,BUY,154,204.61654663085938,31510.948181152344,0.0
2019-11-27,3443.TW,BUY,128,246.63241577148438,31568.94921875,0.0
2019-11-27,2382.TW,BUY,751,42.160762786865234,31662.73285293579,0.0
2019-11-27,2357.TW,SELL,216,145.22232055664062,31368.021240234375,0.0
2019-11-27,3034.TW,SELL,228,137.9162139892578,31444.89678955078,0.0
2019-11-27,2474.TW,SELL,182,175.02130126953125,31853.876831054688,0.0
2019-11-27,2327.TW,SELL,7,73.19307708740234,512.3515396118164,0.0
2019-11-27,5871.TW,SELL,364,86.20463562011719,31378.487365722656,0.0
2019-11-28,2474.TW,BUY,185,171.36810302734375,31703.099060058594,0.0
2019-11-28,6415.TW,BUY,146,216.3993682861328,31594.30776977539,0.0
2019-11-28,3034.TW,BUY,233,135.78973388671875,31639.00799560547,0.0
2019-11-28,2327.TW,BUY,2,72.8668212890625,145.733642578125,0.0
2019-11-28,3661.TW,SELL,154,209.33119201660156,32237.00357055664,0.0
2019-11-28,4938.TW,SELL,676,46.73706817626953,31594.258087158203,0.0
2019-11-28,3443.TW,SELL,128,245.2572021484375,31392.921875,0.0
2019-11-28,2382.TW,SELL,751,41.88654708862305,31456.79686355591,0.0
2019-11-28,2317.TW,BUY,464,68.26737213134766,31676.060668945312,0.0
2019-11-29,2317.TW,SELL,464,67.27909851074219,31217.501708984375,0.0
2019-11-29,3034.TW,SELL,233,135.78973388671875,31639.00799560547,0.0
2019-11-29,2474.TW,BUY,3,165.7222442626953,497.16673278808594,0.0
2019-11-29,3231.TW,BUY,1573,19.844066619873047,31214.716793060303,0.0
2019-11-29,4938.TW,BUY,683,45.728355407714844,31232.46674346924,0.0
2019-12-02,4938.TW,BUY,8,45.39211654663086,363.1369323730469,0.0
2019-12-02,3661.TW,BUY,159,197.07305908203125,31334.61639404297,0.0
2019-12-02,3037.TW,BUY,811,38.68948745727539,31377.17432785034,0.0
2019-12-02,3034.TW,BUY,234,133.96707153320312,31348.29473876953,0.0
2019-12-02,2327.TW,SELL,435,73.51936340332031,31980.923080444336,0.0
2019-12-02,6415.TW,SELL,146,216.63929748535156,31629.337432861328,0.0
2019-12-02,3231.TW,SELL,1573,19.915706634521484,31327.406536102295,0.0
2019-12-02,2474.TW,BUY,4,163.39747619628906,653.5899047851562,0.0
2019-12-03,3008.TW,BUY,9,3540.53466796875,31864.81201171875,0.0
2019-12-03,6415.TW,BUY,148,214.2401580810547,31707.543395996094,0.0
2019-12-03,2327.TW,BUY,403,78.95719146728516,31819.748161315918,0.0
2019-12-03,3034.TW,BUY,4,133.35951232910156,533.4380493164062,0.0
2019-12-03,3661.TW,SELL,2,201.78773498535156,403.5754699707031,0.0
2019-12-03,3037.TW,SELL,811,39.259090423583984,31839.12233352661,0.0
2019-12-03,4938.TW,SELL,691,46.468082427978516,32109.444957733154,0.0
2019-12-03,2474.TW,SELL,192,166.71856689453125,32009.96484375,0.0
2019-12-04,3008.TW,SELL,9,3485.090087890625,31365.810791015625,0.0
2019-12-04,6415.TW,SELL,148,219.51820373535156,32488.69415283203,0.0
2019-12-04,3034.TW,BUY,3,131.23304748535156,393.6991424560547,0.0
2019-12-04,3037.TW,BUY,818,38.73330307006836,31683.841911315918,0.0
2019-12-04,3443.TW,BUY,136,232.42129516601562,31609.296142578125,0.0
2019-12-04,3661.TW,BUY,2,199.43038940429688,398.86077880859375,0.0
2019-12-05,6415.TW,BUY,147,217.8388214111328,32022.306747436523,0.0
2019-12-05,4938.TW,BUY,695,46.26633834838867,32155.105152130127,0.0
2019-12-05,2454.TW,BUY,110,290.8097839355469,31989.076232910156,0.0
2019-12-05,2327.TW,BUY,5,78.73966979980469,393.69834899902344,0.0
2019-12-05,3034.TW,SELL,241,134.5746307373047,32432.48600769043,0.0
2019-12-05,3661.TW,SELL,159,204.61654663085938,32534.03091430664,0.0
2019-12-05,3443.TW,SELL,136,234.7134246826172,31921.025756835938,0.0
2019-12-05,3037.TW,SELL,818,39.08382797241211,31970.571281433105,0.0
2019-12-05,2207.TW,BUY,65,492.99493408203125,32044.67071533203,0.0
2019-12-06,3034.TW,BUY,241,133.6632843017578,32212.851516723633,0.0
2019-12-06,3665.TW,BUY,182,177.37515258789062,32282.277770996094,0.0
2019-12-06,2454.TW,BUY,2,287.3477478027344,574.6954956054688,0.0
2019-12-06,3443.TW,BUY,141,229.21231079101562,32318.935821533203,0.0
2019-12-06,4938.TW,SELL,695,46.40082931518555,32248.576374053955,0.0
2019-12-06,2327.TW,SELL,6,80.26226806640625,481.5736083984375,0.0
2019-12-06,2207.TW,SELL,65,492.99493408203125,32044.67071533203,0.0
2019-12-06,6415.TW,SELL,147,220.71775817871094,32445.510452270508,0.0
2019-12-09,2327.TW,SELL,2,81.02356719970703,162.04713439941406,0.0
2019-12-09,2454.TW,SELL,112,295.31036376953125,33074.7607421875,0.0
2019-12-09,3034.TW,SELL,241,137.00486755371094,33018.173080444336,0.0
2019-12-09,3443.TW,BUY,3,224.16964721679688,672.5089416503906,0.0
2019-12-09,3661.TW,BUY,148,218.2890625,32306.78125,0.0
2019-12-09,3665.TW,BUY,4,173.705322265625,694.8212890625,0.0
2019-12-09,6415.TW,BUY,147,219.99803161621094,32339.710647583008,0.0
2019-12-10,6415.TW,BUY,3,216.87918090820312,650.6375427246094,0.0
2019-12-10,3665.TW,BUY,3,172.48202514648438,517.4460754394531,0.0
2019-12-10,2474.TW,BUY,196,165.7222442626953,32481.55987548828,0.0
2019-12-10,2207.TW,BUY,65,495.42340087890625,32202.521057128906,0.0
2019-12-10,3661.TW,SELL,148,231.01864624023438,34190.75964355469,0.0
2019-12-10,3443.TW,SELL,144,223.71124267578125,32214.4189453125,0.0
2019-12-10,2327.TW,BUY,7,80.04475402832031,560.3132781982422,0.0
2019-12-11,3665.TW,BUY,5,170.0354766845703,850.1773834228516,0.0
2019-12-11,2207.TW,SELL,65,496.23291015625,32255.13916015625,0.0
2019-12-11,2327.TW,SELL,407,82.3286361694336,33507.75492095947,0.0
2019-12-11,2474.TW,SELL,196,165.7222442626953,32481.55987548828,0.0
2019-12-11,6415.TW,SELL,150,228.15496826171875,34223.24523925781,0.0
2019-12-11,2303.TW,BUY,2878,11.480353355407715,33040.4569568634,0.0
2019-12-11,2357.TW,BUY,229,144.28741455078125,33041.817932128906,0.0
2019-12-11,3443.TW,BUY,150,219.12698364257812,32869.04754638672,0.0
2019-12-11,3661.TW,BUY,143,230.07574462890625,32900.831481933594,0.0
2019-12-12,2887.TW,BUY,3686,8.999588012695312,33172.48141479492,0.0
2019-12-12,3443.TW,SELL,150,221.87753295898438,33281.629943847656,0.0
2019-12-12,3661.TW,BUY,4,224.88958740234375,899.558349609375,0.0
2019-12-12,2615.TW,BUY,3181,10.427713394165039,33170.55630683899,0.0
2019-12-12,2303.TW,SELL,2878,11.727622985839844,33752.09895324707,0.0
2019-12-12,2357.TW,SELL,229,145.22232055664062,33255.9114074707,0.0
2019-12-12,2474.TW,BUY,207,160.07640075683594,33135.81495666504,0.0
2019-12-13,2474.TW,SELL,207,162.06906127929688,33548.29568481445,0.0
2019-12-13,2615.TW,SELL,3181,10.255354881286621,32622.28387737274,0.0
2019-12-13,2887.TW,SELL,3686,9.062522888183594,33404.45936584473,0.0
2019-12-13,2327.TW,BUY,402,81.89360809326172,32921.23045349121,0.0
2019-12-13,3443.TW,BUY,149,220.04383850097656,32786.53193664551,0.0
2019-12-13,3661.TW,BUY,3,219.2320098876953,657.6960296630859,0.0
2019-12-13,3665.TW,BUY,1,168.8122100830078,168.8122100830078,0.0
2019-12-13,6415.TW,BUY,138,238.7110595703125,32942.126220703125,0.0
2019-12-16,3231.TW,BUY,1588,20.990293502807617,33332.586082458496,0.0
2019-12-16,3045.TW,BUY,395,84.42669677734375,33348.54522705078,0.0
2019-12-16,2474.TW,BUY,207,160.74063110351562,33273.310638427734,0.0
2019-12-16,2412.TW,BUY,393,84.78629302978516,33321.01316070557,0.0
2019-12-16,2207.TW,BUY,64,513.2327880859375,32846.8984375,0.0
2019-12-16,3661.TW,SELL,150,223.9466552734375,33591.998291015625,0.0
2019-12-16,3665.TW,SELL,195,171.6665496826172,33474.97718811035,0.0
2019-12-16,3443.TW,SELL,149,223.2528076171875,33264.66833496094,0.0
2019-12-16,2327.TW,SELL,402,82.4374008178711,33139.83512878418,0.0
2019-12-16,6415.TW,SELL,138,238.23123168945312,32875.90997314453,0.0
2019-12-17,2615.TW,BUY,3253,10.398985862731934,33827.90101146698,0.0
2019-12-17,6415.TW,BUY,143,236.3119354248047,33792.60676574707,0.0
2019-12-17,3661.TW,BUY,153,220.1749267578125,33686.76379394531,0.0
2019-12-17,9910.TW,BUY,301,112.0770492553711,33735.1918258667,0.0
2019-12-17,2327.TW,BUY,412,82.00235748291016,33784.971282958984,0.0
2019-12-17,2474.TW,SELL,207,163.39747619628906,33823.277572631836,0.0
2019-12-17,3045.TW,SELL,395,84.42669677734375,33348.54522705078,0.0
2019-12-17,2412.TW,SELL,393,84.78629302978516,33321.01316070557,0.0
2019-12-17,2207.TW,SELL,64,533.4705810546875,34142.1171875,0.0
2019-12-17,3231.TW,SELL,1588,21.348491668701172,33901.40476989746,0.0
2019-12-18,6415.TW,BUY,5,228.39491271972656,1141.9745635986328,0.0
2019-12-18,3034.TW,BUY,243,139.13133239746094,33808.91377258301,0.0
2019-12-18,2327.TW,BUY,1,81.89360809326172,81.89360809326172,0.0
2019-12-18,3661.TW,BUY,3,216.87466430664062,650.6239929199219,0.0
2019-12-18,9910.TW,SELL,301,116.27245330810547,34998.008445739746,0.0
2019-12-18,2615.TW,SELL,3253,10.628799438476562,34575.48457336426,0.0
2019-12-18,2303.TW,BUY,2855,11.868919372558594,33885.764808654785,0.0
2019-12-19,2303.TW,SELL,2855,11.798273086547852,33684.069662094116,0.0
2019-12-19,2327.TW,SELL,413,83.30744934082031,34405.97657775879,0.0
2019-12-19,3661.TW,SELL,3,222.06080627441406,666.1824188232422,0.0
2019-12-19,3034.TW,BUY,5,137.00486755371094,685.0243377685547,0.0
2019-12-19,3037.TW,BUY,883,38.47040557861328,33969.36812591553,0.0
2019-12-19,3711.TW,BUY,541,62.81528854370117,33983.071102142334,0.0
2019-12-19,6415.TW,BUY,1,227.4352569580078,227.4352569580078,0.0
2019-12-20,3231.TW,BUY,1581,21.13357162475586,33412.176738739014,0.0
2019-12-20,2330.TW,BUY,115,288.9193420410156,33225.7243347168,0.0
2019-12-20,3034.TW,BUY,10,129.1065673828125,1291.065673828125,0.0
2019-12-20,3037.TW,SELL,883,38.645668029785156,34124.12487030029,0.0
2019-12-20,3711.TW,SELL,541,63.0388298034668,34104.00692367554,0.0
2019-12-23,2330.TW,SELL,115,293.3101806640625,33730.67077636719,0.0
2019-12-23,3034.TW,SELL,258,131.23304748535156,33858.1262512207,0.0
2019-12-23,3231.TW,SELL,1581,20.882835388183594,33015.76274871826,0.0
2019-12-23,6415.TW,SELL,149,223.83657836914062,33351.65017700195,0.0
2019-12-23,2303.TW,BUY,2850,11.692298889160156,33323.051834106445,0.0
2019-12-23,2327.TW,BUY,400,83.30744934082031,33322.979736328125,0.0
2019-12-23,3008.TW,BUY,8,3857.360595703125,30858.884765625,0.0
2019-12-23,3037.TW,BUY,916,36.36724090576172,33312.392669677734,0.0
2019-12-23,3661.TW,BUY,5,210.27413940429688,1051.3706970214844,0.0
2019-12-24,6415.TW,BUY,151,222.1572265625,33545.7412109375,0.0
2019-12-24,3661.TW,BUY,3,207.91680908203125,623.7504272460938,0.0
2019-12-24,3231.TW,BUY,1633,20.560461044311523,33575.23288536072,0.0
2019-12-24,2454.TW,BUY,109,308.119873046875,33585.066162109375,0.0
2019-12-24,2327.TW,SELL,400,85.91759490966797,34367.03796386719,0.0
2019-12-24,3037.TW,SELL,916,37.02448272705078,33914.426177978516,0.0
2019-12-24,3008.TW,SELL,8,3857.360595703125,30858.884765625,0.0
2019-12-24,2207.TW,BUY,60,555.3275146484375,33319.65087890625,0.0
2019-12-24,2303.TW,SELL,2850,11.692298889160156,33323.051834106445,0.0
2019-12-25,3711.TW,BUY,545,62.517234802246094,34071.89296722412,0.0
2019-12-25,2357.TW,BUY,235,144.9106903076172,34054.01222229004,0.0
2019-12-25,3037.TW,BUY,938,36.36724090576172,34112.47196960449,0.0
2019-12-25,2882.TW,BUY,1106,30.841636657714844,34110.85014343262,0.0
2019-12-25,6415.TW,SELL,151,224.31642150878906,33871.77964782715,0.0
2019-12-25,3231.TW,SELL,1633,20.847017288208008,34043.17923164368,0.0
2019-12-25,2454.TW,SELL,109,312.96673583984375,34113.37420654297,0.0
2019-12-25,2207.TW,SELL,60,560.994140625,33659.6484375,0.0
2019-12-25,3661.TW,SELL,2,214.04586791992188,428.09173583984375,0.0
2019-12-26,3231.TW,BUY,1637,20.703737258911133,33892.017892837524,0.0
2019-12-26,3037.TW,BUY,3,36.0167121887207,108.05013656616211,0.0
2019-12-26,2327.TW,BUY,387,87.44017791748047,33839.34885406494,0.0
2019-12-26,3661.TW,BUY,3,208.38827514648438,625.1648254394531,0.0
2019-12-26,3711.TW,SELL,545,62.21916961669922,33909.447441101074,0.0
2019-12-26,2882.TW,SELL,1106,30.877832412719727,34150.88264846802,0.0
2019-12-26,2357.TW,SELL,235,146.15724182128906,34346.95182800293,0.0
2019-12-26,2303.TW,BUY,2899,11.692298889160156,33895.97447967529,0.0
2019-12-27,2303.TW,SELL,2899,11.798273086547852,34203.19367790222,0.0
2019-12-27,2327.TW,SELL,387,89.3978042602539,34596.95024871826,0.0
2019-12-27,3037.TW,SELL,941,36.498687744140625,34345.26516723633,0.0
2019-12-27,3661.TW,SELL,162,223.0037384033203,36126.60562133789,0.0
2019-12-27,2454.TW,BUY,112,309.1584777832031,34625.74951171875,0.0
2019-12-27,2474.TW,BUY,216,160.4084930419922,34648.23449707031,0.0
2019-12-27,3019.TW,BUY,408,84.85273742675781,34619.91687011719,0.0
2019-12-27,3231.TW,BUY,38,20.703737258911133,786.742015838623,0.0
2019-12-27,6415.TW,BUY,154,224.55630493164062,34581.670959472656,0.0
2019-12-30,9910.TW,BUY,295,116.27245330810547,34300.37372589111,0.0
2019-12-30,3711.TW,BUY,545,62.88979721069336,34274.93947982788,0.0
2019-12-30,3661.TW,BUY,156,218.76052856445312,34126.64245605469,0.0
2019-12-30,3019.TW,SELL,408,84.45248413085938,34456.613525390625,0.0
2019-12-30,6415.TW,SELL,154,227.6751708984375,35061.976318359375,0.0
2019-12-30,2474.TW,BUY,9,152.4379119873047,1371.9412078857422,0.0
2019-12-30,2454.TW,SELL,112,309.1584777832031,34625.74951171875,0.0
2019-12-31,3661.TW,SELL,156,221.1178741455078,34494.38836669922,0.0
2019-12-31,9910.TW,SELL,295,116.87176513671875,34477.17071533203,0.0
2019-12-31,2207.TW,BUY,61,552.8989868164062,33726.83819580078,0.0
2019-12-31,2474.TW,BUY,1,150.77735900878906,150.77735900878906,0.0
2019-12-31,3034.TW,BUY,257,133.05572509765625,34195.321350097656,0.0
2019-12-31,3231.TW,BUY,9,20.309722900390625,182.78750610351562,0.0
2019-12-31,3711.TW,BUY,6,61.995635986328125,371.97381591796875,0.0
2020-01-02,3034.TW,SELL,257,135.18218994140625,34741.822814941406,0.0
2020-01-02,3711.TW,BUY,5,61.697574615478516,308.4878730773926,0.0
2020-01-02,2912.TW,BUY,143,238.86231994628906,34157.311752319336,0.0
2020-01-02,2454.TW,BUY,112,305.69647216796875,34238.0048828125,0.0
2020-01-02,2474.TW,SELL,226,154.0984344482422,34826.246185302734,0.0
2020-01-02,2207.TW,BUY,2,543.184814453125,1086.36962890625,0.0
2020-01-02,3231.TW,SELL,1684,20.34554100036621,34261.8910446167,0.0
2020-01-02,2327.TW,BUY,361,94.83562469482422,34235.66051483154,0.0
2020-01-03,3008.TW,BUY,8,3865.28125,30922.25,0.0
2020-01-03,3034.TW,BUY,265,130.9292755126953,34696.25801086426,0.0
2020-01-03,3019.TW,BUY,415,83.65198516845703,34715.57384490967,0.0
2020-01-03,3661.TW,BUY,161,215.93174743652344,34765.01133728027,0.0
2020-01-03,3711.TW,SELL,556,60.95243835449219,33889.555725097656,0.0
2020-01-03,2912.TW,SELL,143,241.23121643066406,34496.06394958496,0.0
2020-01-03,2327.TW,SELL,361,101.7960433959961,36748.37166595459,0.0
2020-01-03,2207.TW,SELL,63,548.0418090820312,34526.63397216797,0.0
2020-01-03,2454.TW,BUY,3,300.8496398925781,902.5489196777344,0.0
2020-01-06,3008.TW,BUY,1,3718.7490234375,3718.7490234375,0.0
2020-01-06,2454.TW,BUY,1,293.579345703125,293.579345703125,0.0
2020-01-06,2327.TW,BUY,341,100.05593872070312,34119.075103759766,0.0
2020-01-06,3711.TW,BUY,582,58.64250183105469,34129.93606567383,0.0
2020-01-06,3034.TW,SELL,265,128.19525146484375,33971.741638183594,0.0
2020-01-06,3019.TW,SELL,1,82.45123291015625,82.45123291015625,0.0
2020-01-06,3661.TW,SELL,161,217.8175811767578,35068.63056945801,0.0
2020-01-07,2454.TW,SELL,116,294.9642028808594,34215.84753417969,0.0
2020-01-07,3008.TW,SELL,9,3754.392333984375,33789.531005859375,0.0
2020-01-07,3711.TW,SELL,582,58.64250183105469,34129.93606567383,0.0
2020-01-07,2207.TW,BUY,62,533.4705810546875,33075.176025390625,0.0
2020-01-07,2327.TW,BUY,29,90.05034637451172,2611.46004486084,0.0
2020-01-07,3019.TW,BUY,5,79.40933990478516,397.0466995239258,0.0
2020-01-07,3661.TW,BUY,159,209.33119201660156,33283.65953063965,0.0
2020-01-07,6415.TW,BUY,145,229.1146240234375,33221.62048339844,0.0
2020-01-08,3711.TW,BUY,565,57.67382049560547,32585.70858001709,0.0
2020-01-08,2317.TW,BUY,496,65.75867462158203,32616.302612304688,0.0
2020-01-08,2327.TW,BUY,17,84.17749786376953,1431.017463684082,0.0
2020-01-08,3019.TW,SELL,1,77.96846008300781,77.96846008300781,0.0
2020-01-08,2207.TW,SELL,62,530.2326049804688,32874.42150878906,0.0
2020-01-08,6415.TW,SELL,145,229.83436584472656,33325.98304748535,0.0
2020-01-09,3019.TW,SELL,418,80.44999694824219,33628.098724365234,0.0
2020-01-09,3711.TW,SELL,565,59.462154388427734,33596.11722946167,0.0
2020-01-09,2317.TW,BUY,6,66.21479034423828,397.2887420654297,0.0
2020-01-09,2327.TW,BUY,3,85.26506042480469,255.79518127441406,0.0
2020-01-09,3665.TW,BUY,173,191.646728515625,33154.884033203125,0.0
2020-01-09,4938.TW,BUY,734,45.32487487792969,33268.45816040039,0.0
2020-01-10,9910.TW,BUY,292,115.07376098632812,33601.53820800781,0.0
2020-01-10,3711.TW,BUY,566,59.31312942504883,33571.23125457764,0.0
2020-01-10,3019.TW,BUY,432,77.64826202392578,33544.04919433594,0.0
2020-01-10,2327.TW,BUY,3,85.37381744384766,256.12145233154297,0.0
2020-01-10,3661.TW,SELL,159,214.9888153076172,34183.22163391113,0.0
2020-01-10,4938.TW,SELL,734,45.055877685546875,33071.014221191406,0.0
2020-01-10,3665.TW,SELL,173,192.05447387695312,33225.42398071289,0.0
2020-01-10,2317.TW,SELL,502,67.6592025756836,33964.919692993164,0.0
2020-01-10,2207.TW,BUY,62,541.5657348632812,33577.07556152344,0.0
2020-01-13,2454.TW,BUY,115,292.1945495605469,33602.37319946289,0.0
2020-01-13,9910.TW,BUY,4,114.17473602294922,456.6989440917969,0.0
2020-01-13,2327.TW,BUY,6,84.83003234863281,508.9801940917969,0.0
2020-01-13,6505.TW,BUY,410,82.47672271728516,33815.456314086914,0.0
2020-01-13,3019.TW,SELL,2,78.60884857177734,157.2176971435547,0.0
2020-01-13,2207.TW,SELL,62,556.1370849609375,34480.499267578125,0.0
2020-01-13,3711.TW,SELL,566,60.132781982421875,34035.15460205078,0.0
2020-01-14,2327.TW,SELL,399,91.13790893554688,36364.0256652832,0.0
2020-01-14,2207.TW,BUY,62,549.660888671875,34078.97509765625,0.0
2020-01-14,2454.TW,BUY,3,288.0400695800781,864.1202087402344,0.0
2020-01-14,3019.TW,BUY,4,78.68889617919922,314.7555847167969,0.0
2020-01-14,6505.TW,BUY,7,81.88457489013672,573.192024230957,0.0
2020-01-14,9910.TW,BUY,4,113.87508392333984,455.5003356933594,0.0
2020-01-15,6505.TW,BUY,1,81.20785522460938,81.20785522460938,0.0
2020-01-15,6415.TW,BUY,126,268.6998291015625,33856.178466796875,0.0
2020-01-15,3665.TW,BUY,177,191.646728515625,33921.470947265625,0.0
2020-01-15,3019.TW,BUY,10,76.44751739501953,764.4751739501953,0.0
2020-01-15,2327.TW,BUY,378,89.83283233642578,33956.810623168945,0.0
2020-01-15,2454.TW,SELL,118,288.0400695800781,33988.72821044922,0.0
2020-01-15,2207.TW,SELL,62,547.232421875,33928.41015625,0.0
2020-01-15,9910.TW,SELL,300,114.47441101074219,34342.323303222656,0.0
2020-01-16,9910.TW,BUY,302,112.97604370117188,34118.765197753906,0.0
2020-01-16,2327.TW,SELL,378,90.702880859375,34285.68896484375,0.0
2020-01-16,3019.TW,SELL,3,77.32806396484375,231.98419189453125,0.0
2020-01-16,3665.TW,SELL,177,191.2389373779297,33849.291915893555,0.0
2020-01-16,6415.TW,SELL,126,272.2985534667969,34309.617736816406,0.0
2020-01-16,2207.TW,BUY,63,541.5657348632812,34118.64129638672,0.0
2020-01-16,2330.TW,BUY,116,293.74932861328125,34074.922119140625,0.0
2020-01-16,6505.TW,BUY,4,80.95407104492188,323.8162841796875,0.0
2020-01-17,3661.TW,BUY,142,240.447998046875,34143.61572265625,0.0
2020-01-17,3019.TW,BUY,10,76.0472640991211,760.4726409912109,0.0
2020-01-17,6415.TW,BUY,131,261.5025329589844,34256.83181762695,0.0
2020-01-17,3008.TW,BUY,8,3948.448486328125,31587.587890625,0.0
2020-01-17,2330.TW,SELL,116,292.43206787109375,33922.119873046875,0.0
2020-01-17,9910.TW,SELL,302,113.57539367675781,34299.76889038086,0.0
2020-01-17,2207.TW,SELL,63,556.1370849609375,35036.63635253906,0.0
2020-01-17,2327.TW,BUY,381,89.83283233642578,34226.30912017822,0.0
2020-01-17,6505.TW,SELL,422,81.54621124267578,34412.50114440918,0.0
2020-01-20,2327.TW,SELL,381,90.37661743164062,34433.49124145508,0.0
2020-01-20,3019.TW,SELL,451,77.00785827636719,34730.5440826416,0.0
2020-01-20,6415.TW,SELL,131,265.1012268066406,34728.26071166992,0.0
2020-01-20,2330.TW,BUY,117,292.43206787109375,34214.55194091797,0.0
2020-01-20,2615.TW,BUY,3304,10.427713394165039,34453.16505432129,0.0
2020-01-20,3661.TW,BUY,2,238.56216430664062,477.12432861328125,0.0
2020-01-20,3665.TW,BUY,182,189.20018005371094,34434.43276977539,0.0
2020-01-30,3037.TW,BUY,919,35.35947036743164,32495.353267669678,0.0
2020-01-30,3019.TW,BUY,469,69.32308959960938,32512.529022216797,0.0
2020-01-30,2327.TW,BUY,399,81.3498306274414,32458.58242034912,0.0
2020-01-30,2207.TW,BUY,63,511.61383056640625,32231.671325683594,0.0
2020-01-30,2049.TW,BUY,125,258.72369384765625,32340.46173095703,0.0
2020-01-30,3661.TW,SELL,144,222.53225708007812,32044.64501953125,0.0
2020-01-30,3008.TW,SELL,8,3730.630126953125,29845.041015625,0.0
2020-01-30,2615.TW,SELL,3304,9.65209674835205,31890.527656555176,0.0
2020-01-30,2330.TW,SELL,117,277.9421691894531,32519.233795166016,0.0
2020-01-30,3665.TW,SELL,182,181.0449676513672,32950.18411254883,0.0
2020-01-31,2049.TW,SELL,125,260.42584228515625,32553.23028564453,0.0
2020-01-31,2327.TW,SELL,399,84.0687484741211,33543.43064117432,0.0
2020-01-31,3019.TW,SELL,2,69.24302673339844,138.48605346679688,0.0
2020-01-31,2207.TW,BUY,1,503.5185852050781,503.5185852050781,0.0
2020-01-31,3037.TW,BUY,37,33.86973190307617,1253.1800804138184,0.0
2020-01-31,3661.TW,BUY,149,217.3461456298828,32384.57569885254,0.0
2020-01-31,5871.TW,BUY,412,78.48020935058594,32333.846252441406,0.0
2020-02-03,3037.TW,BUY,26,32.2047233581543,837.3228073120117,0.0
2020-02-03,5871.TW,BUY,5,75.69942474365234,378.4971237182617,0.0
2020-02-03,3034.TW,BUY,244,129.41038513183594,31576.13397216797,0.0
2020-02-03,2207.TW,SELL,64,501.090087890625,32069.765625,0.0
2020-02-03,3019.TW,SELL,2,67.8821792602539,135.7643585205078,0.0
2020-02-03,3661.TW,SELL,3,215.4602508544922,646.3807525634766,0.0
2020-02-04,3034.TW,SELL,244,132.44818115234375,32317.356201171875,0.0
2020-02-04,3037.TW,SELL,982,35.2718391418457,34636.94603729248,0.0
2020-02-04,5871.TW,SELL,417,79.0981674194336,32983.93581390381,0.0
2020-02-04,2317.TW,BUY,527,62.48972702026367,32932.086139678955,0.0
2020-02-04,2889.TW,BUY,4191,7.858203887939453,32933.73249435425,0.0
2020-02-04,3019.TW,BUY,4,70.12358093261719,280.49432373046875,0.0
2020-02-04,3661.TW,BUY,5,217.8175811767578,1089.087905883789,0.0
2020-02-04,6505.TW,BUY,442,74.4405288696289,32902.71376037598,0.0
2020-02-05,6415.TW,BUY,114,284.2940979003906,32409.52716064453,0.0
2020-02-05,3661.TW,BUY,5,207.91680908203125,1039.5840454101562,0.0
2020-02-05,3037.TW,BUY,947,34.30789566040039,32489.57719039917,0.0
2020-02-05,2327.TW,BUY,361,89.83283233642578,32429.652473449707,0.0
2020-02-05,2317.TW,SELL,527,62.48972702026367,32932.086139678955,0.0
2020-02-05,3019.TW,SELL,1,69.40313720703125,69.40313720703125,0.0
2020-02-05,2889.TW,SELL,4191,7.858203887939453,32933.73249435425,0.0
2020-02-05,6505.TW,SELL,442,73.59461212158203,32528.818557739258,0.0
2020-02-06,3661.TW,BUY,1,206.5023956298828,206.5023956298828,0.0
2020-02-06,6415.TW,BUY,4,275.8971862792969,1103.5887451171875,0.0
2020-02-06,3665.TW,BUY,181,179.4139404296875,32473.923217773438,0.0
2020-02-06,2412.TW,BUY,391,83.25169372558594,32551.4122467041,0.0
2020-02-06,3019.TW,SELL,468,70.44377899169922,32967.688568115234,0.0
2020-02-06,3037.TW,SELL,947,35.22802734375,33360.94189453125,0.0
2020-02-06,2357.TW,BUY,236,138.05470275878906,32580.90985107422,0.0
2020-02-06,2327.TW,SELL,361,90.702880859375,32743.739990234375,0.0
2020-02-07,3665.TW,BUY,3,170.8509979248047,512.5529937744141,0.0
2020-02-07,3661.TW,BUY,11,186.70082092285156,2053.709030151367,0.0
2020-02-07,3019.TW,BUY,460,68.36248779296875,31446.744384765625,0.0
2020-02-07,6415.TW,BUY,1,263.9016418457031,263.9016418457031,0.0
2020-02-07,2412.TW,SELL,391,83.63534545898438,32701.42007446289,0.0
2020-02-07,2357.TW,SELL,236,138.98959350585938,32801.54406738281,0.0
2020-02-07,2049.TW,BUY,119,262.5534973144531,31243.866180419922,0.0
2020-02-10,3661.TW,SELL,168,194.2442626953125,32633.0361328125,0.0
2020-02-10,2049.TW,BUY,2,257.0215759277344,514.0431518554688,0.0
2020-02-10,3019.TW,BUY,4,67.24178314208984,268.9671325683594,0.0
2020-02-10,3034.TW,BUY,246,126.67635345458984,31162.3829498291,0.0
2020-02-10,3665.TW,BUY,2,167.18118286132812,334.36236572265625,0.0
2020-02-10,6415.TW,BUY,1,259.1034240722656,259.1034240722656,0.0
2020-02-11,2889.TW,BUY,4041,7.824766635894775,31619.881975650787,0.0
2020-02-11,6415.TW,BUY,4,253.1056671142578,1012.4226684570312,0.0
2020-02-11,9910.TW,BUY,294,107.28230285644531,31540.997039794922,0.0
2020-02-11,2207.TW,BUY,62,505.1376647949219,31318.535217285156,0.0
2020-02-11,3008.TW,BUY,8,3714.789306640625,29718.314453125,0.0
2020-02-11,3034.TW,SELL,246,131.5368194580078,32358.057586669922,0.0
2020-02-11,3019.TW,SELL,464,68.44253540039062,31757.33642578125,0.0
2020-02-11,2049.TW,SELL,121,262.9790344238281,31820.463165283203,0.0
2020-02-11,3665.TW,SELL,186,168.4044647216797,31323.230438232422,0.0
2020-02-12,2207.TW,SELL,62,509.9947204589844,31619.67266845703,0.0
2020-02-12,3008.TW,SELL,8,3833.597900390625,30668.783203125,0.0
2020-02-12,6415.TW,SELL,3,263.9016418457031,791.7049255371094,0.0
2020-02-12,2889.TW,BUY,48,7.824766635894775,375.5887985229492,0.0
2020-02-12,3045.TW,BUY,400,79.9438705444336,31977.548217773438,0.0
2020-02-12,5880.TW,BUY,2342,13.660801887512207,31993.59802055359,0.0
2020-02-12,9910.TW,BUY,11,104.88492584228516,1153.7341842651367,0.0
2020-02-13,6415.TW,BUY,2,261.5025329589844,523.0050659179688,0.0
2020-02-13,3665.TW,BUY,188,170.8509979248047,32119.98760986328,0.0
2020-02-13,3443.TW,BUY,145,221.87753295898438,32172.242279052734,0.0
2020-02-13,3008.TW,BUY,8,3817.7578125,30542.0625,0.0
2020-02-13,3045.TW,SELL,400,80.69099426269531,32276.397705078125,0.0
2020-02-13,9910.TW,SELL,305,108.48100280761719,33086.70585632324,0.0
2020-02-13,5880.TW,SELL,2342,13.725391387939453,32144.8666305542,0.0
2020-02-13,2889.TW,SELL,4089,7.824766635894775,31995.470774173737,0.0
2020-02-13,2049.TW,BUY,122,263.830078125,32187.26953125,0.0
2020-02-14,2303.TW,BUY,2797,11.656973838806152,32604.555827140808,0.0
2020-02-14,5871.TW,BUY,420,77.55328369140625,32572.379150390625,0.0
2020-02-14,3661.TW,BUY,152,213.5743865966797,32463.306762695312,0.0
2020-02-14,2889.TW,BUY,4184,7.791325092315674,32598.90418624878,0.0
2020-02-14,2207.TW,BUY,60,538.3276977539062,32299.661865234375,0.0
2020-02-14,2049.TW,SELL,122,268.9364929199219,32810.25213623047,0.0
2020-02-14,3665.TW,SELL,188,175.33636474609375,32963.236572265625,0.0
2020-02-14,3443.TW,SELL,145,220.96066284179688,32039.296112060547,0.0
2020-02-14,3008.TW,SELL,8,3817.7578125,30542.0625,0.0
2020-02-14,6415.TW,SELL,123,265.1012268066406,32607.450897216797,0.0
2020-02-17,2207.TW,SELL,60,542.3753051757812,32542.518310546875,0.0
2020-02-17,2303.TW,SELL,2797,11.586325645446777,32406.952830314636,0.0
2020-02-17,2889.TW,SELL,14,7.757887840270996,108.61042976379395,0.0
2020-02-17,5871.TW,SELL,420,79.40714263916016,33350.999908447266,0.0
2020-02-17,2327.TW,BUY,328,98.5333480834961,32318.93817138672,0.0
2020-02-17,3443.TW,BUY,149,216.3764190673828,32240.08644104004,0.0
2020-02-17,3661.TW,BUY,9,200.84478759765625,1807.6030883789062,0.0
2020-02-17,6415.TW,BUY,130,247.10792541503906,32124.030303955078,0.0
2020-02-18,3661.TW,BUY,2,196.13014221191406,392.2602844238281,0.0
2020-02-18,3034.TW,BUY,249,128.8028106689453,32071.899856567383,0.0
2020-02-18,2330.TW,BUY,113,282.7721252441406,31953.25015258789,0.0
2020-02-18,6415.TW,BUY,2,242.30972290039062,484.61944580078125,0.0
2020-02-18,3443.TW,SELL,149,219.5854034423828,32718.22511291504,0.0
2020-02-18,2889.TW,SELL,4170,7.757887840270996,32350.392293930054,0.0
2020-02-18,2327.TW,SELL,328,97.88080596923828,32104.904357910156,0.0
2020-02-18,2303.TW,BUY,2816,11.40970516204834,32129.729736328125,0.0
2020-02-19,2330.TW,SELL,113,286.72393798828125,32399.80499267578,0.0
2020-02-19,3661.TW,SELL,2,204.14508056640625,408.2901611328125,0.0
2020-02-19,6415.TW,SELL,132,263.9016418457031,34835.01672363281,0.0
2020-02-19,2049.TW,BUY,119,276.1705627441406,32864.296966552734,0.0
2020-02-19,2303.TW,BUY,90,11.374381065368652,1023.6942958831787,0.0
2020-02-19,3034.TW,BUY,6,129.41038513183594,776.4623107910156,0.0
2020-02-19,3443.TW,BUY,151,218.2101287841797,32949.72944641113,0.0
2020-02-20,5871.TW,BUY,432,76.9353256225586,33236.06066894531,0.0
2020-02-20,3034.TW,BUY,7,126.67635345458984,886.7344741821289,0.0
2020-02-20,3008.TW,BUY,8,3714.789306640625,29718.314453125,0.0
2020-02-20,2327.TW,BUY,334,99.51216125488281,33237.06185913086,0.0
2020-02-20,2049.TW,SELL,119,276.5960388183594,32914.928619384766,0.0
2020-02-20,3661.TW,SELL,161,211.217041015625,34005.943603515625,0.0
2020-02-20,3443.TW,SELL,151,218.66856384277344,33018.95314025879,0.0
2020-02-20,2303.TW,SELL,2906,11.515676498413086,33464.55590438843,0.0
2020-02-20,2207.TW,BUY,63,526.9944458007812,33200.65008544922,0.0
2020-02-21,2303.TW,BUY,2948,11.339056015014648,33427.53713226318,0.0
2020-02-21,3443.TW,BUY,155,214.54273986816406,33254.12467956543,0.0
2020-02-21,3034.TW,BUY,6,124.54987335205078,747.2992401123047,0.0
2020-02-21,2049.TW,BUY,123,271.4897155761719,33393.23501586914,0.0
2020-02-21,3661.TW,BUY,161,207.44532775878906,33398.69776916504,0.0
2020-02-21,3008.TW,SELL,8,3754.392333984375,30035.138671875,0.0
2020-02-21,2327.TW,SELL,334,102.66609191894531,34290.474700927734,0.0
2020-02-21,2207.TW,SELL,63,527.803955078125,33251.649169921875,0.0
2020-02-21,5871.TW,SELL,432,76.9353256225586,33236.06066894531,0.0
2020-02-24,5871.TW,BUY,447,74.15453338623047,33147.07642364502,0.0
2020-02-24,3008.TW,BUY,9,3651.424072265625,32862.816650390625,0.0
2020-02-24,2303.TW,BUY,23,11.162435531616211,256.73601722717285,0.0
2020-02-24,2207.TW,BUY,64,514.851806640625,32950.515625,0.0
2020-02-24,6415.TW,BUY,134,247.10792541503906,33112.462005615234,0.0
2020-02-24,3443.TW,SELL,155,216.3764190673828,33538.344955444336,0.0
2020-02-24,3034.TW,SELL,268,123.63854217529297,33135.129302978516,0.0
2020-02-24,2049.TW,SELL,123,267.6598815917969,32922.165435791016,0.0
2020-02-24,3661.TW,SELL,161,205.08799743652344,33019.16758728027,0.0
2020-02-25,5880.TW,BUY,2474,13.531620979309082,33477.23030281067,0.0
2020-02-25,5871.TW,BUY,12,72.91863250732422,875.0235900878906,0.0
2020-02-25,3711.TW,BUY,611,54.76777648925781,33463.11143493652,0.0
2020-02-25,3443.TW,BUY,157,212.70904541015625,33395.32012939453,0.0
2020-02-25,2049.TW,BUY,125,265.95770263671875,33244.712829589844,0.0
2020-02-25,3008.TW,SELL,9,3667.2646484375,33005.3818359375,0.0
2020-02-25,2303.TW,SELL,2971,11.233084678649902,33373.49458026886,0.0
2020-02-25,2207.TW,SELL,64,520.5183715820312,33313.17578125,0.0
2020-02-25,6415.TW,SELL,134,257.9039001464844,34559.122619628906,0.0
2020-02-26,2327.TW,BUY,345,95.92320251464844,33093.50486755371,0.0
2020-02-26,3661.TW,BUY,157,209.8026580810547,32939.017318725586,0.0
2020-02-26,6415.TW,BUY,132,250.7065887451172,33093.26971435547,0.0
2020-02-26,2207.TW,BUY,65,506.75665283203125,32939.18243408203,0.0
2020-02-26,3711.TW,SELL,611,54.24618148803711,33144.416889190674,0.0
2020-02-26,5880.TW,SELL,2474,13.467032432556152,33317.43823814392,0.0
2020-02-26,5871.TW,SELL,459,72.30067443847656,33186.00956726074,0.0
2020-02-26,3443.TW,SELL,157,210.87535095214844,33107.430099487305,0.0
2020-02-26,2049.TW,BUY,2,260.0003356933594,520.0006713867188,0.0
2020-02-27,2049.TW,SELL,127,256.5960388183594,32587.69692993164,0.0
2020-02-27,2207.TW,SELL,65,507.566162109375,32991.800537109375,0.0
2020-02-27,3661.TW,SELL,1,205.55947875976562,205.55947875976562,0.0
2020-02-27,2327.TW,BUY,16,89.18029022216797,1426.8846435546875,0.0
2020-02-27,3019.TW,BUY,481,67.00163269042969,32227.78532409668,0.0
2020-02-27,3665.TW,BUY,206,156.1716766357422,32171.36538696289,0.0
2020-03-02,4938.TW,BUY,799,40.550289154052734,32399.681034088135,0.0
2020-03-02,3019.TW,BUY,16,65.24054718017578,1043.8487548828125,0.0
2020-03-02,2892.TW,BUY,2082,15.576523780822754,32430.322511672974,0.0
2020-03-02,2207.TW,BUY,66,485.7091979980469,32056.807067871094,0.0
2020-03-02,2327.TW,SELL,5,91.0291519165039,455.14575958251953,0.0
2020-03-02,3665.TW,SELL,206,154.1328887939453,31751.375091552734,0.0
2020-03-02,3661.TW,SELL,156,203.67361450195312,31773.083862304688,0.0
2020-03-02,6415.TW,SELL,132,256.704345703125,33884.9736328125,0.0
2020-03-03,2327.TW,BUY,6,90.702880859375,544.21728515625,0.0
2020-03-03,2884.TW,BUY,1846,17.78837013244629,32837.33126449585,0.0
2020-03-03,2308.TW,BUY,274,119.80547332763672,32826.69969177246,0.0
2020-03-03,6415.TW,BUY,129,254.3052520751953,32805.377517700195,0.0
2020-03-03,3019.TW,SELL,497,67.00163269042969,33299.811447143555,0.0
2020-03-03,4938.TW,SELL,799,41.021026611328125,32775.80026245117,0.0
2020-03-03,2207.TW,SELL,66,492.99493408203125,32537.665649414062,0.0
2020-03-03,2474.TW,BUY,210,156.09109497070312,32779.129943847656,0.0
2020-03-03,2892.TW,SELL,2082,15.777945518493652,32849.682569503784,0.0
2020-03-04,2308.TW,SELL,274,121.54179382324219,33302.45150756836,0.0
2020-03-04,2474.TW,SELL,210,157.75164794921875,33127.84606933594,0.0
2020-03-04,2884.TW,SELL,1846,17.91190528869629,33065.37716293335,0.0
2020-03-04,2049.TW,BUY,127,257.4471435546875,32695.787231445312,0.0
2020-03-04,2327.TW,BUY,13,87.11390686035156,1132.4807891845703,0.0
2020-03-04,3008.TW,BUY,9,3588.05859375,32292.52734375,0.0
2020-03-04,3019.TW,BUY,487,67.00163269042969,32629.795120239258,0.0
2020-03-04,6415.TW,BUY,1,250.7065887451172,250.7065887451172,0.0
2020-03-05,3661.TW,BUY,150,221.58934020996094,33238.40103149414,0.0
2020-03-05,2892.TW,BUY,2110,15.811514854431152,33362.29634284973,0.0
2020-03-05,2615.TW,BUY,3386,9.85318374633789,33362.8801651001,0.0
2020-03-05,2303.TW,BUY,3008,11.091788291931152,33364.099182128906,0.0
2020-03-05,3008.TW,SELL,9,3643.503662109375,32791.532958984375,0.0
2020-03-05,3019.TW,SELL,487,67.72209167480469,32980.65864562988,0.0
2020-03-05,2327.TW,SELL,2,89.2890396118164,178.5780792236328,0.0
2020-03-05,2049.TW,SELL,127,260.8513488769531,33128.12130737305,0.0
2020-03-05,6415.TW,SELL,130,260.30303955078125,33839.39514160156,0.0
2020-03-06,2327.TW,BUY,1,88.41899108886719,88.41899108886719,0.0
2020-03-06,9904.TW,BUY,1340,24.732908248901367,33142.09705352783,0.0
2020-03-06,5871.TW,BUY,468,70.75578308105469,33113.706481933594,0.0
2020-03-06,3231.TW,BUY,1763,18.8052978515625,33153.74011230469,0.0
2020-03-06,2207.TW,BUY,67,488.94732666015625,32759.47088623047,0.0
2020-03-06,3661.TW,SELL,150,226.30401611328125,33945.60241699219,0.0
2020-03-06,2892.TW,SELL,2110,15.610095024108887,32937.30050086975,0.0
2020-03-06,2615.TW,SELL,3386,9.709549903869629,32876.53597450256,0.0
2020-03-06,2303.TW,SELL,3008,10.915166854858398,32832.82189941406,0.0
2020-03-09,6415.TW,BUY,130,242.30972290039062,31500.26397705078,0.0
2020-03-09,3661.TW,BUY,154,203.67361450195312,31365.73663330078,0.0
2020-03-09,2327.TW,BUY,1,83.9599838256836,83.9599838256836,0.0
2020-03-09,5871.TW,BUY,9,66.12112426757812,595.0901184082031,0.0
2020-03-09,9904.TW,SELL,1340,23.948326110839844,32090.75698852539,0.0
2020-03-09,3231.TW,SELL,1763,18.124725341796875,31953.89077758789,0.0
2020-03-09,2207.TW,SELL,67,459.80474853515625,30806.91815185547,0.0
2020-03-09,2049.TW,BUY,132,237.87261962890625,31399.185791015625,0.0
2020-03-10,3037.TW,BUY,953,34.132625579833984,32528.392177581787,0.0
2020-03-10,2049.TW,SELL,132,242.97903442382812,32073.232543945312,0.0
2020-03-10,3661.TW,SELL,154,220.64642333984375,33979.54919433594,0.0
2020-03-10,6415.TW,SELL,130,251.90615844726562,32747.80059814453,0.0
2020-03-10,2207.TW,BUY,71,455.75714111328125,32358.75701904297,0.0
2020-03-10,2327.TW,BUY,4,85.808837890625,343.2353515625,0.0
2020-03-10,2891.TW,BUY,2091,15.553792953491211,32522.981065750122,0.0
2020-03-10,5871.TW,BUY,19,65.503173828125,1244.560302734375,0.0
2020-03-11,3661.TW,BUY,155,204.61654663085938,31715.564727783203,0.0
2020-03-11,3037.TW,BUY,20,32.77433776855469,655.4867553710938,0.0
2020-03-11,3019.TW,BUY,507,62.83905029296875,31859.398498535156,0.0
2020-03-11,2327.TW,BUY,3,83.41620635986328,250.24861907958984,0.0
2020-03-11,5871.TW,SELL,496,65.503173828125,32489.57421875,0.0
2020-03-11,2891.TW,SELL,2091,15.409443855285645,32221.147101402283,0.0
2020-03-12,2207.TW,SELL,1,410.4242858886719,410.4242858886719,0.0
2020-03-12,2327.TW,BUY,2,75.15071105957031,150.30142211914062,0.0
2020-03-12,3019.TW,BUY,1,56.835323333740234,56.835323333740234,0.0
2020-03-12,3037.TW,BUY,6,29.531951904296875,177.19171142578125,0.0
2020-03-12,3661.TW,BUY,1,185.28640747070312,185.28640747070312,0.0
2020-03-13,6415.TW,BUY,119,230.31417846679688,27407.387237548828,0.0
2020-03-13,3037.TW,BUY,16,27.56023597717285,440.9637756347656,0.0
2020-03-13,2327.TW,BUY,10,69.6041259765625,696.041259765625,0.0
2020-03-13,2049.TW,BUY,134,204.6811065673828,27427.268280029297,0.0
2020-03-13,3661.TW,SELL,3,178.6858673095703,536.0576019287109,0.0
2020-03-13,3019.TW,SELL,508,54.4338264465332,27652.383834838867,0.0
2020-03-13,2207.TW,SELL,70,395.04351806640625,27653.046264648438,0.0
2020-03-16,2049.TW,SELL,1,186.38319396972656,186.38319396972656,0.0
2020-03-16,2327.TW,SELL,1,63.18750762939453,63.18750762939453,0.0
2020-03-16,3661.TW,SELL,1,163.12747192382812,163.12747192382812,0.0
2020-03-16,3037.TW,BUY,5,24.887460708618164,124.43730354309082,0.0
2020-03-16,6415.TW,BUY,1,207.2827606201172,207.2827606201172,0.0
2020-03-17,6415.TW,BUY,4,186.65045166015625,746.601806640625,0.0
2020-03-17,3037.TW,BUY,4,23.222457885742188,92.88983154296875,0.0
2020-03-17,2884.TW,BUY,1603,14.545699119567871,23316.755688667297,0.0
2020-03-17,2327.TW,BUY,11,57.64092254638672,634.0501480102539,0.0
2020-03-17,2049.TW,SELL,133,176.17042541503906,23430.666580200195,0.0
2020-03-17,3661.TW,SELL,152,162.18455505371094,24652.052368164062,0.0
2020-03-17,2207.TW,BUY,71,325.8299255371094,23133.924713134766,0.0
2020-03-18,2327.TW,SELL,6,55.35704040527344,332.1422424316406,0.0
2020-03-18,3037.TW,SELL,1004,22.959562301635742,23051.400550842285,0.0
2020-03-18,2207.TW,BUY,2,301.54449462890625,603.0889892578125,0.0
2020-03-18,2884.TW,BUY,7,13.711869239807129,95.9830846786499,0.0
2020-03-18,3661.TW,BUY,141,155.58401489257812,21937.346099853516,0.0
2020-03-18,6415.TW,BUY,5,170.8163604736328,854.0818023681641,0.0
2020-03-19,6415.TW,SELL,9,167.93740844726562,1511.4366760253906,0.0
2020-03-19,2207.TW,BUY,1,271.5924072265625,271.5924072265625,0.0
2020-03-19,2327.TW,BUY,7,49.91921615600586,349.434513092041,0.0
2020-03-19,2884.TW,BUY,30,12.353036880493164,370.5911064147949,0.0
2020-03-19,3661.TW,BUY,3,140.02560424804688,420.0768127441406,0.0
2020-03-20,2412.TW,BUY,271,81.71710968017578,22145.336723327637,0.0
2020-03-20,2887.TW,BUY,3252,6.8283586502075195,22205.822330474854,0.0
2020-03-20,2105.TW,BUY,962,23.066959381103516,22190.414924621582,0.0
2020-03-20,2889.TW,BUY,3459,6.420320987701416,22207.890296459198,0.0
2020-03-20,2884.TW,SELL,1640,13.588338851928711,22284.875717163086,0.0
2020-03-20,2327.TW,SELL,405,54.81325149536133,22199.366855621338,0.0
2020-03-20,2207.TW,SELL,74,297.9016418457031,22044.72149658203,0.0
2020-03-20,3661.TW,SELL,144,152.28372192382812,21928.85595703125,0.0
2020-03-23,3665.TW,BUY,213,104.7940444946289,22321.131477355957,0.0
2020-03-23,6415.TW,SELL,120,203.2042694091797,24384.512329101562,0.0
2020-03-23,2891.TW,BUY,1919,11.656323432922363,22368.484667778015,0.0
2020-03-23,5871.TW,BUY,451,49.49815368652344,22323.66731262207,0.0
2020-03-23,2885.TW,BUY,2501,8.943696022033691,22368.183751106262,0.0
2020-03-23,2887.TW,SELL,3252,6.608088493347168,21489.50378036499,0.0
2020-03-23,2049.TW,BUY,145,153.61720275878906,22274.494400024414,0.0
2020-03-23,2889.TW,SELL,3459,6.420320987701416,22207.890296459198,0.0
2020-03-23,2412.TW,SELL,271,80.9498062133789,21937.397483825684,0.0
2020-03-23,2105.TW,SELL,962,22.571304321289062,21713.594757080078,0.0
2020-03-24,3045.TW,BUY,321,73.74261474609375,23671.379333496094,0.0
2020-03-24,2891.TW,BUY,59,11.981114387512207,706.8857488632202,0.0
2020-03-24,2303.TW,BUY,2422,9.784794807434082,23698.773023605347,0.0
2020-03-24,2105.TW,BUY,1012,23.41010284423828,23691.02407836914,0.0
2020-03-24,2912.TW,BUY,112,210.83053588867188,23613.02001953125,0.0
2020-03-24,3665.TW,SELL,213,109.6871566772461,23363.364372253418,0.0
2020-03-24,2885.TW,SELL,2501,9.573533058166504,23943.406178474426,0.0
2020-03-24,2049.TW,SELL,145,163.82998657226562,23755.348052978516,0.0
2020-03-24,5871.TW,SELL,451,53.82383728027344,24274.55061340332,0.0
2020-03-25,2891.TW,SELL,1978,12.630692481994629,24983.509729385376,0.0
2020-03-25,3045.TW,SELL,321,76.20817565917969,24462.82438659668,0.0
2020-03-25,2105.TW,BUY,3,24.05826759338379,72.17480278015137,0.0
2020-03-25,2303.TW,BUY,30,9.96141529083252,298.8424587249756,0.0
2020-03-25,2357.TW,BUY,217,112.18891143798828,24344.993782043457,0.0
2020-03-25,2412.TW,BUY,294,82.8680419921875,24363.204345703125,0.0
2020-03-25,2912.TW,BUY,1,215.17347717285156,215.17347717285156,0.0
2020-03-26,2412.TW,BUY,4,82.4843978881836,329.9375915527344,0.0
2020-03-26,3045.TW,BUY,327,75.08745574951172,24553.598030090332,0.0
2020-03-26,2889.TW,BUY,3623,6.788150787353516,24593.470302581787,0.0
2020-03-26,2105.TW,BUY,25,23.63886833190918,590.9717082977295,0.0
2020-03-26,1216.TW,BUY,489,50.24351501464844,24569.078842163086,0.0
2020-03-26,2912.TW,SELL,113,219.91122436523438,24849.968353271484,0.0
2020-03-26,2357.TW,SELL,217,115.92854309082031,25156.493850708008,0.0
2020-03-26,2303.TW,SELL,2452,9.96141529083252,24425.390293121338,0.0
2020-03-27,2105.TW,SELL,1040,23.63886833190918,24584.423065185547,0.0
2020-03-27,2412.TW,SELL,1,82.4843978881836,82.4843978881836,0.0
2020-03-27,2889.TW,SELL,3623,6.855030059814453,24835.773906707764,0.0
2020-03-27,3045.TW,SELL,327,75.83460235595703,24797.91497039795,0.0
2020-03-27,1216.TW,BUY,12,48.945430755615234,587.3451690673828,0.0
2020-03-27,2002.TW,BUY,1564,15.706456184387207,24564.89747238159,0.0
2020-03-27,2327.TW,BUY,402,61.012367248535156,24526.971633911133,0.0
2020-03-27,2912.TW,BUY,111,219.51644897460938,24366.32583618164,0.0
2020-03-30,6415.TW,BUY,102,237.27157592773438,24201.700744628906,0.0
2020-03-30,3045.TW,BUY,325,74.71388244628906,24282.011795043945,0.0
2020-03-30,2889.TW,BUY,3567,6.821591377258301,24332.61644268036,0.0
2020-03-30,1216.TW,SELL,501,48.71635818481445,24406.89545059204,0.0
2020-03-30,2912.TW,SELL,111,218.72679138183594,24278.67384338379,0.0
2020-03-30,2327.TW,SELL,402,60.46858596801758,24308.371559143066,0.0
2020-03-30,2002.TW,BUY,18,15.382612228393555,276.887020111084,0.0
2020-03-31,2303.TW,BUY,2534,9.643497467041016,24436.622581481934,0.0
2020-03-31,3661.TW,BUY,131,185.75787353515625,24334.28143310547,0.0
2020-03-31,2454.TW,BUY,107,226.76239013671875,24263.575744628906,0.0
2020-03-31,2327.TW,BUY,409,59.70729064941406,24420.28187561035,0.0
2020-03-31,6415.TW,SELL,102,237.51150512695312,24226.17352294922,0.0
2020-03-31,3045.TW,SELL,325,74.63917541503906,24257.732009887695,0.0
2020-03-31,2889.TW,SELL,3567,6.921909332275391,24690.45058822632,0.0
2020-03-31,2412.TW,SELL,297,82.4843978881836,24497.866172790527,0.0
2020-03-31,2002.TW,SELL,1582,15.342130661010742,24271.250705718994,0.0
2020-03-31,2105.TW,BUY,1040,23.486356735229492,24425.811004638672,0.0
2020-04-01,2303.TW,SELL,2534,9.749470710754395,24705.158781051636,0.0
2020-04-01,2454.TW,SELL,107,231.26296997070312,24745.137786865234,0.0
2020-04-01,3661.TW,SELL,131,190.94400024414062,25013.664031982422,0.0
2020-04-01,1303.TW,BUY,584,42.1328239440918,24605.56918334961,0.0
2020-04-01,2105.TW,BUY,20,23.219467163085938,464.38934326171875,0.0
2020-04-01,2327.TW,BUY,6,59.27226638793945,355.6335983276367,0.0
2020-04-01,3008.TW,BUY,8,2978.167724609375,23825.341796875,0.0
2020-04-01,3045.TW,BUY,336,73.29431915283203,24626.891235351562,0.0
2020-04-06,2889.TW,BUY,3686,6.855030059814453,25267.640800476074,0.0
2020-04-06,5871.TW,BUY,448,56.295654296875,25220.453125,0.0
2020-04-06,2884.TW,BUY,1687,14.97805404663086,25267.97717666626,0.0
2020-04-06,2882.TW,BUY,995,25.375568389892578,25248.690547943115,0.0
2020-04-06,1303.TW,SELL,584,43.38817596435547,25338.694763183594,0.0
2020-04-06,3045.TW,SELL,336,75.46102142333984,25354.903198242188,0.0
2020-04-06,3008.TW,SELL,8,3057.374267578125,24458.994140625,0.0
2020-04-06,2327.TW,SELL,415,62.64371871948242,25997.143268585205,0.0
2020-04-06,2105.TW,BUY,42,22.914447784423828,962.4068069458008,0.0
2020-04-07,2889.TW,BUY,48,6.921909332275391,332.25164794921875,0.0
2020-04-07,2882.TW,BUY,15,25.59276580810547,383.89148712158203,0.0
2020-04-07,2886.TW,BUY,1294,19.975839614868164,25848.736461639404,0.0
2020-04-07,2881.TW,BUY,1196,21.60396957397461,25838.347610473633,0.0
2020-04-07,2105.TW,SELL,1102,23.943885803222656,26386.162155151367,0.0
2020-04-07,5871.TW,SELL,448,58.39669418334961,26161.718994140625,0.0
2020-04-07,2884.TW,SELL,1687,15.194234848022461,25632.67418861389,0.0
2020-04-07,2412.TW,BUY,313,82.4843978881836,25817.616539001465,0.0
2020-04-08,2881.TW,SELL,1196,22.00994873046875,26323.898681640625,0.0
2020-04-08,2882.TW,SELL,1010,25.882356643676758,26141.180210113525,0.0
2020-04-08,2207.TW,BUY,65,396.66253662109375,25783.064880371094,0.0
2020-04-08,2412.TW,BUY,1,82.8680419921875,82.8680419921875,0.0
2020-04-08,2886.TW,BUY,10,19.975839614868164,199.75839614868164,0.0
2020-04-08,2889.TW,BUY,11,6.955347061157227,76.50881767272949,0.0
2020-04-08,6415.TW,BUY,96,269.8994140625,25910.34375,0.0
2020-04-09,3008.TW,BUY,8,3009.850341796875,24078.802734375,0.0
2020-04-09,3661.TW,BUY,132,198.0159912109375,26138.11083984375,0.0
2020-04-09,2412.TW,BUY,4,82.10075378417969,328.40301513671875,0.0
2020-04-09,3665.TW,BUY,190,137.0070037841797,26031.33071899414,0.0
2020-04-09,2889.TW,SELL,3745,7.022225379943848,26298.23404788971,0.0
2020-04-09,2886.TW,SELL,1304,20.046173095703125,26140.209716796875,0.0
2020-04-09,6415.TW,SELL,96,273.49810791015625,26255.818359375,0.0
2020-04-10,2912.TW,BUY,115,227.4127197265625,26152.462768554688,0.0
2020-04-10,2889.TW,BUY,3732,7.055665016174316,26331.74184036255,0.0
2020-04-10,3008.TW,BUY,1,2918.762939453125,2918.762939453125,0.0
2020-04-10,6415.TW,BUY,102,257.9039001464844,26306.197814941406,0.0
2020-04-10,2474.TW,BUY,200,131.1829376220703,26236.587524414062,0.0
2020-04-10,3661.TW,SELL,132,200.3733367919922,26449.28045654297,0.0
2020-04-10,2412.TW,SELL,318,82.8680419921875,26352.037353515625,0.0
2020-04-10,2207.TW,SELL,65,405.5671691894531,26361.865997314453,0.0
2020-04-10,3665.TW,SELL,190,139.861328125,26573.65234375,0.0
2020-04-13,3034.TW,BUY,239,109.96843719482422,26282.45648956299,0.0
2020-04-13,2886.TW,BUY,1309,20.116512298583984,26332.514598846436,0.0
2020-04-13,2327.TW,BUY,364,72.32303619384766,26325.585174560547,0.0
2020-04-13,2207.TW,BUY,66,396.66253662109375,26179.727416992188,0.0
2020-04-13,3661.TW,BUY,133,197.54454040527344,26273.423873901367,0.0
2020-04-13,3008.TW,SELL,9,2918.762939453125,26268.866455078125,0.0
2020-04-13,2912.TW,SELL,115,228.59715270996094,26288.672561645508,0.0
2020-04-13,2889.TW,SELL,3732,7.055665016174316,26331.74184036255,0.0
2020-04-13,2474.TW,SELL,200,131.1829376220703,26236.587524414062,0.0
2020-04-13,6415.TW,SELL,102,256.704345703125,26183.84326171875,0.0
2020-04-14,2912.TW,BUY,117,230.17642211914062,26930.641387939453,0.0
2020-04-14,2889.TW,BUY,3800,7.089103698730469,26938.59405517578,0.0
2020-04-14,2412.TW,BUY,323,83.25169372558594,26890.297073364258,0.0
2020-04-14,1216.TW,BUY,518,51.99974822998047,26935.869583129883,0.0
2020-04-14,3034.TW,SELL,239,112.70243835449219,26935.882766723633,0.0
2020-04-14,2886.TW,SELL,1309,20.292354583740234,26562.692150115967,0.0
2020-04-14,2327.TW,SELL,364,73.51936340332031,26761.048278808594,0.0
2020-04-14,2207.TW,SELL,66,410.4242858886719,27088.002868652344,0.0
2020-04-14,3661.TW,SELL,1,203.67361450195312,203.67361450195312,0.0
2020-04-15,3008.TW,BUY,9,3009.850341796875,27088.653076171875,0.0
2020-04-15,6415.TW,BUY,98,275.8971862792969,27037.924255371094,0.0
2020-04-15,3037.TW,BUY,827,32.77433776855469,27104.377334594727,0.0
2020-04-15,2912.TW,BUY,1,228.991943359375,228.991943359375,0.0
2020-04-15,2889.TW,SELL,3800,7.155982494354248,27192.733478546143,0.0
2020-04-15,2412.TW,SELL,323,83.63534545898438,27014.216583251953,0.0
2020-04-15,1216.TW,SELL,518,51.92339324951172,26896.31770324707,0.0
2020-04-15,3661.TW,SELL,3,209.33119201660156,627.9935760498047,0.0
2020-04-16,6415.TW,BUY,1,275.8971862792969,275.8971862792969,0.0
2020-04-16,2912.TW,SELL,118,226.228271484375,26694.93603515625,0.0
2020-04-16,3037.TW,SELL,827,33.38775634765625,27611.67449951172,0.0
2020-04-16,3661.TW,SELL,129,219.2320098876953,28280.929275512695,0.0
2020-04-16,2207.TW,BUY,67,403.1386413574219,27010.288970947266,0.0
2020-04-16,2327.TW,BUY,367,74.28065490722656,27261.00035095215,0.0
2020-04-16,3034.TW,BUY,245,111.18355560302734,27239.9711227417,0.0
2020-04-17,3037.TW,BUY,832,33.38775634765625,27778.61328125,0.0
2020-04-17,3019.TW,BUY,501,55.39442443847656,27752.606643676758,0.0
2020-04-17,2382.TW,BUY,645,43.05196762084961,27768.519115447998,0.0
2020-04-17,2327.TW,BUY,9,73.84562683105469,664.6106414794922,0.0
2020-04-17,3008.TW,SELL,9,3049.45361328125,27445.08251953125,0.0
2020-04-17,3034.TW,SELL,245,112.398681640625,27537.677001953125,0.0
2020-04-17,2207.TW,SELL,67,405.5671691894531,27173.00033569336,0.0
2020-04-17,3661.TW,BUY,123,224.41812133789062,27603.428924560547,0.0
2020-04-17,6415.TW,SELL,99,287.8927307128906,28501.380340576172,0.0
2020-04-20,2412.TW,BUY,335,83.63534545898438,28017.840728759766,0.0
2020-04-20,2357.TW,BUY,228,122.78453826904297,27994.874725341797,0.0
2020-04-20,6505.TW,BUY,405,69.11125946044922,27990.060081481934,0.0
2020-04-20,2002.TW,BUY,1767,15.868377685546875,28039.423370361328,0.0
2020-04-20,3037.TW,SELL,832,33.38775634765625,27778.61328125,0.0
2020-04-20,3019.TW,SELL,501,56.355018615722656,28233.86432647705,0.0
2020-04-20,2382.TW,SELL,645,43.257633209228516,27901.173419952393,0.0
2020-04-20,2327.TW,SELL,376,74.60692596435547,28052.204162597656,0.0
2020-04-21,3037.TW,BUY,863,32.117095947265625,27717.053802490234,0.0
2020-04-21,3019.TW,BUY,512,54.03358459472656,27665.1953125,0.0
2020-04-21,2327.TW,BUY,390,70.90921020507812,27654.59197998047,0.0
2020-04-21,2207.TW,BUY,69,397.06732177734375,27397.64520263672,0.0
2020-04-21,9904.TW,BUY,1358,20.399044036865234,27701.90180206299,0.0
2020-04-21,3661.TW,SELL,123,231.01864624023438,28415.293487548828,0.0
2020-04-21,2412.TW,SELL,335,83.25169372558594,27889.31739807129,0.0
2020-04-21,2357.TW,SELL,228,120.60308837890625,27497.504150390625,0.0
2020-04-21,2002.TW,SELL,1767,15.463573455810547,27324.134296417236,0.0
2020-04-21,6505.TW,SELL,405,67.25025177001953,27236.35196685791,0.0
2020-04-22,9904.TW,BUY,40,20.13751983642578,805.5007934570312,0.0
2020-04-22,6415.TW,BUY,98,286.69317626953125,28095.931274414062,0.0
2020-04-22,3661.TW,BUY,122,229.60426330566406,28011.720123291016,0.0
2020-04-22,2891.TW,BUY,2109,13.352446556091309,28160.30978679657,0.0
2020-04-22,3037.TW,SELL,863,32.81814956665039,28322.063076019287,0.0
2020-04-22,3019.TW,SELL,512,54.834075927734375,28075.046875,0.0
2020-04-22,2327.TW,SELL,390,74.82444763183594,29181.534576416016,0.0
2020-04-22,2207.TW,SELL,69,397.8768005371094,27453.499237060547,0.0
2020-04-22,2884.TW,BUY,1798,15.657472610473633,28152.13575363159,0.0
2020-04-23,3661.TW,BUY,3,224.88958740234375,674.6687622070312,0.0
2020-04-23,9904.TW,BUY,10,20.025432586669922,200.25432586669922,0.0
2020-04-23,3665.TW,BUY,197,142.71563720703125,28114.980529785156,0.0
2020-04-23,3443.TW,BUY,129,217.751708984375,28089.970458984375,0.0
2020-04-23,6415.TW,SELL,98,293.8904724121094,28801.26629638672,0.0
2020-04-23,2891.TW,SELL,2109,13.388533592224121,28236.41734600067,0.0
2020-04-23,2884.TW,SELL,1798,15.75011920928955,28318.714338302612,0.0
2020-04-23,2207.TW,BUY,71,393.4244689941406,27933.137298583984,0.0
2020-04-24,6415.TW,BUY,96,290.2918395996094,27868.0166015625,0.0
2020-04-24,3037.TW,BUY,854,32.81814956665039,28026.699729919434,0.0
2020-04-24,2049.TW,BUY,138,202.5534210205078,27952.372100830078,0.0
2020-04-24,3443.TW,BUY,5,209.0416259765625,1045.2081298828125,0.0
2020-04-24,3665.TW,SELL,197,143.53114318847656,28275.635208129883,0.0
2020-04-24,3661.TW,SELL,2,227.24693298339844,454.4938659667969,0.0
2020-04-24,2207.TW,SELL,71,393.01971435546875,27904.39971923828,0.0
2020-04-24,9904.TW,SELL,1408,19.875991821289062,27985.396484375,0.0
2020-04-27,3034.TW,BUY,267,108.14574432373047,28874.913734436035,0.0
2020-04-27,2049.TW,SELL,138,214.04281616210938,29537.908630371094,0.0
2020-04-27,3037.TW,SELL,854,33.56302261352539,28662.821311950684,0.0
2020-04-27,3443.TW,SELL,134,215.9180145263672,28933.013946533203,0.0
2020-04-27,3661.TW,SELL,3,239.97654724121094,719.9296417236328,0.0
2020-04-27,2330.TW,BUY,109,264.2367248535156,28801.803009033203,0.0
2020-04-27,2382.TW,BUY,676,42.84630584716797,28964.102752685547,0.0
2020-04-27,6415.TW,BUY,3,290.2918395996094,870.8755187988281,0.0
2020-04-28,2330.TW,BUY,3,262.90667724609375,788.7200317382812,0.0
2020-04-28,2412.TW,BUY,352,84.01899719238281,29574.68701171875,0.0
2020-04-28,2207.TW,BUY,72,407.186279296875,29317.412109375,0.0
2020-04-28,2382.TW,SELL,676,43.05196762084961,29103.130111694336,0.0
2020-04-28,3661.TW,SELL,4,253.64907836914062,1014.5963134765625,0.0
2020-04-28,3034.TW,SELL,267,109.05709075927734,29118.24323272705,0.0
2020-04-28,6415.TW,SELL,3,305.8860168457031,917.6580505371094,0.0
2020-04-29,2207.TW,SELL,72,439.5669250488281,31648.818603515625,0.0
2020-04-29,2330.TW,SELL,112,265.1234130859375,29693.822265625,0.0
2020-04-29,3661.TW,SELL,116,259.30670166015625,30079.577392578125,0.0
2020-04-29,2327.TW,BUY,364,82.65491485595703,30086.38900756836,0.0
2020-04-29,2412.TW,BUY,5,84.40264892578125,422.01324462890625,0.0
2020-04-29,3045.TW,BUY,379,79.5702896118164,30157.139762878418,0.0
2020-04-29,3443.TW,BUY,138,218.2101287841797,30112.997772216797,0.0
2020-04-29,6415.TW,BUY,5,297.4891662597656,1487.4458312988281,0.0
2020-04-30,6415.TW,BUY,4,286.69317626953125,1146.772705078125,0.0
2020-04-30,3661.TW,BUY,109,277.2223815917969,30217.23959350586,0.0
2020-04-30,2412.TW,BUY,3,84.01899719238281,252.05699157714844,0.0
2020-04-30,3443.TW,SELL,138,222.33595275878906,30682.36148071289,0.0
2020-04-30,3045.TW,SELL,3,80.31742095947266,240.95226287841797,0.0
2020-04-30,2327.TW,SELL,364,85.04753875732422,30957.304107666016,0.0
2020-04-30,2303.TW,BUY,2755,10.985815048217773,30265.920457839966,0.0
2020-05-04,2303.TW,SELL,2755,10.84451961517334,29876.65153980255,0.0
2020-05-04,3045.TW,SELL,376,80.69099426269531,30339.813842773438,0.0
2020-05-04,6415.TW,SELL,2,291.4913635253906,582.9827270507812,0.0
2020-05-04,2207.TW,BUY,72,415.2813415527344,29900.256591796875,0.0
2020-05-04,3443.TW,BUY,140,215.0011444091797,30100.160217285156,0.0
2020-05-04,3661.TW,BUY,2,271.5647888183594,543.1295776367188,0.0
2020-05-05,3661.TW,BUY,5,254.1205596923828,1270.602798461914,0.0
2020-05-05,6415.TW,BUY,2,280.69537353515625,561.3907470703125,0.0
2020-05-05,2303.TW,BUY,2745,10.773870468139648,29574.274435043335,0.0
2020-05-05,2207.TW,SELL,72,418.5194396972656,30133.399658203125,0.0
2020-05-05,2412.TW,SELL,7,83.63534545898438,585.4474182128906,0.0
2020-05-05,3443.TW,SELL,2,214.0843048095703,428.1686096191406,0.0
2020-05-06,2303.TW,SELL,2745,10.809194564819336,29671.239080429077,0.0
2020-05-06,2412.TW,SELL,353,84.01899719238281,29658.706008911133,0.0
2020-05-06,3661.TW,SELL,1,255.06350708007812,255.06350708007812,0.0
2020-05-06,2357.TW,BUY,240,122.16126251220703,29318.703002929688,0.0
2020-05-06,3045.TW,BUY,367,79.9438705444336,29339.40048980713,0.0
2020-05-06,3443.TW,BUY,2,209.5000457763672,419.0000915527344,0.0
2020-05-06,6415.TW,BUY,2,274.6976318359375,549.395263671875,0.0
2020-05-07,3661.TW,BUY,1,255.53492736816406,255.53492736816406,0.0
2020-05-07,2412.TW,BUY,356,83.63534545898438,29774.182983398438,0.0
2020-05-07,2327.TW,BUY,333,89.18029022216797,29697.036643981934,0.0
2020-05-07,2207.TW,BUY,71,414.4718933105469,29427.504425048828,0.0
2020-05-07,3045.TW,SELL,367,80.31742095947266,29476.493492126465,0.0
2020-05-07,3443.TW,SELL,140,210.87535095214844,29522.54913330078,0.0
2020-05-07,2357.TW,SELL,240,122.78453826904297,29468.289184570312,0.0
2020-05-07,6415.TW,SELL,4,287.8927307128906,1151.5709228515625,0.0
2020-05-08,9910.TW,BUY,308,97.99249267578125,30181.687744140625,0.0
2020-05-08,3661.TW,BUY,1,256.9493713378906,256.9493713378906,0.0
2020-05-08,3443.TW,BUY,148,203.9989776611328,30191.848693847656,0.0
2020-05-08,2327.TW,BUY,11,87.7664566040039,965.431022644043,0.0
2020-05-08,6415.TW,SELL,103,307.08563232421875,31629.82012939453,0.0
2020-05-08,2412.TW,SELL,356,84.40264892578125,30047.343017578125,0.0
2020-05-08,2207.TW,SELL,71,419.3289489746094,29772.355377197266,0.0
2020-05-08,2049.TW,BUY,122,246.80877685546875,30110.670776367188,0.0
2020-05-11,6415.TW,BUY,93,327.47796630859375,30455.45086669922,0.0
2020-05-11,3443.TW,BUY,4,199.87313842773438,799.4925537109375,0.0
2020-05-11,3037.TW,BUY,774,39.390541076660156,30488.27879333496,0.0
2020-05-11,9910.TW,BUY,5,97.39315795898438,486.9657897949219,0.0
2020-05-11,2327.TW,SELL,344,89.94158935546875,30939.90673828125,0.0
2020-05-11,2049.TW,SELL,122,251.9152374267578,30733.658966064453,0.0
2020-05-11,3661.TW,SELL,2,264.0213623046875,528.042724609375,0.0
2020-05-12,3037.TW,SELL,774,39.43435287475586,30522.189125061035,0.0
2020-05-12,3443.TW,SELL,152,202.16526794433594,30729.120727539062,0.0
2020-05-12,2308.TW,BUY,251,118.93732452392578,29853.26845550537,0.0
2020-05-12,2327.TW,BUY,339,88.31024169921875,29937.171936035156,0.0
2020-05-12,3661.TW,BUY,1,256.4779052734375,256.4779052734375,0.0
2020-05-12,6415.TW,BUY,3,311.8837890625,935.6513671875,0.0
2020-05-12,9910.TW,BUY,4,94.39643859863281,377.58575439453125,0.0
2020-05-13,3661.TW,BUY,1,257.89227294921875,257.89227294921875,0.0
2020-05-13,3037.TW,BUY,771,39.17146301269531,30201.197982788086,0.0
2020-05-13,2105.TW,BUY,1198,25.202083587646484,30192.09613800049,0.0
2020-05-13,2327.TW,BUY,6,87.5489501953125,525.293701171875,0.0
2020-05-13,9910.TW,SELL,317,94.69611358642578,30018.668006896973,0.0
2020-05-13,6415.TW,SELL,96,317.8815612792969,30516.6298828125,0.0
2020-05-13,2308.TW,SELL,251,121.97586059570312,30615.941009521484,0.0
2020-05-13,2049.TW,BUY,122,246.80877685546875,30110.670776367188,0.0
2020-05-14,3665.TW,BUY,198,148.01651000976562,29307.268981933594,0.0
2020-05-14,3037.TW,BUY,14,37.50646209716797,525.0904693603516,0.0
2020-05-14,3019.TW,BUY,534,55.07422637939453,29409.63688659668,0.0
2020-05-14,9910.TW,BUY,319,92.29875183105469,29443.301834106445,0.0
2020-05-14,3661.TW,SELL,117,258.3637390136719,30228.55746459961,0.0
2020-05-14,2105.TW,SELL,1198,24.401409149169922,29232.888160705566,0.0
2020-05-14,2049.TW,SELL,122,243.83006286621094,29747.267669677734,0.0
2020-05-14,2327.TW,BUY,6,83.85124206542969,503.1074523925781,0.0
2020-05-15,2327.TW,SELL,351,83.9599838256836,29469.95432281494,0.0
2020-05-15,3037.TW,SELL,785,38.47040557861328,30199.268379211426,0.0
2020-05-15,3665.TW,SELL,198,147.60874938964844,29226.53237915039,0.0
2020-05-15,9910.TW,SELL,319,92.59841918945312,29538.895721435547,0.0
2020-05-15,2049.TW,BUY,122,241.27691650390625,29435.783813476562,0.0
2020-05-15,3008.TW,BUY,9,3219.747802734375,28977.730224609375,0.0
2020-05-15,3019.TW,BUY,13,53.79343032836914,699.3145942687988,0.0
2020-05-15,3661.TW,BUY,105,280.5226745605469,29454.880828857422,0.0
2020-05-15,4938.TW,BUY,700,42.096981048583984,29467.88673400879,0.0
2020-05-18,3037.TW,BUY,842,34.658416748046875,29182.38690185547,0.0
2020-05-18,6415.TW,BUY,83,347.8703918457031,28873.24252319336,0.0
2020-05-18,2327.TW,BUY,363,80.26226806640625,29135.20330810547,0.0
2020-05-18,2049.TW,SELL,122,242.55349731445312,29591.52667236328,0.0
2020-05-18,3019.TW,SELL,547,53.87348556518555,29468.796604156494,0.0
2020-05-18,4938.TW,SELL,700,42.3659782409668,29656.184768676758,0.0
2020-05-19,2327.TW,SELL,363,81.13232421875,29451.03369140625,0.0
2020-05-19,3661.TW,SELL,105,291.3663635253906,30593.468170166016,0.0
2020-05-19,6415.TW,SELL,83,356.26727294921875,29570.183654785156,0.0
2020-05-19,2303.TW,BUY,2802,10.561925888061523,29594.51633834839,0.0
2020-05-19,3037.TW,BUY,21,34.264076232910156,719.5456008911133,0.0
2020-05-19,3711.TW,BUY,638,46.347694396972656,29569.829025268555,0.0
2020-05-19,4938.TW,BUY,720,41.08827209472656,29583.555908203125,0.0
2020-05-20,6415.TW,BUY,83,355.0676574707031,29470.61557006836,0.0
2020-05-20,3661.TW,BUY,105,279.5797119140625,29355.869750976562,0.0
2020-05-20,2474.TW,BUY,205,144.46728515625,29615.79345703125,0.0
2020-05-20,2303.TW,BUY,20,10.491277694702148,209.82555389404297,0.0
2020-05-20,3037.TW,SELL,863,34.702232360839844,29948.026527404785,0.0
2020-05-20,4938.TW,SELL,720,41.021026611328125,29535.13916015625,0.0
2020-05-20,3711.TW,SELL,638,45.97512435913086,29332.12934112549,0.0
2020-05-20,3008.TW,SELL,9,3065.294921875,27587.654296875,0.0
2020-05-20,2049.TW,BUY,122,242.55349731445312,29591.52667236328,0.0
2020-05-21,4938.TW,BUY,733,40.75203323364258,29871.24036026001,0.0
2020-05-21,6415.TW,BUY,1,355.0676574707031,355.0676574707031,0.0
2020-05-21,2474.TW,BUY,8,140.14987182617188,1121.198974609375,0.0
2020-05-21,2454.TW,BUY,92,321.6217346191406,29589.199584960938,0.0
2020-05-21,3661.TW,SELL,105,288.06610107421875,30246.94061279297,0.0
2020-05-21,2303.TW,SELL,2822,10.809194564819336,30503.547061920166,0.0
2020-05-21,2049.TW,SELL,122,246.38328552246094,30058.760833740234,0.0
2020-05-21,2327.TW,BUY,359,83.08993530273438,29829.28677368164,0.0
2020-05-22,6415.TW,BUY,3,328.67755126953125,986.0326538085938,0.0
2020-05-22,3661.TW,BUY,104,276.27947998046875,28733.06591796875,0.0
2020-05-22,3008.TW,BUY,9,3041.533203125,27373.798828125,0.0
2020-05-22,3037.TW,BUY,840,34.30789566040039,28818.632354736328,0.0
2020-05-22,2474.TW,SELL,213,136.16456604003906,29003.05256652832,0.0
2020-05-22,2454.TW,SELL,92,306.0426330566406,28155.922241210938,0.0
2020-05-22,2327.TW,SELL,3,80.80604553222656,242.4181365966797,0.0
2020-05-22,4938.TW,SELL,733,40.81928253173828,29920.53409576416,0.0
2020-05-25,6505.TW,BUY,389,75.28644561767578,29286.42734527588,0.0
2020-05-25,2327.TW,SELL,356,81.78485107421875,29115.406982421875,0.0
2020-05-25,3008.TW,SELL,9,3037.572509765625,27338.152587890625,0.0
2020-05-25,3037.TW,SELL,840,34.52696990966797,29002.654724121094,0.0
2020-05-25,6415.TW,SELL,5,353.8681640625,1769.3408203125,0.0
2020-05-25,3661.TW,BUY,3,273.45068359375,820.35205078125,0.0
2020-05-25,3711.TW,BUY,643,45.52803421020508,29274.525997161865,0.0
2020-05-25,9910.TW,BUY,268,109.08032989501953,29233.528411865234,0.0
2020-05-26,6415.TW,BUY,3,347.8703918457031,1043.6111755371094,0.0
2020-05-26,6505.TW,BUY,2,75.79397583007812,151.58795166015625,0.0
2020-05-26,2327.TW,BUY,367,80.6972885131836,29615.90488433838,0.0
2020-05-26,2454.TW,BUY,93,318.5059814453125,29621.056274414062,0.0
2020-05-26,3711.TW,SELL,643,45.751583099365234,29418.267932891846,0.0
2020-05-26,3661.TW,SELL,1,278.1653137207031,278.1653137207031,0.0
2020-05-26,9910.TW,SELL,268,114.77408599853516,30759.455047607422,0.0
2020-05-27,6505.TW,BUY,5,75.28644561767578,376.4322280883789,0.0
2020-05-27,2327.TW,SELL,367,81.78485107421875,30015.04034423828,0.0
2020-05-27,2454.TW,SELL,93,321.6217346191406,29910.821319580078,0.0
2020-05-27,6415.TW,SELL,3,361.0654602050781,1083.1963806152344,0.0
2020-05-27,2207.TW,BUY,69,431.4716796875,29771.5458984375,0.0
2020-05-27,2412.TW,BUY,353,84.40264892578125,29794.13507080078,0.0
2020-05-27,3661.TW,BUY,4,271.5647888183594,1086.2591552734375,0.0
2020-05-28,9904.TW,BUY,1383,21.669313430786133,29968.66047477722,0.0
2020-05-28,2327.TW,BUY,372,80.47976684570312,29938.473266601562,0.0
2020-05-28,2207.TW,BUY,1,425.8050842285156,425.8050842285156,0.0
2020-05-28,2412.TW,SELL,353,84.78629302978516,29929.56143951416,0.0
2020-05-28,6415.TW,SELL,82,370.661865234375,30394.27294921875,0.0
2020-05-28,3661.TW,SELL,1,274.86505126953125,274.86505126953125,0.0
2020-05-28,9910.TW,BUY,269,111.17802429199219,29906.8885345459,0.0
2020-05-28,6505.TW,SELL,396,74.35594177246094,29444.95294189453,0.0
2020-05-29,2889.TW,BUY,4001,7.557252883911133,30236.568788528442,0.0
2020-05-29,2412.TW,BUY,356,84.78629302978516,30183.920318603516,0.0
2020-05-29,9910.TW,BUY,9,108.48100280761719,976.3290252685547,0.0
2020-05-29,2327.TW,BUY,3,80.58853149414062,241.76559448242188,0.0
2020-05-29,2049.TW,BUY,115,260.8513488769531,29997.90512084961,0.0
2020-05-29,9904.TW,SELL,1383,22.080284118652344,30537.03293609619,0.0
2020-05-29,3661.TW,SELL,109,282.8800048828125,30833.920532226562,0.0
2020-05-29,2207.TW,SELL,70,433.90020751953125,30373.014526367188,0.0
2020-06-01,3045.TW,BUY,388,79.5702896118164,30873.272369384766,0.0
2020-06-01,2454.TW,BUY,96,319.5444641113281,30676.2685546875,0.0
2020-06-01,2412.TW,BUY,5,85.55358123779297,427.76790618896484,0.0
2020-06-01,6415.TW,BUY,83,371.8614196777344,30864.497833251953,0.0
2020-06-01,2889.TW,SELL,4001,7.791325092315674,31173.09169435501,0.0
2020-06-01,2327.TW,SELL,7,83.85124206542969,586.9586944580078,0.0
2020-06-01,2049.TW,SELL,115,263.830078125,30340.458984375,0.0
2020-06-01,9910.TW,SELL,278,110.87834930419922,30824.181106567383,0.0
2020-06-02,9910.TW,BUY,282,111.17802429199219,31352.202850341797,0.0
2020-06-02,2327.TW,SELL,368,83.30744934082031,30657.141357421875,0.0
2020-06-02,2412.TW,SELL,361,85.9372329711914,31023.341102600098,0.0
2020-06-02,2454.TW,SELL,96,335.8160095214844,32238.3369140625,0.0
2020-06-02,3045.TW,SELL,388,79.9438705444336,31018.221771240234,0.0
2020-06-02,6415.TW,SELL,1,379.0587463378906,379.0587463378906,0.0
2020-06-02,2207.TW,BUY,71,437.94781494140625,31094.294860839844,0.0
2020-06-02,3661.TW,BUY,111,281.4656066894531,31242.682342529297,0.0
2020-06-02,9904.TW,BUY,1428,21.96820068359375,31370.590576171875,0.0
2020-06-03,3045.TW,BUY,408,81.06458282470703,33074.34979248047,0.0
2020-06-03,2049.TW,BUY,123,268.0854187011719,32974.50650024414,0.0
2020-06-03,2912.TW,BUY,140,234.9141845703125,32887.98583984375,0.0
2020-06-03,9910.TW,SELL,282,114.47441101074219,32281.783905029297,0.0
2020-06-03,2474.TW,BUY,227,145.7957305908203,33095.63084411621,0.0
2020-06-03,6415.TW,SELL,1,405.4489440917969,405.4489440917969,0.0
2020-06-03,2207.TW,SELL,71,462.2332763671875,32818.56262207031,0.0
2020-06-03,9904.TW,SELL,1428,22.491252899169922,32117.50914001465,0.0
2020-06-03,3661.TW,SELL,111,309.2821350097656,34330.316986083984,0.0
2020-06-04,2049.TW,SELL,123,268.9364929199219,33079.18862915039,0.0
2020-06-04,2474.TW,SELL,227,150.1131591796875,34075.68713378906,0.0
2020-06-04,2912.TW,SELL,140,235.30899047851562,32943.25866699219,0.0
2020-06-04,2207.TW,BUY,71,461.42376708984375,32761.087463378906,0.0
2020-06-04,2889.TW,BUY,4194,7.858203887939453,32957.30710601807,0.0
2020-06-04,6415.TW,BUY,4,383.8569641113281,1535.4278564453125,0.0
2020-06-04,9910.TW,BUY,294,112.0770492553711,32950.6524810791,0.0
2020-06-05,2889.TW,SELL,4194,7.858203887939453,32957.30710601807,0.0
2020-06-05,6415.TW,BUY,2,376.65960693359375,753.3192138671875,0.0
2020-06-05,3443.TW,BUY,153,214.6035919189453,32834.34956359863,0.0
2020-06-05,3045.TW,BUY,2,80.31742095947266,160.6348419189453,0.0
2020-06-05,2207.TW,SELL,71,471.13800048828125,33450.79803466797,0.0
2020-06-05,2049.TW,BUY,124,264.2556457519531,32767.700073242188,0.0
2020-06-05,9910.TW,SELL,294,112.37670135498047,33038.75019836426,0.0
2020-06-05,2912.TW,BUY,141,232.1504669189453,32733.21583557129,0.0
2020-06-08,2049.TW,BUY,1,265.5322570800781,265.5322570800781,0.0
2020-06-08,3661.TW,BUY,102,326.25494384765625,33278.00427246094,0.0
2020-06-08,3037.TW,BUY,870,38.42658996582031,33431.13327026367,0.0
2020-06-08,3665.TW,BUY,198,168.8122100830078,33424.81759643555,0.0
2020-06-08,1216.TW,BUY,595,56.123085021972656,33393.23558807373,0.0
2020-06-08,3443.TW,SELL,153,216.47784423828125,33121.11016845703,0.0
2020-06-08,3045.TW,SELL,410,81.06458282470703,33236.47895812988,0.0
2020-06-08,2912.TW,SELL,141,233.3349151611328,32900.22303771973,0.0
2020-06-08,6415.TW,SELL,87,393.4533996582031,34230.44577026367,0.0
2020-06-09,3443.TW,BUY,160,209.9179229736328,33586.86767578125,0.0
2020-06-09,3037.TW,BUY,17,37.944610595703125,645.0583801269531,0.0
2020-06-09,2912.TW,BUY,144,232.54530334472656,33486.523681640625,0.0
2020-06-09,6415.TW,BUY,85,393.4533996582031,33443.538970947266,0.0
2020-06-09,3665.TW,SELL,198,171.25875854492188,33909.23419189453,0.0
2020-06-09,3661.TW,SELL,102,337.57012939453125,34432.15319824219,0.0
2020-06-09,1216.TW,SELL,595,56.42850875854492,33574.96271133423,0.0
2020-06-09,2049.TW,BUY,2,263.4045715332031,526.8091430664062,0.0
2020-06-10,2912.TW,SELL,144,235.7038116455078,33941.348876953125,0.0
2020-06-10,3037.TW,SELL,887,39.609619140625,35133.732177734375,0.0
2020-06-10,3443.TW,SELL,160,212.72930908203125,34036.689453125,0.0
2020-06-10,2049.TW,BUY,3,260.8513488769531,782.5540466308594,0.0
2020-06-10,2382.TW,BUY,712,47.85075759887695,34069.73941040039,0.0
2020-06-10,3661.TW,BUY,102,331.9125671386719,33855.08184814453,0.0
2020-06-10,6415.TW,BUY,1,394.6529846191406,394.6529846191406,0.0
2020-06-10,9910.TW,BUY,299,113.87508392333984,34048.65009307861,0.0
2020-06-11,9904.TW,BUY,1531,21.930843353271484,33576.12117385864,0.0
2020-06-11,6415.TW,BUY,1,385.0564880371094,385.0564880371094,0.0
2020-06-11,2049.TW,BUY,2,253.19178771972656,506.3835754394531,0.0
2020-06-11,3443.TW,BUY,162,206.63795471191406,33475.34866333008,0.0
2020-06-11,3661.TW,SELL,1,330.9695739746094,330.9695739746094,0.0
2020-06-11,2382.TW,SELL,712,47.78219985961914,34020.92630004883,0.0
2020-06-11,9910.TW,SELL,299,112.0770492553711,33511.03772735596,0.0
2020-06-12,3661.TW,SELL,101,340.3989562988281,34380.29458618164,0.0
2020-06-12,6415.TW,SELL,87,401.8502502441406,34960.971771240234,0.0
2020-06-12,2049.TW,BUY,4,247.6598663330078,990.6394653320312,0.0
2020-06-12,2382.TW,BUY,725,46.479679107666016,33697.76735305786,0.0
2020-06-12,3008.TW,BUY,10,3279.152587890625,32791.52587890625,0.0
2020-06-12,3443.TW,BUY,4,202.88941955566406,811.5576782226562,0.0
2020-06-12,9904.TW,BUY,29,21.59459686279297,626.2433090209961,0.0
2020-06-15,9904.TW,BUY,38,21.146263122558594,803.5579986572266,0.0
2020-06-15,6415.TW,BUY,89,376.65960693359375,33522.705017089844,0.0
2020-06-15,3661.TW,BUY,104,322.9546813964844,33587.286865234375,0.0
2020-06-15,3037.TW,BUY,876,38.55803680419922,33776.840240478516,0.0
2020-06-15,2049.TW,SELL,136,260.42584228515625,35417.91455078125,0.0
2020-06-15,3443.TW,SELL,166,202.88941955566406,33679.643646240234,0.0
2020-06-15,3008.TW,SELL,10,3263.31103515625,32633.1103515625,0.0
2020-06-15,2382.TW,SELL,725,45.93124771118164,33300.15459060669,0.0
2020-06-15,2303.TW,BUY,3107,10.879842758178711,33803.671449661255,0.0
2020-06-16,2049.TW,BUY,133,261.2769470214844,34749.83395385742,0.0
2020-06-16,6505.TW,BUY,454,76.80908966064453,34871.32670593262,0.0
2020-06-16,9904.TW,SELL,1598,21.706676483154297,34687.26902008057,0.0
2020-06-16,2303.TW,BUY,81,10.950490951538086,886.989767074585,0.0
2020-06-16,3661.TW,SELL,1,337.57012939453125,337.57012939453125,0.0
2020-06-16,3037.TW,SELL,876,39.43435287475586,34544.49311828613,0.0
2020-06-16,6415.TW,SELL,2,400.6507263183594,801.3014526367188,0.0
2020-06-17,3661.TW,SELL,103,345.5850830078125,35595.26354980469,0.0
2020-06-17,6415.TW,SELL,1,404.2493591308594,404.2493591308594,0.0
2020-06-17,6505.TW,SELL,454,77.94505310058594,35387.054107666016,0.0
2020-06-17,2049.TW,BUY,2,258.29815673828125,516.5963134765625,0.0
2020-06-17,2303.TW,BUY,56,10.809194564819336,605.3148956298828,0.0
2020-06-17,3008.TW,BUY,10,3294.99462890625,32949.9462890625,0.0
2020-06-17,9904.TW,BUY,1621,21.631956100463867,35065.40083885193,0.0
2020-06-18,9910.TW,BUY,315,111.77737426757812,35209.87289428711,0.0
2020-06-18,9904.TW,BUY,18,21.482511520385742,386.68520736694336,0.0
2020-06-18,2207.TW,BUY,62,561.8037109375,34831.830078125,0.0
2020-06-18,2303.TW,SELL,3244,10.84451961517334,35179.621631622314,0.0
2020-06-18,2049.TW,SELL,135,257.8726501464844,34812.80776977539,0.0
2020-06-18,6415.TW,SELL,4,424.6418151855469,1698.5672607421875,0.0
2020-06-19,2207.TW,SELL,62,560.994140625,34781.63671875,0.0
2020-06-19,3008.TW,SELL,10,3211.827392578125,32118.27392578125,0.0
2020-06-19,6415.TW,SELL,2,435.43780517578125,870.8756103515625,0.0
2020-06-19,1303.TW,BUY,700,50.05724334716797,35040.07034301758,0.0
2020-06-19,3661.TW,BUY,93,372.93011474609375,34682.50067138672,0.0
2020-06-19,9904.TW,BUY,6,21.295705795288086,127.77423477172852,0.0
2020-06-19,9910.TW,BUY,11,107.28230285644531,1180.1053314208984,0.0
2020-06-22,9910.TW,BUY,11,106.68295288085938,1173.5124816894531,0.0
2020-06-22,3037.TW,BUY,896,40.17922592163086,36000.58642578125,0.0
2020-06-22,3008.TW,BUY,11,3184.10498046875,35025.15478515625,0.0
2020-06-22,2049.TW,BUY,141,254.46836853027344,35880.039962768555,0.0
2020-06-22,2207.TW,BUY,65,553.7085571289062,35991.056213378906,0.0
2020-06-22,6415.TW,SELL,80,443.8346252441406,35506.77001953125,0.0
2020-06-22,3661.TW,SELL,93,410.1759948730469,38146.36752319336,0.0
2020-06-22,1303.TW,SELL,700,50.52800750732422,35369.60525512695,0.0
2020-06-22,9904.TW,SELL,1645,21.669313430786133,35646.02059364319,0.0
2020-06-23,2207.TW,SELL,65,564.2322387695312,36675.09552001953,0.0
2020-06-23,3037.TW,SELL,896,40.3983039855957,36196.88037109375,0.0
2020-06-23,2049.TW,BUY,2,251.4896697998047,502.9793395996094,0.0
2020-06-23,2890.TW,BUY,4586,7.869054794311523,36087.48528671265,0.0
2020-06-23,6415.TW,BUY,81,443.8346252441406,35950.60464477539,0.0
2020-06-23,9910.TW,BUY,1,106.68295288085938,106.68295288085938,0.0
2020-06-24,2207.TW,BUY,65,557.7560424804688,36254.14276123047,0.0
2020-06-24,2049.TW,BUY,1,251.4896697998047,251.4896697998047,0.0
2020-06-24,1216.TW,BUY,666,54.51956558227539,36310.03067779541,0.0
2020-06-24,9910.TW,SELL,338,107.88162994384766,36463.99092102051,0.0
2020-06-24,6415.TW,SELL,1,452.23150634765625,452.23150634765625,0.0
2020-06-24,2890.TW,SELL,4586,7.904659748077393,36250.76960468292,0.0
2020-06-29,1216.TW,SELL,666,54.82499694824219,36513.4479675293,0.0
2020-06-29,2049.TW,SELL,144,253.19178771972656,36459.617431640625,0.0
2020-06-29,2207.TW,SELL,65,558.5655517578125,36306.76086425781,0.0
2020-06-29,2357.TW,BUY,254,142.40284729003906,36170.32321166992,0.0
2020-06-29,3661.TW,BUY,75,477.12432861328125,35784.324645996094,0.0
2020-06-29,6415.TW,BUY,1,447.43328857421875,447.43328857421875,0.0
2020-06-29,9910.TW,BUY,356,101.58855438232422,36165.52536010742,0.0
2020-06-30,9910.TW,BUY,9,99.79051971435547,898.1146774291992,0.0
2020-06-30,3661.TW,BUY,2,471.46661376953125,942.9332275390625,0.0
2020-06-30,2327.TW,BUY,426,85.63774108886719,36481.67770385742,0.0
2020-06-30,3008.TW,SELL,11,3235.5888671875,35591.4775390625,0.0
2020-06-30,6415.TW,SELL,2,460.62835693359375,921.2567138671875,0.0
2020-06-30,2357.TW,SELL,254,142.73324584960938,36254.24444580078,0.0
2020-06-30,2049.TW,BUY,146,249.78749084472656,36468.97366333008,0.0
2020-07-01,2049.TW,SELL,146,254.46836853027344,37152.38180541992,0.0
2020-07-01,3661.TW,SELL,77,480.89599609375,37028.99169921875,0.0
2020-07-01,6415.TW,SELL,1,470.2247619628906,470.2247619628906,0.0
2020-07-01,9910.TW,SELL,365,102.7872314453125,37517.33947753906,0.0
2020-07-01,2207.TW,BUY,66,562.6132202148438,37132.47253417969,0.0
2020-07-01,2327.TW,BUY,9,85.30057525634766,767.7051773071289,0.0
2020-07-01,2357.TW,BUY,260,142.73324584960938,37110.64392089844,0.0
2020-07-01,3037.TW,BUY,857,43.33397674560547,37137.21807098389,0.0
2020-07-02,6415.TW,BUY,1,475.02301025390625,475.02301025390625,0.0
2020-07-02,2890.TW,BUY,4880,7.762235164642334,37879.70760345459,0.0
2020-07-02,2454.TW,BUY,95,397.4399719238281,37756.79733276367,0.0
2020-07-02,2327.TW,BUY,12,84.73865509033203,1016.8638610839844,0.0
2020-07-02,2207.TW,SELL,66,596.6128540039062,39376.44836425781,0.0
2020-07-02,3037.TW,SELL,857,44.517005920410156,38151.074073791504,0.0
2020-07-02,2357.TW,SELL,260,144.05487060546875,37454.266357421875,0.0
2020-07-02,2049.TW,BUY,150,252.3406982421875,37851.104736328125,0.0
2020-07-03,2357.TW,BUY,266,143.06362915039062,38054.925354003906,0.0
2020-07-03,6415.TW,BUY,1,476.2225646972656,476.2225646972656,0.0
2020-07-03,3661.TW,BUY,75,505.41229248046875,37905.921936035156,0.0
2020-07-03,2327.TW,BUY,3,84.73865509033203,254.2159652709961,0.0
2020-07-03,2207.TW,BUY,65,584.4700927734375,37990.55603027344,0.0
2020-07-03,2890.TW,SELL,4880,7.762235164642334,37879.70760345459,0.0
2020-07-03,2454.TW,SELL,95,405.05645751953125,38480.36346435547,0.0
2020-07-03,2049.TW,SELL,150,255.31944274902344,38297.916412353516,0.0
2020-07-06,6415.TW,BUY,1,476.2225646972656,476.2225646972656,0.0
2020-07-06,2412.TW,BUY,435,89.17191314697266,38789.782218933105,0.0
2020-07-06,2357.TW,BUY,3,144.38525390625,433.15576171875,0.0
2020-07-06,9910.TW,BUY,372,104.28557586669922,38794.23422241211,0.0
2020-07-06,3661.TW,SELL,75,528.985595703125,39673.919677734375,0.0
2020-07-06,2207.TW,SELL,65,606.3270263671875,39411.25671386719,0.0
2020-07-06,2327.TW,BUY,6,85.07581329345703,510.4548797607422,0.0
2020-07-07,2327.TW,SELL,456,88.22260284423828,40229.506896972656,0.0
2020-07-07,2357.TW,SELL,269,146.36766052246094,39372.90068054199,0.0
2020-07-07,9910.TW,SELL,372,103.98590850830078,38682.75796508789,0.0
2020-07-07,2412.TW,BUY,8,88.7738265991211,710.1906127929688,0.0
2020-07-07,3037.TW,BUY,802,48.98624038696289,39286.96479034424,0.0
2020-07-07,3231.TW,BUY,1507,26.094350814819336,39324.18667793274,0.0
2020-07-07,3661.TW,BUY,76,516.7274780273438,39271.288330078125,0.0
2020-07-08,3231.TW,BUY,55,25.300174713134766,1391.509609222412,0.0
2020-07-08,6415.TW,BUY,1,481.020751953125,481.020751953125,0.0
2020-07-08,2327.TW,BUY,454,86.98635864257812,39491.80682373047,0.0
2020-07-08,9910.TW,BUY,387,101.88821411132812,39430.738861083984,0.0
2020-07-08,3037.TW,SELL,802,49.33676528930664,39568.085762023926,0.0
2020-07-08,2412.TW,SELL,443,89.17191314697266,39503.15752410889,0.0
2020-07-08,3661.TW,SELL,4,542.1866455078125,2168.74658203125,0.0
2020-07-09,3231.TW,SELL,1562,25.262359619140625,39459.805725097656,0.0
2020-07-09,9910.TW,SELL,387,105.48426818847656,40822.41178894043,0.0
2020-07-09,2327.TW,BUY,5,85.30057525634766,426.5028762817383,0.0
2020-07-09,2412.TW,BUY,445,87.97764587402344,39150.05241394043,0.0
2020-07-09,3661.TW,BUY,1,533.7002563476562,533.7002563476562,0.0
2020-07-09,3665.TW,BUY,223,175.74411010742188,39190.93655395508,0.0
2020-07-09,6415.TW,BUY,2,461.827880859375,923.65576171875,0.0
2020-07-10,3661.TW,BUY,4,492.2111511230469,1968.8446044921875,0.0
2020-07-10,3443.TW,BUY,132,287.2314453125,37914.55078125,0.0
2020-07-10,3231.TW,BUY,1544,24.61945343017578,38012.436096191406,0.0
2020-07-10,3008.TW,BUY,11,3176.184326171875,34938.027587890625,0.0
2020-07-10,2412.TW,SELL,445,88.37574005126953,39327.20432281494,0.0
2020-07-10,2327.TW,SELL,459,83.27763366699219,38224.433853149414,0.0
2020-07-10,3665.TW,SELL,223,171.25875854492188,38190.70315551758,0.0
2020-07-13,3231.TW,SELL,1544,25.867443084716797,39939.332122802734,0.0
2020-07-13,3443.TW,SELL,132,291.44854736328125,38471.208251953125,0.0
2020-07-13,3661.TW,SELL,3,523.3279418945312,1569.9838256835938,0.0
2020-07-13,3008.TW,BUY,1,3136.5810546875,3136.5810546875,0.0
2020-07-13,3034.TW,BUY,227,171.25083923339844,38873.940505981445,0.0
2020-07-13,3037.TW,BUY,824,47.23360061645508,38920.486907958984,0.0
2020-07-13,6415.TW,BUY,2,449.8323669433594,899.6647338867188,0.0
2020-07-14,3661.TW,BUY,1,506.3552551269531,506.3552551269531,0.0
2020-07-14,6415.TW,BUY,2,430.6395568847656,861.2791137695312,0.0
2020-07-14,3037.TW,BUY,8,45.74385452270508,365.9508361816406,0.0
2020-07-14,3019.TW,BUY,637,59.77420425415039,38076.1681098938,0.0
2020-07-14,2454.TW,BUY,88,430.7917785644531,37909.676513671875,0.0
2020-07-14,3034.TW,SELL,227,168.41241455078125,38229.618103027344,0.0
2020-07-14,3008.TW,SELL,12,3184.10498046875,38209.259765625,0.0
2020-07-15,2454.TW,SELL,1,429.38165283203125,429.38165283203125,0.0
2020-07-15,3037.TW,SELL,832,46.35544967651367,38567.734130859375,0.0
2020-07-15,3443.TW,BUY,133,280.20294189453125,37266.991271972656,0.0
2020-07-15,3661.TW,BUY,3,475.2384033203125,1425.7152099609375,0.0
2020-07-15,6415.TW,BUY,1,419.8435363769531,419.8435363769531,0.0
2020-07-16,3661.TW,BUY,1,462.03729248046875,462.03729248046875,0.0
2020-07-16,3443.TW,BUY,2,271.7687072753906,543.5374145507812,0.0
2020-07-16,3008.TW,BUY,11,3168.263427734375,34850.897705078125,0.0
2020-07-16,6415.TW,SELL,2,419.8435363769531,839.6870727539062,0.0
2020-07-16,3019.TW,SELL,637,58.86853790283203,37499.258644104004,0.0
2020-07-17,2454.TW,SELL,87,427.97149658203125,37233.52020263672,0.0
2020-07-17,3008.TW,SELL,11,3164.303466796875,34807.338134765625,0.0
2020-07-17,3034.TW,BUY,221,165.2586212158203,36522.15528869629,0.0
2020-07-17,3037.TW,BUY,804,45.46055221557617,36550.28398132324,0.0
2020-07-17,3443.TW,BUY,2,266.14593505859375,532.2918701171875,0.0
2020-07-17,3661.TW,BUY,1,452.6080322265625,452.6080322265625,0.0
2020-07-20,6415.TW,BUY,1,417.4444580078125,417.4444580078125,0.0
2020-07-20,3661.TW,BUY,3,445.06451416015625,1335.1935424804688,0.0
2020-07-20,2454.TW,BUY,87,423.7411193847656,36865.47738647461,0.0
2020-07-20,3231.TW,BUY,1484,24.9219970703125,36984.24365234375,0.0
2020-07-20,3037.TW,SELL,804,47.78727722167969,38420.97088623047,0.0
2020-07-20,3034.TW,SELL,221,163.99713134765625,36243.36602783203,0.0
2020-07-20,3443.TW,SELL,2,273.1744384765625,546.348876953125,0.0
2020-07-21,2454.TW,SELL,87,449.123291015625,39073.726318359375,0.0
2020-07-21,3231.TW,SELL,1484,25.64053726196289,38050.55729675293,0.0
2020-07-21,3661.TW,SELL,5,489.3824157714844,2446.912078857422,0.0
2020-07-21,2474.TW,BUY,258,149.4489288330078,38557.823638916016,0.0
2020-07-21,3443.TW,BUY,3,279.734375,839.203125,0.0
2020-07-21,4938.TW,BUY,878,43.991981506347656,38624.95976257324,0.0
2020-07-21,6415.TW,BUY,3,421.6549987792969,1264.9649963378906,0.0
2020-07-22,3661.TW,SELL,78,518.6134033203125,40451.845458984375,0.0
2020-07-22,6415.TW,BUY,2,419.2455749511719,838.4911499023438,0.0
2020-07-22,3037.TW,BUY,775,50.56144714355469,39185.12153625488,0.0
2020-07-22,3008.TW,BUY,12,3203.906494140625,38446.8779296875,0.0
2020-07-22,3443.TW,SELL,138,286.2942810058594,39508.610778808594,0.0
2020-07-22,2474.TW,BUY,7,147.78836059570312,1034.5185241699219,0.0
2020-07-22,4938.TW,SELL,878,44.49516296386719,39066.75308227539,0.0
2020-07-22,2615.TW,BUY,3824,10.255354881286621,39216.47706604004,0.0
2020-07-23,6415.TW,SELL,2,422.8597412109375,845.719482421875,0.0
2020-07-23,2615.TW,SELL,10,10.169173240661621,101.69173240661621,0.0
2020-07-23,3037.TW,SELL,775,50.382469177246094,39046.41361236572,0.0
2020-07-23,2207.TW,BUY,64,603.8675537109375,38647.5234375,0.0
2020-07-24,3661.TW,BUY,76,498.81170654296875,37909.689697265625,0.0
2020-07-24,3231.TW,BUY,1475,25.791805267333984,38042.91276931763,0.0
2020-07-24,3443.TW,BUY,135,280.20294189453125,37827.39715576172,0.0
2020-07-24,2615.TW,SELL,3814,10.054267883300781,38346.97770690918,0.0
2020-07-24,3008.TW,SELL,12,3009.850341796875,36118.2041015625,0.0
2020-07-24,2474.TW,SELL,265,142.8067626953125,37843.79211425781,0.0
2020-07-27,3231.TW,SELL,1475,25.14890480041504,37094.63458061218,0.0
2020-07-27,3443.TW,SELL,135,287.6999816894531,38839.49752807617,0.0
2020-07-27,3661.TW,SELL,76,526.1567993164062,39987.916748046875,0.0
2020-07-27,6415.TW,SELL,1,422.8597412109375,422.8597412109375,0.0
2020-07-27,2207.TW,BUY,3,569.2194213867188,1707.6582641601562,0.0
2020-07-27,3019.TW,BUY,675,56.8101921081543,38346.87967300415,0.0
2020-07-27,9904.TW,BUY,1901,20.174880981445312,38352.44874572754,0.0
2020-07-27,9910.TW,BUY,376,101.88821411132812,38309.968505859375,0.0
2020-07-28,6415.TW,BUY,3,402.37933349609375,1207.1380004882812,0.0
2020-07-28,3661.TW,BUY,74,505.41229248046875,37400.50964355469,0.0
2020-07-28,3443.TW,BUY,138,270.83160400390625,37374.76135253906,0.0
2020-07-28,3019.TW,BUY,1,55.41053009033203,55.41053009033203,0.0
2020-07-28,9910.TW,SELL,376,100.68953704833984,37859.26593017578,0.0
2020-07-28,9904.TW,SELL,1901,19.80126953125,37642.21337890625,0.0
2020-07-28,2207.TW,SELL,1,561.7947387695312,561.7947387695312,0.0
2020-07-29,3019.TW,SELL,676,56.398529052734375,38125.40563964844,0.0
2020-07-29,3661.TW,SELL,74,531.8143920898438,39354.26501464844,0.0
2020-07-29,6415.TW,SELL,3,426.4739685058594,1279.4219055175781,0.0
2020-07-29,2207.TW,BUY,2,557.6701049804688,1115.3402099609375,0.0
2020-07-29,3008.TW,BUY,12,3049.45361328125,36593.443359375,0.0
2020-07-29,3037.TW,BUY,728,52.798675537109375,38437.435791015625,0.0
2020-07-29,3443.TW,BUY,2,273.6429748535156,547.2859497070312,0.0
2020-07-30,6415.TW,BUY,1,426.4739685058594,426.4739685058594,0.0
2020-07-30,3661.TW,BUY,73,532.75732421875,38891.28466796875,0.0
2020-07-30,3443.TW,BUY,2,272.70587158203125,545.4117431640625,0.0
2020-07-30,2454.TW,BUY,80,481.5560607910156,38524.48486328125,0.0
2020-07-30,2207.TW,SELL,68,564.2697143554688,38370.340576171875,0.0
2020-07-30,3037.TW,SELL,728,56.288761138916016,40978.21810913086,0.0
2020-07-30,3008.TW,SELL,12,3029.652099609375,36355.8251953125,0.0
2020-07-30,2303.TW,BUY,2367,16.472200393676758,38989.698331832886,0.0
2020-07-31,3443.TW,BUY,2,274.1115417480469,548.2230834960938,0.0
2020-07-31,3019.TW,BUY,698,56.8101921081543,39653.5140914917,0.0
2020-07-31,2330.TW,BUY,104,380.3093566894531,39552.173095703125,0.0
2020-07-31,6415.TW,BUY,2,422.8597412109375,845.719482421875,0.0
2020-07-31,3661.TW,SELL,73,564.8170166015625,41231.64221191406,0.0
2020-07-31,2454.TW,SELL,80,494.2471923828125,39539.775390625,0.0
2020-07-31,2303.TW,SELL,2367,16.583499908447266,39253.14428329468,0.0
2020-07-31,2207.TW,BUY,71,552.7203369140625,39243.14392089844,0.0
2020-08-03,3019.TW,SELL,698,56.8101921081543,39653.5140914917,0.0
2020-08-03,3443.TW,SELL,144,285.357177734375,41091.43359375,0.0
2020-08-03,2207.TW,BUY,3,532.096435546875,1596.289306640625,0.0
2020-08-03,2330.TW,BUY,2,371.8182678222656,743.6365356445312,0.0
2020-08-03,2454.TW,BUY,80,490.7218322753906,39257.74658203125,0.0
2020-08-03,2912.TW,BUY,183,215.5683135986328,39449.001388549805,0.0
2020-08-04,3008.TW,BUY,13,3021.730712890625,39282.499267578125,0.0
2020-08-04,3711.TW,BUY,775,52.60687255859375,40770.326232910156,0.0
2020-08-04,6415.TW,BUY,2,428.8833923339844,857.7667846679688,0.0
2020-08-04,2881.TW,BUY,1624,25.096193313598633,40756.21794128418,0.0
2020-08-04,2330.TW,SELL,106,380.3093566894531,40312.79180908203,0.0
2020-08-04,2912.TW,SELL,183,220.30606079101562,40316.00912475586,0.0
2020-08-04,2454.TW,SELL,80,516.1040649414062,41288.3251953125,0.0
2020-08-04,2207.TW,SELL,74,556.0201416015625,41145.490478515625,0.0
2020-08-04,1303.TW,BUY,832,48.99852752685547,40766.77490234375,0.0
2020-08-05,3443.TW,BUY,140,293.32281494140625,41065.194091796875,0.0
2020-08-05,2454.TW,BUY,80,514.6939086914062,41175.5126953125,0.0
2020-08-05,2207.TW,BUY,75,546.945556640625,41020.916748046875,0.0
2020-08-05,6415.TW,SELL,3,445.7496032714844,1337.2488098144531,0.0
2020-08-05,2884.TW,BUY,2233,18.484272003173828,41275.37938308716,0.0
2020-08-05,3008.TW,SELL,13,3085.096435546875,40106.253662109375,0.0
2020-08-05,2881.TW,SELL,1624,25.156959533691406,40854.902282714844,0.0
2020-08-05,1303.TW,SELL,832,49.24189376831055,40969.255615234375,0.0
2020-08-05,3711.TW,SELL,775,52.383331298828125,40597.0817565918,0.0
2020-08-06,2207.TW,SELL,1,549.4204711914062,549.4204711914062,0.0
2020-08-06,2454.TW,SELL,80,516.1040649414062,41288.3251953125,0.0
2020-08-06,2884.TW,SELL,2233,18.552988052368164,41428.82232093811,0.0
2020-08-06,2049.TW,BUY,157,260.8513488769531,40953.66177368164,0.0
2020-08-06,2382.TW,BUY,748,54.713008880615234,40925.330642700195,0.0
2020-08-06,3443.TW,BUY,4,283.48291015625,1133.931640625,0.0
2020-08-06,6415.TW,BUY,1,438.5212707519531,438.5212707519531,0.0
2020-08-07,2303.TW,BUY,2148,18.99496841430664,40801.192153930664,0.0
2020-08-07,3661.TW,BUY,64,631.7653198242188,40432.98046875,0.0
2020-08-07,2207.TW,BUY,1,537.87109375,537.87109375,0.0
2020-08-07,2454.TW,BUY,82,497.0674133300781,40759.527893066406,0.0
2020-08-07,2382.TW,SELL,748,54.56941223144531,40817.920349121094,0.0
2020-08-07,2049.TW,SELL,157,260.8513488769531,40953.66177368164,0.0
2020-08-07,3443.TW,SELL,144,287.2314453125,41361.328125,0.0
2020-08-10,2207.TW,SELL,75,551.0703735351562,41330.27801513672,0.0
2020-08-10,2454.TW,SELL,82,497.7724914550781,40817.344299316406,0.0
2020-08-10,3661.TW,SELL,64,635.5369873046875,40674.3671875,0.0
2020-08-10,2303.TW,BUY,30,18.772371292114258,563.1711387634277,0.0
2020-08-10,2327.TW,BUY,473,86.4244384765625,40878.75939941406,0.0
2020-08-10,3034.TW,BUY,225,181.02760314941406,40731.210708618164,0.0
2020-08-10,3443.TW,BUY,144,282.0771789550781,40619.11376953125,0.0
2020-08-10,6415.TW,BUY,2,430.0881652832031,860.1763305664062,0.0
2020-08-11,6415.TW,BUY,1,421.6549987792969,421.6549987792969,0.0
2020-08-11,3661.TW,BUY,65,617.6212768554688,40145.38299560547,0.0
2020-08-11,2454.TW,BUY,83,488.6066589355469,40554.35269165039,0.0
2020-08-11,2303.TW,BUY,18,18.549774169921875,333.89593505859375,0.0
2020-08-11,2327.TW,SELL,473,86.64920043945312,40985.07180786133,0.0
2020-08-11,3034.TW,SELL,225,182.6044921875,41086.0107421875,0.0
2020-08-12,2454.TW,SELL,1,479.4408874511719,479.4408874511719,0.0
2020-08-12,3443.TW,SELL,1,275.5172424316406,275.5172424316406,0.0
2020-08-12,6415.TW,SELL,96,422.8597412109375,40594.53515625,0.0
2020-08-12,2303.TW,BUY,27,17.77068519592285,479.808500289917,0.0
2020-08-12,3034.TW,BUY,222,177.87380981445312,39487.985778808594,0.0
2020-08-12,3661.TW,BUY,3,575.1893920898438,1725.5681762695312,0.0
2020-08-13,3037.TW,BUY,552,72.12835693359375,39814.85302734375,0.0
2020-08-13,6415.TW,BUY,94,422.8597412109375,39748.815673828125,0.0
2020-08-13,3443.TW,BUY,2,273.6429748535156,547.2859497070312,0.0
2020-08-13,3008.TW,BUY,12,3110.8935546875,37330.72265625,0.0
2020-08-13,3661.TW,SELL,68,599.7056274414062,40779.982666015625,0.0
2020-08-13,3034.TW,SELL,222,179.45068359375,39838.0517578125,0.0
2020-08-13,2454.TW,SELL,82,482.2611389160156,39545.41339111328,0.0
2020-08-13,2303.TW,BUY,37,17.622285842895508,652.0245761871338,0.0
2020-08-14,2474.TW,BUY,295,136.8287811279297,40364.49043273926,0.0
2020-08-14,3008.TW,SELL,12,3114.93359375,37379.203125,0.0
2020-08-14,3037.TW,SELL,552,76.06588745117188,41988.369873046875,0.0
2020-08-14,3443.TW,SELL,2,282.5457763671875,565.091552734375,0.0
2020-08-14,2303.TW,BUY,52,17.473888397216797,908.6421966552734,0.0
2020-08-14,2454.TW,BUY,84,479.4408874511719,40273.03454589844,0.0
2020-08-14,6415.TW,BUY,2,419.2455749511719,838.4911499023438,0.0
2020-08-17,6415.TW,BUY,1,415.6313781738281,415.6313781738281,0.0
2020-08-17,3661.TW,BUY,66,608.1920166015625,40140.673095703125,0.0
2020-08-17,3037.TW,BUY,546,74.27610778808594,40554.75485229492,0.0
2020-08-17,2303.TW,SELL,2312,17.91908073425293,41428.91465759277,0.0
2020-08-17,2474.TW,SELL,295,136.8287811279297,40364.49043273926,0.0
2020-08-18,3008.TW,BUY,12,3001.810302734375,36021.7236328125,0.0
2020-08-18,3034.TW,BUY,232,167.46629333496094,38852.18005371094,0.0
2020-08-18,2454.TW,BUY,5,435.0221252441406,2175.110626220703,0.0
2020-08-18,6415.TW,BUY,7,374.6706237792969,2622.694366455078,0.0
2020-08-18,3443.TW,SELL,143,281.608642578125,40270.035888671875,0.0
2020-08-18,3037.TW,SELL,546,75.26049041748047,41092.227767944336,0.0
2020-08-18,3661.TW,SELL,2,599.7056274414062,1199.4112548828125,0.0
2020-08-19,4938.TW,BUY,823,47.87363052368164,39399.99792098999,0.0
2020-08-19,2474.TW,BUY,302,130.18661499023438,39316.35772705078,0.0
2020-08-19,2454.TW,BUY,2,429.38165283203125,858.7633056640625,0.0
2020-08-19,2303.TW,BUY,2271,17.36258888244629,39430.43935203552,0.0
2020-08-19,3034.TW,SELL,232,169.3585662841797,39291.18737792969,0.0
2020-08-19,3661.TW,SELL,64,606.3062133789062,38803.59765625,0.0
2020-08-19,3008.TW,SELL,12,3009.890869140625,36118.6904296875,0.0
2020-08-19,6415.TW,SELL,4,392.7415466308594,1570.9661865234375,0.0
2020-08-20,3661.TW,BUY,68,564.044189453125,38355.0048828125,0.0
2020-08-20,2474.TW,BUY,2,126.5334243774414,253.0668487548828,0.0
2020-08-20,2454.TW,BUY,5,398.3589782714844,1991.7948913574219,0.0
2020-08-20,3037.TW,BUY,540,71.32295227050781,38514.39422607422,0.0
2020-08-20,6415.TW,SELL,100,431.2928771972656,43129.28771972656,0.0
2020-08-20,4938.TW,SELL,823,46.00468826293945,37861.85844039917,0.0
2020-08-20,2303.TW,BUY,113,16.17540168762207,1827.820390701294,0.0
2020-08-21,3661.TW,BUY,1,570.679931640625,570.679931640625,0.0
2020-08-21,2454.TW,SELL,96,425.8562927246094,40882.2041015625,0.0
2020-08-21,2474.TW,SELL,304,135.16824340820312,41091.14599609375,0.0
2020-08-21,2303.TW,BUY,77,16.17540168762207,1245.5059299468994,0.0
2020-08-21,3008.TW,BUY,13,2864.446533203125,37237.804931640625,0.0
2020-08-21,3037.TW,BUY,11,72.12835693359375,793.4119262695312,0.0
2020-08-21,4938.TW,BUY,859,46.29222106933594,39765.01789855957,0.0
2020-08-24,3037.TW,BUY,13,70.87550354003906,921.3815460205078,0.0
2020-08-24,4938.TW,BUY,19,45.50151062011719,864.5287017822266,0.0
2020-08-24,2454.TW,BUY,96,412.460205078125,39596.1796875,0.0
2020-08-24,2303.TW,SELL,2461,16.76899528503418,41268.497396469116,0.0
2020-08-24,3008.TW,SELL,13,2912.927734375,37868.060546875,0.0
2020-08-24,2327.TW,BUY,533,74.96112060546875,39954.277282714844,0.0
2020-08-25,2327.TW,SELL,533,74.84873962402344,39894.37821960449,0.0
2020-08-25,2454.TW,SELL,96,415.28045654296875,39866.923828125,0.0
2020-08-25,4938.TW,SELL,8,45.860923767089844,366.88739013671875,0.0
2020-08-25,2303.TW,BUY,2430,16.43509864807129,39937.28971481323,0.0
2020-08-25,2474.TW,BUY,283,140.81407165527344,39850.38227844238,0.0
2020-08-25,3037.TW,BUY,3,70.42806243896484,211.28418731689453,0.0
2020-08-25,3661.TW,BUY,1,565.9401245117188,565.9401245117188,0.0
2020-08-26,4938.TW,BUY,7,45.7171630859375,320.0201416015625,0.0
2020-08-26,3034.TW,BUY,250,160.2125701904297,40053.14254760742,0.0
2020-08-26,3008.TW,BUY,14,2856.3662109375,39989.126953125,0.0
2020-08-26,2474.TW,SELL,283,141.4783172607422,40038.36378479004,0.0
2020-08-26,2303.TW,SELL,2430,16.583499908447266,40297.904777526855,0.0
2020-08-26,3037.TW,SELL,4,71.23347473144531,284.93389892578125,0.0
2020-08-27,4938.TW,SELL,877,45.93280792236328,40283.0725479126,0.0
2020-08-27,2474.TW,BUY,289,135.50035095214844,39159.6014251709,0.0
2020-08-27,3037.TW,BUY,4,69.17521667480469,276.70086669921875,0.0
2020-08-27,3661.TW,BUY,2,544.1366577148438,1088.2733154296875,0.0
2020-08-28,3661.TW,BUY,1,524.2293090820312,524.2293090820312,0.0
2020-08-28,4938.TW,BUY,856,45.213985443115234,38703.17153930664,0.0
2020-08-28,3443.TW,BUY,152,254.43177795410156,38673.63024902344,0.0
2020-08-28,3037.TW,BUY,13,66.66950988769531,866.7036285400391,0.0
2020-08-28,3034.TW,SELL,250,156.42803955078125,39107.00988769531,0.0
2020-08-28,2474.TW,SELL,289,137.82513427734375,39831.463806152344,0.0
2020-08-31,3008.TW,SELL,14,2735.162353515625,38292.27294921875,0.0
2020-08-31,3037.TW,SELL,4,65.86412048339844,263.45648193359375,0.0
2020-08-31,4938.TW,SELL,856,44.92645263671875,38457.04345703125,0.0
2020-08-31,2303.TW,BUY,2412,15.730207443237305,37941.26035308838,0.0
2020-08-31,2474.TW,BUY,284,133.1755828857422,37821.86553955078,0.0
2020-08-31,3443.TW,BUY,1,247.871826171875,247.871826171875,0.0
2020-08-31,3661.TW,BUY,2,499.58197021484375,999.1639404296875,0.0
2020-09-01,6415.TW,BUY,88,443.34014892578125,39013.93310546875,0.0
2020-09-01,5871.TW,BUY,459,85.12220001220703,39071.08980560303,0.0
2020-09-01,3661.TW,BUY,1,512.8536987304688,512.8536987304688,0.0
2020-09-01,2615.TW,BUY,3132,12.488468170166016,39113.88230895996,0.0
2020-09-01,2303.TW,SELL,2412,16.249601364135742,39194.03849029541,0.0
2020-09-01,3443.TW,SELL,153,254.90036010742188,38999.75509643555,0.0
2020-09-01,3037.TW,SELL,576,69.26470947265625,39896.47265625,0.0
2020-09-01,2474.TW,BUY,5,135.16824340820312,675.8412170410156,0.0
2020-09-02,3443.TW,BUY,156,251.620361328125,39252.7763671875,0.0
2020-09-02,9910.TW,BUY,316,124.03990173339844,39196.608947753906,0.0
2020-09-02,3037.TW,BUY,571,68.72777557373047,39243.5598526001,0.0
2020-09-02,3661.TW,BUY,2,501.4779052734375,1002.955810546875,0.0
2020-09-02,6415.TW,SELL,88,460.20635986328125,40498.15966796875,0.0
2020-09-02,5871.TW,SELL,459,86.12364959716797,39530.7551651001,0.0
2020-09-02,2474.TW,SELL,289,135.50035095214844,39159.6014251709,0.0
2020-09-02,2615.TW,BUY,49,12.339439392089844,604.6325302124023,0.0
2020-09-03,4938.TW,BUY,875,45.789039611816406,40065.409660339355,0.0
2020-09-03,3443.TW,BUY,3,251.15176391601562,753.4552917480469,0.0
2020-09-03,3231.TW,BUY,1672,23.97654914855957,40088.7901763916,0.0
2020-09-03,6415.TW,BUY,91,437.3165283203125,39795.80407714844,0.0
2020-09-03,9910.TW,SELL,316,124.03990173339844,39196.608947753906,0.0
2020-09-03,3661.TW,SELL,78,550.7724609375,42960.251953125,0.0
2020-09-03,3037.TW,SELL,571,70.33856964111328,40163.32326507568,0.0
2020-09-03,2615.TW,BUY,109,12.190411567687988,1328.7548608779907,0.0
2020-09-04,3231.TW,SELL,1672,24.014366149902344,40152.02020263672,0.0
2020-09-04,3443.TW,SELL,159,254.43177795410156,40454.65269470215,0.0
2020-09-04,4938.TW,SELL,875,45.7171630859375,40002.51770019531,0.0
2020-09-04,2308.TW,BUY,240,166.38507080078125,39932.4169921875,0.0
2020-09-04,2615.TW,BUY,62,11.922163009643555,739.1741065979004,0.0
2020-09-04,3037.TW,BUY,590,67.7433853149414,39968.59733581543,0.0
2020-09-04,3661.TW,BUY,77,514.7496337890625,39635.72180175781,0.0
2020-09-04,6415.TW,BUY,1,433.7023010253906,433.7023010253906,0.0
2020-09-07,4938.TW,BUY,849,45.213985443115234,38386.673641204834,0.0
2020-09-07,3665.TW,BUY,186,206.2996368408203,38371.73245239258,0.0
2020-09-07,3037.TW,BUY,5,64.52176666259766,322.6088333129883,0.0
2020-09-07,3661.TW,BUY,5,463.5589904785156,2317.794952392578,0.0
2020-09-07,2615.TW,SELL,3352,12.011580467224121,40262.817726135254,0.0
2020-09-07,2308.TW,SELL,240,162.806884765625,39073.65234375,0.0
2020-09-07,6415.TW,SELL,1,418.0408630371094,418.0408630371094,0.0
2020-09-08,3037.TW,SELL,18,65.50615692138672,1179.110824584961,0.0
2020-09-08,3665.TW,SELL,186,208.85182189941406,38846.438873291016,0.0
2020-09-08,4938.TW,SELL,16,45.35774230957031,725.723876953125,0.0
2020-09-08,2615.TW,BUY,3171,11.922163009643555,37805.17890357971,0.0
2020-09-08,3661.TW,BUY,8,418.5302429199219,3348.241943359375,0.0
2020-09-09,3661.TW,BUY,8,379.663330078125,3037.306640625,0.0
2020-09-09,3443.TW,BUY,154,241.7804718017578,37234.1926574707,0.0
2020-09-09,2474.TW,BUY,283,131.3096160888672,37160.621353149414,0.0
2020-09-09,3034.TW,BUY,248,149.80506896972656,37151.65710449219,0.0
2020-09-09,3037.TW,SELL,577,66.13257598876953,38158.49634552002,0.0
2020-09-09,2615.TW,SELL,3171,12.16060733795166,38561.285868644714,0.0
2020-09-09,4938.TW,SELL,833,45.42963409423828,37842.88520050049,0.0
2020-09-10,3034.TW,SELL,248,153.58961486816406,38090.22448730469,0.0
2020-09-10,3443.TW,SELL,154,240.84332275390625,37089.87170410156,0.0
2020-09-10,3661.TW,SELL,3,393.40899658203125,1180.2269897460938,0.0
2020-09-10,6415.TW,SELL,91,412.0172424316406,37493.5690612793,0.0
2020-09-10,2474.TW,BUY,8,129.21424865722656,1033.7139892578125,0.0
2020-09-10,3037.TW,BUY,576,65.23768615722656,37576.9072265625,0.0
2020-09-10,3665.TW,BUY,185,203.32212829589844,37614.59373474121,0.0
2020-09-10,4938.TW,BUY,833,45.1421012878418,37603.37037277222,0.0
2020-09-11,3661.TW,BUY,1,389.6170959472656,389.6170959472656,0.0
2020-09-11,3037.TW,BUY,5,64.70075988769531,323.50379943847656,0.0
2020-09-11,2474.TW,SELL,291,131.65884399414062,38312.72360229492,0.0
2020-09-11,2615.TW,BUY,3154,11.922163009643555,37602.50213241577,0.0
2020-09-14,3037.TW,SELL,581,68.01185607910156,39514.88838195801,0.0
2020-09-14,3661.TW,SELL,6,428.4839782714844,2570.9038696289062,0.0
2020-09-14,4938.TW,SELL,833,45.860923767089844,38202.14949798584,0.0
2020-09-14,2049.TW,BUY,136,283.50518798828125,38556.70556640625,0.0
2020-09-14,2474.TW,BUY,290,132.70652770996094,38484.89303588867,0.0
2020-09-14,2615.TW,BUY,124,11.773138999938965,1459.8692359924316,0.0
2020-09-14,3665.TW,BUY,10,197.79244995117188,1977.9244995117188,0.0
2020-09-15,9910.TW,BUY,313,123.67292785644531,38709.62641906738,0.0
2020-09-15,6415.TW,BUY,91,421.6549987792969,38370.604888916016,0.0
2020-09-15,3443.TW,BUY,155,249.74607849121094,38710.642166137695,0.0
2020-09-15,3231.TW,BUY,1723,22.501649856567383,38770.3427028656,0.0
2020-09-15,3661.TW,SELL,90,434.17181396484375,39075.46325683594,0.0
2020-09-15,3665.TW,SELL,195,199.9192352294922,38984.25086975098,0.0
2020-09-15,2615.TW,SELL,3278,11.802942276000977,38690.0447807312,0.0
2020-09-15,2049.TW,SELL,136,282.62335205078125,38436.77587890625,0.0
2020-09-15,2474.TW,BUY,2,132.70652770996094,265.4130554199219,0.0
2020-09-16,2207.TW,BUY,74,524.6718139648438,38825.71423339844,0.0
2020-09-16,9904.TW,BUY,1842,21.173635482788086,39001.836559295654,0.0
2020-09-16,2474.TW,BUY,5,130.96038818359375,654.8019409179688,0.0
2020-09-16,2049.TW,BUY,140,277.3323669433594,38826.53137207031,0.0
2020-09-16,2105.TW,BUY,1300,30.009084701538086,39011.81011199951,0.0
2020-09-16,6415.TW,SELL,91,431.2928771972656,39247.65182495117,0.0
2020-09-16,3443.TW,SELL,155,252.08888244628906,39073.776779174805,0.0
2020-09-16,3231.TW,SELL,1723,22.766376495361328,39226.46670150757,0.0
2020-09-16,9910.TW,SELL,313,123.67292785644531,38709.62641906738,0.0
2020-09-17,6415.TW,BUY,94,412.0172424316406,38729.62078857422,0.0
2020-09-17,3443.TW,BUY,156,247.871826171875,38668.0048828125,0.0
2020-09-17,2049.TW,BUY,2,271.6005859375,543.201171875,0.0
2020-09-17,2105.TW,BUY,5,29.734485626220703,148.67242813110352,0.0
2020-09-17,9904.TW,SELL,1842,21.252058029174805,39146.29088973999,0.0
2020-09-17,2474.TW,SELL,297,129.91270446777344,38584.07322692871,0.0
2020-09-17,2207.TW,SELL,74,528.796630859375,39130.95068359375,0.0
2020-09-17,1216.TW,BUY,760,51.05624771118164,38802.74826049805,0.0
2020-09-18,3037.TW,BUY,549,69.98062133789062,38419.36111450195,0.0
2020-09-18,1216.TW,SELL,760,51.05624771118164,38802.74826049805,0.0
2020-09-18,2105.TW,SELL,1305,29.57757568359375,38598.736267089844,0.0
2020-09-18,6415.TW,SELL,94,413.2218933105469,38842.857971191406,0.0
2020-09-18,2002.TW,BUY,2241,17.173776626586914,38486.433420181274,0.0
2020-09-18,2049.TW,BUY,3,264.5459899902344,793.6379699707031,0.0
2020-09-18,2474.TW,BUY,297,129.21424865722656,38376.63185119629,0.0
2020-09-18,3443.TW,BUY,1,244.5918731689453,244.5918731689453,0.0
2020-09-21,2327.TW,BUY,488,78.22029876708984,38171.505798339844,0.0
2020-09-21,2474.TW,BUY,7,125.37274169921875,877.6091918945312,0.0
2020-09-21,2049.TW,BUY,4,255.7278289794922,1022.9113159179688,0.0
2020-09-21,2303.TW,BUY,2048,18.661073684692383,38217.87890625,0.0
2020-09-21,3037.TW,SELL,8,70.60704040527344,564.8563232421875,0.0
2020-09-21,2002.TW,SELL,2241,17.173776626586914,38486.433420181274,0.0
2020-09-21,3443.TW,SELL,157,249.2775421142578,39136.57411193848,0.0
2020-09-22,6415.TW,BUY,91,410.8124694824219,37383.93472290039,0.0
2020-09-22,2303.TW,SELL,2048,18.623973846435547,38141.8984375,0.0
2020-09-22,2327.TW,SELL,488,77.32120513916016,37732.748107910156,0.0
2020-09-22,2474.TW,SELL,304,125.72196960449219,38219.478759765625,0.0
2020-09-22,2049.TW,BUY,3,247.3505096435547,742.0515289306641,0.0
2020-09-22,2105.TW,BUY,1298,29.06761932373047,37729.76988220215,0.0
2020-09-22,3037.TW,BUY,3,69.26470947265625,207.79412841796875,0.0
2020-09-22,3443.TW,BUY,156,241.3118896484375,37644.65478515625,0.0
2020-09-23,2615.TW,BUY,3298,11.624109268188477,38336.312366485596,0.0
2020-09-23,2330.TW,BUY,98,389.5862731933594,38179.45477294922,0.0
2020-09-23,2327.TW,BUY,499,76.75929260253906,38302.88700866699,0.0
2020-09-23,2207.TW,BUY,73,518.8971557617188,37879.49237060547,0.0
2020-09-23,2105.TW,SELL,1298,29.263755798339844,37984.35502624512,0.0
2020-09-23,3443.TW,SELL,156,250.2146453857422,39033.48468017578,0.0
2020-09-23,3037.TW,SELL,544,69.17521667480469,37631.31787109375,0.0
2020-09-23,2049.TW,SELL,152,255.2869110107422,38803.61047363281,0.0
2020-09-23,2886.TW,BUY,1878,20.415645599365234,38340.58243560791,0.0
2020-09-23,6415.TW,SELL,91,413.2218933105469,37603.192291259766,0.0
2020-09-24,3019.TW,BUY,708,52.61118698120117,37248.72038269043,0.0
2020-09-24,2886.TW,SELL,1878,20.044452667236328,37643.482109069824,0.0
2020-09-24,3037.TW,BUY,564,66.04309844970703,37248.307525634766,0.0
2020-09-24,2327.TW,BUY,1,74.39918518066406,74.39918518066406,0.0
2020-09-24,2615.TW,SELL,3298,11.445277214050293,37746.524251937866,0.0
2020-09-24,2105.TW,BUY,1330,28.008474349975586,37251.27088546753,0.0
2020-09-24,2207.TW,BUY,2,490.8486022949219,981.6972045898438,0.0
2020-09-24,2330.TW,SELL,98,380.1499328613281,37254.693420410156,0.0
2020-09-25,3037.TW,BUY,5,64.87972259521484,324.3986129760742,0.0
2020-09-25,3019.TW,BUY,13,51.21151351928711,665.7496757507324,0.0
2020-09-25,2327.TW,BUY,7,72.82579803466797,509.7805862426758,0.0
2020-09-25,3661.TW,BUY,80,458.34515380859375,36667.6123046875,0.0
2020-09-25,2207.TW,SELL,75,497.4482727050781,37308.62045288086,0.0
2020-09-25,2105.TW,SELL,1330,28.243839263916016,37564.3062210083,0.0
2020-09-25,2303.TW,BUY,1991,18.549774169921875,36932.60037231445,0.0
2020-09-28,3665.TW,BUY,205,186.7330780029297,38280.280990600586,0.0
2020-09-28,2303.TW,SELL,1991,20.404752731323242,40625.862688064575,0.0
2020-09-28,2327.TW,SELL,507,74.51156616210938,37777.36404418945,0.0
2020-09-28,3019.TW,SELL,721,53.763858795166016,38763.7421913147,0.0
2020-09-28,3037.TW,SELL,569,69.35418701171875,39462.53240966797,0.0
2020-09-28,1301.TW,BUY,584,65.64865112304688,38338.812255859375,0.0
2020-09-28,3008.TW,BUY,14,2719.002197265625,38066.03076171875,0.0
2020-09-28,3661.TW,BUY,7,436.0677795410156,3052.4744567871094,0.0
2020-09-28,6415.TW,BUY,92,415.6313781738281,38238.08679199219,0.0
2020-09-29,3019.TW,BUY,737,52.775848388671875,38895.80026245117,0.0
2020-09-29,3037.TW,BUY,587,66.31155395507812,38924.88217163086,0.0
2020-09-29,2303.TW,BUY,1908,20.404752731323242,38932.268211364746,0.0
2020-09-29,2357.TW,BUY,236,164.87010192871094,38909.34405517578,0.0
2020-09-29,3665.TW,SELL,205,189.28526306152344,38803.478927612305,0.0
2020-09-29,6415.TW,SELL,92,436.1117858886719,40122.28430175781,0.0
2020-09-29,3661.TW,SELL,87,446.4954833984375,38845.10705566406,0.0
2020-09-29,1301.TW,SELL,584,65.23524475097656,38097.38293457031,0.0
2020-09-30,6415.TW,BUY,96,410.8124694824219,39437.9970703125,0.0
2020-09-30,3037.TW,BUY,5,66.58002471923828,332.9001235961914,0.0
2020-09-30,2105.TW,BUY,1362,28.949934005737305,39429.81011581421,0.0
2020-09-30,2049.TW,BUY,157,251.31871032714844,39457.037521362305,0.0
2020-09-30,9910.TW,BUY,309,127.34275817871094,39348.91227722168,0.0
2020-09-30,3008.TW,SELL,14,2714.962158203125,38009.47021484375,0.0
2020-09-30,2357.TW,SELL,236,167.51332092285156,39533.14373779297,0.0
2020-09-30,2303.TW,SELL,1908,21.183841705322266,40418.76997375488,0.0
2020-09-30,3019.TW,SELL,737,53.022850036621094,39077.840476989746,0.0
2020-10-05,3661.TW,BUY,90,449.3393859863281,40440.54473876953,0.0
2020-10-05,3034.TW,BUY,248,163.99713134765625,40671.28857421875,0.0
2020-10-05,3008.TW,BUY,15,2662.440185546875,39936.602783203125,0.0
2020-10-05,2412.TW,BUY,479,85.19103240966797,40806.50452423096,0.0
2020-10-05,2357.TW,BUY,250,163.21810913085938,40804.527282714844,0.0
2020-10-05,9910.TW,SELL,309,128.44369506835938,39689.10177612305,0.0
2020-10-05,3037.TW,SELL,592,69.98062133789062,41428.52783203125,0.0
2020-10-05,2105.TW,SELL,1362,29.734485626220703,40498.3694229126,0.0
2020-10-05,2049.TW,SELL,157,248.2323455810547,38972.478256225586,0.0
2020-10-05,6415.TW,SELL,96,451.77325439453125,43370.232421875,0.0
2020-10-06,3037.TW,BUY,594,69.53317260742188,41302.704528808594,0.0
2020-10-06,3045.TW,BUY,546,75.62345123291016,41290.404373168945,0.0
2020-10-06,2357.TW,BUY,2,163.5485076904297,327.0970153808594,0.0
2020-10-06,2303.TW,BUY,1964,21.035446166992188,41313.616271972656,0.0
2020-10-06,3661.TW,SELL,90,464.98095703125,41848.2861328125,0.0
2020-10-06,3034.TW,SELL,248,169.9893341064453,42157.35485839844,0.0
2020-10-06,2412.TW,SELL,479,85.98719787597656,41187.86778259277,0.0
2020-10-07,6415.TW,BUY,86,485.5056457519531,41753.48553466797,0.0
2020-10-07,3231.TW,BUY,1881,22.199108123779297,41756.52238082886,0.0
2020-10-07,2412.TW,BUY,492,84.79293823242188,41718.12561035156,0.0
2020-10-07,1216.TW,BUY,845,49.393951416015625,41737.8889465332,0.0
2020-10-07,9910.TW,BUY,322,129.5446319580078,41713.371490478516,0.0
2020-10-07,3037.TW,SELL,594,70.696533203125,41993.74072265625,0.0
2020-10-07,3008.TW,SELL,15,2601.83837890625,39027.57568359375,0.0
2020-10-07,2357.TW,SELL,252,163.21810913085938,41130.96350097656,0.0
2020-10-07,2303.TW,SELL,1964,21.88873291015625,42989.471435546875,0.0
2020-10-07,3045.TW,SELL,546,75.467529296875,41205.27099609375,0.0
2020-10-08,9910.TW,BUY,6,128.07672119140625,768.4603271484375,0.0
2020-10-08,3665.TW,BUY,225,186.30772399902344,41919.23789978027,0.0
2020-10-08,2882.TW,BUY,1438,29.234201431274414,42038.78165817261,0.0
2020-10-08,2615.TW,BUY,2963,14.187374114990234,42037.189502716064,0.0
2020-10-08,6415.TW,SELL,86,491.529296875,42271.51953125,0.0
2020-10-08,3231.TW,SELL,1881,22.463834762573242,42254.47318840027,0.0
2020-10-08,2412.TW,SELL,492,85.589111328125,42109.8427734375,0.0
2020-10-08,1216.TW,SELL,845,49.94805145263672,42206.10347747803,0.0
2020-10-08,2049.TW,BUY,174,241.6186981201172,42041.65347290039,0.0
2020-10-12,2615.TW,BUY,76,13.799904823303223,1048.792766571045,0.0
2020-10-12,3231.TW,BUY,1922,21.8209285736084,41939.82471847534,0.0
2020-10-12,3008.TW,BUY,16,2496.79541015625,39948.7265625,0.0
2020-10-12,2382.TW,BUY,797,52.63076400756836,41946.71891403198,0.0
2020-10-12,2049.TW,SELL,174,243.3823699951172,42348.53237915039,0.0
2020-10-12,9910.TW,SELL,328,128.44369506835938,42129.531982421875,0.0
2020-10-12,3665.TW,SELL,225,186.7330780029297,42014.94255065918,0.0
2020-10-12,2882.TW,SELL,1438,29.348255157470703,42202.79091644287,0.0
2020-10-12,2303.TW,BUY,1764,23.780811309814453,41949.351150512695,0.0
2020-10-13,3008.TW,BUY,1,2399.832275390625,2399.832275390625,0.0
2020-10-13,2303.TW,BUY,39,23.409814834594727,912.9827785491943,0.0
2020-10-13,2207.TW,BUY,79,528.796630859375,41774.933837890625,0.0
2020-10-13,3037.TW,BUY,551,76.51333618164062,42158.848236083984,0.0
2020-10-13,3231.TW,SELL,1922,21.707475662231445,41721.76822280884,0.0
2020-10-13,2615.TW,SELL,3039,14.932511329650879,45379.90193080902,0.0
2020-10-13,2382.TW,SELL,797,53.06157302856445,42290.07370376587,0.0
2020-10-13,2105.TW,BUY,1446,29.185304641723633,42201.95051193237,0.0
2020-10-14,2105.TW,SELL,1446,29.106849670410156,42088.504623413086,0.0
2020-10-14,2207.TW,SELL,79,535.396240234375,42296.302978515625,0.0
2020-10-14,2303.TW,SELL,1803,23.892112731933594,43077.47925567627,0.0
2020-10-14,3037.TW,SELL,551,76.60283660888672,42208.16297149658,0.0
2020-10-14,2049.TW,BUY,176,239.85504150390625,42214.4873046875,0.0
2020-10-14,2615.TW,BUY,2899,14.6344575881958,42425.29254817963,0.0
2020-10-14,3661.TW,BUY,83,507.1657409667969,42094.75650024414,0.0
2020-10-14,6415.TW,BUY,93,452.97796630859375,42126.95086669922,0.0
2020-10-15,9910.TW,BUY,334,126.97576141357422,42409.90431213379,0.0
2020-10-15,6415.TW,BUY,1,448.1590270996094,448.1590270996094,0.0
2020-10-15,2615.TW,BUY,66,14.336400985717773,946.202465057373,0.0
2020-10-15,2303.TW,BUY,1816,23.409814834594727,42512.22373962402,0.0
2020-10-15,3661.TW,SELL,83,519.4894409179688,43117.623596191406,0.0
2020-10-15,3008.TW,SELL,17,2387.7119140625,40591.1025390625,0.0
2020-10-15,2049.TW,SELL,176,243.3823699951172,42835.297119140625,0.0
2020-10-15,2207.TW,BUY,81,521.3719482421875,42231.12780761719,0.0
2020-10-16,2207.TW,SELL,81,518.8971557617188,42030.66961669922,0.0
2020-10-16,9910.TW,SELL,334,128.8106689453125,43022.763427734375,0.0
2020-10-16,2303.TW,BUY,36,22.742023468017578,818.7128448486328,0.0
2020-10-16,2615.TW,BUY,36,14.038349151611328,505.3805694580078,0.0
2020-10-16,3037.TW,BUY,562,74.90252685546875,42095.22009277344,0.0
2020-10-16,3661.TW,BUY,88,473.9866638183594,41710.826416015625,0.0
2020-10-19,6415.TW,BUY,1,439.7259521484375,439.7259521484375,0.0
2020-10-19,3661.TW,BUY,2,464.5069274902344,929.0138549804688,0.0
2020-10-19,3443.TW,BUY,170,246.46612548828125,41899.24133300781,0.0
2020-10-19,2303.TW,SELL,21,23.001720428466797,483.03612899780273,0.0
2020-10-19,3037.TW,SELL,562,76.51333618164062,43000.49493408203,0.0
2020-10-19,2615.TW,SELL,3001,14.038349151611328,42129.085803985596,0.0
2020-10-19,3034.TW,BUY,241,174.72000122070312,42107.52029418945,0.0
2020-10-20,2357.TW,BUY,272,156.94049072265625,42687.8134765625,0.0
2020-10-20,6415.TW,BUY,1,442.1354064941406,442.1354064941406,0.0
2020-10-20,2912.TW,BUY,196,217.4502410888672,42620.24725341797,0.0
2020-10-20,2330.TW,BUY,105,405.31353759765625,42557.921447753906,0.0
2020-10-20,3443.TW,SELL,170,251.15176391601562,42695.799865722656,0.0
2020-10-20,3034.TW,SELL,241,177.87380981445312,42867.5881652832,0.0
2020-10-20,2303.TW,SELL,1831,23.15011978149414,42387.86931991577,0.0
2020-10-20,3661.TW,SELL,1,480.6225280761719,480.6225280761719,0.0
2020-10-21,1303.TW,BUY,916,47.53830337524414,43545.08589172363,0.0
2020-10-21,2330.TW,SELL,105,407.1109313964844,42746.64779663086,0.0
2020-10-21,2357.TW,SELL,272,159.91409301757812,43496.63330078125,0.0
2020-10-21,2912.TW,SELL,196,217.4502410888672,42620.24725341797,0.0
2020-10-21,3661.TW,SELL,89,495.7900390625,44125.3134765625,0.0
2020-10-21,6415.TW,SELL,96,456.5921630859375,43832.84765625,0.0
2020-10-21,2207.TW,BUY,83,522.1969604492188,43342.347717285156,0.0
2020-10-21,2303.TW,BUY,1873,23.261417388916016,43568.6347694397,0.0
2020-10-21,2382.TW,BUY,852,51.122920989990234,43556.72868347168,0.0
2020-10-21,3037.TW,BUY,563,77.31874084472656,43530.451095581055,0.0
2020-10-22,3443.TW,BUY,178,250.2146453857422,44538.20687866211,0.0
2020-10-22,2615.TW,BUY,3058,14.574844360351562,44569.87405395508,0.0
2020-10-22,3661.TW,BUY,90,492.9461669921875,44365.155029296875,0.0
2020-10-22,2454.TW,BUY,91,485.0813903808594,44142.4065246582,0.0
2020-10-22,3034.TW,BUY,255,174.72000122070312,44553.6003112793,0.0
2020-10-22,2382.TW,SELL,852,51.76913833618164,44107.30586242676,0.0
2020-10-22,2303.TW,SELL,1873,24.485702514648438,45861.72080993652,0.0
2020-10-22,2207.TW,SELL,83,525.4967651367188,43616.231506347656,0.0
2020-10-22,1303.TW,SELL,916,49.079647064208984,44956.95671081543,0.0
2020-10-22,3037.TW,SELL,563,78.12415313720703,43983.89821624756,0.0
2020-10-23,6415.TW,BUY,101,440.9306945800781,44534.00015258789,0.0
2020-10-23,3037.TW,BUY,587,76.15538024902344,44703.20820617676,0.0
2020-10-23,2308.TW,BUY,260,171.7523193359375,44655.60302734375,0.0
2020-10-23,2303.TW,BUY,1842,24.30020523071289,44760.978034973145,0.0
2020-10-23,2454.TW,BUY,2,478.0307312011719,956.0614624023438,0.0
2020-10-23,3443.TW,SELL,178,252.08888244628906,44871.82107543945,0.0
2020-10-23,3034.TW,SELL,255,175.9815216064453,44875.288009643555,0.0
2020-10-23,2615.TW,SELL,3058,14.664262771606445,44843.31555557251,0.0
2020-10-23,3661.TW,SELL,90,500.5299987792969,45047.69989013672,0.0
2020-10-26,3661.TW,BUY,96,465.9289245605469,44729.1767578125,0.0
2020-10-26,2303.TW,SELL,1842,24.485702514648438,45102.66403198242,0.0
2020-10-26,2308.TW,SELL,260,173.9886932373047,45237.06024169922,0.0
2020-10-26,6415.TW,SELL,101,448.1590270996094,45264.06173706055,0.0
2020-10-26,2317.TW,BUY,703,64.10358428955078,45064.8197555542,0.0
2020-10-26,2330.TW,BUY,111,404.4148254394531,44890.0456237793,0.0
2020-10-26,2454.TW,BUY,1,475.2105407714844,475.2105407714844,0.0
2020-10-26,3037.TW,BUY,2,76.42384338378906,152.84768676757812,0.0
2020-10-27,3037.TW,BUY,27,73.02325439453125,1971.6278686523438,0.0
2020-10-27,2912.TW,BUY,209,215.41036987304688,45020.7673034668,0.0
2020-10-27,3665.TW,BUY,243,184.60629272460938,44859.32913208008,0.0
2020-10-27,2615.TW,BUY,2893,15.558424949645996,45010.52337932587,0.0
2020-10-27,2327.TW,BUY,557,80.6927719116211,44945.87395477295,0.0
2020-10-27,3661.TW,SELL,96,480.6225280761719,46139.7626953125,0.0
2020-10-27,2454.TW,SELL,94,482.9661560058594,45398.81866455078,0.0
2020-10-27,2330.TW,SELL,111,401.71868896484375,44590.774475097656,0.0
2020-10-27,2317.TW,SELL,703,63.9437141418457,44952.43104171753,0.0
2020-10-28,3661.TW,BUY,95,464.5069274902344,44128.158111572266,0.0
2020-10-28,3037.TW,BUY,47,67.02747344970703,3150.2912521362305,0.0
2020-10-28,3008.TW,BUY,17,2504.8759765625,42582.8916015625,0.0
2020-10-28,2303.TW,BUY,1835,24.22600746154785,44454.72369194031,0.0
2020-10-28,3443.TW,BUY,181,245.5289764404297,44440.74473571777,0.0
2020-10-28,2912.TW,SELL,209,217.4502410888672,45447.10038757324,0.0
2020-10-28,2615.TW,SELL,2893,15.588229179382324,45096.747015953064,0.0
2020-10-28,2327.TW,SELL,557,80.24322509765625,44695.47637939453,0.0
2020-10-28,3665.TW,SELL,243,187.15841674804688,45479.49526977539,0.0
2020-10-29,2303.TW,SELL,1835,24.448604583740234,44863.18941116333,0.0
2020-10-29,3443.TW,SELL,181,243.65472412109375,44101.50506591797,0.0
2020-10-29,3661.TW,SELL,95,473.9866638183594,45028.73306274414,0.0
2020-10-29,2207.TW,BUY,86,504.8728942871094,43419.068908691406,0.0
2020-10-29,2330.TW,BUY,111,392.731689453125,43593.217529296875,0.0
2020-10-29,3037.TW,BUY,55,60.763221740722656,3341.977195739746,0.0
2020-10-29,6415.TW,BUY,100,433.7023010253906,43370.23010253906,0.0
2020-10-30,2303.TW,BUY,1897,22.77912139892578,43211.99329376221,0.0
2020-10-30,3661.TW,BUY,94,459.2930908203125,43173.550537109375,0.0
2020-10-30,2615.TW,BUY,2767,15.618033409118652,43215.09844303131,0.0
2020-10-30,2049.TW,BUY,196,219.57321166992188,43036.34948730469,0.0
2020-10-30,2330.TW,SELL,111,388.2381591796875,43094.43566894531,0.0
2020-10-30,3037.TW,SELL,10,61.03168869018555,610.3168869018555,0.0
2020-10-30,3008.TW,SELL,17,2444.2734375,41552.6484375,0.0
2020-10-30,2207.TW,SELL,86,496.6233825683594,42709.610900878906,0.0
2020-10-30,6415.TW,SELL,100,424.06451416015625,42406.451416015625,0.0
2020-11-02,3661.TW,BUY,3,436.0677795410156,1308.2033386230469,0.0
2020-11-02,3037.TW,BUY,22,58.347015380859375,1283.6343383789062,0.0
2020-11-02,3008.TW,BUY,17,2444.2734375,41552.6484375,0.0
2020-11-02,3443.TW,BUY,179,237.09478759765625,42439.96697998047,0.0
2020-11-02,2615.TW,SELL,2767,16.094919204711914,44534.641439437866,0.0
2020-11-02,2049.TW,SELL,196,225.30503845214844,44159.787536621094,0.0
2020-11-02,2303.TW,BUY,39,22.000032424926758,858.0012645721436,0.0
2020-11-03,3034.TW,BUY,261,166.20477294921875,43379.445739746094,0.0
2020-11-03,3008.TW,SELL,17,2508.91552734375,42651.56396484375,0.0
2020-11-03,3443.TW,SELL,179,240.84332275390625,43110.95477294922,0.0
2020-11-03,3661.TW,SELL,97,455.501220703125,44183.618408203125,0.0
2020-11-03,2303.TW,BUY,31,22.111331939697266,685.4512901306152,0.0
2020-11-03,2308.TW,BUY,258,168.1741485595703,43388.93032836914,0.0
2020-11-03,2317.TW,BUY,695,62.58491897583008,43496.518688201904,0.0
2020-11-03,3037.TW,BUY,3,59.33139419555664,177.99418258666992,0.0
2020-11-04,2357.TW,BUY,281,159.91409301757812,44935.86013793945,0.0
2020-11-04,2207.TW,BUY,86,518.8971557617188,44625.15539550781,0.0
2020-11-04,9910.TW,BUY,347,129.17764282226562,44824.64205932617,0.0
2020-11-04,3037.TW,SELL,4,61.56863021850586,246.27452087402344,0.0
2020-11-04,3034.TW,SELL,261,172.1969757080078,44943.41065979004,0.0
2020-11-04,2317.TW,SELL,695,62.98456954956055,43774.27583694458,0.0
2020-11-04,2308.TW,SELL,258,171.7523193359375,44312.098388671875,0.0
2020-11-04,2303.TW,SELL,54,23.4840145111084,1268.1367835998535,0.0
2020-11-05,2207.TW,SELL,86,527.1466064453125,45334.608154296875,0.0
2020-11-05,2357.TW,SELL,281,160.57489013671875,45121.54412841797,0.0
2020-11-05,9910.TW,SELL,347,132.11351013183594,45843.38801574707,0.0
2020-11-05,2303.TW,BUY,72,22.667823791503906,1632.0833129882812,0.0
2020-11-05,2308.TW,BUY,265,169.51596069335938,44921.729583740234,0.0
2020-11-05,2615.TW,BUY,2607,17.257333755493164,44989.86910057068,0.0
2020-11-05,3034.TW,BUY,264,170.30470275878906,44960.44152832031,0.0
2020-11-05,3037.TW,BUY,1,61.56863021850586,61.56863021850586,0.0
2020-11-06,3037.TW,BUY,8,61.56863021850586,492.5490417480469,0.0
2020-11-06,3008.TW,BUY,17,2541.237060546875,43201.030029296875,0.0
2020-11-06,2912.TW,BUY,215,210.9226531982422,45348.37043762207,0.0
2020-11-06,2889.TW,BUY,5337,8.515583038330078,45447.66667556763,0.0
2020-11-06,2308.TW,SELL,265,173.9886932373047,46107.00370788574,0.0
2020-11-06,3034.TW,SELL,264,172.1969757080078,45460.00158691406,0.0
2020-11-06,2615.TW,SELL,2607,17.49577522277832,45611.48600578308,0.0
2020-11-06,2303.TW,BUY,23,22.63072395324707,520.5066509246826,0.0
2020-11-09,2912.TW,BUY,4,211.3306121826172,845.3224487304688,0.0
2020-11-09,6415.TW,BUY,85,543.3326416015625,46183.27453613281,0.0
2020-11-09,4938.TW,BUY,1058,43.776336669921875,46315.364196777344,0.0
2020-11-09,2002.TW,BUY,2699,17.173776626586914,46352.02311515808,0.0
2020-11-09,2412.TW,BUY,529,87.5795669555664,46329.59091949463,0.0
2020-11-09,3008.TW,SELL,17,2638.199462890625,44849.390869140625,0.0
2020-11-09,2889.TW,SELL,5337,8.587444305419922,45831.19025802612,0.0
2020-11-09,2303.TW,SELL,2008,23.595312118530273,47379.38673400879,0.0
2020-11-09,3037.TW,SELL,738,62.19505310058594,45899.94918823242,0.0
2020-11-10,6415.TW,BUY,1,531.2853393554688,531.2853393554688,0.0
2020-11-10,2615.TW,BUY,2601,17.764026641845703,46204.233295440674,0.0
2020-11-10,2357.TW,BUY,289,159.58370971679688,46119.6921081543,0.0
2020-11-10,2303.TW,BUY,2009,23.001720428466797,46210.456340789795,0.0
2020-11-10,2382.TW,BUY,892,51.76913833618164,46178.07139587402,0.0
2020-11-10,2912.TW,SELL,219,213.77847290039062,46817.48556518555,0.0
2020-11-10,2412.TW,SELL,529,87.5795669555664,46329.59091949463,0.0
2020-11-10,2002.TW,SELL,2699,17.256742477416992,46575.94794654846,0.0
2020-11-10,4938.TW,SELL,1058,43.34504318237305,45859.05568695068,0.0
2020-11-11,6415.TW,BUY,5,513.2144775390625,2566.0723876953125,0.0
2020-11-11,2357.TW,SELL,289,164.20932006835938,47456.49349975586,0.0
2020-11-11,2382.TW,SELL,892,51.410125732421875,45857.83215332031,0.0
2020-11-11,2615.TW,SELL,2601,19.34370994567871,50312.98956871033,0.0
2020-11-11,2303.TW,BUY,31,23.001720428466797,713.0533332824707,0.0
2020-11-11,2412.TW,BUY,535,87.5795669555664,46855.06832122803,0.0
2020-11-11,2454.TW,BUY,98,476.6206359863281,46708.822326660156,0.0
2020-11-11,3008.TW,BUY,17,2674.560791015625,45467.533447265625,0.0
2020-11-12,3661.TW,BUY,86,542.24072265625,46632.7021484375,0.0
2020-11-12,3037.TW,BUY,720,64.9692153930664,46777.83508300781,0.0
2020-11-12,6415.TW,BUY,1,505.986083984375,505.986083984375,0.0
2020-11-12,2615.TW,BUY,2518,18.598573684692383,46831.20853805542,0.0
2020-11-12,2303.TW,SELL,2040,23.07592010498047,47074.877014160156,0.0
2020-11-12,2454.TW,SELL,98,474.5055236816406,46501.54132080078,0.0
2020-11-12,2412.TW,SELL,1,87.5795669555664,87.5795669555664,0.0
2020-11-12,3008.TW,SELL,17,2690.72119140625,45742.26025390625,0.0
2020-11-13,2412.TW,SELL,534,87.5795669555664,46767.48875427246,0.0
2020-11-13,3037.TW,SELL,720,66.31155395507812,47744.31884765625,0.0
2020-11-13,3661.TW,SELL,86,543.188720703125,46714.22998046875,0.0
2020-11-13,6415.TW,SELL,2,522.8522338867188,1045.7044677734375,0.0
2020-11-13,2615.TW,BUY,68,18.240909576416016,1240.381851196289,0.0
2020-11-13,3045.TW,BUY,610,77.26065826416016,47129.001541137695,0.0
2020-11-13,3711.TW,BUY,872,54.07813262939453,47156.13165283203,0.0
2020-11-13,5871.TW,BUY,444,106.15237426757812,47131.65417480469,0.0
2020-11-16,3665.TW,BUY,244,197.79244995117188,48261.35778808594,0.0
2020-11-16,3034.TW,BUY,263,183.55062866210938,48273.815338134766,0.0
2020-11-16,3008.TW,BUY,18,2682.640869140625,48287.53564453125,0.0
2020-11-16,2412.TW,BUY,555,87.18147277832031,48385.71739196777,0.0
2020-11-16,2615.TW,SELL,10,18.807214736938477,188.07214736938477,0.0
2020-11-16,5871.TW,SELL,444,108.82288360595703,48317.36032104492,0.0
2020-11-16,3711.TW,SELL,872,55.15202713012695,48092.5676574707,0.0
2020-11-16,3045.TW,SELL,610,77.57250213623047,47319.226303100586,0.0
2020-11-16,6415.TW,SELL,90,551.7657470703125,49658.917236328125,0.0
2020-11-17,3045.TW,BUY,638,77.18270111083984,49242.56330871582,0.0
2020-11-17,9910.TW,BUY,361,136.51730346679688,49282.74655151367,0.0
2020-11-17,6415.TW,BUY,93,525.26171875,48849.33984375,0.0
2020-11-17,2303.TW,BUY,2067,23.855010986328125,49308.307708740234,0.0
2020-11-17,2412.TW,SELL,555,87.5795669555664,48606.659660339355,0.0
2020-11-17,3034.TW,SELL,263,183.55062866210938,48273.815338134766,0.0
2020-11-17,3008.TW,SELL,18,2690.72119140625,48432.9814453125,0.0
2020-11-17,2615.TW,SELL,96,19.880210876464844,1908.500244140625,0.0
2020-11-17,3665.TW,SELL,244,202.47140502929688,49403.02282714844,0.0
2020-11-18,2303.TW,SELL,2067,24.003406524658203,49615.041286468506,0.0
2020-11-18,2615.TW,SELL,126,21.698339462280273,2733.9907722473145,0.0
2020-11-18,3045.TW,SELL,638,77.72843170166016,49590.73942565918,0.0
2020-11-18,6415.TW,SELL,93,548.1514892578125,50978.08850097656,0.0
2020-11-18,9910.TW,SELL,361,140.9210968017578,50872.51594543457,0.0
2020-11-18,1301.TW,BUY,702,72.75922393798828,51076.97520446777,0.0
2020-11-18,2884.TW,BUY,2876,17.762767791748047,51085.72016906738,0.0
2020-11-18,3665.TW,BUY,255,199.9192352294922,50979.40498352051,0.0
2020-11-18,5871.TW,BUY,460,110.82576751708984,50979.85305786133,0.0
2020-11-19,2412.TW,BUY,587,87.5795669555664,51409.20580291748,0.0
2020-11-19,2891.TW,BUY,3462,14.857251167297363,51435.80354118347,0.0
2020-11-19,5871.TW,SELL,460,110.82576751708984,50979.85305786133,0.0
2020-11-19,3443.TW,BUY,161,317.6882629394531,51147.81033325195,0.0
2020-11-19,2884.TW,SELL,2876,17.625337600708008,50690.47093963623,0.0
2020-11-19,2615.TW,SELL,50,22.32425308227539,1116.2126541137695,0.0
2020-11-19,1301.TW,SELL,702,72.84188842773438,51135.00567626953,0.0
2020-11-19,3665.TW,SELL,255,202.47140502929688,51630.2082824707,0.0
2020-11-19,3661.TW,BUY,89,572.575927734375,50959.257568359375,0.0
2020-11-20,3008.TW,BUY,18,2795.7646484375,50323.763671875,0.0
2020-11-20,6415.TW,BUY,94,549.356201171875,51639.48291015625,0.0
2020-11-20,2884.TW,BUY,2965,17.419193267822266,51647.90803909302,0.0
2020-11-20,2615.TW,BUY,53,21.906978607177734,1161.06986618042,0.0
2020-11-20,2412.TW,BUY,5,87.18147277832031,435.90736389160156,0.0
2020-11-20,3661.TW,SELL,89,598.1712646484375,53237.24255371094,0.0
2020-11-20,3443.TW,SELL,161,318.1568298339844,51223.249603271484,0.0
2020-11-20,2891.TW,SELL,3462,14.81934928894043,51304.58723831177,0.0
2020-11-23,3008.TW,BUY,1,2747.282958984375,2747.282958984375,0.0
2020-11-23,2889.TW,BUY,6132,8.623374938964844,52878.53512573242,0.0
2020-11-23,2615.TW,BUY,11,22.32425308227539,245.5667839050293,0.0
2020-11-23,3443.TW,BUY,165,318.6253967285156,52573.19046020508,0.0
2020-11-23,6415.TW,SELL,94,603.5690307617188,56735.48889160156,0.0
2020-11-23,2884.TW,SELL,2965,17.590986251831055,52157.27423667908,0.0
2020-11-23,2412.TW,SELL,592,87.97764587402344,52082.766357421875,0.0
2020-11-23,2049.TW,BUY,201,262.1607666015625,52694.31408691406,0.0
2020-11-24,2049.TW,SELL,201,262.1607666015625,52694.31408691406,0.0
2020-11-24,2889.TW,SELL,6132,8.623374938964844,52878.53512573242,0.0
2020-11-24,3008.TW,SELL,19,2723.041748046875,51737.793212890625,0.0
2020-11-24,3443.TW,SELL,165,316.75115966796875,52263.941345214844,0.0
2020-11-24,2207.TW,BUY,93,562.6198120117188,52323.642517089844,0.0
2020-11-24,2615.TW,BUY,6,22.17522621154785,133.0513572692871,0.0
2020-11-24,3661.TW,BUY,85,618.0786743164062,52536.68731689453,0.0
2020-11-24,6415.TW,BUY,89,590.3170166015625,52538.21447753906,0.0
2020-11-24,9904.TW,BUY,2180,24.153627395629883,52654.907722473145,0.0
2020-11-25,3661.TW,BUY,3,597.2233276367188,1791.6699829101562,0.0
2020-11-25,6415.TW,BUY,4,565.0177001953125,2260.07080078125,0.0
2020-11-25,3443.TW,BUY,171,310.1911926269531,53042.693939208984,0.0
2020-11-25,2207.TW,SELL,93,561.7947387695312,52246.910705566406,0.0
2020-11-25,9904.TW,SELL,2180,24.624155044555664,53680.65799713135,0.0
2020-11-25,2615.TW,SELL,197,24.380826950073242,4803.022909164429,0.0
2020-11-25,3008.TW,BUY,19,2674.560791015625,50816.655029296875,0.0
2020-11-26,3443.TW,SELL,171,313.00262451171875,53523.448791503906,0.0
2020-11-26,3661.TW,SELL,88,601.9630737304688,52972.75048828125,0.0
2020-11-26,1216.TW,BUY,1004,53.0351676940918,53247.308364868164,0.0
2020-11-26,2615.TW,BUY,20,24.231801986694336,484.6360397338867,0.0
2020-11-26,6415.TW,BUY,1,565.0177001953125,565.0177001953125,0.0
2020-11-26,9904.TW,BUY,2183,24.388891220092773,53240.949533462524,0.0
2020-11-27,9904.TW,BUY,27,24.153627395629883,652.1479396820068,0.0
2020-11-27,6415.TW,BUY,2,550.5609741210938,1101.1219482421875,0.0
2020-11-27,3443.TW,BUY,172,308.7854919433594,53111.10461425781,0.0
2020-11-27,1216.TW,SELL,1004,52.4810791015625,52691.00341796875,0.0
2020-11-27,3008.TW,SELL,19,2690.72119140625,51123.70263671875,0.0
2020-11-27,2615.TW,SELL,114,25.632652282714844,2922.122360229492,0.0
2020-11-27,2454.TW,BUY,104,511.16851806640625,53161.52587890625,0.0
2020-11-30,3008.TW,BUY,20,2605.878662109375,52117.5732421875,0.0
2020-11-30,6505.TW,BUY,671,79.0810317993164,53063.37233734131,0.0
2020-11-30,2207.TW,BUY,100,528.796630859375,52879.6630859375,0.0
2020-11-30,6415.TW,BUY,3,534.8995971679688,1604.6987915039062,0.0
2020-11-30,3443.TW,SELL,172,309.25408935546875,53191.703369140625,0.0
2020-11-30,2615.TW,SELL,44,26.049930572509766,1146.1969451904297,0.0
2020-11-30,9904.TW,SELL,2210,24.50652313232422,54159.41612243652,0.0
2020-11-30,2454.TW,SELL,104,496.3623046875,51621.6796875,0.0
2020-12-01,3661.TW,BUY,87,611.4428100585938,53195.524475097656,0.0
2020-12-01,2615.TW,BUY,142,24.50004768371582,3479.0067710876465,0.0
2020-12-01,2454.TW,BUY,108,491.4269104003906,53074.10632324219,0.0
2020-12-01,3443.TW,BUY,173,308.7854919433594,53419.89010620117,0.0
2020-12-01,6415.TW,SELL,1,542.1279296875,542.1279296875,0.0
2020-12-01,3008.TW,SELL,20,2702.841552734375,54056.8310546875,0.0
2020-12-01,2207.TW,SELL,100,536.2211303710938,53622.113037109375,0.0
2020-12-01,6505.TW,SELL,671,81.00342559814453,54353.29857635498,0.0
2020-12-02,2454.TW,SELL,108,502.0028076171875,54216.30322265625,0.0
2020-12-02,6415.TW,SELL,98,554.1752319335938,54309.17272949219,0.0
2020-12-02,2303.TW,BUY,1729,30.755529403686523,53176.310338974,0.0
2020-12-02,2615.TW,BUY,49,23.84432601928711,1168.3719749450684,0.0
2020-12-02,2912.TW,BUY,245,216.226318359375,52975.447998046875,0.0
2020-12-02,3443.TW,BUY,1,304.56842041015625,304.56842041015625,0.0
2020-12-02,3661.TW,BUY,2,594.3792724609375,1188.758544921875,0.0
2020-12-03,3037.TW,BUY,715,74.90252685546875,53555.306701660156,0.0
2020-12-03,5871.TW,BUY,507,105.48475646972656,53480.77153015137,0.0
2020-12-03,2615.TW,BUY,44,23.54627799987793,1036.036231994629,0.0
2020-12-03,3443.TW,BUY,4,300.81988525390625,1203.279541015625,0.0
2020-12-03,3661.TW,SELL,89,601.0152587890625,53490.35803222656,0.0
2020-12-03,2912.TW,SELL,245,217.4502410888672,53275.30906677246,0.0
2020-12-03,2303.TW,SELL,1729,32.12820816040039,55549.671909332275,0.0
2020-12-03,2454.TW,BUY,108,493.54205322265625,53302.541748046875,0.0
2020-12-04,2454.TW,SELL,108,497.0674133300781,53683.28063964844,0.0
2020-12-04,3443.TW,SELL,1,297.07135009765625,297.07135009765625,0.0
2020-12-04,5871.TW,SELL,507,106.15237426757812,53819.25375366211,0.0
2020-12-04,2615.TW,BUY,59,22.652111053466797,1336.474552154541,0.0
2020-12-04,3037.TW,BUY,11,72.75479125976562,800.3027038574219,0.0
2020-12-04,3661.TW,BUY,92,572.575927734375,52676.9853515625,0.0
2020-12-04,6415.TW,BUY,92,569.836669921875,52424.9736328125,0.0
2020-12-07,6415.TW,BUY,3,554.1752319335938,1662.5256958007812,0.0
2020-12-07,3665.TW,BUY,260,203.7474822998047,52974.34539794922,0.0
2020-12-07,3019.TW,BUY,890,59.69187545776367,53125.76915740967,0.0
2020-12-07,3443.TW,SELL,177,305.50555419921875,54074.48309326172,0.0
2020-12-07,3037.TW,SELL,726,73.38121032714844,53274.758697509766,0.0
2020-12-07,2615.TW,SELL,3,22.8011417388916,68.4034252166748,0.0
2020-12-07,3661.TW,SELL,1,578.2637329101562,578.2637329101562,0.0
2020-12-08,2615.TW,SELL,87,24.201993942260742,2105.5734729766846,0.0
2020-12-08,3019.TW,SELL,890,60.35054397583008,53711.98413848877,0.0
2020-12-08,3665.TW,SELL,260,206.2996368408203,53637.90557861328,0.0
2020-12-08,2887.TW,BUY,6239,8.702066421508789,54292.192403793335,0.0
2020-12-08,3443.TW,BUY,183,296.1341857910156,54192.55599975586,0.0
2020-12-08,3661.TW,BUY,1,584.8995971679688,584.8995971679688,0.0
2020-12-08,6415.TW,BUY,1,561.4035034179688,561.4035034179688,0.0
2020-12-09,3661.TW,BUY,2,587.7434692382812,1175.4869384765625,0.0
2020-12-09,6415.TW,BUY,3,556.584716796875,1669.754150390625,0.0
2020-12-09,3037.TW,BUY,746,74.455078125,55543.48828125,0.0
2020-12-09,2303.TW,BUY,1500,37.025352478027344,55538.028717041016,0.0
2020-12-09,2615.TW,BUY,8,24.678878784179688,197.4310302734375,0.0
2020-12-09,3443.TW,SELL,183,325.6539611816406,59594.674896240234,0.0
2020-12-09,2887.TW,SELL,6239,8.702066421508789,54292.192403793335,0.0
2020-12-10,2615.TW,SELL,29,24.678878784179688,715.6874847412109,0.0
2020-12-10,3037.TW,SELL,1,73.56018829345703,73.56018829345703,0.0
2020-12-10,3661.TW,SELL,2,594.3792724609375,1188.758544921875,0.0
2020-12-10,2303.TW,BUY,62,35.09617614746094,2175.962921142578,0.0
2020-12-11,3661.TW,BUY,2,566.8880615234375,1133.776123046875,0.0
2020-12-11,3008.TW,BUY,19,2682.640869140625,50970.176513671875,0.0
2020-12-11,2615.TW,BUY,85,23.218412399291992,1973.5650539398193,0.0
2020-12-11,6415.TW,SELL,99,562.6082763671875,55698.21936035156,0.0
2020-12-11,3037.TW,SELL,12,73.02325439453125,876.279052734375,0.0
2020-12-11,2303.TW,BUY,4,34.20578384399414,136.82313537597656,0.0
2020-12-14,2615.TW,SELL,70,24.291410446166992,1700.3987312316895,0.0
2020-12-14,3037.TW,SELL,733,74.99201965332031,54969.15040588379,0.0
2020-12-14,3661.TW,SELL,94,574.471923828125,54000.36083984375,0.0
2020-12-14,2303.TW,BUY,20,34.242881774902344,684.8576354980469,0.0
2020-12-14,3008.TW,BUY,1,2638.199462890625,2638.199462890625,0.0
2020-12-14,3443.TW,BUY,181,298.94561767578125,54109.156799316406,0.0
2020-12-14,3711.TW,BUY,920,59.06406021118164,54338.93539428711,0.0
2020-12-15,6415.TW,BUY,95,562.6082763671875,53447.78625488281,0.0
2020-12-15,3661.TW,BUY,96,557.4083862304688,53511.205078125,0.0
2020-12-15,2615.TW,BUY,12,23.84432601928711,286.1319122314453,0.0
2020-12-15,3711.TW,SELL,920,59.5242919921875,54762.3486328125,0.0
2020-12-15,3443.TW,SELL,181,300.3512878417969,54363.583099365234,0.0
2020-12-15,2303.TW,BUY,57,32.647605895996094,1860.9135360717773,0.0
2020-12-16,3443.TW,BUY,183,304.56842041015625,55736.020935058594,0.0
2020-12-16,3008.TW,SELL,20,2686.68115234375,53733.623046875,0.0
2020-12-16,3661.TW,SELL,96,583.95166015625,56059.359375,0.0
2020-12-16,6415.TW,SELL,95,618.02587890625,58712.45849609375,0.0
2020-12-16,2303.TW,BUY,38,33.31539535522461,1265.9850234985352,0.0
2020-12-16,2454.TW,BUY,113,494.2471923828125,55849.93273925781,0.0
2020-12-16,2615.TW,BUY,42,24.44043731689453,1026.4983673095703,0.0
2020-12-16,3019.TW,BUY,938,59.69187545776367,55990.979179382324,0.0
2020-12-17,3231.TW,BUY,2469,22.993284225463867,56770.41875267029,0.0
2020-12-17,3008.TW,BUY,21,2678.6005859375,56250.6123046875,0.0
2020-12-17,2382.TW,BUY,1017,55.7900390625,56738.4697265625,0.0
2020-12-17,3443.TW,SELL,183,307.3797912597656,56250.50180053711,0.0
2020-12-17,2454.TW,SELL,113,496.3623046875,56088.9404296875,0.0
2020-12-17,2615.TW,SELL,42,25.24518394470215,1060.2977256774902,0.0
2020-12-17,2303.TW,SELL,1681,34.16868209838867,57437.55460739136,0.0
2020-12-17,3661.TW,BUY,97,581.1077270507812,56367.44952392578,0.0
2020-12-17,3019.TW,SELL,938,59.52720260620117,55836.5160446167,0.0
2020-12-18,3443.TW,BUY,190,300.81988525390625,57155.77819824219,0.0
2020-12-18,2327.TW,BUY,525,109.12629699707031,57291.305923461914,0.0
2020-12-18,6415.TW,BUY,96,595.1360473632812,57133.060546875,0.0
2020-12-18,4938.TW,BUY,1197,47.94551467895508,57390.78107070923,0.0
2020-12-18,3661.TW,SELL,97,597.2233276367188,57930.66278076172,0.0
2020-12-18,3008.TW,SELL,21,2670.5205078125,56080.9306640625,0.0
2020-12-18,2615.TW,SELL,21,25.751874923706055,540.7893733978271,0.0
2020-12-18,2382.TW,SELL,1017,56.651668548583984,57614.74691390991,0.0
2020-12-18,3231.TW,SELL,2469,22.84201431274414,56396.93333816528,0.0
2020-12-21,3037.TW,BUY,774,75.5289535522461,58459.41004943848,0.0
2020-12-21,2615.TW,SELL,162,28.315141677856445,4587.052951812744,0.0
2020-12-21,3443.TW,SELL,190,302.69415283203125,57511.88903808594,0.0
2020-12-21,4938.TW,SELL,1197,47.586097717285156,56960.55896759033,0.0
2020-12-21,6415.TW,SELL,96,598.7501831054688,57480.017578125,0.0
2020-12-21,2327.TW,BUY,15,108.339599609375,1625.093994140625,0.0
2020-12-21,3019.TW,BUY,984,59.44487380981445,58493.75582885742,0.0
2020-12-21,6669.TW,BUY,302,193.55303955078125,58453.01794433594,0.0
2020-12-22,2615.TW,BUY,133,25.722070693969727,3421.0354022979736,0.0
2020-12-22,2303.TW,BUY,1668,33.90898513793945,56560.18721008301,0.0
2020-12-22,6669.TW,SELL,302,191.59796142578125,57862.58435058594,0.0
2020-12-22,2327.TW,SELL,540,107.32813262939453,57957.19161987305,0.0
2020-12-22,3019.TW,SELL,6,57.798194885253906,346.78916931152344,0.0
2020-12-22,3443.TW,BUY,195,290.0428466796875,56558.35510253906,0.0
2020-12-22,3037.TW,SELL,5,73.47069549560547,367.35347747802734,0.0
2020-12-23,3665.TW,BUY,292,199.49388122558594,58252.213317871094,0.0
2020-12-23,3037.TW,SELL,769,77.13975524902344,59320.47178649902,0.0
2020-12-23,6415.TW,BUY,102,567.42724609375,57877.5791015625,0.0
2020-12-23,3711.TW,BUY,983,59.21746826171875,58210.77130126953,0.0
2020-12-23,3008.TW,BUY,22,2634.158935546875,57951.49658203125,0.0
2020-12-23,2303.TW,SELL,1668,34.20578384399414,57055.24745178223,0.0
2020-12-23,3019.TW,SELL,978,59.033203125,57734.47265625,0.0
2020-12-23,2615.TW,SELL,49,27.093116760253906,1327.5627212524414,0.0
2020-12-23,3443.TW,SELL,195,294.728515625,57472.060546875,0.0
2020-12-24,3008.TW,SELL,22,2634.158935546875,57951.49658203125,0.0
2020-12-24,3665.TW,SELL,292,204.5981903076172,59742.67156982422,0.0
2020-12-24,3711.TW,SELL,983,61.748783111572266,60699.05379867554,0.0
2020-12-24,2615.TW,BUY,36,26.973894119262695,971.060188293457,0.0
2020-12-24,3037.TW,BUY,779,75.61844635009766,58906.769706726074,0.0
2020-12-24,3443.TW,BUY,200,293.7913513183594,58758.270263671875,0.0
2020-12-24,6415.TW,BUY,2,566.2224731445312,1132.4449462890625,0.0
2020-12-24,9910.TW,BUY,410,143.85694885253906,58981.349029541016,0.0
2020-12-25,2327.TW,BUY,531,112.38548278808594,59676.69136047363,0.0
2020-12-25,3037.TW,BUY,15,75.1709976196289,1127.5649642944336,0.0
2020-12-25,2049.TW,BUY,181,329.70050048828125,59675.790588378906,0.0
2020-12-25,3661.TW,BUY,103,577.3157958984375,59463.52697753906,0.0
2020-12-25,3443.TW,SELL,200,298.94561767578125,59789.12353515625,0.0
2020-12-25,2615.TW,SELL,2186,28.61319351196289,62548.44101715088,0.0
2020-12-25,9910.TW,SELL,410,143.12298583984375,58680.42419433594,0.0
2020-12-25,6415.TW,BUY,2,562.6082763671875,1125.216552734375,0.0
2020-12-28,3034.TW,BUY,273,219.81922912597656,60010.6495513916,0.0
2020-12-28,3661.TW,BUY,1,575.419921875,575.419921875,0.0
2020-12-28,3008.TW,BUY,22,2613.958984375,57507.09765625,0.0
2020-12-28,2615.TW,BUY,1908,31.474515914916992,60053.37636566162,0.0
2020-12-28,3037.TW,SELL,794,76.33435821533203,60609.48042297363,0.0
2020-12-28,2327.TW,SELL,531,112.83502197265625,59915.39666748047,0.0
2020-12-28,2049.TW,SELL,181,335.0325927734375,60640.89929199219,0.0
2020-12-29,3034.TW,SELL,273,222.3422393798828,60699.43135070801,0.0
2020-12-29,3661.TW,SELL,104,576.3678588867188,59942.25732421875,0.0
2020-12-29,6415.TW,SELL,1,563.81298828125,563.81298828125,0.0
2020-12-29,2303.TW,BUY,1686,35.170372009277344,59297.2472076416,0.0
2020-12-29,2412.TW,BUY,683,86.78337097167969,59273.04237365723,0.0
2020-12-29,2615.TW,BUY,108,29.41794204711914,3177.137741088867,0.0
2020-12-29,3008.TW,BUY,1,2577.597900390625,2577.597900390625,0.0
2020-12-30,3045.TW,BUY,772,77.72843170166016,60006.34927368164,0.0
2020-12-30,2049.TW,BUY,178,336.8099670410156,59952.17413330078,0.0
2020-12-30,2412.TW,SELL,683,87.5795669555664,59816.844230651855,0.0
2020-12-30,2303.TW,SELL,1686,35.83816146850586,60423.14023590088,0.0
2020-12-30,2615.TW,SELL,5,29.865022659301758,149.3251132965088,0.0
2020-12-31,2049.TW,SELL,178,341.69775390625,60822.2001953125,0.0
2020-12-31,2615.TW,SELL,78,31.53412628173828,2459.661849975586,0.0
2020-12-31,6415.TW,SELL,105,580.67919921875,60971.31591796875,0.0
2020-12-31,2303.TW,BUY,1742,34.9848747253418,60943.65177154541,0.0
2020-12-31,2412.TW,BUY,702,86.78337097167969,60921.92642211914,0.0
2020-12-31,3045.TW,BUY,18,77.10474395751953,1387.8853912353516,0.0
2021-01-04,6669.TW,BUY,319,194.1116485595703,61921.61589050293,0.0
2021-01-04,9910.TW,BUY,429,144.5908966064453,62029.49464416504,0.0
2021-01-04,3045.TW,BUY,16,76.94880676269531,1231.180908203125,0.0
2021-01-04,2615.TW,SELL,110,34.037784576416016,3744.1563034057617,0.0
2021-01-04,3008.TW,SELL,23,2706.881591796875,62258.276611328125,0.0
2021-01-04,2412.TW,SELL,702,86.78337097167969,60921.92642211914,0.0
2021-01-04,2303.TW,BUY,94,33.797691345214844,3176.9829864501953,0.0
2021-01-05,4938.TW,BUY,1287,48.017398834228516,61798.3922996521,0.0
2021-01-05,2615.TW,BUY,76,32.54751205444336,2473.6109161376953,0.0
2021-01-05,2105.TW,BUY,1840,33.57878875732422,61784.97131347656,0.0
2021-01-05,3008.TW,BUY,23,2678.6005859375,61607.8134765625,0.0
2021-01-05,6669.TW,SELL,319,193.83233642578125,61832.51531982422,0.0
2021-01-05,3045.TW,SELL,806,77.338623046875,62334.93017578125,0.0
2021-01-05,2303.TW,SELL,39,34.39127731323242,1341.2598152160645,0.0
2021-01-05,9910.TW,SELL,429,144.95790100097656,62186.939529418945,0.0
2021-01-06,2105.TW,SELL,2,32.441184997558594,64.88236999511719,0.0
2021-01-06,2303.TW,SELL,1797,34.83647537231445,62601.14624404907,0.0
2021-01-06,4938.TW,SELL,1287,47.94551467895508,61705.877391815186,0.0
2021-01-06,2615.TW,BUY,90,29.98423957824707,2698.5815620422363,0.0
2021-01-06,3008.TW,BUY,1,2480.635009765625,2480.635009765625,0.0
2021-01-06,3019.TW,BUY,971,61.42087173461914,59639.666454315186,0.0
2021-01-06,6415.TW,BUY,106,562.6082763671875,59636.477294921875,0.0
2021-01-07,6669.TW,BUY,312,190.76007080078125,59517.14208984375,0.0
2021-01-07,2615.TW,BUY,123,28.225723266601562,3471.763961791992,0.0
2021-01-07,2303.TW,BUY,1739,34.27998352050781,59612.891342163086,0.0
2021-01-07,6415.TW,SELL,1,562.6082763671875,562.6082763671875,0.0
2021-01-07,3019.TW,SELL,971,63.479217529296875,61638.320220947266,0.0
2021-01-07,2105.TW,SELL,1838,33.61801528930664,61789.912101745605,0.0
2021-01-08,3037.TW,BUY,773,80.71932220458984,62396.03606414795,0.0
2021-01-08,3008.TW,BUY,1,2456.39404296875,2456.39404296875,0.0
2021-01-08,2615.TW,BUY,48,28.9112491607666,1387.7399597167969,0.0
2021-01-08,3443.TW,BUY,171,363.60784912109375,62176.94219970703,0.0
2021-01-08,6669.TW,SELL,312,205.2835235595703,64048.45935058594,0.0
2021-01-08,6415.TW,SELL,105,618.02587890625,64892.71728515625,0.0
2021-01-08,2303.TW,SELL,1739,35.504268646240234,61741.92317581177,0.0
2021-01-08,2105.TW,BUY,1825,34.206424713134766,62426.72510147095,0.0
2021-01-11,2615.TW,SELL,29,30.043853759765625,871.2717590332031,0.0
2021-01-11,3037.TW,SELL,773,84.92533111572266,65647.28095245361,0.0
2021-01-11,3443.TW,SELL,171,376.2591552734375,64340.31555175781,0.0
2021-01-11,2105.TW,BUY,49,34.16720199584961,1674.1928977966309,0.0
2021-01-11,2207.TW,BUY,121,527.1466064453125,63784.73937988281,0.0
2021-01-11,3008.TW,BUY,1,2460.4345703125,2460.4345703125,0.0
2021-01-11,9904.TW,BUY,2703,23.683103561401367,64015.428926467896,0.0
2021-01-12,3019.TW,BUY,1002,62.655887603759766,62781.199378967285,0.0
2021-01-12,3661.TW,BUY,85,732.7835083007812,62286.598205566406,0.0
2021-01-12,2615.TW,BUY,16,29.239110946655273,467.8257751464844,0.0
2021-01-12,2303.TW,BUY,1746,35.949462890625,62767.76220703125,0.0
2021-01-12,3008.TW,SELL,1,2415.99267578125,2415.99267578125,0.0
2021-01-12,2207.TW,SELL,121,525.4967651367188,63585.10858154297,0.0
2021-01-12,2105.TW,SELL,1874,33.77492141723633,63294.20273590088,0.0
2021-01-12,9904.TW,SELL,2703,22.78126335144043,61577.75483894348,0.0
2021-01-13,9910.TW,BUY,451,139.82012939453125,63058.878356933594,0.0
2021-01-13,3037.TW,BUY,722,87.34153747558594,63060.59005737305,0.0
2021-01-13,2615.TW,BUY,57,28.61319351196289,1630.9520301818848,0.0
2021-01-13,3008.TW,BUY,1,2420.032958984375,2420.032958984375,0.0
2021-01-13,3661.TW,SELL,85,734.679443359375,62447.752685546875,0.0
2021-01-13,3019.TW,SELL,1002,63.14988708496094,63276.18685913086,0.0
2021-01-13,2303.TW,SELL,1746,37.09954833984375,64775.81140136719,0.0
2021-01-13,2308.TW,BUY,225,279.5447998046875,62897.57995605469,0.0
2021-01-14,3661.TW,BUY,87,712.8759155273438,62020.204650878906,0.0
2021-01-14,2615.TW,SELL,28,28.64299774169922,802.0039367675781,0.0
2021-01-14,3037.TW,SELL,722,86.53614044189453,62479.09339904785,0.0
2021-01-14,9910.TW,SELL,451,137.2512664794922,61900.32118225098,0.0
2021-01-14,2308.TW,BUY,2,273.7302551269531,547.4605102539062,0.0
2021-01-14,3443.TW,BUY,157,396.8760681152344,62309.5426940918,0.0
2021-01-15,2049.TW,BUY,157,385.6873779296875,60552.91833496094,0.0
2021-01-15,2615.TW,BUY,175,25.781681060791016,4511.794185638428,0.0
2021-01-15,2308.TW,SELL,1,267.915771484375,267.915771484375,0.0
2021-01-15,3661.TW,SELL,87,753.638916015625,65566.58569335938,0.0
2021-01-15,3443.TW,BUY,1,381.4133605957031,381.4133605957031,0.0
2021-01-18,2308.TW,BUY,7,258.9703063964844,1812.7921447753906,0.0
2021-01-18,2002.TW,BUY,3010,20.119037628173828,60558.30326080322,0.0
2021-01-18,3019.TW,BUY,996,60.76221466064453,60519.16580200195,0.0
2021-01-18,2615.TW,SELL,99,26.88448143005371,2661.5636615753174,0.0
2021-01-18,2049.TW,SELL,157,387.4647521972656,60831.9660949707,0.0
2021-01-18,3443.TW,SELL,158,381.4133605957031,60263.310974121094,0.0
2021-01-19,2308.TW,SELL,233,262.9957275390625,61278.00451660156,0.0
2021-01-19,3008.TW,SELL,26,2327.110107421875,60504.86279296875,0.0
2021-01-19,3019.TW,SELL,996,61.91488265991211,61667.22312927246,0.0
2021-01-19,1301.TW,BUY,789,77.0586166381836,60799.248527526855,0.0
2021-01-19,2002.TW,BUY,6,20.1605224609375,120.963134765625,0.0
2021-01-19,2382.TW,BUY,1025,59.30833053588867,60791.03879928589,0.0
2021-01-19,2615.TW,BUY,109,25.751874923706055,2806.95436668396,0.0
2021-01-19,6415.TW,BUY,91,661.3960571289062,60187.04119873047,0.0
2021-01-20,6415.TW,BUY,3,626.4589233398438,1879.3767700195312,0.0
2021-01-20,3443.TW,BUY,157,373.91632080078125,58704.862365722656,0.0
2021-01-20,3037.TW,BUY,713,82.68809509277344,58956.61180114746,0.0
2021-01-20,3008.TW,BUY,26,2254.3876953125,58614.080078125,0.0
2021-01-20,2615.TW,SELL,10,25.096155166625977,250.96155166625977,0.0
2021-01-20,2382.TW,SELL,1025,58.303104400634766,59760.682010650635,0.0
2021-01-20,2002.TW,SELL,3016,19.455320358276367,58677.24620056152,0.0
2021-01-20,1301.TW,SELL,789,75.73572540283203,59755.48734283447,0.0
2021-01-21,3008.TW,SELL,26,2282.6689453125,59349.392578125,0.0
2021-01-21,3037.TW,SELL,713,85.55175018310547,60998.3978805542,0.0
2021-01-21,3443.TW,SELL,157,384.2247619628906,60323.28762817383,0.0
2021-01-21,1301.TW,BUY,797,75.57036590576172,60229.58162689209,0.0
2021-01-21,2207.TW,BUY,119,506.5228576660156,60276.22006225586,0.0
2021-01-21,2615.TW,BUY,17,25.453821182250977,432.7149600982666,0.0
2021-01-21,3019.TW,BUY,1031,58.456871032714844,60269.034034729004,0.0
2021-01-22,6669.TW,BUY,251,242.43003845214844,60849.93965148926,0.0
2021-01-22,6415.TW,BUY,1,638.5062255859375,638.5062255859375,0.0
2021-01-22,2308.TW,BUY,234,260.3121643066406,60913.046447753906,0.0
2021-01-22,2207.TW,BUY,2,503.2229919433594,1006.4459838867188,0.0
2021-01-22,1301.TW,SELL,797,74.9089126586914,59702.40338897705,0.0
2021-01-22,3019.TW,SELL,1031,60.268211364746094,62136.52591705322,0.0
2021-01-22,2615.TW,SELL,2368,26.705650329589844,63238.97998046875,0.0
2021-01-22,2049.TW,BUY,151,402.12799072265625,60721.326599121094,0.0
2021-01-25,3661.TW,BUY,71,848.436279296875,60238.975830078125,0.0
2021-01-25,3443.TW,BUY,158,385.63043212890625,60929.60827636719,0.0
2021-01-25,2615.TW,BUY,2243,27.212339401245117,61037.2772769928,0.0
2021-01-25,3711.TW,BUY,780,78.2406997680664,61027.7458190918,0.0
2021-01-25,6415.TW,SELL,95,646.9393310546875,61459.23645019531,0.0
2021-01-25,2308.TW,SELL,234,264.33758544921875,61854.99499511719,0.0
2021-01-25,2049.TW,SELL,151,399.46197509765625,60318.758239746094,0.0
2021-01-25,6669.TW,SELL,251,237.68203735351562,59658.19137573242,0.0
2021-01-26,2207.TW,SELL,121,493.3235168457031,59692.14553833008,0.0
2021-01-26,2615.TW,SELL,2243,27.182533264160156,60970.42211151123,0.0
2021-01-26,3443.TW,SELL,1,374.8534240722656,374.8534240722656,0.0
2021-01-26,2303.TW,BUY,1454,40.66110610961914,59121.24828338623,0.0
2021-01-26,3661.TW,BUY,4,783.0260009765625,3132.10400390625,0.0
2021-01-26,3711.TW,BUY,3,75.4792709350586,226.43781280517578,0.0
2021-01-26,6415.TW,BUY,93,630.0730590820312,58596.794494628906,0.0
2021-01-27,2330.TW,BUY,107,555.4122924804688,59429.115295410156,0.0
2021-01-27,3711.TW,BUY,11,75.40255737304688,829.4281311035156,0.0
2021-01-27,2615.TW,BUY,2256,26.556623458862305,59911.74252319336,0.0
2021-01-27,2308.TW,BUY,233,257.1812438964844,59923.22982788086,0.0
2021-01-27,2303.TW,SELL,1454,40.66110610961914,59121.24828338623,0.0
2021-01-27,6415.TW,SELL,93,634.8920288085938,59044.95867919922,0.0
2021-01-27,3661.TW,SELL,75,796.297607421875,59722.320556640625,0.0
2021-01-27,3443.TW,SELL,157,390.78466796875,61353.19287109375,0.0
2021-01-27,2049.TW,BUY,156,383.0213623046875,59751.33251953125,0.0
2021-01-28,3037.TW,BUY,743,78.84005737304688,58578.16262817383,0.0
2021-01-28,2330.TW,BUY,1,542.768798828125,542.768798828125,0.0
2021-01-28,2303.TW,BUY,1543,37.98993682861328,58618.47252655029,0.0
2021-01-28,3711.TW,BUY,14,72.48770141601562,1014.8278198242188,0.0
2021-01-28,2615.TW,SELL,2256,26.675844192504883,60180.704498291016,0.0
2021-01-28,2308.TW,SELL,233,257.1812438964844,59923.22982788086,0.0
2021-01-28,2049.TW,BUY,5,363.02606201171875,1815.1303100585938,0.0
2021-01-29,2330.TW,SELL,108,533.7376708984375,57643.66845703125,0.0
2021-01-29,3037.TW,SELL,743,77.40823364257812,57514.31759643555,0.0
2021-01-29,3711.TW,SELL,808,70.5700454711914,57020.596740722656,0.0
2021-01-29,2049.TW,BUY,1,351.9175720214844,351.9175720214844,0.0
2021-01-29,2615.TW,BUY,2245,25.513431549072266,57277.653827667236,0.0
2021-01-29,3443.TW,BUY,154,370.1677551269531,57005.83428955078,0.0
2021-01-29,3661.TW,BUY,73,782.0780639648438,57091.698669433594,0.0
2021-02-01,3037.TW,BUY,749,76.78180694580078,57509.573402404785,0.0
2021-02-01,2615.TW,BUY,89,24.649076461791992,2193.7678050994873,0.0
2021-02-01,2049.TW,BUY,2,350.14019775390625,700.2803955078125,0.0
2021-02-01,2327.TW,BUY,446,128.79376220703125,57442.01794433594,0.0
2021-02-01,3443.TW,SELL,154,382.3504943847656,58881.976135253906,0.0
2021-02-01,2303.TW,SELL,17,37.693138122558594,640.7833480834961,0.0
2021-02-01,3661.TW,SELL,73,792.5057373046875,57852.91882324219,0.0
2021-02-02,3661.TW,BUY,76,783.0260009765625,59509.97607421875,0.0
2021-02-02,3019.TW,BUY,1001,59.609535217285156,59669.14475250244,0.0
2021-02-02,2308.TW,BUY,233,255.8394012451172,59610.580490112305,0.0
2021-02-02,3037.TW,SELL,749,79.37699127197266,59453.36646270752,0.0
2021-02-02,6669.TW,BUY,258,231.25819396972656,59664.61404418945,0.0
2021-02-02,2327.TW,SELL,446,133.96348571777344,59747.71463012695,0.0
2021-02-02,2303.TW,SELL,1526,39.028724670410156,59557.8338470459,0.0
2021-02-02,2049.TW,SELL,164,359.9156799316406,59026.17150878906,0.0
2021-02-02,2615.TW,SELL,31,25.930707931518555,803.8519458770752,0.0
2021-02-03,2308.TW,SELL,233,254.0503692626953,59193.73603820801,0.0
2021-02-03,3019.TW,SELL,1001,62.3265495300293,62388.876079559326,0.0
2021-02-03,6669.TW,SELL,258,235.44764709472656,60745.49295043945,0.0
2021-02-03,2303.TW,BUY,1553,38.58353042602539,59920.22275161743,0.0
2021-02-03,2615.TW,BUY,76,25.185571670532227,1914.1034469604492,0.0
2021-02-03,3037.TW,BUY,776,77.22925567626953,59929.902404785156,0.0
2021-02-03,3661.TW,BUY,1,775.4422607421875,775.4422607421875,0.0
2021-02-03,3665.TW,BUY,234,255.21604919433594,59720.55551147461,0.0
2021-02-04,3037.TW,BUY,13,75.26049041748047,978.3863754272461,0.0
2021-02-04,3443.TW,BUY,156,380.4762268066406,59354.29138183594,0.0
2021-02-04,2317.TW,BUY,652,91.11980438232422,59410.11245727539,0.0
2021-02-04,3661.TW,BUY,2,744.1591186523438,1488.3182373046875,0.0
2021-02-04,3665.TW,SELL,234,253.93994140625,59421.9462890625,0.0
2021-02-04,2615.TW,SELL,2379,25.930707931518555,61689.15416908264,0.0
2021-02-04,2303.TW,SELL,1553,38.50933074951172,59804.9906539917,0.0
2021-02-04,2049.TW,BUY,168,353.25054931640625,59346.09228515625,0.0
2021-02-05,4938.TW,BUY,1068,56.35574722290039,60187.93803405762,0.0
2021-02-05,3443.TW,BUY,5,372.5105895996094,1862.5529479980469,0.0
2021-02-05,2615.TW,BUY,2394,25.1557674407959,60222.90725326538,0.0
2021-02-05,2308.TW,BUY,240,250.9193878173828,60220.653076171875,0.0
2021-02-05,3665.TW,BUY,240,250.9624481201172,60230.987548828125,0.0
2021-02-05,3037.TW,SELL,789,80.27188110351562,63334.51419067383,0.0
2021-02-05,2317.TW,SELL,652,90.72016143798828,59149.54525756836,0.0
2021-02-05,2049.TW,SELL,168,353.69488525390625,59420.74072265625,0.0
2021-02-05,3661.TW,SELL,79,764.0665893554688,60361.26055908203,0.0
2021-02-17,2308.TW,SELL,240,267.915771484375,64299.78515625,0.0
2021-02-17,2615.TW,SELL,2394,26.16914939880371,62648.943660736084,0.0
2021-02-17,3443.TW,SELL,4,394.5332336425781,1578.1329345703125,0.0
2021-02-17,3665.TW,SELL,240,261.1711120605469,62681.06689453125,0.0
2021-02-17,2317.TW,BUY,683,91.11980438232422,62234.82639312744,0.0
2021-02-17,2412.TW,BUY,720,86.38529968261719,62197.415771484375,0.0
2021-02-17,3045.TW,BUY,826,75.31159973144531,62207.38137817383,0.0
2021-02-17,4938.TW,BUY,83,54.055511474609375,4486.607452392578,0.0
2021-02-18,2912.TW,BUY,287,217.04226684570312,62291.1305847168,0.0
2021-02-18,6669.TW,BUY,254,244.66445922851562,62144.77264404297,0.0
2021-02-18,2317.TW,BUY,6,90.32051086425781,541.9230651855469,0.0
2021-02-18,2207.TW,BUY,127,488.373779296875,62023.469970703125,0.0
2021-02-18,3443.TW,SELL,2,399.6874694824219,799.3749389648438,0.0
2021-02-18,3045.TW,SELL,826,75.15567779541016,62078.58985900879,0.0
2021-02-18,2412.TW,SELL,720,86.38529968261719,62197.415771484375,0.0
2021-02-18,4938.TW,SELL,1151,54.19927978515625,62383.371032714844,0.0
2021-02-19,3661.TW,BUY,71,867.3956298828125,61585.08972167969,0.0
2021-02-19,2317.TW,BUY,14,87.92261505126953,1230.9166107177734,0.0
2021-02-19,2303.TW,BUY,1457,42.44188690185547,61837.82921600342,0.0
2021-02-19,2049.TW,BUY,172,358.1382751464844,61599.78332519531,0.0
2021-02-19,2615.TW,BUY,2331,26.52681541442871,61834.006731033325,0.0
2021-02-19,3443.TW,SELL,155,409.0588073730469,63404.115142822266,0.0
2021-02-19,2912.TW,SELL,287,216.226318359375,62056.953369140625,0.0
2021-02-19,2207.TW,SELL,127,487.5487976074219,61918.69729614258,0.0
2021-02-19,6669.TW,SELL,254,237.68203735351562,60371.23748779297,0.0
2021-02-22,6669.TW,BUY,266,235.44764709472656,62629.074127197266,0.0
2021-02-22,2049.TW,SELL,172,366.1364440917969,62975.46838378906,0.0
2021-02-22,2317.TW,SELL,703,88.721923828125,62371.512451171875,0.0
2021-02-22,2615.TW,SELL,2331,27.868059158325195,64960.44589805603,0.0
2021-02-22,3661.TW,SELL,71,872.1355590820312,61921.62469482422,0.0
2021-02-22,2303.TW,BUY,34,42.14508819580078,1432.9329986572266,0.0
2021-02-22,2454.TW,BUY,93,670.51220703125,62357.63525390625,0.0
2021-02-22,3045.TW,BUY,837,74.99974822998047,62774.78926849365,0.0
2021-02-22,4938.TW,BUY,1153,54.48680877685547,62823.290519714355,0.0
2021-02-23,3443.TW,BUY,145,432.0185852050781,62642.69485473633,0.0
2021-02-23,2615.TW,BUY,2264,27.838254928588867,63025.809158325195,0.0
2021-02-23,4938.TW,BUY,14,53.98362731933594,755.7707824707031,0.0
2021-02-23,2317.TW,BUY,707,89.12157440185547,63008.95310211182,0.0
2021-02-23,3045.TW,SELL,837,76.40306854248047,63949.36837005615,0.0
2021-02-23,6669.TW,SELL,266,237.40274047851562,63149.128967285156,0.0
2021-02-23,2454.TW,SELL,93,680.383056640625,63275.624267578125,0.0
2021-02-23,2303.TW,BUY,31,41.40309524536133,1283.4959526062012,0.0
2021-02-24,2317.TW,SELL,707,88.32227325439453,62443.84719085693,0.0
2021-02-24,3443.TW,SELL,145,448.41839599609375,65020.667419433594,0.0
2021-02-24,4938.TW,SELL,1167,54.63057327270508,63753.879009246826,0.0
2021-02-24,2049.TW,BUY,179,351.47320556640625,62913.70379638672,0.0
2021-02-24,2303.TW,BUY,32,40.58690643310547,1298.781005859375,0.0
2021-02-24,2615.TW,BUY,37,27.420978546142578,1014.5762062072754,0.0
2021-02-24,3661.TW,BUY,75,835.16455078125,62637.34130859375,0.0
2021-02-24,3711.TW,BUY,776,81.30896759033203,63095.758850097656,0.0
2021-02-25,6415.TW,BUY,91,709.5852661132812,64572.259216308594,0.0
2021-02-25,3443.TW,BUY,145,445.138427734375,64545.072021484375,0.0
2021-02-25,3034.TW,BUY,205,314.748291015625,64523.399658203125,0.0
2021-02-25,3019.TW,BUY,877,73.85326385498047,64769.31240081787,0.0
2021-02-25,2454.TW,BUY,97,665.5767822265625,64560.94787597656,0.0
2021-02-25,2049.TW,SELL,179,365.24774169921875,65379.345764160156,0.0
2021-02-25,3661.TW,SELL,75,863.6038208007812,64770.286560058594,0.0
2021-02-25,2615.TW,SELL,2301,28.195919036865234,64878.809703826904,0.0
2021-02-25,2303.TW,SELL,1554,41.328895568847656,64225.10371398926,0.0
2021-02-25,3711.TW,SELL,776,82.45956420898438,63988.621826171875,0.0
2021-02-26,6415.TW,BUY,4,645.7345581054688,2582.938232421875,0.0
2021-02-26,3711.TW,BUY,780,79.39129638671875,61925.211181640625,0.0
2021-02-26,3443.TW,BUY,2,420.77294921875,841.5458984375,0.0
2021-02-26,2454.TW,BUY,1,631.7339477539062,631.7339477539062,0.0
2021-02-26,3019.TW,SELL,877,75.7469253540039,66430.05353546143,0.0
2021-02-26,3034.TW,BUY,2,298.9793395996094,597.9586791992188,0.0
2021-03-02,3443.TW,BUY,6,402.9674072265625,2417.804443359375,0.0
2021-03-02,3019.TW,BUY,846,73.194580078125,61922.61474609375,0.0
2021-03-02,2615.TW,BUY,2283,27.1229248046875,61921.63732910156,0.0
2021-03-02,6415.TW,BUY,3,627.6636352539062,1882.9909057617188,0.0
2021-03-02,3711.TW,SELL,780,81.30896759033203,63420.994720458984,0.0
2021-03-02,3034.TW,SELL,207,311.2791442871094,64434.78286743164,0.0
2021-03-02,2454.TW,SELL,98,634.5541381835938,62186.30554199219,0.0
2021-03-02,2303.TW,BUY,1584,39.10292434692383,61939.032165527344,0.0
2021-03-03,2615.TW,SELL,58,28.195919036865234,1635.3633041381836,0.0
2021-03-03,3019.TW,SELL,846,73.93559265136719,62549.51138305664,0.0
2021-03-03,6415.TW,SELL,98,650.553466796875,63754.23974609375,0.0
2021-03-03,2303.TW,BUY,45,38.50933074951172,1732.9198837280273,0.0
2021-03-03,3034.TW,BUY,201,311.5945129394531,62630.49710083008,0.0
2021-03-03,3443.TW,BUY,3,400.15606689453125,1200.4682006835938,0.0
2021-03-03,3661.TW,BUY,78,803.8814086914062,62702.74987792969,0.0
2021-03-04,3019.TW,BUY,858,70.88925170898438,60822.977966308594,0.0
2021-03-04,3034.TW,BUY,1,300.8716125488281,300.8716125488281,0.0
2021-03-04,2303.TW,BUY,43,36.394657135009766,1564.97025680542,0.0
2021-03-04,3661.TW,SELL,78,789.6618041992188,61593.62072753906,0.0
2021-03-04,3443.TW,SELL,2,393.5960998535156,787.1921997070312,0.0
2021-03-04,2615.TW,SELL,9,27.450782775878906,247.05704498291016,0.0
2021-03-05,2615.TW,SELL,22,27.331562042236328,601.2943649291992,0.0
2021-03-05,3019.TW,SELL,858,72.5359115600586,62235.81211853027,0.0
2021-03-05,2303.TW,BUY,45,34.91067123413086,1570.9802055358887,0.0
2021-03-05,2327.TW,BUY,473,126.77080535888672,59962.59093475342,0.0
2021-03-05,3443.TW,BUY,4,379.5390625,1518.15625,0.0
2021-03-08,6415.TW,BUY,102,580.67919921875,59229.2783203125,0.0
2021-03-08,3019.TW,BUY,827,71.63024139404297,59238.209632873535,0.0
2021-03-08,2303.TW,BUY,14,34.20578384399414,478.88097381591797,0.0
2021-03-08,3443.TW,BUY,2,370.1677551269531,740.3355102539062,0.0
2021-03-08,2615.TW,SELL,5,27.063312530517578,135.3165626525879,0.0
2021-03-08,2327.TW,SELL,473,122.94972229003906,58155.21864318848,0.0
2021-03-08,3034.TW,SELL,202,303.3946838378906,61285.726135253906,0.0
2021-03-09,2303.TW,SELL,1731,34.39127731323242,59531.30102920532,0.0
2021-03-09,2615.TW,SELL,87,28.315141677856445,2463.4173259735107,0.0
2021-03-09,3019.TW,SELL,827,73.44158172607422,60736.18808746338,0.0
2021-03-09,3443.TW,SELL,160,374.3848876953125,59901.58203125,0.0
2021-03-09,2308.TW,BUY,252,235.71218872070312,59399.47155761719,0.0
2021-03-09,3034.TW,BUY,199,298.6639709472656,59434.13021850586,0.0
2021-03-09,3711.TW,BUY,768,77.47364044189453,59499.755859375,0.0
2021-03-09,6415.TW,BUY,7,543.3326416015625,3803.3284912109375,0.0
2021-03-10,2615.TW,BUY,65,28.017086029052734,1821.1105918884277,0.0
2021-03-10,3711.TW,BUY,16,77.47364044189453,1239.5782470703125,0.0
2021-03-10,3443.TW,BUY,163,371.57342529296875,60566.468322753906,0.0
2021-03-10,2454.TW,BUY,99,609.171875,60308.015625,0.0
2021-03-10,6415.TW,SELL,109,597.5454711914062,65132.45635986328,0.0
2021-03-10,3034.TW,SELL,199,300.8716125488281,59873.4508972168,0.0
2021-03-10,2308.TW,SELL,252,237.05398559570312,59737.60437011719,0.0
2021-03-10,2327.TW,BUY,506,120.02769470214844,60734.01351928711,0.0
2021-03-11,4938.TW,BUY,1218,51.75527572631836,63037.92583465576,0.0
2021-03-11,3019.TW,BUY,849,74.18258666992188,62981.01608276367,0.0
2021-03-11,2615.TW,BUY,71,28.166114807128906,1999.7941513061523,0.0
2021-03-11,3045.TW,BUY,818,77.02677154541016,63007.89912414551,0.0
2021-03-11,3443.TW,SELL,3,393.5960998535156,1180.7882995605469,0.0
2021-03-11,2454.TW,SELL,99,626.0933837890625,61983.24499511719,0.0
2021-03-11,2327.TW,SELL,506,126.99559020996094,64259.768646240234,0.0
2021-03-11,3711.TW,SELL,784,80.54190063476562,63144.85009765625,0.0
2021-03-12,3037.TW,BUY,767,81.8826904296875,62804.02355957031,0.0
2021-03-12,2615.TW,SELL,15,28.255529403686523,423.83294105529785,0.0
2021-03-12,3045.TW,SELL,818,77.10474395751953,63071.68055725098,0.0
2021-03-12,3443.TW,SELL,160,393.1275329589844,62900.4052734375,0.0
2021-03-12,4938.TW,SELL,1218,51.3239860534668,62512.61501312256,0.0
2021-03-12,3019.TW,BUY,7,73.3592529296875,513.5147705078125,0.0
2021-03-12,3034.TW,BUY,204,307.1792297363281,62664.56286621094,0.0
2021-03-12,6415.TW,BUY,103,609.5927124023438,62788.049377441406,0.0
2021-03-15,3711.TW,BUY,797,78.62423706054688,62663.51693725586,0.0
2021-03-15,6415.TW,BUY,4,583.0886840820312,2332.354736328125,0.0
2021-03-15,3019.TW,BUY,1,73.11225128173828,73.11225128173828,0.0
2021-03-15,3034.TW,SELL,204,313.1714172363281,63886.96911621094,0.0
2021-03-15,3037.TW,SELL,767,81.07728576660156,62186.2781829834,0.0
2021-03-15,2615.TW,SELL,63,29.030467987060547,1828.9194831848145,0.0
2021-03-15,3008.TW,BUY,22,2751.322998046875,60529.10595703125,0.0
2021-03-16,3019.TW,SELL,857,74.0179214477539,63433.3586807251,0.0
2021-03-16,3711.TW,SELL,797,79.77483367919922,63580.54244232178,0.0
2021-03-16,6415.TW,SELL,107,601.1595458984375,64324.07141113281,0.0
2021-03-16,1301.TW,BUY,756,83.50772857666016,63131.84280395508,0.0
2021-03-16,2615.TW,BUY,19,29.00066375732422,551.0126113891602,0.0
2021-03-16,3008.TW,BUY,1,2698.801513671875,2698.801513671875,0.0
2021-03-16,3443.TW,BUY,164,385.1618957519531,63166.55090332031,0.0
2021-03-16,3661.TW,BUY,72,866.4476318359375,62384.2294921875,0.0
2021-03-17,6505.TW,BUY,744,85.80946350097656,63842.24084472656,0.0
2021-03-17,6415.TW,BUY,109,581.8839721679688,63425.352966308594,0.0
2021-03-17,2889.TW,BUY,5910,10.815149307250977,63917.53240585327,0.0
2021-03-17,2615.TW,BUY,9,29.209299087524414,262.8836917877197,0.0
2021-03-17,1301.TW,SELL,756,83.50772857666016,63131.84280395508,0.0
2021-03-17,3661.TW,SELL,72,898.6787719726562,64704.87158203125,0.0
2021-03-17,3443.TW,SELL,164,390.3161315917969,64011.84558105469,0.0
2021-03-17,3008.TW,SELL,23,2698.801513671875,62072.434814453125,0.0
2021-03-17,2049.TW,BUY,171,373.69024658203125,63901.032165527344,0.0
2021-03-18,6415.TW,BUY,2,574.6555786132812,1149.3111572265625,0.0
2021-03-18,3443.TW,BUY,163,391.7218017578125,63850.65368652344,0.0
2021-03-18,2303.TW,BUY,1839,34.91067123413086,64200.72439956665,0.0
2021-03-18,1301.TW,BUY,772,83.09432220458984,64148.81674194336,0.0
2021-03-18,2889.TW,SELL,5910,10.815149307250977,63917.53240585327,0.0
2021-03-18,2615.TW,SELL,32,29.775606155395508,952.8193969726562,0.0
2021-03-18,2049.TW,SELL,171,379.9110107421875,64964.78283691406,0.0
2021-03-18,6505.TW,SELL,744,85.80946350097656,63842.24084472656,0.0
2021-03-19,2303.TW,SELL,1839,34.16868209838867,62836.20637893677,0.0
2021-03-19,2615.TW,SELL,44,29.53716468811035,1299.6352462768555,0.0
2021-03-19,1301.TW,BUY,5,80.28317260742188,401.4158630371094,0.0
2021-03-19,2049.TW,BUY,170,365.24774169921875,62092.11608886719,0.0
2021-03-19,3443.TW,BUY,3,374.8534240722656,1124.5602722167969,0.0
2021-03-19,6415.TW,BUY,1,554.1752319335938,554.1752319335938,0.0
2021-03-22,6669.TW,BUY,273,232.0960693359375,63362.22692871094,0.0
2021-03-22,6415.TW,BUY,9,521.6474609375,4694.8271484375,0.0
2021-03-22,3661.TW,BUY,75,844.6442260742188,63348.316955566406,0.0
2021-03-22,3034.TW,BUY,190,332.4095458984375,63157.813720703125,0.0
2021-03-22,2049.TW,SELL,170,369.2467956542969,62771.95526123047,0.0
2021-03-22,3443.TW,SELL,166,375.79058837890625,62381.23767089844,0.0
2021-03-22,2615.TW,SELL,2112,32.48789596557617,68614.43627929688,0.0
2021-03-22,1301.TW,SELL,777,82.68092346191406,64243.07752990723,0.0
2021-03-22,3019.TW,BUY,868,73.11225128173828,63461.43411254883,0.0
2021-03-23,2615.TW,BUY,2062,30.81879234313965,63548.349811553955,0.0
2021-03-23,3019.TW,BUY,18,71.71257781982422,1290.826400756836,0.0
2021-03-23,2049.TW,BUY,177,358.5826721191406,63469.13296508789,0.0
2021-03-23,3661.TW,BUY,1,833.2686157226562,833.2686157226562,0.0
2021-03-23,6415.TW,SELL,2,532.4900512695312,1064.9801025390625,0.0
2021-03-23,6669.TW,SELL,273,234.05116271972656,63895.96742248535,0.0
2021-03-23,3034.TW,SELL,190,336.194091796875,63876.87744140625,0.0
2021-03-24,2615.TW,SELL,2062,30.997634887695312,63917.123138427734,0.0
2021-03-24,3019.TW,SELL,886,72.04191589355469,63829.13748168945,0.0
2021-03-24,2049.TW,BUY,3,351.47320556640625,1054.4196166992188,0.0
2021-03-24,2330.TW,BUY,121,522.3212280273438,63200.868591308594,0.0
2021-03-24,3443.TW,BUY,176,358.45361328125,63087.8359375,0.0
2021-03-25,9910.TW,BUY,473,135.04937744140625,63878.355529785156,0.0
2021-03-25,3037.TW,BUY,831,76.87129974365234,63880.0500869751,0.0
2021-03-25,2615.TW,BUY,2148,29.745800018310547,63893.978439331055,0.0
2021-03-25,6415.TW,SELL,119,540.9231567382812,64369.85565185547,0.0
2021-03-25,3661.TW,SELL,76,848.436279296875,64481.1572265625,0.0
2021-03-25,2330.TW,SELL,121,521.4144287109375,63091.14587402344,0.0
2021-03-25,2049.TW,BUY,2,349.2514953613281,698.5029907226562,0.0
2021-03-26,2357.TW,BUY,274,241.1927490234375,66086.81323242188,0.0
2021-03-26,6669.TW,BUY,283,233.77188110351562,66157.44235229492,0.0
2021-03-26,2889.TW,BUY,5620,11.785279273986816,66233.26951980591,0.0
2021-03-26,9910.TW,SELL,473,139.45314025878906,65961.33534240723,0.0
2021-03-26,6415.TW,BUY,118,557.7894287109375,65819.15258789062,0.0
2021-03-26,3037.TW,SELL,831,80.45086669921875,66854.67022705078,0.0
2021-03-26,3443.TW,SELL,176,368.7620544433594,64902.12158203125,0.0
2021-03-26,2049.TW,SELL,182,358.1382751464844,65181.166076660156,0.0
2021-03-26,3008.TW,BUY,25,2638.199462890625,65954.98657226562,0.0
2021-03-26,2615.TW,SELL,2148,31.53412628173828,67735.30325317383,0.0
2021-03-29,3034.TW,BUY,188,353.22454833984375,66406.21508789062,0.0
2021-03-29,2357.TW,SELL,274,247.13998413085938,67716.35565185547,0.0
2021-03-29,2889.TW,SELL,5620,11.785279273986816,66233.26951980591,0.0
2021-03-29,6415.TW,SELL,118,557.7894287109375,65819.15258789062,0.0
2021-03-29,6669.TW,SELL,283,237.9613037109375,67343.04895019531,0.0
2021-03-29,2049.TW,BUY,186,357.2496337890625,66448.43188476562,0.0
2021-03-29,2327.TW,BUY,535,124.52311706542969,66619.86763000488,0.0
2021-03-29,3661.TW,BUY,77,856.02001953125,65913.54150390625,0.0
2021-03-30,3661.TW,BUY,2,848.436279296875,1696.87255859375,0.0
2021-03-30,3443.TW,BUY,181,370.6363220214844,67085.17428588867,0.0
2021-03-30,2615.TW,BUY,2068,32.54751205444336,67308.25492858887,0.0
2021-03-30,2412.TW,BUY,758,88.7738265991211,67290.56056213379,0.0
2021-03-30,6415.TW,BUY,121,554.1752319335938,67055.20306396484,0.0
2021-03-30,3008.TW,SELL,25,2634.158935546875,65853.97338867188,0.0
2021-03-30,2327.TW,SELL,535,126.54603576660156,67702.12913513184,0.0
2021-03-30,3034.TW,SELL,188,360.7936706542969,67829.21008300781,0.0
2021-03-30,2049.TW,SELL,186,361.6930236816406,67274.90240478516,0.0
2021-03-31,2912.TW,BUY,304,221.93795776367188,67469.13916015625,0.0
2021-03-31,3711.TW,BUY,820,82.45956420898438,67616.84265136719,0.0
2021-03-31,2317.TW,BUY,682,99.11277770996094,67594.91439819336,0.0
2021-03-31,6415.TW,SELL,121,555.3799438476562,67200.9732055664,0.0
2021-03-31,3008.TW,BUY,26,2593.758544921875,67437.72216796875,0.0
2021-03-31,3443.TW,SELL,181,373.44769287109375,67594.03240966797,0.0
2021-03-31,2615.TW,SELL,8,32.84556198120117,262.7644958496094,0.0
2021-03-31,3661.TW,SELL,79,853.176025390625,67400.90600585938,0.0
2021-03-31,2412.TW,SELL,758,88.7738265991211,67290.56056213379,0.0
2021-04-01,2615.TW,SELL,31,33.322452545166016,1032.9960289001465,0.0
2021-04-01,2912.TW,SELL,304,224.79376220703125,68337.3037109375,0.0
2021-04-01,3711.TW,SELL,820,82.45956420898438,67616.84265136719,0.0
2021-04-01,2317.TW,BUY,14,97.1145248413086,1359.6033477783203,0.0
2021-04-01,3034.TW,BUY,188,359.5321350097656,67592.04138183594,0.0
2021-04-01,4938.TW,BUY,1279,52.83351135253906,67574.06101989746,0.0
2021-04-07,6669.TW,BUY,295,233.21328735351562,68797.91976928711,0.0
2021-04-07,6415.TW,BUY,116,589.1123046875,68337.02734375,0.0
2021-04-07,4938.TW,BUY,35,52.33034133911133,1831.5619468688965,0.0
2021-04-07,3661.TW,BUY,78,872.1355590820312,68026.57360839844,0.0
2021-04-07,2317.TW,SELL,696,98.713134765625,68704.341796875,0.0
2021-04-07,3034.TW,SELL,188,390.4393310546875,73402.59423828125,0.0
2021-04-07,2615.TW,SELL,2029,34.99155044555664,70997.85585403442,0.0
2021-04-07,3008.TW,BUY,2,2424.072998046875,4848.14599609375,0.0
2021-04-08,2412.TW,BUY,793,88.37574005126953,70081.96186065674,0.0
2021-04-08,2883.TW,BUY,8606,8.143326759338379,70081.47009086609,0.0
2021-04-08,2615.TW,BUY,1996,35.11077117919922,70081.09927368164,0.0
2021-04-08,2317.TW,BUY,715,97.91383361816406,70008.3910369873,0.0
2021-04-08,3661.TW,BUY,3,855.0719604492188,2565.2158813476562,0.0
2021-04-08,6415.TW,SELL,116,613.2068481445312,71131.99438476562,0.0
2021-04-08,4938.TW,SELL,1314,52.9053955078125,69517.68969726562,0.0
2021-04-08,3008.TW,SELL,28,2504.8759765625,70136.52734375,0.0
2021-04-08,6669.TW,SELL,295,239.63710021972656,70692.94456481934,0.0
2021-04-09,2317.TW,SELL,3,95.91559600830078,287.74678802490234,0.0
2021-04-09,2412.TW,SELL,793,89.17191314697266,70713.32712554932,0.0
2021-04-09,2615.TW,SELL,26,34.69349670410156,902.0309143066406,0.0
2021-04-09,2883.TW,SELL,8606,8.143326759338379,70081.47009086609,0.0
2021-04-09,3008.TW,BUY,28,2440.23388671875,68326.548828125,0.0
2021-04-09,3034.TW,BUY,177,385.3932189941406,68214.59976196289,0.0
2021-04-09,3661.TW,BUY,7,769.75439453125,5388.28076171875,0.0
2021-04-12,3661.TW,BUY,9,692.9685668945312,6236.717102050781,0.0
2021-04-12,3034.TW,BUY,6,368.9935302734375,2213.961181640625,0.0
2021-04-12,2889.TW,BUY,5630,12.036794662475586,67767.15394973755,0.0
2021-04-12,2454.TW,BUY,100,676.8577270507812,67685.77270507812,0.0
2021-04-12,2615.TW,SELL,1970,38.15092468261719,75157.32162475586,0.0
2021-04-12,2317.TW,SELL,712,96.31524658203125,68576.45556640625,0.0
2021-04-12,3008.TW,SELL,1,2424.072998046875,2424.072998046875,0.0
2021-04-13,2454.TW,SELL,100,677.5628051757812,67756.28051757812,0.0
2021-04-13,2889.TW,SELL,44,11.893071174621582,523.2951316833496,0.0
2021-04-13,3008.TW,SELL,27,2448.313720703125,66104.47045898438,0.0
2021-04-13,3034.TW,SELL,183,369.62432861328125,67641.25213623047,0.0
2021-04-13,3019.TW,BUY,915,72.5359115600586,66370.35907745361,0.0
2021-04-13,3037.TW,BUY,843,78.75056457519531,66386.72593688965,0.0
2021-04-13,3661.TW,BUY,9,623.7665405273438,5613.898864746094,0.0
2021-04-13,6415.TW,BUY,113,586.702880859375,66297.42553710938,0.0
2021-04-14,2327.TW,BUY,534,122.7249526977539,65535.124740600586,0.0
2021-04-14,3661.TW,BUY,10,562.1482543945312,5621.4825439453125,0.0
2021-04-14,3034.TW,BUY,175,372.778076171875,65236.163330078125,0.0
2021-04-14,3711.TW,BUY,777,84.37723541259766,65561.11191558838,0.0
2021-04-14,6415.TW,SELL,113,612.002197265625,69156.24829101562,0.0
2021-04-14,3037.TW,SELL,843,78.3031234741211,66009.53308868408,0.0
2021-04-14,2889.TW,SELL,5586,11.929001808166504,66635.40410041809,0.0
2021-04-14,2303.TW,BUY,1676,39.10292434692383,65536.50120544434,0.0
2021-04-14,3019.TW,SELL,915,71.95958709716797,65843.02219390869,0.0
2021-04-15,6415.TW,BUY,103,625.254150390625,64401.177490234375,0.0
2021-04-15,2303.TW,SELL,1676,39.399715423583984,66033.92304992676,0.0
2021-04-15,2327.TW,SELL,534,124.2983627319336,66375.32569885254,0.0
2021-04-15,3034.TW,SELL,175,384.7624816894531,67333.4342956543,0.0
2021-04-15,3711.TW,SELL,2,83.61016082763672,167.22032165527344,0.0
2021-04-15,3037.TW,BUY,824,78.66108703613281,64816.73571777344,0.0
2021-04-15,3661.TW,BUY,12,506.21783447265625,6074.614013671875,0.0
2021-04-15,3665.TW,BUY,285,227.14227294921875,64735.547790527344,0.0
2021-04-16,3661.TW,BUY,5,492.9461669921875,2464.7308349609375,0.0
2021-04-16,3034.TW,BUY,170,385.3932189941406,65516.847229003906,0.0
2021-04-16,2889.TW,BUY,5372,12.216447830200195,65626.75774383545,0.0
2021-04-16,2454.TW,BUY,95,687.4336547851562,65306.197204589844,0.0
2021-04-16,3665.TW,SELL,285,229.2690887451172,65341.6902923584,0.0
2021-04-16,6415.TW,SELL,103,636.0967407226562,65517.964294433594,0.0
2021-04-16,3711.TW,SELL,775,86.67842102050781,67175.77629089355,0.0
2021-04-16,3037.TW,SELL,824,80.62983703613281,66438.98571777344,0.0
2021-04-16,2327.TW,BUY,529,123.84881591796875,65516.02362060547,0.0
2021-04-19,3034.TW,BUY,2,373.4088134765625,746.817626953125,0.0
2021-04-19,3661.TW,BUY,6,461.6630554199219,2769.9783325195312,0.0
2021-04-19,3711.TW,BUY,755,85.52781677246094,64573.50166320801,0.0
2021-04-19,3019.TW,BUY,883,73.11225128173828,64558.1178817749,0.0
2021-04-19,2327.TW,SELL,529,124.2983627319336,65753.83388519287,0.0
2021-04-19,2889.TW,SELL,5372,12.503894805908203,67170.92289733887,0.0
2021-04-20,2615.TW,BUY,1355,48.58282470703125,65829.72747802734,0.0
2021-04-20,2357.TW,BUY,260,253.08718872070312,65802.66906738281,0.0
2021-04-20,2303.TW,BUY,1640,40.1417121887207,65832.40798950195,0.0
2021-04-20,3711.TW,SELL,755,86.67842102050781,65442.2078704834,0.0
2021-04-20,5871.TW,BUY,483,136.19552612304688,65782.43911743164,0.0
2021-04-20,3034.TW,SELL,172,375.93182373046875,64660.273681640625,0.0
2021-04-20,3019.TW,SELL,883,74.10025024414062,65430.52096557617,0.0
2021-04-20,2454.TW,SELL,95,703.6500244140625,66846.75231933594,0.0
2021-04-20,3661.TW,SELL,1,474.9346923828125,474.9346923828125,0.0
2021-04-21,2303.TW,SELL,1640,39.622318267822266,64980.601959228516,0.0
2021-04-21,2357.TW,SELL,260,248.79197692871094,64685.914001464844,0.0
2021-04-21,2615.TW,SELL,1355,53.41130065917969,72372.31239318848,0.0
2021-04-21,2049.TW,BUY,183,360.3600158691406,65945.88290405273,0.0
2021-04-21,3034.TW,BUY,178,371.51654052734375,66129.94421386719,0.0
2021-04-21,3661.TW,BUY,4,464.5069274902344,1858.0277099609375,0.0
2021-04-21,5871.TW,BUY,14,133.1912078857422,1864.6769104003906,0.0
2021-04-21,6415.TW,BUY,108,610.7974243164062,65966.12182617188,0.0
2021-04-22,3661.TW,BUY,15,419.0042724609375,6285.0640869140625,0.0
2021-04-22,3443.TW,BUY,177,370.6363220214844,65602.62899780273,0.0
2021-04-22,2615.TW,BUY,1286,51.14608383178711,65773.86380767822,0.0
2021-04-22,3019.TW,BUY,922,71.30091857910156,65739.44692993164,0.0
2021-04-22,5871.TW,SELL,497,133.85882568359375,66527.8363647461,0.0
2021-04-22,3034.TW,SELL,1,370.8857727050781,370.8857727050781,0.0
2021-04-22,2049.TW,SELL,183,367.913818359375,67328.22875976562,0.0
2021-04-22,6415.TW,SELL,108,637.301513671875,68828.5634765625,0.0
2021-04-23,3661.TW,BUY,11,388.6690979003906,4275.360076904297,0.0
2021-04-23,2615.TW,BUY,52,48.88087463378906,2541.8054809570312,0.0
2021-04-23,2002.TW,BUY,2069,31.609704971313477,65400.47958564758,0.0
2021-04-23,9910.TW,BUY,434,150.46261596679688,65300.775329589844,0.0
2021-04-23,3443.TW,SELL,177,379.5390625,67178.4140625,0.0
2021-04-23,3034.TW,SELL,177,387.2854919433594,68549.53207397461,0.0
2021-04-23,3019.TW,SELL,922,72.61824798583984,66954.02464294434,0.0
2021-04-23,1301.TW,BUY,739,88.46858978271484,65378.28784942627,0.0
2021-04-26,1301.TW,SELL,739,88.88198852539062,65683.78952026367,0.0
2021-04-26,2002.TW,SELL,2069,33.1860466003418,68661.93041610718,0.0
2021-04-26,2615.TW,SELL,76,53.76896286010742,4086.441177368164,0.0
2021-04-26,9910.TW,SELL,434,152.66448974609375,66256.38854980469,0.0
2021-04-26,2317.TW,BUY,722,93.91734313964844,67808.32174682617,0.0
2021-04-26,3034.TW,BUY,174,388.54705810546875,67607.18811035156,0.0
2021-04-26,3443.TW,BUY,181,374.8534240722656,67848.46975708008,0.0
2021-04-26,3661.TW,BUY,3,396.72686767578125,1190.1806030273438,0.0
2021-04-27,6415.TW,BUY,100,697.5379638671875,69753.79638671875,0.0
2021-04-27,2615.TW,BUY,23,54.365074157714844,1250.3967056274414,0.0
2021-04-27,2357.TW,BUY,282,247.80078125,69879.8203125,0.0
2021-04-27,2002.TW,BUY,2154,32.439353942871094,69874.36839294434,0.0
2021-04-27,2105.TW,BUY,1588,44.01332092285156,69893.15362548828,0.0
2021-04-27,3443.TW,SELL,181,383.2876281738281,69375.06069946289,0.0
2021-04-27,3034.TW,SELL,174,391.0700378417969,68046.18658447266,0.0
2021-04-27,2317.TW,SELL,722,94.71663665771484,68385.41166687012,0.0
2021-04-27,3661.TW,SELL,171,436.0677795410156,74567.59030151367,0.0
2021-04-28,2357.TW,SELL,282,245.818359375,69320.77734375,0.0
2021-04-28,2615.TW,SELL,27,55.140010833740234,1488.7802925109863,0.0
2021-04-28,2002.TW,BUY,35,31.692670822143555,1109.2434787750244,0.0
2021-04-28,2105.TW,BUY,5,43.54258346557617,217.71291732788086,0.0
2021-04-28,2303.TW,BUY,1558,44.51945877075195,69361.31676483154,0.0
2021-04-29,2303.TW,BUY,88,42.070892333984375,3702.238525390625,0.0
2021-04-29,2105.TW,BUY,39,42.4442138671875,1655.3243408203125,0.0
2021-04-29,1303.TW,BUY,968,71.55081939697266,69261.19317626953,0.0
2021-04-29,2615.TW,SELL,31,56.451446533203125,1749.9948425292969,0.0
2021-04-29,2002.TW,SELL,2189,32.60528564453125,71372.9702758789,0.0
2021-04-29,6415.TW,SELL,2,704.7662353515625,1409.532470703125,0.0
2021-05-03,1303.TW,SELL,968,71.30746459960938,69025.62573242188,0.0
2021-05-03,2615.TW,SELL,80,60.50498580932617,4840.398864746094,0.0
2021-05-03,6415.TW,SELL,98,730.0655517578125,71546.42407226562,0.0
2021-05-03,2105.TW,BUY,52,41.188934326171875,2141.8245849609375,0.0
2021-05-03,2303.TW,BUY,118,39.325523376464844,4640.411758422852,0.0
2021-05-03,2454.TW,BUY,89,779.0913696289062,69339.13189697266,0.0
2021-05-03,3034.TW,BUY,187,370.8857727050781,69355.63949584961,0.0
2021-05-04,2615.TW,BUY,94,54.484291076660156,5121.523361206055,0.0
2021-05-04,6415.TW,BUY,95,708.3804931640625,67296.14685058594,0.0
2021-05-04,3019.TW,BUY,1052,64.30255889892578,67646.29196166992,0.0
2021-05-04,2002.TW,BUY,2249,30.074848175048828,67638.33354568481,0.0
2021-05-04,2883.TW,BUY,6996,9.670201301574707,67652.72830581665,0.0
2021-05-04,2454.TW,SELL,89,764.9902954101562,68084.1362915039,0.0
2021-05-04,2105.TW,SELL,1684,40.0905647277832,67512.51100158691,0.0
2021-05-04,3034.TW,SELL,187,366.470458984375,68529.97583007812,0.0
2021-05-04,2303.TW,SELL,1764,40.51270294189453,71464.40798950195,0.0
2021-05-05,3037.TW,BUY,781,88.5943832397461,69192.2133102417,0.0
2021-05-05,2002.TW,SELL,2249,32.56380081176758,73235.98802566528,0.0
2021-05-05,2883.TW,SELL,6996,9.86595630645752,69022.2303199768,0.0
2021-05-05,3019.TW,SELL,1052,63.39688491821289,66693.52293395996,0.0
2021-05-05,6415.TW,SELL,95,721.6325073242188,68555.08819580078,0.0
2021-05-05,2303.TW,BUY,1802,38.43513107299805,69260.10619354248,0.0
2021-05-05,2454.TW,BUY,97,708.5853881835938,68732.7826538086,0.0
2021-05-05,2615.TW,BUY,15,55.140010833740234,827.1001625061035,0.0
2021-05-05,3034.TW,BUY,206,336.194091796875,69255.98291015625,0.0
2021-05-06,3443.TW,BUY,214,330.33953857421875,70692.66125488281,0.0
2021-05-06,3019.TW,BUY,1121,63.31455993652344,70975.62168884277,0.0
2021-05-06,2615.TW,BUY,68,53.59013366699219,3644.1290893554688,0.0
2021-05-06,2454.TW,SELL,97,743.83837890625,72152.32275390625,0.0
2021-05-06,3037.TW,SELL,781,95.30609893798828,74434.06327056885,0.0
2021-05-06,3034.TW,SELL,206,348.8092346191406,71854.70233154297,0.0
2021-05-06,3661.TW,BUY,206,344.58831787109375,70985.19348144531,0.0
2021-05-06,2303.TW,BUY,63,38.06413650512695,2398.040599822998,0.0
2021-05-07,2615.TW,BUY,46,55.020790100097656,2530.956344604492,0.0
2021-05-07,2454.TW,BUY,100,747.3637084960938,74736.37084960938,0.0
2021-05-07,3037.TW,BUY,791,95.30609893798828,75387.12425994873,0.0
2021-05-07,2002.TW,BUY,2206,34.18162536621094,75404.66555786133,0.0
2021-05-07,2049.TW,BUY,228,330.5892028808594,75374.33825683594,0.0
2021-05-07,3443.TW,SELL,214,341.58514404296875,73099.22082519531,0.0
2021-05-07,3019.TW,SELL,1121,69.57191467285156,77990.1163482666,0.0
2021-05-07,2303.TW,SELL,1865,40.067508697509766,74725.90372085571,0.0
2021-05-07,3661.TW,SELL,206,378.7153625488281,78015.3646850586,0.0
2021-05-10,3037.TW,BUY,50,90.83162689208984,4541.581344604492,0.0
2021-05-10,2002.TW,SELL,2206,37.334293365478516,82359.4511642456,0.0
2021-05-10,2049.TW,SELL,228,330.5892028808594,75374.33825683594,0.0
2021-05-10,2615.TW,SELL,107,60.50498580932617,6474.0334815979,0.0
2021-05-10,2454.TW,BUY,10,690.2538452148438,6902.5384521484375,0.0
2021-05-10,3034.TW,BUY,222,343.76318359375,76315.4267578125,0.0
2021-05-10,6415.TW,BUY,103,737.2940063476562,75941.2826538086,0.0
2021-05-11,6415.TW,BUY,4,663.8054809570312,2655.221923828125,0.0
2021-05-11,3034.TW,BUY,7,309.7022399902344,2167.9156799316406,0.0
2021-05-11,2002.TW,BUY,2043,34.84534454345703,71189.03890228271,0.0
2021-05-11,2454.TW,SELL,110,642.309814453125,70654.07958984375,0.0
2021-05-11,2615.TW,SELL,54,58.83588409423828,3177.137741088867,0.0
2021-05-11,3037.TW,SELL,16,86.26766967773438,1380.28271484375,0.0
2021-05-12,2327.TW,BUY,707,95.07811737060547,67220.22898101807,0.0
2021-05-12,2002.TW,BUY,71,31.81711769104004,2259.015356063843,0.0
2021-05-12,2615.TW,BUY,60,52.994022369384766,3179.641342163086,0.0
2021-05-12,3037.TW,SELL,1,81.61422729492188,81.61422729492188,0.0
2021-05-12,3034.TW,SELL,229,310.0176086425781,70994.03237915039,0.0
2021-05-12,6415.TW,SELL,2,639.7109375,1279.421875,0.0
2021-05-13,2615.TW,BUY,101,47.748268127441406,4822.575080871582,0.0
2021-05-13,6415.TW,SELL,3,640.9155883789062,1922.7467651367188,0.0
2021-05-13,3034.TW,BUY,216,302.1331481933594,65260.760009765625,0.0
2021-05-13,2454.TW,BUY,106,615.5174560546875,65244.850341796875,0.0
2021-05-13,2327.TW,SELL,707,92.04370880126953,65074.90212249756,0.0
2021-05-13,3037.TW,SELL,824,84.6568603515625,69757.2529296875,0.0
2021-05-13,2002.TW,BUY,40,30.36522674560547,1214.6090698242188,0.0
2021-05-14,2454.TW,SELL,106,631.0288696289062,66889.06018066406,0.0
2021-05-14,2615.TW,SELL,22,48.64242935180664,1070.133445739746,0.0
2021-05-14,6415.TW,SELL,2,650.553466796875,1301.10693359375,0.0
2021-05-14,2002.TW,BUY,114,28.913339614868164,3296.1207160949707,0.0
2021-05-14,2303.TW,BUY,1889,34.72517776489258,65595.86079788208,0.0
2021-05-17,3443.TW,BUY,220,285.357177734375,62778.5791015625,0.0
2021-05-17,2883.TW,BUY,7177,8.769735336303711,62940.39050865173,0.0
2021-05-17,2615.TW,BUY,2,46.61566162109375,93.2313232421875,0.0
2021-05-17,6415.TW,SELL,100,663.8054809570312,66380.54809570312,0.0
2021-05-17,2002.TW,BUY,129,26.258453369140625,3387.3404846191406,0.0
2021-05-17,3034.TW,SELL,216,294.2486572265625,63557.7099609375,0.0
2021-05-17,2303.TW,BUY,41,32.610504150390625,1337.0306701660156,0.0
2021-05-18,3665.TW,BUY,377,182.47946166992188,68794.75704956055,0.0
2021-05-18,6505.TW,BUY,795,86.50853729248047,68774.28714752197,0.0
2021-05-18,3443.TW,SELL,220,310.1911926269531,68242.06237792969,0.0
2021-05-18,6669.TW,BUY,302,227.34800720214844,68659.09817504883,0.0
2021-05-18,2615.TW,SELL,8,51.26530838012695,410.1224670410156,0.0
2021-05-18,2303.TW,SELL,1930,35.83816146850586,69167.65163421631,0.0
2021-05-18,2002.TW,SELL,14,28.871858596801758,404.2060203552246,0.0
2021-05-18,2883.TW,SELL,7177,9.474448204040527,67998.11476039886,0.0
2021-05-19,2002.TW,SELL,133,31.36080551147461,4170.987133026123,0.0
2021-05-19,2615.TW,SELL,91,56.39183807373047,5131.657264709473,0.0
2021-05-19,3665.TW,SELL,377,177.80055236816406,67030.80824279785,0.0
2021-05-19,6505.TW,SELL,795,85.72208404541016,68149.05681610107,0.0
2021-05-19,6669.TW,SELL,302,222.32069396972656,67140.84957885742,0.0
2021-05-19,2883.TW,BUY,7543,9.356996536254883,70579.82487297058,0.0
2021-05-19,3034.TW,BUY,226,311.9098815917969,70491.6332397461,0.0
2021-05-19,3661.TW,BUY,169,417.1082763671875,70491.29870605469,0.0
2021-05-20,3661.TW,BUY,7,391.98699951171875,2743.9089965820312,0.0
2021-05-20,3034.TW,BUY,11,290.14874267578125,3191.6361694335938,0.0
2021-05-20,2303.TW,BUY,2001,34.50257873535156,69039.66004943848,0.0
2021-05-20,2615.TW,SELL,138,61.995269775390625,8555.347229003906,0.0
2021-05-20,2883.TW,SELL,7543,9.278695106506348,69989.19718837738,0.0
2021-05-20,2002.TW,BUY,117,29.162235260009766,3411.9815254211426,0.0
2021-05-21,3034.TW,BUY,7,296.771728515625,2077.402099609375,0.0
2021-05-21,2615.TW,SELL,45,67.95633697509766,3058.0351638793945,0.0
2021-05-21,3661.TW,SELL,176,430.8539123535156,75830.28857421875,0.0
2021-05-21,2002.TW,BUY,50,30.033367156982422,1501.668357849121,0.0
2021-05-21,2303.TW,BUY,83,34.83647537231445,2891.4274559020996,0.0
2021-05-21,2382.TW,BUY,1138,63.760047912597656,72558.93452453613,0.0
2021-05-24,2454.TW,BUY,112,664.8717651367188,74465.6376953125,0.0
2021-05-24,2615.TW,SELL,67,74.51353454589844,4992.406814575195,0.0
2021-05-24,3045.TW,BUY,957,77.96232604980469,74609.94602966309,0.0
2021-05-24,2412.TW,BUY,829,89.96808624267578,74583.54349517822,0.0
2021-05-24,2382.TW,SELL,1138,63.11383819580078,71823.54786682129,0.0
2021-05-24,3034.TW,SELL,244,307.49456787109375,75028.67456054688,0.0
2021-05-24,2002.TW,BUY,117,29.452613830566406,3445.9558181762695,0.0
2021-05-24,2303.TW,SELL,2084,36.13496017456055,75305.25700378418,0.0
2021-05-25,2912.TW,BUY,340,215.81834411621094,73378.23699951172,0.0
2021-05-25,2881.TW,BUY,1681,43.69046401977539,73443.67001724243,0.0
2021-05-25,2615.TW,BUY,56,69.44661712646484,3889.0105590820312,0.0
2021-05-25,3034.TW,BUY,237,309.7022399902344,73399.43087768555,0.0
2021-05-25,3045.TW,SELL,957,77.96232604980469,74609.94602966309,0.0
2021-05-25,2454.TW,SELL,112,671.2173461914062,75176.3427734375,0.0
2021-05-25,2412.TW,SELL,829,90.76426696777344,75243.57731628418,0.0
2021-05-25,2002.TW,BUY,36,28.581478118896484,1028.9332122802734,0.0
2021-05-26,2615.TW,SELL,78,76.30184936523438,5951.544250488281,0.0
2021-05-26,2881.TW,SELL,1681,43.50817108154297,73137.23558807373,0.0
2021-05-26,2912.TW,SELL,340,213.37049865722656,72545.96954345703,0.0
2021-05-26,2002.TW,BUY,14,28.913339614868164,404.7867546081543,0.0
2021-05-26,3034.TW,BUY,6,307.1792297363281,1843.0753784179688,0.0
2021-05-26,3037.TW,BUY,810,92.17395782470703,74660.9058380127,0.0
2021-05-26,3661.TW,BUY,160,464.5069274902344,74321.1083984375,0.0
2021-05-27,3037.TW,BUY,34,90.3841781616211,3073.062057495117,0.0
2021-05-27,3045.TW,BUY,998,76.40306854248047,76250.26240539551,0.0
2021-05-27,2357.TW,BUY,297,256.39117431640625,76148.17877197266,0.0
2021-05-27,3661.TW,SELL,160,473.0386962890625,75686.19140625,0.0
2021-05-27,3034.TW,SELL,243,312.5406494140625,75947.37780761719,0.0
2021-05-27,2615.TW,SELL,68,83.7531967163086,5695.217376708984,0.0
2021-05-27,2002.TW,BUY,74,28.705923080444336,2124.238307952881,0.0
2021-05-28,2881.TW,BUY,1820,43.7512321472168,79627.24250793457,0.0
2021-05-28,6415.TW,BUY,94,842.1053466796875,79157.90258789062,0.0
2021-05-28,3045.TW,SELL,998,77.72843170166016,77572.97483825684,0.0
2021-05-28,2412.TW,BUY,885,89.96808624267578,79621.75632476807,0.0
2021-05-28,2615.TW,SELL,47,92.09872436523438,4328.640045166016,0.0
2021-05-28,2357.TW,SELL,297,258.7040100097656,76835.09097290039,0.0
2021-05-28,2002.TW,SELL,32,30.323749542236328,970.3599853515625,0.0
2021-05-28,3037.TW,SELL,844,93.51630401611328,78927.76058959961,0.0
2021-05-31,2615.TW,BUY,59,86.4356918334961,5099.7058181762695,0.0
2021-05-31,2002.TW,SELL,23,30.655609130859375,705.0790100097656,0.0
2021-05-31,2412.TW,SELL,2,90.36618041992188,180.73236083984375,0.0
2021-05-31,2881.TW,SELL,4,43.933528900146484,175.73411560058594,0.0
2021-05-31,6415.TW,SELL,94,886.6802978515625,83347.94799804688,0.0
2021-05-31,5871.TW,BUY,573,139.19984436035156,79761.51081848145,0.0
2021-06-01,3034.TW,BUY,251,325.47119140625,81693.26904296875,0.0
2021-06-01,9910.TW,BUY,478,171.0136260986328,81744.51327514648,0.0
2021-06-01,2412.TW,BUY,22,90.36618041992188,1988.0559692382812,0.0
2021-06-01,6415.TW,BUY,99,824.0344848632812,81579.41400146484,0.0
2021-06-01,2881.TW,SELL,1816,44.358882904052734,80555.73135375977,0.0
2021-06-01,2002.TW,SELL,2603,30.98746681213379,80660.37611198425,0.0
2021-06-01,5871.TW,SELL,573,139.86746215820312,80144.05581665039,0.0
2021-06-01,2615.TW,SELL,63,95.07926177978516,5989.993492126465,0.0
2021-06-02,3661.TW,BUY,155,528.9691772460938,81990.22247314453,0.0
2021-06-02,2412.TW,SELL,905,90.76426696777344,82141.66160583496,0.0
2021-06-02,6415.TW,SELL,99,856.5620727539062,84799.64520263672,0.0
2021-06-02,9910.TW,SELL,478,176.15138244628906,84200.36080932617,0.0
2021-06-02,2357.TW,BUY,317,260.0256042480469,82428.11654663086,0.0
2021-06-02,2454.TW,BUY,122,676.1526489257812,82490.62316894531,0.0
2021-06-02,2615.TW,BUY,4,95.37731170654297,381.5092468261719,0.0
2021-06-02,3034.TW,BUY,11,314.1175842285156,3455.293426513672,0.0
2021-06-03,9910.TW,BUY,487,171.0136260986328,83283.63591003418,0.0
2021-06-03,6415.TW,BUY,99,837.2864379882812,82891.35736083984,0.0
2021-06-03,2886.TW,BUY,3404,24.498775482177734,83393.83174133301,0.0
2021-06-03,2615.TW,BUY,5,95.97342681884766,479.8671340942383,0.0
2021-06-03,2454.TW,SELL,122,691.6640014648438,84383.00817871094,0.0
2021-06-03,3661.TW,SELL,155,537.5009155273438,83312.64190673828,0.0
2021-06-03,3034.TW,SELL,262,318.5328063964844,83455.5952758789,0.0
2021-06-03,2357.TW,SELL,317,259.034423828125,82113.91235351562,0.0
2021-06-03,2002.TW,BUY,2591,32.190460205078125,83405.48239135742,0.0
2021-06-04,2615.TW,BUY,16,92.69482421875,1483.1171875,0.0
2021-06-04,3034.TW,BUY,260,315.3790588378906,81998.55529785156,0.0
2021-06-04,6415.TW,BUY,1,813.1919555664062,813.1919555664062,0.0
2021-06-04,2002.TW,BUY,7,31.56822395324707,220.9775676727295,0.0
2021-06-04,9910.TW,SELL,487,171.0136260986328,83283.63591003418,0.0
2021-06-04,2886.TW,SELL,3404,24.498775482177734,83393.83174133301,0.0
2021-06-04,2303.TW,BUY,2086,39.325523376464844,82033.04176330566,0.0
2021-06-07,3034.TW,SELL,260,327.3634948730469,85114.50866699219,0.0
2021-06-07,6415.TW,SELL,100,810.7824096679688,81078.24096679688,0.0
2021-06-07,2002.TW,BUY,45,30.945980072021484,1392.5691032409668,0.0
2021-06-07,2303.TW,BUY,22,38.806129455566406,853.7348480224609,0.0
2021-06-07,2327.TW,BUY,762,107.32813262939453,81784.03706359863,0.0
2021-06-07,2615.TW,BUY,11,91.2045669555664,1003.2502365112305,0.0
2021-06-07,3661.TW,BUY,151,538.4489135742188,81305.78594970703,0.0
2021-06-08,6415.TW,BUY,107,774.6405639648438,82886.54034423828,0.0
2021-06-08,3661.TW,BUY,4,536.5529174804688,2146.211669921875,0.0
2021-06-08,3034.TW,BUY,259,322.9481506347656,83643.5710144043,0.0
2021-06-08,2327.TW,SELL,762,111.82354736328125,85209.54309082031,0.0
2021-06-08,2615.TW,SELL,46,98.35786437988281,4524.461761474609,0.0
2021-06-08,2303.TW,SELL,2108,38.73192596435547,81646.89993286133,0.0
2021-06-08,2002.TW,BUY,67,30.863018035888672,2067.822208404541,0.0
2021-06-09,2615.TW,BUY,2,95.37731170654297,190.75462341308594,0.0
2021-06-09,3034.TW,SELL,259,323.57891845703125,83806.9398803711,0.0
2021-06-09,6415.TW,SELL,1,766.2073974609375,766.2073974609375,0.0
2021-06-09,2002.TW,BUY,5,29.950397491455078,149.7519874572754,0.0
2021-06-09,2303.TW,BUY,2161,37.61893844604492,81294.52598190308,0.0
2021-06-09,3661.TW,BUY,8,498.6340026855469,3989.072021484375,0.0
2021-06-10,9904.TW,BUY,2805,29.290197372436523,82159.00362968445,0.0
2021-06-10,2615.TW,BUY,14,94.78120422363281,1326.9368591308594,0.0
2021-06-10,2002.TW,BUY,24,29.99188804626465,719.8053131103516,0.0
2021-06-10,2105.TW,BUY,2252,36.481632232666016,82156.63578796387,0.0
2021-06-10,6415.TW,SELL,106,780.6641845703125,82750.40356445312,0.0
2021-06-10,3661.TW,SELL,2,510.0097351074219,1020.0194702148438,0.0
2021-06-10,2303.TW,SELL,2161,38.2125358581543,82577.28998947144,0.0
2021-06-11,2105.TW,SELL,2252,36.36394119262695,81891.5955657959,0.0
2021-06-11,2615.TW,SELL,67,104.0208740234375,6969.3985595703125,0.0
2021-06-11,9904.TW,SELL,2805,28.93730354309082,81169.13643836975,0.0
2021-06-11,2002.TW,BUY,33,29.99188804626465,989.7323055267334,0.0
2021-06-11,3034.TW,BUY,260,319.1636047363281,82982.53723144531,0.0
2021-06-11,3037.TW,BUY,746,111.41415405273438,83114.95892333984,0.0
2021-06-11,3661.TW,BUY,5,498.6340026855469,2493.1700134277344,0.0
2021-06-15,9910.TW,BUY,520,167.3437957763672,87018.77380371094,0.0
2021-06-15,9904.TW,BUY,3052,28.545196533203125,87119.93981933594,0.0
2021-06-15,6415.TW,BUY,110,787.8925170898438,86668.17687988281,0.0
2021-06-15,2002.TW,BUY,157,29.74298858642578,4669.649208068848,0.0
2021-06-15,2615.TW,SELL,36,114.15473937988281,4109.570617675781,0.0
2021-06-15,3037.TW,SELL,746,113.6513900756836,84783.93699645996,0.0
2021-06-15,3034.TW,SELL,260,329.2557373046875,85606.49169921875,0.0
2021-06-15,3661.TW,SELL,166,547.9285888671875,90956.14575195312,0.0
2021-06-16,3034.TW,BUY,272,321.6866455078125,87498.767578125,0.0
2021-06-16,3661.TW,BUY,168,521.3854370117188,87592.75341796875,0.0
2021-06-16,2002.TW,BUY,48,29.452613830566406,1413.7254638671875,0.0
2021-06-16,6415.TW,BUY,3,771.0263671875,2313.0791015625,0.0
2021-06-16,9904.TW,SELL,3052,28.623619079589844,87359.2854309082,0.0
2021-06-16,2615.TW,SELL,48,122.50023651123047,5880.0113525390625,0.0
2021-06-16,9910.TW,SELL,520,165.1418914794922,85873.78356933594,0.0
2021-06-17,3661.TW,SELL,168,532.7610473632812,89503.85595703125,0.0
2021-06-17,6415.TW,SELL,113,811.9871826171875,91754.55163574219,0.0
2021-06-17,2002.TW,BUY,48,29.411130905151367,1411.7342834472656,0.0
2021-06-17,2615.TW,BUY,9,122.79829406738281,1105.1846466064453,0.0
2021-06-17,3034.TW,BUY,5,321.055908203125,1605.279541015625,0.0
2021-06-17,6505.TW,BUY,938,94.80984497070312,88931.63458251953,0.0
2021-06-17,9904.TW,BUY,3121,28.505985260009766,88967.17999649048,0.0
2021-06-18,3037.TW,BUY,770,116.3360595703125,89578.76586914062,0.0
2021-06-18,3034.TW,BUY,5,317.2713317871094,1586.3566589355469,0.0
2021-06-18,2303.TW,BUY,2313,38.73192596435547,89586.9447555542,0.0
2021-06-18,2002.TW,BUY,60,29.03778839111328,1742.2673034667969,0.0
2021-06-18,6505.TW,SELL,938,91.31455993652344,85653.05722045898,0.0
2021-06-18,2615.TW,SELL,61,135.0185089111328,8236.129043579102,0.0
2021-06-18,9904.TW,SELL,3121,28.427566528320312,88722.4351348877,0.0
2021-06-21,2303.TW,SELL,2313,37.98993682861328,87870.72388458252,0.0
2021-06-21,2615.TW,SELL,56,148.43093872070312,8312.132568359375,0.0
2021-06-21,3037.TW,SELL,770,117.23096466064453,90267.84278869629,0.0
2021-06-21,2002.TW,BUY,81,28.45703125,2305.01953125,0.0
2021-06-21,2454.TW,BUY,139,647.2452392578125,89967.08825683594,0.0
2021-06-21,3034.TW,BUY,13,304.65618896484375,3960.5304565429688,0.0
2021-06-21,3711.TW,BUY,1039,86.67842102050781,90058.87944030762,0.0
2021-06-22,3034.TW,BUY,6,300.5562438964844,1803.3374633789062,0.0
2021-06-22,9910.TW,BUY,562,161.10508728027344,90541.05905151367,0.0
2021-06-22,2454.TW,BUY,3,636.6693115234375,1910.0079345703125,0.0
2021-06-22,3711.TW,SELL,1039,86.67842102050781,90058.87944030762,0.0
2021-06-22,2615.TW,SELL,1,149.6231689453125,149.6231689453125,0.0
2021-06-22,2002.TW,SELL,143,29.99188804626465,4288.839990615845,0.0
2021-06-23,3037.TW,BUY,764,118.12584686279297,90248.14700317383,0.0
2021-06-23,2615.TW,BUY,64,134.72044372558594,8622.1083984375,0.0
2021-06-23,2357.TW,BUY,365,247.13998413085938,90206.09420776367,0.0
2021-06-23,6415.TW,BUY,110,820.4202270507812,90246.22497558594,0.0
2021-06-23,9910.TW,SELL,562,165.5088653564453,93015.98233032227,0.0
2021-06-23,3034.TW,SELL,301,309.0715026855469,93030.52230834961,0.0
2021-06-23,2454.TW,SELL,142,663.4616088867188,94211.54846191406,0.0
2021-06-23,2002.TW,BUY,50,29.369646072387695,1468.4823036193848,0.0
2021-06-24,2357.TW,SELL,365,246.8095703125,90085.4931640625,0.0
2021-06-24,2615.TW,SELL,42,148.13290405273438,6221.581970214844,0.0
2021-06-24,6415.TW,SELL,110,863.7904663085938,95016.95129394531,0.0
2021-06-24,2002.TW,BUY,60,29.701509475708008,1782.0905685424805,0.0
2021-06-24,2454.TW,BUY,142,655.0008544921875,93010.12133789062,0.0
2021-06-24,3037.TW,BUY,29,117.23096466064453,3399.6979751586914,0.0
2021-06-24,9910.TW,BUY,568,163.67396545410156,92966.81237792969,0.0
2021-06-25,2357.TW,BUY,395,242.51434326171875,95793.1655883789,0.0
2021-06-25,3034.TW,BUY,310,308.4407043457031,95616.61834716797,0.0
2021-06-25,2002.TW,BUY,99,29.660018920898438,2936.3418731689453,0.0
2021-06-25,3037.TW,BUY,47,114.09883880615234,5362.64542388916,0.0
2021-06-25,2615.TW,SELL,39,162.73756408691406,6346.764999389648,0.0
2021-06-25,2454.TW,SELL,142,653.5907592773438,92809.88781738281,0.0
2021-06-25,9910.TW,SELL,568,177.25230407714844,100679.30871582031,0.0
2021-06-28,2002.TW,SELL,3232,31.070432662963867,100419.63836669922,0.0
2021-06-28,2357.TW,SELL,395,246.1487579345703,97228.75938415527,0.0
2021-06-28,2615.TW,SELL,33,178.8324432373047,5901.470626831055,0.0
2021-06-28,3034.TW,SELL,310,313.1714172363281,97083.13934326172,0.0
2021-06-28,3037.TW,BUY,21,115.44116973876953,2424.26456451416,0.0
2021-06-28,3443.TW,BUY,252,393.5960998535156,99186.21716308594,0.0
2021-06-28,3661.TW,BUY,168,590.5874633789062,99218.69384765625,0.0
2021-06-28,9910.TW,BUY,568,175.05039978027344,99428.62707519531,0.0
2021-06-29,3034.TW,BUY,318,307.49456787109375,97783.27258300781,0.0
2021-06-29,2615.TW,BUY,7,174.06361389160156,1218.445297241211,0.0
2021-06-29,2002.TW,BUY,3130,31.319326400756836,98029.4916343689,0.0
2021-06-29,3443.TW,SELL,252,391.6946716308594,98707.05725097656,0.0
2021-06-29,3661.TW,SELL,1,584.8995971679688,584.8995971679688,0.0
2021-06-29,3037.TW,SELL,2,114.09883880615234,228.1976776123047,0.0
2021-06-29,9910.TW,SELL,568,171.38059997558594,97344.18078613281,0.0
2021-06-30,6415.TW,BUY,111,913.184326171875,101363.46020507812,0.0
2021-06-30,2002.TW,SELL,43,32.85417556762695,1412.729549407959,0.0
2021-06-30,2615.TW,SELL,33,191.35073852539062,6314.574371337891,0.0
2021-06-30,3034.TW,SELL,318,314.748291015625,100089.95654296875,0.0
2021-06-30,3037.TW,SELL,859,115.44116973876953,99163.96480560303,0.0
2021-06-30,3661.TW,BUY,8,579.2117309570312,4633.69384765625,0.0
2021-06-30,3665.TW,BUY,460,220.33653259277344,101354.80499267578,0.0
2021-07-01,6415.TW,BUY,2,893.9087524414062,1787.8175048828125,0.0
2021-07-01,2002.TW,BUY,34,32.439353942871094,1102.9380340576172,0.0
2021-07-01,6669.TW,BUY,371,272.5941467285156,101132.4284362793,0.0
2021-07-01,3665.TW,BUY,11,214.8068389892578,2362.875228881836,0.0
2021-07-01,3661.TW,SELL,175,581.1077270507812,101693.85223388672,0.0
2021-07-01,3037.TW,BUY,916,110.5192642211914,101235.64602661133,0.0
2021-07-01,2615.TW,SELL,530,200.2923583984375,106154.94995117188,0.0
2021-07-02,2615.TW,BUY,530,194.62933349609375,103153.54675292969,0.0
2021-07-02,2207.TW,BUY,207,496.6233825683594,102801.04019165039,0.0
2021-07-02,2105.TW,BUY,2894,35.65785217285156,103193.82418823242,0.0
2021-07-02,2002.TW,BUY,72,32.31490707397461,2326.673309326172,0.0
2021-07-02,2327.TW,BUY,825,124.97265625,103102.44140625,0.0
2021-07-02,6415.TW,SELL,113,919.2079467773438,103870.49798583984,0.0
2021-07-02,3665.TW,SELL,471,218.63507080078125,102977.11834716797,0.0
2021-07-02,3037.TW,SELL,916,113.20394897460938,103694.81726074219,0.0
2021-07-02,6669.TW,SELL,371,280.6938171386719,104137.40615844727,0.0
2021-07-05,2002.TW,SELL,65,33.10308074951172,2151.7002487182617,0.0
2021-07-05,2105.TW,SELL,2894,36.089351654052734,104442.58368682861,0.0
2021-07-05,2207.TW,SELL,207,510.6475524902344,105704.04336547852,0.0
2021-07-05,2327.TW,SELL,19,128.34420776367188,2438.5399475097656,0.0
2021-07-05,2615.TW,BUY,45,180.02468872070312,8101.110992431641,0.0
2021-07-05,3443.TW,BUY,244,423.06829833984375,103228.66479492188,0.0
2021-07-05,6415.TW,BUY,112,919.2079467773438,102951.2900390625,0.0
2021-07-06,3661.TW,BUY,173,596.2752685546875,103155.62145996094,0.0
2021-07-06,2615.TW,BUY,10,176.4480438232422,1764.4804382324219,0.0
2021-07-06,6415.TW,BUY,2,901.1370849609375,1802.274169921875,0.0
2021-07-06,3443.TW,SELL,244,416.4132995605469,101604.84509277344,0.0
2021-07-06,2327.TW,SELL,37,134.18826293945312,4964.965728759766,0.0
2021-07-06,2002.TW,BUY,6,32.93714904785156,197.62289428710938,0.0
2021-07-07,2327.TW,SELL,20,135.5369110107422,2710.7382202148438,0.0
2021-07-07,6415.TW,SELL,114,938.4837036132812,106987.14221191406,0.0
2021-07-07,2002.TW,BUY,82,31.56822395324707,2588.5943641662598,0.0
2021-07-07,2615.TW,BUY,31,164.8239288330078,5109.541793823242,0.0
2021-07-07,3019.TW,BUY,1358,74.75894165039062,101522.64276123047,0.0
2021-07-07,3661.TW,BUY,2,580.1597290039062,1160.3194580078125,0.0
2021-07-08,2327.TW,BUY,36,132.6148681640625,4774.13525390625,0.0
2021-07-08,2303.TW,BUY,2645,39.399715423583984,104212.24729537964,0.0
2021-07-08,2207.TW,BUY,209,496.6233825683594,103794.28695678711,0.0
2021-07-08,2002.TW,BUY,25,32.14897918701172,803.724479675293,0.0
2021-07-08,3019.TW,SELL,1358,75.00592041015625,101858.03991699219,0.0
2021-07-08,2615.TW,SELL,41,181.21690368652344,7429.893051147461,0.0
2021-07-08,3661.TW,SELL,175,599.1192626953125,104845.87097167969,0.0
2021-07-09,2002.TW,SELL,26,31.56822395324707,820.7738227844238,0.0
2021-07-09,2207.TW,SELL,209,501.7168273925781,104858.81692504883,0.0
2021-07-09,2303.TW,SELL,2645,38.73192596435547,102445.94417572021,0.0
2021-07-09,2327.TW,SELL,12,131.2662353515625,1575.19482421875,0.0
2021-07-09,2615.TW,BUY,44,163.9297637939453,7212.909606933594,0.0
2021-07-09,6415.TW,BUY,112,903.5465087890625,101197.208984375,0.0
2021-07-09,9910.TW,BUY,581,174.68344116210938,101491.07931518555,0.0
2021-07-12,2327.TW,BUY,15,131.71578979492188,1975.7368469238281,0.0
2021-07-12,6505.TW,BUY,1110,93.49910736083984,103784.00917053223,0.0
2021-07-12,3037.TW,BUY,825,125.73243713378906,103729.26063537598,0.0
2021-07-12,9910.TW,SELL,581,174.31643676757812,101277.84976196289,0.0
2021-07-12,6415.TW,SELL,112,968.601806640625,108483.40234375,0.0
2021-07-12,2002.TW,BUY,85,31.443771362304688,2672.7205657958984,0.0
2021-07-12,2615.TW,SELL,13,171.0830535888672,2224.0796966552734,0.0
2021-07-13,2327.TW,SELL,23,130.59193420410156,3003.614486694336,0.0
2021-07-13,3037.TW,SELL,4,121.70542907714844,486.82171630859375,0.0
2021-07-13,6505.TW,SELL,1110,93.06221008300781,103299.05319213867,0.0
2021-07-13,2002.TW,BUY,3,30.28226661682129,90.84679985046387,0.0
2021-07-13,2615.TW,BUY,43,154.09397888183594,6626.041091918945,0.0
2021-07-13,3661.TW,BUY,169,588.6914672851562,99488.8579711914,0.0
2021-07-14,3661.TW,SELL,169,593.431396484375,100289.90600585938,0.0
2021-07-14,9910.TW,BUY,583,172.4815216064453,100556.72709655762,0.0
2021-07-14,3019.TW,BUY,1348,74.5942611694336,100553.06405639648,0.0
2021-07-14,2615.TW,BUY,16,151.11343383789062,2417.81494140625,0.0
2021-07-14,3037.TW,SELL,821,127.96968078613281,105063.10792541504,0.0
2021-07-14,2002.TW,BUY,73,29.784475326538086,2174.2666988372803,0.0
2021-07-14,2327.TW,BUY,2,131.04147338867188,262.08294677734375,0.0
2021-07-15,2327.TW,BUY,16,131.71578979492188,2107.45263671875,0.0
2021-07-15,6415.TW,BUY,111,928.8457641601562,103101.87982177734,0.0
2021-07-15,3037.TW,BUY,803,128.41712951660156,103118.95500183105,0.0
2021-07-15,6669.TW,BUY,364,283.48681640625,103189.201171875,0.0
2021-07-15,9910.TW,SELL,583,172.4815216064453,100556.72709655762,0.0
2021-07-15,2615.TW,SELL,665,166.01614379882812,110400.7356262207,0.0
2021-07-15,2002.TW,SELL,14,30.697092056274414,429.7592887878418,0.0
2021-07-15,3019.TW,SELL,1348,74.4295883178711,100331.08505249023,0.0
2021-07-16,6415.TW,SELL,111,945.7119750976562,104974.02923583984,0.0
2021-07-16,6669.TW,SELL,364,286.2797546386719,104205.83068847656,0.0
2021-07-16,2002.TW,BUY,58,30.157817840576172,1749.153434753418,0.0
2021-07-16,2327.TW,BUY,11,129.9176025390625,1429.0936279296875,0.0
2021-07-16,3443.TW,BUY,247,416.88861083984375,102971.4868774414,0.0
2021-07-16,6505.TW,BUY,1157,89.12999725341797,103123.40682220459,0.0
2021-07-19,9910.TW,BUY,611,169.54568481445312,103592.41342163086,0.0
2021-07-19,3037.TW,BUY,12,127.07479095458984,1524.8974914550781,0.0
2021-07-19,3019.TW,BUY,1407,73.68859100341797,103679.84754180908,0.0
2021-07-19,2002.TW,SELL,6,30.36522674560547,182.1913604736328,0.0
2021-07-19,3443.TW,SELL,247,425.4450988769531,105084.93942260742,0.0
2021-07-19,2327.TW,SELL,3,131.04147338867188,393.1244201660156,0.0
2021-07-19,6505.TW,SELL,1157,89.12999725341797,103123.40682220459,0.0
2021-07-20,3019.TW,BUY,19,71.30091857910156,1354.7174530029297,0.0
2021-07-20,6415.TW,BUY,107,942.159423828125,100811.05834960938,0.0
2021-07-20,2615.TW,BUY,655,155.28619384765625,101712.45697021484,0.0
2021-07-20,6669.TW,BUY,371,273.99066162109375,101650.53546142578,0.0
2021-07-20,9910.TW,SELL,611,166.60983276367188,101798.60781860352,0.0
2021-07-20,3037.TW,SELL,815,126.6273422241211,103201.28391265869,0.0
2021-07-20,2002.TW,SELL,3414,29.90892219543457,102109.06037521362,0.0
2021-07-20,2327.TW,BUY,5,127.6698989868164,638.349494934082,0.0
2021-07-21,2615.TW,BUY,54,142.17181396484375,7677.2779541015625,0.0
2021-07-21,2303.TW,BUY,2677,37.693138122558594,100904.53075408936,0.0
2021-07-21,3037.TW,BUY,820,123.04776763916016,100899.16946411133,0.0
2021-07-21,6415.TW,BUY,1,928.8726196289062,928.8726196289062,0.0
2021-07-21,2002.TW,BUY,3465,29.120750427246094,100903.40023040771,0.0
2021-07-21,3019.TW,SELL,1426,72.61824798583984,103553.62162780762,0.0
2021-07-21,6669.TW,SELL,371,275.1078796386719,102065.02334594727,0.0
2021-07-21,2327.TW,SELL,796,132.1653289794922,105203.60186767578,0.0
2021-07-22,2303.TW,SELL,2677,39.83818817138672,106646.82973480225,0.0
2021-07-22,3037.TW,SELL,820,131.10177612304688,107503.45642089844,0.0
2021-07-22,6415.TW,SELL,108,948.1989135742188,102405.48266601562,0.0
2021-07-22,2002.TW,BUY,95,29.203718185424805,2774.3532276153564,0.0
2021-07-22,2327.TW,BUY,782,132.83963012695312,103880.59075927734,0.0
2021-07-22,2615.TW,BUY,17,143.06597900390625,2432.1216430664062,0.0
2021-07-22,6669.TW,BUY,381,272.5941467285156,103858.36990356445,0.0
2021-07-22,9910.TW,BUY,641,162.20603942871094,103974.07127380371,0.0
2021-07-23,6415.TW,BUY,111,937.3278198242188,104043.38800048828,0.0
2021-07-23,3661.TW,BUY,163,641.7780151367188,104609.81646728516,0.0
2021-07-23,3037.TW,BUY,840,124.8375473022461,104863.53973388672,0.0
2021-07-23,2615.TW,BUY,7,143.06597900390625,1001.4618530273438,0.0
2021-07-23,2327.TW,BUY,10,132.39007568359375,1323.9007568359375,0.0
2021-07-23,9910.TW,SELL,641,164.77491760253906,105620.72218322754,0.0
2021-07-23,6669.TW,SELL,381,272.8829040527344,103968.3864440918,0.0
2021-07-23,2002.TW,SELL,3560,30.116331100463867,107214.13871765137,0.0
2021-07-26,2327.TW,SELL,22,134.86257934570312,2966.9767456054688,0.0
2021-07-26,3037.TW,SELL,840,130.65435791015625,109749.66064453125,0.0
2021-07-26,3661.TW,SELL,163,647.4658203125,105536.9287109375,0.0
2021-07-26,2002.TW,BUY,3498,29.701509475708008,103895.88014602661,0.0
2021-07-26,2615.TW,BUY,72,129.0574188232422,9292.134155273438,0.0
2021-07-26,2881.TW,BUY,2101,49.4461555480957,103886.37280654907,0.0
2021-07-26,6415.TW,BUY,2,914.3778076171875,1828.755615234375,0.0
2021-07-27,3037.TW,BUY,790,127.07479095458984,100389.08485412598,0.0
2021-07-27,2615.TW,BUY,17,122.2021713256836,2077.436912536621,0.0
2021-07-27,2002.TW,SELL,57,29.203718185424805,1664.6119365692139,0.0
2021-07-27,2327.TW,SELL,1,130.59193420410156,130.59193420410156,0.0
2021-07-27,2881.TW,SELL,2101,48.123390197753906,101107.24280548096,0.0
2021-07-28,2002.TW,SELL,3441,29.286684036254883,100775.47976875305,0.0
2021-07-28,2615.TW,SELL,822,134.4224090576172,110495.22024536133,0.0
2021-07-28,6415.TW,SELL,113,882.9725341796875,99775.89636230469,0.0
2021-07-28,2327.TW,BUY,30,126.99559020996094,3809.867706298828,0.0
2021-07-28,3019.TW,BUY,1434,70.72457122802734,101419.03514099121,0.0
2021-07-28,3037.TW,BUY,31,123.4952163696289,3828.351707458496,0.0
2021-07-28,3443.TW,BUY,261,387.8918151855469,101239.76376342773,0.0
2021-07-28,3661.TW,BUY,165,611.4428100585938,100888.06365966797,0.0
2021-07-29,6415.TW,BUY,117,898.6751098632812,105144.9878540039,0.0
2021-07-29,2881.TW,BUY,2202,47.74545669555664,105135.49564361572,0.0
2021-07-29,2382.TW,BUY,1759,59.7691535949707,105133.94117355347,0.0
2021-07-29,2327.TW,BUY,20,128.34420776367188,2566.8841552734375,0.0
2021-07-29,3037.TW,SELL,821,135.57627868652344,111308.12480163574,0.0
2021-07-29,3661.TW,SELL,165,630.40234375,104016.38671875,0.0
2021-07-29,3443.TW,SELL,261,399.3003845214844,104217.40036010742,0.0
2021-07-29,3019.TW,SELL,1434,71.71257781982422,102835.83659362793,0.0
2021-07-29,2002.TW,BUY,3492,30.116331100463867,105166.22820281982,0.0
2021-07-30,2881.TW,BUY,10,47.241546630859375,472.41546630859375,0.0
2021-07-30,3661.TW,BUY,174,600.0671997070312,104411.69274902344,0.0
2021-07-30,3037.TW,BUY,800,130.65435791015625,104523.486328125,0.0
2021-07-30,2615.TW,BUY,784,133.23019409179688,104452.47216796875,0.0
2021-07-30,2327.TW,SELL,819,125.87173461914062,103088.95065307617,0.0
2021-07-30,6415.TW,SELL,117,909.546142578125,106416.89868164062,0.0
2021-07-30,2002.TW,SELL,3492,30.157817840576172,105311.09989929199,0.0
2021-07-30,2049.TW,BUY,367,284.3778381347656,104366.66659545898,0.0
2021-07-30,2382.TW,SELL,1759,58.93056106567383,103658.85691452026,0.0
2021-08-02,3661.TW,BUY,6,587.7434692382812,3526.4608154296875,0.0
2021-08-02,3443.TW,BUY,273,388.3671875,106024.2421875,0.0
2021-08-02,3037.TW,BUY,14,130.2069091796875,1822.896728515625,0.0
2021-08-02,6415.TW,BUY,116,909.546142578125,105507.3525390625,0.0
2021-08-02,2881.TW,SELL,2212,48.18637466430664,106588.26075744629,0.0
2021-08-02,2615.TW,SELL,784,138.297119140625,108424.94140625,0.0
2021-08-02,2049.TW,SELL,367,295.9306640625,108606.5537109375,0.0
2021-08-02,2303.TW,BUY,2408,44.05184555053711,106076.84408569336,0.0
2021-08-03,3037.TW,SELL,22,134.2339324951172,2953.146514892578,0.0
2021-08-03,3661.TW,SELL,180,589.6394653320312,106135.10375976562,0.0
2021-08-03,2002.TW,BUY,3476,30.61412811279297,106414.70932006836,0.0
2021-08-03,2615.TW,BUY,779,136.5087890625,106340.3466796875,0.0
2021-08-03,3443.TW,BUY,11,373.6310729980469,4109.941802978516,0.0
2021-08-03,6415.TW,BUY,2,896.2594604492188,1792.5189208984375,0.0
2021-08-03,2303.TW,SELL,2408,45.50747299194336,109581.99496459961,0.0
2021-08-04,2881.TW,BUY,2224,48.060401916503906,106886.33386230469,0.0
2021-08-04,3661.TW,BUY,181,587.7434692382812,106381.5679321289,0.0
2021-08-04,3443.TW,BUY,8,365.550048828125,2924.400390625,0.0
2021-08-04,3037.TW,BUY,20,131.5492401123047,2630.9848022460938,0.0
2021-08-04,2382.TW,BUY,1840,58.09196472167969,106889.21508789062,0.0
2021-08-04,2615.TW,SELL,779,138.8932342529297,108197.82948303223,0.0
2021-08-04,2002.TW,SELL,3476,30.53115463256836,106126.29350280762,0.0
2021-08-04,6415.TW,SELL,118,942.159423828125,111174.81201171875,0.0
2021-08-05,2382.TW,SELL,1840,58.244441986083984,107169.77325439453,0.0
2021-08-05,2881.TW,SELL,2224,48.060401916503906,106886.33386230469,0.0
2021-08-05,3037.TW,SELL,10,132.89158630371094,1328.9158630371094,0.0
2021-08-05,2002.TW,BUY,3568,29.867435455322266,106567.00970458984,0.0
2021-08-05,2615.TW,BUY,809,131.73992919921875,106577.60272216797,0.0
2021-08-05,3443.TW,BUY,2,362.2225036621094,724.4450073242188,0.0
2021-08-05,3661.TW,BUY,3,576.3678588867188,1729.1035766601562,0.0
2021-08-06,3661.TW,BUY,10,541.2927856445312,5412.9278564453125,0.0
2021-08-06,3443.TW,BUY,1,356.5181884765625,356.5181884765625,0.0
2021-08-06,3037.TW,BUY,5,130.65435791015625,653.2717895507812,0.0
2021-08-06,2002.TW,SELL,3568,29.74298858642578,106122.98327636719,0.0
2021-08-06,2303.TW,BUY,2217,47.57598876953125,105475.96710205078,0.0
2021-08-06,2615.TW,SELL,809,137.70101928710938,111400.12460327148,0.0
2021-08-06,3019.TW,BUY,1493,70.62142181396484,105437.78276824951,0.0
2021-08-09,3037.TW,BUY,4,129.7594451904297,519.0377807617188,0.0
2021-08-09,9910.TW,BUY,627,167.7950897216797,105207.52125549316,0.0
2021-08-09,3443.TW,BUY,6,348.9125061035156,2093.4750366210938,0.0
2021-08-09,3034.TW,BUY,310,339.3478698730469,105197.83966064453,0.0
2021-08-09,2615.TW,BUY,771,136.5087890625,105248.2763671875,0.0
2021-08-09,3661.TW,SELL,194,545.0846557617188,105746.42321777344,0.0
2021-08-09,3019.TW,SELL,1493,71.62078094482422,106929.82595062256,0.0
2021-08-09,2303.TW,SELL,2217,47.42276382446289,105136.26739883423,0.0
2021-08-10,3037.TW,BUY,15,126.17990112304688,1892.6985168457031,0.0
2021-08-10,3034.TW,BUY,1,334.9325866699219,334.9325866699219,0.0
2021-08-10,2615.TW,BUY,6,134.12435913085938,804.7461547851562,0.0
2021-08-10,3661.TW,BUY,191,544.1366577148438,103930.10162353516,0.0
2021-08-10,9910.TW,SELL,627,164.8120574951172,103337.16004943848,0.0
2021-08-10,3443.TW,SELL,301,358.4196472167969,107884.31381225586,0.0
2021-08-10,2303.TW,BUY,2275,45.81391525268555,104226.65719985962,0.0
2021-08-11,2303.TW,SELL,2275,45.89052963256836,104400.95491409302,0.0
2021-08-11,3661.TW,SELL,3,545.0846557617188,1635.2539672851562,0.0
2021-08-11,2615.TW,BUY,17,129.35549926757812,2199.043487548828,0.0
2021-08-11,2885.TW,BUY,5963,17.227636337280273,102728.39547920227,0.0
2021-08-11,3034.TW,BUY,2,327.3634948730469,654.7269897460938,0.0
2021-08-11,3037.TW,BUY,2,123.94267272949219,247.88534545898438,0.0
2021-08-12,3711.TW,BUY,1099,96.2667465209961,105797.1544265747,0.0
2021-08-12,9910.TW,BUY,636,166.30355834960938,105769.06311035156,0.0
2021-08-12,6669.TW,BUY,416,254.11326599121094,105711.11865234375,0.0
2021-08-12,2454.TW,BUY,159,663.0079345703125,105418.26159667969,0.0
2021-08-12,3037.TW,BUY,5,127.07479095458984,635.3739547729492,0.0
2021-08-12,3034.TW,SELL,313,332.4095458984375,104044.18786621094,0.0
2021-08-12,2885.TW,SELL,5963,17.334199905395508,103363.83403587341,0.0
2021-08-12,2615.TW,SELL,794,137.10488891601562,108861.2817993164,0.0
2021-08-12,3661.TW,SELL,188,570.679931640625,107287.8271484375,0.0
2021-08-13,3037.TW,BUY,23,120.81053161621094,2778.6422271728516,0.0
2021-08-13,6415.TW,BUY,114,907.1304931640625,103412.87622070312,0.0
2021-08-13,3034.TW,BUY,322,321.055908203125,103380.00244140625,0.0
2021-08-13,2303.TW,BUY,2345,44.128456115722656,103481.22959136963,0.0
2021-08-13,2615.TW,BUY,807,128.1632537841797,103427.74580383301,0.0
2021-08-13,6669.TW,SELL,416,248.0491485595703,103188.44580078125,0.0
2021-08-13,3711.TW,SELL,1099,92.04788208007812,101160.62240600586,0.0
2021-08-13,2454.TW,SELL,159,667.4083862304688,106117.93341064453,0.0
2021-08-13,9910.TW,SELL,636,165.93067932128906,105531.91204833984,0.0
2021-08-16,6415.TW,BUY,2,880.5567016601562,1761.1134033203125,0.0
2021-08-16,2615.TW,SELL,807,128.1632537841797,103427.74580383301,0.0
2021-08-16,3034.TW,SELL,322,319.1636047363281,102770.68072509766,0.0
2021-08-16,3037.TW,SELL,15,122.15287780761719,1832.2931671142578,0.0
2021-08-16,2303.TW,BUY,5,43.745391845703125,218.72695922851562,0.0
2021-08-16,3661.TW,BUY,190,539.3968505859375,102485.40161132812,0.0
2021-08-16,9910.TW,BUY,656,156.60873413085938,102735.32958984375,0.0
2021-08-17,5871.TW,BUY,628,162.3904266357422,101981.1879272461,0.0
2021-08-17,6415.TW,BUY,5,841.904052734375,4209.520263671875,0.0
2021-08-17,3665.TW,BUY,534,191.14956665039062,102073.8685913086,0.0
2021-08-17,6669.TW,BUY,422,241.6963348388672,101995.85330200195,0.0
2021-08-17,3661.TW,SELL,190,543.188720703125,103205.85693359375,0.0
2021-08-17,3037.TW,SELL,6,122.15287780761719,732.9172668457031,0.0
2021-08-17,2303.TW,SELL,2350,43.745391845703125,102801.67083740234,0.0
2021-08-17,9910.TW,SELL,656,156.60873413085938,102735.32958984375,0.0
2021-08-18,3711.TW,BUY,1135,91.28082275390625,103603.7338256836,0.0
2021-08-18,3034.TW,BUY,323,319.8795166015625,103321.08386230469,0.0
2021-08-18,2330.TW,BUY,198,522.6672973632812,103488.12487792969,0.0
2021-08-18,2303.TW,BUY,2328,44.511512756347656,103622.80169677734,0.0
2021-08-18,2615.TW,BUY,769,134.72044372558594,103600.02122497559,0.0
2021-08-18,6415.TW,SELL,121,843.1119995117188,102016.55194091797,0.0
2021-08-18,5871.TW,SELL,628,165.61672973632812,104007.30627441406,0.0
2021-08-18,3665.TW,SELL,534,192.9031982421875,103010.30786132812,0.0
2021-08-18,3037.TW,SELL,835,123.4952163696289,103118.50566864014,0.0
2021-08-18,6669.TW,SELL,422,250.07054138183594,105529.76846313477,0.0
2021-08-19,2330.TW,SELL,198,509.0088806152344,100783.7583618164,0.0
2021-08-19,3711.TW,SELL,13,88.59608459472656,1151.7490997314453,0.0
2021-08-19,2303.TW,BUY,11,42.51959991455078,467.7155990600586,0.0
2021-08-19,2615.TW,BUY,14,126.97106170654297,1777.5948638916016,0.0
2021-08-19,3034.TW,BUY,1,306.2122497558594,306.2122497558594,0.0
2021-08-19,3037.TW,BUY,848,117.23096466064453,99411.85803222656,0.0
2021-08-20,2330.TW,BUY,201,502.634765625,101029.587890625,0.0
2021-08-20,3034.TW,BUY,6,305.8868103027344,1835.3208618164062,0.0
2021-08-20,2303.TW,BUY,33,42.672828674316406,1408.2033462524414,0.0
2021-08-20,2454.TW,BUY,158,640.27197265625,101162.9716796875,0.0
2021-08-20,3037.TW,SELL,848,119.91563415527344,101688.45776367188,0.0
2021-08-20,2615.TW,SELL,30,134.4224090576172,4032.6722717285156,0.0
2021-08-20,3711.TW,SELL,1122,88.97962188720703,99835.13575744629,0.0
2021-08-23,2303.TW,SELL,8,44.89457321166992,359.1565856933594,0.0
2021-08-23,2330.TW,SELL,201,515.3827514648438,103591.9330444336,0.0
2021-08-23,2454.TW,SELL,158,668.141845703125,105566.41162109375,0.0
2021-08-23,2615.TW,SELL,35,147.8348388671875,5174.2193603515625,0.0
2021-08-23,2412.TW,BUY,1154,91.95853424072266,106120.14851379395,0.0
2021-08-23,3034.TW,BUY,9,312.7204895019531,2814.484405517578,0.0
2021-08-23,3045.TW,BUY,1345,78.8872299194336,106103.32424163818,0.0
2021-08-24,3711.TW,BUY,1142,92.04788208007812,105118.68133544922,0.0
2021-08-24,3037.TW,BUY,860,122.15287780761719,105051.47491455078,0.0
2021-08-24,3034.TW,BUY,11,300.0294189453125,3300.3236083984375,0.0
2021-08-24,2615.TW,BUY,4,145.45040893554688,581.8016357421875,0.0
2021-08-24,2412.TW,SELL,1154,91.95853424072266,106120.14851379395,0.0
2021-08-24,2303.TW,SELL,15,44.74134826660156,671.1202239990234,0.0
2021-08-24,3045.TW,SELL,1345,79.78274536132812,107307.79251098633,0.0
2021-08-25,2615.TW,SELL,25,156.1803741455078,3904.5093536376953,0.0
2021-08-25,3034.TW,SELL,350,305.2359924316406,106832.59735107422,0.0
2021-08-25,3037.TW,SELL,860,127.52223205566406,109669.1195678711,0.0
2021-08-25,3711.TW,SELL,1142,93.9655532836914,107308.66184997559,0.0
2021-08-25,2002.TW,BUY,3648,29.867435455322266,108956.40454101562,0.0
2021-08-25,2303.TW,BUY,21,45.96714401245117,965.3100242614746,0.0
2021-08-25,2412.TW,BUY,1197,90.9710922241211,108892.39739227295,0.0
2021-08-25,3045.TW,BUY,1368,79.61991882324219,108920.04895019531,0.0
2021-08-26,2615.TW,BUY,14,153.79592895507812,2153.1430053710938,0.0
2021-08-26,3034.TW,BUY,365,299.05322265625,109154.42626953125,0.0
2021-08-26,3037.TW,BUY,876,124.8375473022461,109357.69143676758,0.0
2021-08-26,3045.TW,SELL,1368,80.1897964477539,109699.64154052734,0.0
2021-08-26,2303.TW,SELL,36,46.88648223876953,1687.9133605957031,0.0
2021-08-26,2412.TW,BUY,6,90.9710922241211,545.8265533447266,0.0
2021-08-26,2002.TW,SELL,3648,30.157817840576172,110015.71948242188,0.0
2021-08-27,2303.TW,SELL,18,47.2695426940918,850.8517684936523,0.0
2021-08-27,3037.TW,SELL,876,130.60606384277344,114410.91192626953,0.0
2021-08-27,2615.TW,BUY,17,150.2192840576172,2553.727828979492,0.0
2021-08-27,2912.TW,BUY,471,232.13729858398438,109336.66763305664,0.0
2021-08-27,3034.TW,BUY,12,290.2670593261719,3483.2047119140625,0.0
2021-08-30,3008.TW,BUY,50,2175.491455078125,108774.57275390625,0.0
2021-08-30,2615.TW,BUY,15,148.43093872070312,2226.464080810547,0.0
2021-08-30,2912.TW,BUY,2,232.9532470703125,465.906494140625,0.0
2021-08-30,2412.TW,SELL,2,91.79810333251953,183.59620666503906,0.0
2021-08-30,2303.TW,SELL,24,48.11227035522461,1154.6944885253906,0.0
2021-08-30,3034.TW,SELL,377,295.7990417480469,111516.23873901367,0.0
2021-08-31,2412.TW,SELL,1201,92.62510681152344,111242.75328063965,0.0
2021-08-31,3008.TW,SELL,50,2238.12548828125,111906.2744140625,0.0
2021-08-31,2303.TW,BUY,7,48.34210968017578,338.39476776123047,0.0
2021-08-31,2615.TW,BUY,8,147.8348388671875,1182.6787109375,0.0
2021-08-31,2912.TW,BUY,4,232.9532470703125,931.81298828125,0.0
2021-08-31,3034.TW,BUY,380,292.2195129394531,111043.41491699219,0.0
2021-08-31,3037.TW,BUY,833,133.31761169433594,111053.57054138184,0.0
2021-09-01,2884.TW,BUY,5687,19.446073532104492,110589.82017707825,0.0
2021-09-01,2912.TW,BUY,10,226.83364868164062,2268.3364868164062,0.0
2021-09-01,2412.TW,BUY,1210,91.38459014892578,110575.3540802002,0.0
2021-09-01,2615.TW,BUY,38,140.08543395996094,5323.246490478516,0.0
2021-09-01,3034.TW,SELL,380,301.3310852050781,114505.81237792969,0.0
2021-09-01,2303.TW,SELL,47,49.10823059082031,2308.0868377685547,0.0
2021-09-01,3037.TW,SELL,833,134.22146606445312,111806.48123168945,0.0
2021-09-02,3034.TW,BUY,373,297.1007385253906,110818.5754699707,0.0
2021-09-02,2887.TW,BUY,8756,12.666711807250977,110909.72858428955,0.0
2021-09-02,2883.TW,BUY,9901,11.201607704162598,110907.11787891388,0.0
2021-09-02,2615.TW,BUY,1,140.38348388671875,140.38348388671875,0.0
2021-09-02,3019.TW,BUY,1614,68.70599365234375,110891.47375488281,0.0
2021-09-02,2884.TW,SELL,5687,19.59537124633789,111438.87627792358,0.0
2021-09-02,2412.TW,SELL,1210,91.79810333251953,111075.70503234863,0.0
2021-09-02,2303.TW,SELL,2252,49.0316162109375,110419.19970703125,0.0
2021-09-02,2912.TW,SELL,487,227.24159240722656,110666.65550231934,0.0
2021-09-03,3045.TW,BUY,1368,80.51544952392578,110145.13494873047,0.0
2021-09-03,2883.TW,SELL,9901,11.364541053771973,112520.3209733963,0.0
2021-09-03,2887.TW,SELL,8756,12.801106452941895,112086.48810195923,0.0
2021-09-03,3019.TW,SELL,1614,68.5394287109375,110622.63793945312,0.0
2021-09-03,3034.TW,SELL,3,297.1007385253906,891.3022155761719,0.0
2021-09-03,2303.TW,BUY,2053,53.62833023071289,110098.96196365356,0.0
2021-09-03,2615.TW,BUY,42,132.3360137939453,5558.112579345703,0.0
2021-09-03,2884.TW,BUY,5610,19.632694244384766,110139.41471099854,0.0
2021-09-06,3037.TW,BUY,770,139.64454650878906,107526.30081176758,0.0
2021-09-06,3034.TW,BUY,14,279.8539123535156,3917.9547729492188,0.0
2021-09-06,3443.TW,BUY,253,424.0190124511719,107276.81015014648,0.0
2021-09-06,2454.TW,BUY,163,657.140625,107113.921875,0.0
2021-09-06,3045.TW,SELL,1368,80.2712173461914,109811.02532958984,0.0
2021-09-06,2615.TW,BUY,23,125.77885437011719,2892.9136505126953,0.0
2021-09-06,2884.TW,SELL,5610,19.59537124633789,109930.03269195557,0.0
2021-09-06,2303.TW,SELL,2053,53.55171585083008,109941.67264175415,0.0
2021-09-07,3037.TW,BUY,44,134.22146606445312,5905.7445068359375,0.0
2021-09-07,2890.TW,BUY,10420,10.486797332763672,109272.42820739746,0.0
2021-09-07,2303.TW,BUY,2091,52.24931716918945,109253.32220077515,0.0
2021-09-07,3711.TW,BUY,1134,96.34099578857422,109250.68922424316,0.0
2021-09-07,3034.TW,SELL,384,280.5047302246094,107713.81640625,0.0
2021-09-07,2615.TW,SELL,64,138.0930633544922,8837.9560546875,0.0
2021-09-07,2454.TW,SELL,163,662.2744750976562,107950.73944091797,0.0
2021-09-07,3443.TW,SELL,253,426.8711242675781,107998.39443969727,0.0
2021-09-08,2615.TW,SELL,24,140.4001007080078,3369.6024169921875,0.0
2021-09-08,2890.TW,SELL,10420,10.524250030517578,109662.68531799316,0.0
2021-09-08,3711.TW,SELL,1134,94.75513458251953,107452.32261657715,0.0
2021-09-08,2303.TW,BUY,47,50.4106330871582,2369.2997550964355,0.0
2021-09-08,3034.TW,BUY,389,276.92523193359375,107723.91522216797,0.0
2021-09-08,3037.TW,BUY,19,129.25030517578125,2455.7557983398438,0.0
2021-09-08,3443.TW,BUY,261,411.6596984863281,107443.18130493164,0.0
2021-09-09,3037.TW,BUY,3,130.15414428710938,390.4624328613281,0.0
2021-09-09,6415.TW,BUY,111,974.7726440429688,108199.76348876953,0.0
2021-09-09,2615.TW,BUY,28,136.77476501464844,3829.6934204101562,0.0
2021-09-09,2454.TW,BUY,164,660.8076171875,108372.44921875,0.0
2021-09-09,3443.TW,SELL,261,421.1668395996094,109924.54513549805,0.0
2021-09-09,3034.TW,SELL,389,282.13177490234375,109749.26043701172,0.0
2021-09-09,2303.TW,SELL,34,51.71303176879883,1758.2430801391602,0.0
2021-09-10,2454.TW,SELL,164,678.4096069335938,111259.17553710938,0.0
2021-09-10,2615.TW,SELL,3,139.41136169433594,418.2340850830078,0.0
2021-09-10,6415.TW,SELL,111,986.8516235351562,109540.53021240234,0.0
2021-09-10,2303.TW,BUY,11,52.24931716918945,574.742488861084,0.0
2021-09-10,2884.TW,BUY,5630,19.632694244384766,110532.06859588623,0.0
2021-09-10,3008.TW,BUY,51,2133.7353515625,108820.5029296875,0.0
2021-09-10,3037.TW,BUY,4,131.50990295410156,526.0396118164062,0.0
2021-09-13,3711.TW,BUY,1118,98.32331848144531,109925.47006225586,0.0
2021-09-13,3037.TW,BUY,2,130.60606384277344,261.2121276855469,0.0
2021-09-13,2615.TW,BUY,2,138.42263793945312,276.84527587890625,0.0
2021-09-13,2884.TW,SELL,5630,19.632694244384766,110532.06859588623,0.0
2021-09-13,2303.TW,BUY,34,51.176753997802734,1740.009635925293,0.0
2021-09-13,3008.TW,SELL,51,2154.613037109375,109885.26489257812,0.0
2021-09-13,2330.TW,BUY,196,560.000732421875,109760.1435546875,0.0
2021-09-14,2615.TW,BUY,23,132.81982421875,3054.85595703125,0.0
2021-09-14,2303.TW,SELL,3,50.5638542175293,151.6915626525879,0.0
2021-09-14,2330.TW,SELL,2,558.1795654296875,1116.359130859375,0.0
2021-09-14,3711.TW,SELL,1118,98.71977996826172,110368.7140045166,0.0
2021-09-14,3008.TW,BUY,51,2112.85693359375,107755.70361328125,0.0
2021-09-15,3034.TW,BUY,386,280.5047302246094,108274.82586669922,0.0
2021-09-15,3037.TW,BUY,5,127.89453887939453,639.4726943969727,0.0
2021-09-15,2330.TW,BUY,2,552.7161254882812,1105.4322509765625,0.0
2021-09-15,3008.TW,SELL,51,2104.505859375,107329.798828125,0.0
2021-09-15,2615.TW,SELL,16,135.12684631347656,2162.029541015625,0.0
2021-09-15,2303.TW,BUY,10,50.257408142089844,502.57408142089844,0.0
2021-09-16,6415.TW,BUY,110,984.4358520507812,108287.94372558594,0.0
2021-09-16,3711.TW,BUY,1125,96.34099578857422,108383.620262146,0.0
2021-09-16,3034.TW,BUY,2,279.2030944824219,558.4061889648438,0.0
2021-09-16,5871.TW,BUY,563,192.50257873535156,108378.95182800293,0.0
2021-09-16,3037.TW,SELL,847,131.50990295410156,111388.88780212402,0.0
2021-09-16,2330.TW,SELL,196,548.8285522460938,107570.39624023438,0.0
2021-09-16,2303.TW,SELL,2156,50.71707534790039,109346.01445007324,0.0
2021-09-16,2615.TW,BUY,19,132.16065979003906,2511.052536010742,0.0
2021-09-17,2615.TW,SELL,40,138.42263793945312,5536.905517578125,0.0
2021-09-17,3034.TW,SELL,388,278.8776550292969,108204.53015136719,0.0
2021-09-17,6415.TW,SELL,2,997.7227172851562,1995.4454345703125,0.0
2021-09-17,2303.TW,BUY,2150,50.257408142089844,108053.42750549316,0.0
2021-09-17,3711.TW,BUY,29,93.56574249267578,2713.4065322875977,0.0
2021-09-17,5871.TW,BUY,26,183.18215942382812,4762.736145019531,0.0
2021-09-22,3037.TW,BUY,834,127.44259643554688,106287.1254272461,0.0
2021-09-22,3443.TW,BUY,240,441.6072082519531,105985.72998046875,0.0
2021-09-22,2615.TW,BUY,14,133.8085479736328,1873.3196716308594,0.0
2021-09-22,5871.TW,BUY,6,178.5219268798828,1071.1315612792969,0.0
2021-09-22,3711.TW,SELL,1154,91.9798812866211,106144.78300476074,0.0
2021-09-22,2303.TW,SELL,2150,49.49128723144531,106406.26754760742,0.0
2021-09-22,6415.TW,SELL,3,1008.5938110351562,3025.7814331054688,0.0
2021-09-23,3443.TW,SELL,240,463.94903564453125,111347.7685546875,0.0
2021-09-23,5871.TW,SELL,595,182.10671997070312,108353.49838256836,0.0
2021-09-23,2002.TW,BUY,3601,30.2337589263916,108871.76589393616,0.0
2021-09-23,2615.TW,BUY,2,136.77476501464844,273.5495300292969,0.0
2021-09-23,3037.TW,BUY,14,128.34645080566406,1796.8503112792969,0.0
2021-09-23,3711.TW,BUY,1178,92.3763427734375,108819.33178710938,0.0
2021-09-24,5871.TW,BUY,612,180.6728057861328,110571.75714111328,0.0
2021-09-24,3661.TW,BUY,129,855.6946411132812,110384.60870361328,0.0
2021-09-24,3037.TW,BUY,8,129.25030517578125,1034.00244140625,0.0
2021-09-24,2002.TW,BUY,75,30.108301162719727,2258.1225872039795,0.0
2021-09-24,3711.TW,SELL,1178,93.16927337646484,109753.40403747559,0.0
2021-09-24,2615.TW,SELL,15,141.71841430664062,2125.7762145996094,0.0
2021-09-24,6415.TW,SELL,105,1066.5728759765625,111990.15197753906,0.0
2021-09-27,2002.TW,SELL,3676,30.06648826599121,110524.41086578369,0.0
2021-09-27,3661.TW,SELL,129,862.3872680664062,111247.9575805664,0.0
2021-09-27,2049.TW,BUY,373,291.8599853515625,108863.77453613281,0.0
2021-09-27,2303.TW,BUY,2144,50.79369354248047,108901.67895507812,0.0
2021-09-27,2615.TW,BUY,13,137.1043243408203,1782.356216430664,0.0
2021-09-27,3037.TW,BUY,17,124.73106384277344,2120.4280853271484,0.0
2021-09-27,5871.TW,BUY,3,177.08804321289062,531.2641296386719,0.0
2021-09-28,3711.TW,BUY,1203,89.20462799072266,107313.16747283936,0.0
2021-09-28,3665.TW,BUY,533,201.23312377929688,107257.25497436523,0.0
2021-09-28,2049.TW,BUY,3,285.41510009765625,856.2453002929688,0.0
2021-09-28,2615.TW,BUY,6,134.13812255859375,804.8287353515625,0.0
2021-09-28,3037.TW,SELL,6,123.82722473144531,742.9633483886719,0.0
2021-09-28,2303.TW,SELL,2144,50.0275764465332,107259.12390136719,0.0
2021-09-28,5871.TW,SELL,615,176.37107849121094,108468.21327209473,0.0
2021-09-29,2049.TW,SELL,376,285.87548828125,107489.18359375,0.0
2021-09-29,2615.TW,SELL,12,132.16065979003906,1585.9279174804688,0.0
2021-09-29,3665.TW,SELL,533,194.65687561035156,103752.11470031738,0.0
2021-09-29,3711.TW,SELL,1203,84.05058288574219,101112.85121154785,0.0
2021-09-29,2303.TW,BUY,2159,48.265499114990234,104205.21258926392,0.0
2021-09-29,3037.TW,BUY,13,118.40412139892578,1539.2535781860352,0.0
2021-09-29,3661.TW,BUY,129,806.9344482421875,104094.54382324219,0.0
2021-09-29,6415.TW,BUY,104,1001.3463745117188,104140.02294921875,0.0
2021-09-30,6669.TW,BUY,425,251.22557067871094,106770.86753845215,0.0
2021-09-30,6415.TW,BUY,3,991.6831665039062,2975.0494995117188,0.0
2021-09-30,2615.TW,BUY,8,134.13812255859375,1073.10498046875,0.0
2021-09-30,3661.TW,SELL,9,887.2454833984375,7985.2093505859375,0.0
2021-09-30,3037.TW,SELL,880,119.3079605102539,104991.00524902344,0.0
2021-09-30,2303.TW,SELL,2159,49.0316162109375,105859.25939941406,0.0
2021-09-30,2049.TW,BUY,375,284.9548034667969,106858.05130004883,0.0
2021-10-01,3661.TW,SELL,1,850.9142456054688,850.9142456054688,0.0
2021-10-01,6415.TW,SELL,1,954.2384033203125,954.2384033203125,0.0
2021-10-01,6669.TW,SELL,425,246.89407348632812,104929.98123168945,0.0
2021-10-01,2049.TW,BUY,5,266.5408630371094,1332.7043151855469,0.0
2021-10-01,2615.TW,BUY,42,120.95501708984375,5080.1107177734375,0.0
2021-10-01,3443.TW,BUY,221,457.76934814453125,101167.0259399414,0.0
2021-10-04,3037.TW,BUY,865,110.7214126586914,95774.02194976807,0.0
2021-10-04,3661.TW,BUY,6,765.8228149414062,4594.9368896484375,0.0
2021-10-04,2615.TW,BUY,40,109.09021759033203,4363.608703613281,0.0
2021-10-04,2049.TW,SELL,380,261.0167541503906,99186.36657714844,0.0
2021-10-04,3443.TW,SELL,4,441.1318359375,1764.52734375,0.0
2021-10-04,6415.TW,SELL,4,937.3278198242188,3749.311279296875,0.0
2021-10-05,2615.TW,SELL,2,114.03388977050781,228.06777954101562,0.0
2021-10-05,3037.TW,SELL,865,113.4329605102539,98119.51084136963,0.0
2021-10-05,3443.TW,SELL,217,459.67083740234375,99748.5717163086,0.0
2021-10-05,3661.TW,SELL,125,828.9243774414062,103615.54718017578,0.0
2021-10-05,3665.TW,BUY,466,214.38563537597656,99903.70608520508,0.0
2021-10-05,3711.TW,BUY,1253,79.68946075439453,99850.89432525635,0.0
2021-10-05,5871.TW,BUY,607,164.54129028320312,99876.5632019043,0.0
2021-10-05,6415.TW,BUY,2,954.2384033203125,1908.476806640625,0.0
2021-10-06,6669.TW,BUY,426,229.5681915283203,97796.04959106445,0.0
2021-10-06,6415.TW,BUY,1,926.4567260742188,926.4567260742188,0.0
2021-10-06,3443.TW,BUY,214,456.34332275390625,97657.47106933594,0.0
2021-10-06,3037.TW,BUY,891,109.81755828857422,97847.44443511963,0.0
2021-10-06,3665.TW,SELL,466,217.01612854003906,101129.5158996582,0.0
2021-10-06,5871.TW,SELL,607,162.3904266357422,98570.98896789551,0.0
2021-10-06,3711.TW,SELL,1253,79.2929916381836,99354.11852264404,0.0
2021-10-06,2615.TW,BUY,43,106.4535903930664,4577.5043869018555,0.0
2021-10-07,2002.TW,BUY,3581,28.853790283203125,103325.42300415039,0.0
2021-10-07,6415.TW,BUY,1,973.5647583007812,973.5647583007812,0.0
2021-10-07,3665.TW,BUY,463,223.1539306640625,103320.26989746094,0.0
2021-10-07,6669.TW,SELL,426,235.343505859375,100256.33349609375,0.0
2021-10-07,3037.TW,SELL,891,114.3368148803711,101874.10205841064,0.0
2021-10-07,3443.TW,SELL,214,501.9776306152344,107423.21295166016,0.0
2021-10-07,1301.TW,BUY,1034,99.91441345214844,103311.50350952148,0.0
2021-10-07,2615.TW,SELL,5,113.0451431274414,565.225715637207,0.0
2021-10-08,1301.TW,SELL,1034,99.91441345214844,103311.50350952148,0.0
2021-10-08,3665.TW,SELL,6,224.03076171875,1344.1845703125,0.0
2021-10-08,6415.TW,SELL,106,975.9805908203125,103453.94262695312,0.0
2021-10-08,2002.TW,BUY,108,27.766550064086914,2998.7874069213867,0.0
2021-10-08,2303.TW,BUY,2188,46.809871673583984,102419.99922180176,0.0
2021-10-08,2615.TW,BUY,3,111.72683715820312,335.1805114746094,0.0
2021-10-08,3711.TW,BUY,1343,76.27986145019531,102443.8539276123,0.0
2021-10-12,6415.TW,BUY,105,937.3278198242188,98419.42108154297,0.0
2021-10-12,3443.TW,BUY,199,493.4211730957031,98190.81344604492,0.0
2021-10-12,3037.TW,BUY,880,112.07718658447266,98627.92419433594,0.0
2021-10-12,2615.TW,BUY,57,101.18035888671875,5767.280456542969,0.0
2021-10-12,3711.TW,SELL,1343,74.13896179199219,99568.62568664551,0.0
2021-10-12,3665.TW,SELL,5,217.8929443359375,1089.4647216796875,0.0
2021-10-12,2303.TW,SELL,2188,44.817962646484375,98061.70227050781,0.0
2021-10-12,2002.TW,SELL,3689,27.933820724487305,103047.86465263367,0.0
2021-10-13,2615.TW,SELL,25,102.1690902709961,2554.2272567749023,0.0
2021-10-13,3665.TW,SELL,15,221.83871459960938,3327.5807189941406,0.0
2021-10-13,6415.TW,SELL,105,936.1200561523438,98292.6058959961,0.0
2021-10-13,3037.TW,BUY,45,104.84639739990234,4718.0878829956055,0.0
2021-10-13,3443.TW,BUY,6,472.0301208496094,2832.1807250976562,0.0
2021-10-13,3711.TW,BUY,1324,73.26673126220703,97005.15219116211,0.0
2021-10-14,3665.TW,BUY,18,216.13926696777344,3890.506805419922,0.0
2021-10-14,3037.TW,BUY,6,105.750244140625,634.50146484375,0.0
2021-10-14,3008.TW,BUY,59,1645.189208984375,97066.16333007812,0.0
2021-10-14,2615.TW,SELL,41,108.43106079101562,4445.673492431641,0.0
2021-10-14,3711.TW,SELL,1324,74.21824645996094,98264.95831298828,0.0
2021-10-14,3443.TW,SELL,205,480.1112060546875,98422.79724121094,0.0
2021-10-14,1301.TW,BUY,1020,96.52748107910156,98458.0307006836,0.0
2021-10-15,3443.TW,BUY,212,477.259033203125,101178.9150390625,0.0
2021-10-15,2889.TW,BUY,8233,12.322056770324707,101447.49339008331,0.0
2021-10-15,2615.TW,BUY,47,106.12401580810547,4987.828742980957,0.0
2021-10-15,3661.TW,BUY,119,849.0020751953125,101031.24694824219,0.0
2021-10-15,3037.TW,SELL,41,113.88488006591797,4669.280082702637,0.0
2021-10-15,3008.TW,SELL,59,1678.5941162109375,99037.05285644531,0.0
2021-10-15,1301.TW,SELL,1020,96.95085144042969,98889.86846923828,0.0
2021-10-15,3665.TW,SELL,455,231.48385620117188,105325.1545715332,0.0
2021-10-18,3037.TW,SELL,7,116.59642028808594,816.1749420166016,0.0
2021-10-18,3443.TW,SELL,212,480.1112060546875,101783.57568359375,0.0
2021-10-18,3661.TW,SELL,119,891.0697631835938,106037.30181884766,0.0
2021-10-18,2615.TW,BUY,22,105.4648666381836,2320.227066040039,0.0
2021-10-18,2889.TW,BUY,78,12.399312019348145,967.1463375091553,0.0
2021-10-18,3665.TW,BUY,454,226.66128540039062,102904.22357177734,0.0
2021-10-18,6415.TW,BUY,106,966.3173217773438,102429.63610839844,0.0
2021-10-19,3661.TW,BUY,119,879.5968017578125,104672.01940917969,0.0
2021-10-19,3665.TW,BUY,9,227.53810119628906,2047.8429107666016,0.0
2021-10-19,2889.TW,BUY,219,12.360684394836426,2706.9898824691772,0.0
2021-10-19,2615.TW,BUY,35,104.14655303955078,3645.1293563842773,0.0
2021-10-19,1301.TW,BUY,1092,96.52748107910156,105408.0093383789,0.0
2021-10-19,6415.TW,SELL,106,996.5147705078125,105630.56567382812,0.0
2021-10-19,3037.TW,SELL,883,127.89453887939453,112930.87783050537,0.0
2021-10-20,1301.TW,SELL,1092,96.10411834716797,104945.69723510742,0.0
2021-10-20,2615.TW,SELL,1012,105.13528442382812,106396.90783691406,0.0
2021-10-20,3665.TW,SELL,9,232.7991180419922,2095.1920623779297,0.0
2021-10-20,2412.TW,BUY,1153,91.79810333251953,105843.21314239502,0.0
2021-10-20,2881.TW,BUY,2056,51.480690002441406,105844.29864501953,0.0
2021-10-20,2889.TW,BUY,61,12.322056770324707,751.6454629898071,0.0
2021-10-20,3661.TW,BUY,2,874.8163452148438,1749.6326904296875,0.0
2021-10-21,3665.TW,BUY,17,226.2228546142578,3845.788528442383,0.0
2021-10-21,3037.TW,BUY,831,128.34645080566406,106655.90061950684,0.0
2021-10-21,2912.TW,BUY,449,237.33163452148438,106561.90390014648,0.0
2021-10-21,2889.TW,BUY,149,12.206175804138184,1818.7201948165894,0.0
2021-10-21,2412.TW,SELL,1153,91.38459014892578,105366.43244171143,0.0
2021-10-21,3661.TW,SELL,121,939.830078125,113719.439453125,0.0
2021-10-21,2881.TW,SELL,2056,51.82712936401367,106556.57797241211,0.0
2021-10-21,2615.TW,BUY,1017,104.80570983886719,106587.40690612793,0.0
2021-10-22,1301.TW,BUY,1146,93.14055633544922,106739.0775604248,0.0
2021-10-22,2615.TW,BUY,45,100.52118682861328,4523.453407287598,0.0
2021-10-22,3665.TW,SELL,3,227.97654724121094,683.9296417236328,0.0
2021-10-22,6505.TW,BUY,1197,89.21684265136719,106792.56065368652,0.0
2021-10-22,2912.TW,SELL,449,242.39019775390625,108833.1987915039,0.0
2021-10-22,2889.TW,SELL,46,12.283429145812988,565.0377407073975,0.0
2021-10-22,3037.TW,SELL,831,129.70220947265625,107782.53607177734,0.0
2021-10-25,1301.TW,SELL,1146,94.41065979003906,108194.61611938477,0.0
2021-10-25,2615.TW,SELL,16,103.81697082519531,1661.071533203125,0.0
2021-10-25,3665.TW,SELL,1,232.36070251464844,232.36070251464844,0.0
2021-10-25,6505.TW,SELL,1197,90.97482299804688,108896.86312866211,0.0
2021-10-25,2889.TW,BUY,126,12.322056770324707,1552.579153060913,0.0
2021-10-25,2912.TW,BUY,454,239.017822265625,108514.09130859375,0.0
2021-10-25,3661.TW,BUY,116,935.0496215820312,108465.75610351562,0.0
2021-10-26,3443.TW,BUY,202,539.0555419921875,108889.21948242188,0.0
2021-10-26,2889.TW,BUY,35,12.322056770324707,431.27198696136475,0.0
2021-10-26,2615.TW,BUY,8,103.48738861083984,827.8991088867188,0.0
2021-10-26,1301.TW,BUY,1171,93.14055633544922,109067.59146881104,0.0
2021-10-26,3661.TW,SELL,116,942.6982421875,109352.99609375,0.0
2021-10-26,2912.TW,SELL,454,239.017822265625,108514.09130859375,0.0
2021-10-26,3665.TW,SELL,5,235.86802673339844,1179.3401336669922,0.0
2021-10-27,1301.TW,SELL,1171,93.98728942871094,110059.11592102051,0.0
2021-10-27,3443.TW,SELL,202,570.4291381835938,115226.68591308594,0.0
2021-10-27,2615.TW,BUY,31,100.85076904296875,3126.3738403320312,0.0
2021-10-27,2887.TW,BUY,8218,13.32571029663086,109510.6872177124,0.0
2021-10-27,2889.TW,BUY,60,12.283429145812988,737.0057487487793,0.0
2021-10-27,3008.TW,BUY,63,1737.052734375,109434.322265625,0.0
2021-10-27,3665.TW,BUY,12,231.04544067382812,2772.5452880859375,0.0
2021-10-28,3661.TW,BUY,115,945.5665283203125,108740.15075683594,0.0
2021-10-28,6505.TW,BUY,1218,89.65634155273438,109201.42401123047,0.0
2021-10-28,3665.TW,BUY,6,227.53810119628906,1365.2286071777344,0.0
2021-10-28,1301.TW,BUY,1195,91.44709014892578,109279.27272796631,0.0
2021-10-28,2889.TW,SELL,47,12.322056770324707,579.1366682052612,0.0
2021-10-28,2887.TW,SELL,8218,13.361921310424805,109808.26932907104,0.0
2021-10-28,2615.TW,SELL,1085,101.18035888671875,109780.68939208984,0.0
2021-10-28,3008.TW,SELL,63,1728.7012939453125,108908.18151855469,0.0
2021-10-29,6505.TW,BUY,25,87.89837646484375,2197.4594116210938,0.0
2021-10-29,1301.TW,SELL,1195,91.02372741699219,108773.35426330566,0.0
2021-10-29,3661.TW,SELL,115,984.7659912109375,113248.08898925781,0.0
2021-10-29,2303.TW,BUY,2460,44.434906005859375,109309.86877441406,0.0
2021-10-29,2454.TW,BUY,163,669.6085815429688,109146.1987915039,0.0
2021-10-29,2889.TW,BUY,32,12.283429145812988,393.0697326660156,0.0
2021-10-29,3665.TW,BUY,6,224.90760803222656,1349.4456481933594,0.0
2021-11-01,2889.TW,BUY,128,12.244802474975586,1567.334716796875,0.0
2021-11-01,2881.TW,BUY,2182,50.64923858642578,110516.63859558105,0.0
2021-11-01,2615.TW,BUY,1058,104.47612762451172,110535.7430267334,0.0
2021-11-01,2454.TW,SELL,163,676.2093505859375,110222.12414550781,0.0
2021-11-01,6505.TW,SELL,1243,89.21684265136719,110896.53541564941,0.0
2021-11-01,3665.TW,SELL,486,234.11434936523438,113779.5737915039,0.0
2021-11-01,3037.TW,BUY,647,170.8273162841797,110525.27363586426,0.0
2021-11-01,2303.TW,BUY,45,44.128456115722656,1985.7805252075195,0.0
2021-11-02,3443.TW,BUY,198,564.724853515625,111815.52099609375,0.0
2021-11-02,3008.TW,BUY,65,1711.9989013671875,111279.92858886719,0.0
2021-11-02,3665.TW,BUY,487,229.73019409179688,111878.60452270508,0.0
2021-11-02,2889.TW,BUY,127,12.244802474975586,1555.0899143218994,0.0
2021-11-02,2327.TW,BUY,1194,93.84553527832031,112051.56912231445,0.0
2021-11-02,3037.TW,SELL,647,177.15423583984375,114618.7905883789,0.0
2021-11-02,2881.TW,SELL,2182,50.30280303955078,109760.7162322998,0.0
2021-11-02,2615.TW,SELL,1058,106.12401580810547,112279.20872497559,0.0
2021-11-02,2303.TW,SELL,2505,45.201019287109375,113228.55331420898,0.0
2021-11-03,6669.TW,BUY,454,250.3592987060547,113663.12161254883,0.0
2021-11-03,5871.TW,BUY,603,188.55929565429688,113701.25527954102,0.0
2021-11-03,2889.TW,BUY,135,12.244802474975586,1653.048334121704,0.0
2021-11-03,1303.TW,BUY,1609,70.68408203125,113730.68798828125,0.0
2021-11-03,3037.TW,BUY,671,169.47154235839844,113715.40492248535,0.0
2021-11-03,3443.TW,SELL,198,575.1826782226562,113886.17028808594,0.0
2021-11-03,3008.TW,SELL,65,1728.7012939453125,112365.58410644531,0.0
2021-11-03,2327.TW,SELL,1194,96.7066879272461,115467.78538513184,0.0
2021-11-03,3665.TW,SELL,487,233.23751831054688,113586.67141723633,0.0
2021-11-04,5871.TW,BUY,12,186.7669219970703,2241.2030639648438,0.0
2021-11-04,1303.TW,SELL,1609,71.01789855957031,114267.79878234863,0.0
2021-11-04,3037.TW,SELL,671,171.73117065429688,115231.6155090332,0.0
2021-11-04,6669.TW,SELL,454,261.33233642578125,118644.88073730469,0.0
2021-11-04,2303.TW,BUY,2560,44.89457321166992,114930.107421875,0.0
2021-11-04,2889.TW,BUY,97,12.244802474975586,1187.7458400726318,0.0
2021-11-04,3443.TW,BUY,200,573.28125,114656.25,0.0
2021-11-04,3661.TW,BUY,103,1109.0567626953125,114232.84655761719,0.0
2021-11-05,3008.TW,BUY,70,1674.41845703125,117209.2919921875,0.0
2021-11-05,5871.TW,SELL,615,189.9932403564453,116845.84281921387,0.0
2021-11-05,3037.TW,BUY,669,176.25039672851562,117911.51541137695,0.0
2021-11-05,3019.TW,BUY,1627,72.53685760498047,118017.46732330322,0.0
2021-11-05,2889.TW,BUY,282,12.206175804138184,3442.141576766968,0.0
2021-11-05,3661.TW,SELL,103,1180.76318359375,121618.60791015625,0.0
2021-11-05,3443.TW,SELL,200,587.5419921875,117508.3984375,0.0
2021-11-05,2303.TW,SELL,2560,46.273590087890625,118460.390625,0.0
2021-11-05,2881.TW,BUY,2349,50.23351287841797,117998.52175140381,0.0
2021-11-08,3443.TW,BUY,206,568.5277099609375,117116.70825195312,0.0
2021-11-08,2881.TW,SELL,2349,50.99567794799805,119788.84749984741,0.0
2021-11-08,2889.TW,SELL,19,12.167547225952148,231.18339729309082,0.0
2021-11-08,3008.TW,SELL,70,1711.9989013671875,119839.92309570312,0.0
2021-11-08,3019.TW,SELL,1627,70.03845977783203,113952.57405853271,0.0
2021-11-08,3037.TW,BUY,14,171.73117065429688,2404.2363891601562,0.0
2021-11-08,3661.TW,BUY,102,1147.3001708984375,117024.61743164062,0.0
2021-11-08,3665.TW,BUY,502,233.6759490966797,117305.3264465332,0.0
2021-11-09,3665.TW,BUY,6,229.73019409179688,1378.3811645507812,0.0
2021-11-09,3443.TW,BUY,1,561.8726806640625,561.8726806640625,0.0
2021-11-09,2889.TW,SELL,46,12.167547225952148,559.7071723937988,0.0
2021-11-09,3037.TW,SELL,12,173.99078369140625,2087.889404296875,0.0
2021-11-10,5871.TW,BUY,654,179.9558563232422,117691.13003540039,0.0
2021-11-10,3665.TW,BUY,8,227.97654724121094,1823.8123779296875,0.0
2021-11-10,3443.TW,BUY,5,554.2669677734375,2771.3348388671875,0.0
2021-11-10,3661.TW,SELL,102,1166.4219970703125,118975.04370117188,0.0
2021-11-10,3037.TW,SELL,18,180.31771850585938,3245.7189331054688,0.0
2021-11-10,2889.TW,BUY,77,12.167547225952148,936.9011363983154,0.0
2021-11-11,3665.TW,BUY,5,225.78445434570312,1128.9222717285156,0.0
2021-11-11,3037.TW,BUY,15,176.25039672851562,2643.7559509277344,0.0
2021-11-11,2889.TW,BUY,5,12.167547225952148,60.83773612976074,0.0
2021-11-11,3443.TW,SELL,212,559.0205688476562,118512.36059570312,0.0
2021-11-11,2049.TW,BUY,460,255.9529266357422,117738.3462524414,0.0
2021-11-11,5871.TW,SELL,654,184.61607360839844,120738.91213989258,0.0
2021-11-11,2615.TW,BUY,1121,105.13528442382812,117856.65383911133,0.0
2021-11-12,2049.TW,SELL,460,261.0167541503906,120067.70690917969,0.0
2021-11-12,3037.TW,SELL,668,182.5773468017578,121961.66766357422,0.0
2021-11-12,2615.TW,BUY,16,104.80570983886719,1676.891357421875,0.0
2021-11-12,2889.TW,BUY,52,12.244802474975586,636.7297286987305,0.0
2021-11-12,3443.TW,BUY,217,549.5133666992188,119244.40057373047,0.0
2021-11-12,3665.TW,BUY,7,225.78445434570312,1580.4911804199219,0.0
2021-11-12,5871.TW,BUY,660,180.6728057861328,119244.05181884766,0.0
2021-11-15,3443.TW,BUY,1,541.90771484375,541.90771484375,0.0
2021-11-15,3661.TW,BUY,100,1180.76318359375,118076.318359375,0.0
2021-11-15,3037.TW,BUY,668,177.15423583984375,118339.02954101562,0.0
2021-11-15,5871.TW,BUY,4,178.1634521484375,712.65380859375,0.0
2021-11-15,3665.TW,SELL,528,227.53810119628906,120140.11743164062,0.0
2021-11-15,2889.TW,SELL,9738,12.206175804138184,118863.73998069763,0.0
2021-11-15,2615.TW,BUY,7,103.48738861083984,724.4117202758789,0.0
2021-11-16,3037.TW,BUY,10,176.25039672851562,1762.5039672851562,0.0
2021-11-16,3019.TW,BUY,1599,74.78543090820312,119581.9040222168,0.0
2021-11-16,3661.TW,BUY,2,1166.4219970703125,2332.843994140625,0.0
2021-11-16,2357.TW,BUY,472,252.99468994140625,119413.49365234375,0.0
2021-11-16,2615.TW,SELL,1144,106.12401580810547,121405.87408447266,0.0
2021-11-16,5871.TW,SELL,664,180.6728057861328,119966.74304199219,0.0
2021-11-16,3443.TW,SELL,218,557.119140625,121451.97265625,0.0
2021-11-16,2308.TW,BUY,512,233.16680908203125,119381.40625,0.0
2021-11-17,2308.TW,SELL,512,238.17623901367188,121946.234375,0.0
2021-11-17,2357.TW,SELL,472,255.1356658935547,120424.03430175781,0.0
2021-11-17,3037.TW,SELL,12,178.96194458007812,2147.5433349609375,0.0
2021-11-17,2615.TW,BUY,1142,104.47612762451172,119311.73774719238,0.0
2021-11-17,3019.TW,BUY,46,72.53685760498047,3336.6954498291016,0.0
2021-11-17,3661.TW,BUY,2,1137.7391357421875,2275.478271484375,0.0
2021-11-17,9910.TW,BUY,727,164.0662841796875,119276.18859863281,0.0
2021-11-18,3665.TW,BUY,530,225.3460235595703,119433.39248657227,0.0
2021-11-18,3661.TW,BUY,2,1123.39794921875,2246.7958984375,0.0
2021-11-18,3443.TW,BUY,210,568.5277099609375,119390.81909179688,0.0
2021-11-18,9910.TW,SELL,727,162.94766235351562,118462.95053100586,0.0
2021-11-18,3019.TW,SELL,1645,75.45166015625,124117.98095703125,0.0
2021-11-18,2615.TW,SELL,13,105.79444122314453,1375.327735900879,0.0
2021-11-18,3037.TW,BUY,20,173.99078369140625,3479.815673828125,0.0
2021-11-19,3037.TW,SELL,15,176.7023162841797,2650.5347442626953,0.0
2021-11-19,3443.TW,SELL,210,570.4291381835938,119790.11901855469,0.0
2021-11-19,2615.TW,BUY,24,102.82823944091797,2467.8777465820312,0.0
2021-11-19,3034.TW,BUY,377,314.3475341796875,118509.02038574219,0.0
2021-11-19,3665.TW,BUY,3,222.27713012695312,666.8313903808594,0.0
2021-11-22,5871.TW,BUY,674,176.37107849121094,118874.10690307617,0.0
2021-11-22,6415.TW,BUY,98,1207.8966064453125,118373.86743164062,0.0
2021-11-22,3661.TW,BUY,2,1094.715576171875,2189.43115234375,0.0
2021-11-22,2615.TW,BUY,15,101.83951568603516,1527.5927352905273,0.0
2021-11-22,3665.TW,SELL,533,226.66128540039062,120810.4651184082,0.0
2021-11-22,3034.TW,SELL,377,318.5778503417969,120103.84957885742,0.0
2021-11-23,2615.TW,SELL,1168,101.50993347167969,118563.60229492188,0.0
2021-11-23,3037.TW,SELL,14,178.05810546875,2492.8134765625,0.0
2021-11-23,5871.TW,SELL,674,176.37107849121094,118874.10690307617,0.0
2021-11-23,3019.TW,BUY,1515,77.20054626464844,116958.82759094238,0.0
2021-11-23,3443.TW,BUY,211,553.3162231445312,116749.7230834961,0.0
2021-11-23,3661.TW,BUY,1,1066.0330810546875,1066.0330810546875,0.0
2021-11-23,6415.TW,BUY,4,1136.630859375,4546.5234375,0.0
2021-11-24,6415.TW,BUY,3,1099.1859130859375,3297.5577392578125,0.0
2021-11-24,3661.TW,BUY,1,1046.911376953125,1046.911376953125,0.0
2021-11-24,3443.TW,BUY,1,543.8092041015625,543.8092041015625,0.0
2021-11-24,2615.TW,BUY,1140,101.50993347167969,115721.32415771484,0.0
2021-11-24,3037.TW,SELL,12,179.41387939453125,2152.966552734375,0.0
2021-11-24,3019.TW,SELL,1515,77.95005798339844,118094.33784484863,0.0
2021-11-25,2615.TW,SELL,1140,103.81697082519531,118351.34674072266,0.0
2021-11-25,3037.TW,SELL,645,190.2600555419922,122717.73582458496,0.0
2021-11-25,2454.TW,BUY,151,759.0853271484375,114621.88439941406,0.0
2021-11-25,3034.TW,BUY,372,307.83929443359375,114516.21752929688,0.0
2021-11-25,3443.TW,BUY,3,532.4004516601562,1597.2013549804688,0.0
2021-11-25,3661.TW,BUY,11,942.6982421875,10369.6806640625,0.0
2021-11-26,3661.TW,BUY,4,899.674560546875,3598.6982421875,0.0
2021-11-26,3034.TW,BUY,1,301.00567626953125,301.00567626953125,0.0
2021-11-26,2883.TW,BUY,8446,13.319729804992676,112498.43793296814,0.0
2021-11-26,6415.TW,SELL,105,1073.8201904296875,112751.11999511719,0.0
2021-11-26,2454.TW,BUY,1,737.0828857421875,737.0828857421875,0.0
2021-11-26,3443.TW,SELL,215,539.0555419921875,115896.94152832031,0.0
2021-11-26,2615.TW,BUY,1122,100.19161987304688,112414.9974975586,0.0
2021-11-29,2454.TW,SELL,152,755.4182739257812,114823.57763671875,0.0
2021-11-29,2883.TW,SELL,8446,13.197530746459961,111466.34468460083,0.0
2021-11-29,3034.TW,SELL,373,305.8868103027344,114095.78024291992,0.0
2021-11-29,3661.TW,SELL,6,965.644287109375,5793.86572265625,0.0
2021-11-29,2207.TW,BUY,221,519.5443725585938,114819.30633544922,0.0
2021-11-29,2615.TW,BUY,18,100.85076904296875,1815.3138427734375,0.0
2021-11-29,3019.TW,BUY,1467,78.36646270751953,114963.60079193115,0.0
2021-11-29,3037.TW,BUY,597,192.51968383789062,114934.2512512207,0.0
2021-11-30,3661.TW,BUY,2,975.2051391601562,1950.4102783203125,0.0
2021-11-30,3034.TW,BUY,390,302.9580993652344,118153.6587524414,0.0
2021-11-30,2885.TW,BUY,7031,16.8369083404541,118380.30254173279,0.0
2021-11-30,2454.TW,BUY,159,740.75,117779.25,0.0
2021-11-30,3019.TW,SELL,1467,82.53047180175781,121072.20213317871,0.0
2021-11-30,3037.TW,SELL,597,206.07740783691406,123028.2124786377,0.0
2021-11-30,2207.TW,BUY,9,514.4508056640625,4630.0572509765625,0.0
2021-11-30,2615.TW,SELL,1140,103.15782165527344,117599.91668701172,0.0
2021-12-01,6415.TW,BUY,107,1124.552001953125,120327.06420898438,0.0
2021-12-01,2883.TW,BUY,9122,13.238265037536621,120759.45367240906,0.0
2021-12-01,3661.TW,BUY,6,946.5225830078125,5679.135498046875,0.0
2021-12-01,3037.TW,BUY,597,202.0100860595703,120600.02137756348,0.0
2021-12-01,3034.TW,SELL,390,314.0220947265625,122468.61694335938,0.0
2021-12-01,2885.TW,SELL,7031,17.29867935180664,121627.01452255249,0.0
2021-12-01,2454.TW,SELL,159,781.087890625,124192.974609375,0.0
2021-12-01,2207.TW,SELL,230,520.3933715820312,119690.47546386719,0.0
2021-12-01,2615.TW,BUY,1185,101.83951568603516,120679.82608795166,0.0
2021-12-02,2615.TW,SELL,1185,111.72683715820312,132396.3020324707,0.0
2021-12-02,6415.TW,SELL,107,1168.0362548828125,124979.87927246094,0.0
2021-12-02,2883.TW,BUY,254,13.156798362731934,3341.826784133911,0.0
2021-12-02,3019.TW,BUY,1527,80.78158569335938,123353.48135375977,0.0
2021-12-02,3037.TW,BUY,43,192.51968383789062,8278.346405029297,0.0
2021-12-02,3665.TW,BUY,562,219.20819091796875,123195.00329589844,0.0
2021-12-03,6415.TW,BUY,113,1097.9781494140625,124071.53088378906,0.0
2021-12-03,3019.TW,BUY,21,80.69830322265625,1694.6643676757812,0.0
2021-12-03,2615.TW,BUY,1152,108.43106079101562,124912.58203125,0.0
2021-12-03,2207.TW,BUY,240,519.5443725585938,124690.6494140625,0.0
2021-12-03,2883.TW,SELL,9376,13.319729804992676,124885.78665161133,0.0
2021-12-03,3661.TW,SELL,127,999.1071166992188,126886.60382080078,0.0
2021-12-03,3037.TW,SELL,5,196.58700561523438,982.9350280761719,0.0
2021-12-03,3665.TW,SELL,562,219.64662170410156,123441.40139770508,0.0
2021-12-06,3661.TW,BUY,131,960.8638305664062,125873.16180419922,0.0
2021-12-06,6415.TW,BUY,5,1067.7806396484375,5338.9031982421875,0.0
2021-12-06,6669.TW,BUY,441,287.3211975097656,126708.64810180664,0.0
2021-12-06,3443.TW,BUY,233,543.8092041015625,126707.54455566406,0.0
2021-12-06,2615.TW,SELL,1152,116.3409194946289,134024.7392578125,0.0
2021-12-06,3019.TW,SELL,1548,81.28125762939453,125823.38681030273,0.0
2021-12-06,2207.TW,SELL,240,525.4868774414062,126116.8505859375,0.0
2021-12-06,3037.TW,BUY,5,197.94276428222656,989.7138214111328,0.0
2021-12-07,3443.TW,SELL,1,540.0061645507812,540.0061645507812,0.0
2021-12-07,3661.TW,SELL,1,960.8638305664062,960.8638305664062,0.0
2021-12-07,6669.TW,SELL,441,291.6526794433594,128618.83163452148,0.0
2021-12-07,3019.TW,BUY,1550,80.86486053466797,125340.53382873535,0.0
2021-12-07,6415.TW,BUY,5,1015.8411865234375,5079.2059326171875,0.0
2021-12-08,3661.TW,BUY,4,947.4786987304688,3789.914794921875,0.0
2021-12-08,3019.TW,BUY,1,82.0307846069336,82.0307846069336,0.0
2021-12-08,2883.TW,BUY,9465,13.441929817199707,127227.86571979523,0.0
2021-12-08,3037.TW,SELL,4,199.75045776367188,799.0018310546875,0.0
2021-12-08,6415.TW,SELL,123,1059.3251953125,130296.9990234375,0.0
2021-12-08,3443.TW,SELL,232,544.7598266601562,126384.27978515625,0.0
2021-12-08,2327.TW,BUY,1223,104.03121185302734,127230.17209625244,0.0
2021-12-09,3019.TW,BUY,19,80.69830322265625,1533.2677612304688,0.0
2021-12-09,3037.TW,BUY,7,197.03890991210938,1379.2723693847656,0.0
2021-12-09,2454.TW,BUY,159,795.7561645507812,126525.23016357422,0.0
2021-12-09,3711.TW,BUY,1529,82.86119079589844,126694.76072692871,0.0
2021-12-09,2883.TW,SELL,9465,13.564130783081055,128384.49786186218,0.0
2021-12-09,2327.TW,SELL,1223,103.80232238769531,126950.24028015137,0.0
2021-12-09,3661.TW,SELL,1,949.390869140625,949.390869140625,0.0
2021-12-10,2454.TW,SELL,159,788.4219970703125,125359.09753417969,0.0
2021-12-10,3037.TW,SELL,22,202.9139404296875,4464.106689453125,0.0
2021-12-10,3019.TW,BUY,16,79.53238677978516,1272.5181884765625,0.0
2021-12-10,3661.TW,BUY,1,936.0057373046875,936.0057373046875,0.0
2021-12-10,3711.TW,BUY,15,81.67178344726562,1225.0767517089844,0.0
2021-12-10,6415.TW,BUY,119,1055.70166015625,125628.49755859375,0.0
2021-12-13,3037.TW,BUY,15,199.29855346679688,2989.478302001953,0.0
2021-12-13,3019.TW,BUY,37,78.11663055419922,2890.315330505371,0.0
2021-12-13,3008.TW,BUY,76,1661.891357421875,126303.7431640625,0.0
2021-12-13,2615.TW,BUY,954,132.81982421875,126710.1123046875,0.0
2021-12-13,3711.TW,SELL,1544,81.27532958984375,125489.10888671875,0.0
2021-12-13,3661.TW,SELL,4,970.4247436523438,3881.698974609375,0.0
2021-12-13,6415.TW,SELL,119,1087.1070556640625,129365.73962402344,0.0
2021-12-14,3008.TW,SELL,76,1707.8231201171875,129794.55712890625,0.0
2021-12-14,3019.TW,SELL,20,76.61758422851562,1532.3516845703125,0.0
2021-12-14,3037.TW,SELL,7,195.23123168945312,1366.6186218261719,0.0
2021-12-14,2615.TW,BUY,29,124.90995025634766,3622.388557434082,0.0
2021-12-14,3034.TW,BUY,375,326.7131652832031,122517.43698120117,0.0
2021-12-14,3661.TW,BUY,8,888.2015380859375,7105.6123046875,0.0
2021-12-15,6669.TW,BUY,415,304.6471252441406,126428.55697631836,0.0
2021-12-15,3037.TW,BUY,3,200.202392578125,600.607177734375,0.0
2021-12-15,2454.TW,BUY,162,777.4207153320312,125942.15588378906,0.0
2021-12-15,3019.TW,BUY,48,76.70086669921875,3681.6416015625,0.0
2021-12-15,3034.TW,SELL,375,333.22137451171875,124958.01544189453,0.0
2021-12-15,2615.TW,SELL,18,131.1719207763672,2361.0945739746094,0.0
2021-12-15,3661.TW,SELL,138,940.7861938476562,129828.49475097656,0.0
2021-12-16,2454.TW,SELL,162,799.4232788085938,129506.57116699219,0.0
2021-12-16,3019.TW,SELL,1651,78.44973754882812,129520.51669311523,0.0
2021-12-16,3037.TW,SELL,3,203.36587524414062,610.0976257324219,0.0
2021-12-16,2615.TW,BUY,23,129.5240478515625,2979.0531005859375,0.0
2021-12-16,2883.TW,BUY,9524,13.441929817199707,128020.93957901001,0.0
2021-12-16,3661.TW,BUY,140,913.0596923828125,127828.35693359375,0.0
2021-12-16,6669.TW,BUY,5,304.6471252441406,1523.2356262207031,0.0
2021-12-17,9910.TW,BUY,786,164.0662841796875,128956.09936523438,0.0
2021-12-17,3037.TW,BUY,14,200.65431213378906,2809.160369873047,0.0
2021-12-17,3019.TW,BUY,1699,75.95133972167969,129041.32618713379,0.0
2021-12-17,2883.TW,SELL,9524,13.727063179016113,130736.54971694946,0.0
2021-12-17,2615.TW,SELL,9,131.83108520507812,1186.4797668457031,0.0
2021-12-17,6669.TW,SELL,420,307.5347595214844,129164.59899902344,0.0
2021-12-20,2615.TW,SELL,3,131.1719207763672,393.51576232910156,0.0
2021-12-20,3019.TW,SELL,1699,76.61758422851562,130173.27560424805,0.0
2021-12-20,3661.TW,SELL,140,925.4888305664062,129568.43627929688,0.0
2021-12-20,3037.TW,BUY,7,197.03890991210938,1379.2723693847656,0.0
2021-12-20,6415.TW,BUY,114,1118.512451171875,127510.41943359375,0.0
2021-12-20,6669.TW,BUY,432,295.9841613769531,127865.15771484375,0.0
2021-12-20,9910.TW,BUY,18,159.2188720703125,2865.939697265625,0.0
2021-12-21,2889.TW,BUY,10844,12.206175804138184,132363.77042007446,0.0
2021-12-21,3661.TW,BUY,141,937.9178466796875,132246.41638183594,0.0
2021-12-21,3037.TW,BUY,8,201.10623168945312,1608.849853515625,0.0
2021-12-21,2207.TW,BUY,259,510.2061767578125,132143.39978027344,0.0
2021-12-21,2615.TW,SELL,6,136.44517517089844,818.6710510253906,0.0
2021-12-21,6669.TW,SELL,432,310.4223937988281,134102.47412109375,0.0
2021-12-21,6415.TW,SELL,114,1157.1651611328125,131916.82836914062,0.0
2021-12-21,9910.TW,SELL,804,162.5747833251953,130710.12579345703,0.0
2021-12-22,2889.TW,SELL,10844,12.206175804138184,132363.77042007446,0.0
2021-12-22,3037.TW,SELL,10,205.62548828125,2056.2548828125,0.0
2021-12-22,3661.TW,SELL,3,965.644287109375,2896.932861328125,0.0
2021-12-22,2207.TW,BUY,3,508.50830078125,1525.52490234375,0.0
2021-12-22,2615.TW,BUY,21,134.46768188476562,2823.821319580078,0.0
2021-12-22,3443.TW,BUY,231,576.1334838867188,133086.83477783203,0.0
2021-12-23,6415.TW,BUY,115,1159.580810546875,133351.79321289062,0.0
2021-12-23,3443.TW,BUY,3,573.28125,1719.84375,0.0
2021-12-23,3019.TW,BUY,1719,78.11663055419922,134282.48792266846,0.0
2021-12-23,2207.TW,SELL,262,507.659423828125,133006.76904296875,0.0
2021-12-23,3661.TW,SELL,138,975.2051391601562,134578.30920410156,0.0
2021-12-23,3037.TW,SELL,29,216.923583984375,6290.783935546875,0.0
2021-12-23,2615.TW,BUY,27,131.83108520507812,3559.4393005371094,0.0
2021-12-24,3034.TW,BUY,387,344.93621826171875,133490.31646728516,0.0
2021-12-24,3661.TW,BUY,141,947.4786987304688,133594.4965209961,0.0
2021-12-24,2615.TW,BUY,1,131.1719207763672,131.1719207763672,0.0
2021-12-24,3008.TW,BUY,65,2041.8719482421875,132721.6766357422,0.0
2021-12-24,6415.TW,SELL,115,1159.580810546875,133351.79321289062,0.0
2021-12-24,3443.TW,SELL,234,574.2319946289062,134370.28674316406,0.0
2021-12-24,3019.TW,SELL,1719,77.20054626464844,132707.73902893066,0.0
2021-12-27,3008.TW,SELL,65,2046.0472412109375,132993.07067871094,0.0
2021-12-27,3034.TW,SELL,387,345.5870361328125,133742.18298339844,0.0
2021-12-27,3661.TW,SELL,4,979.9855346679688,3919.942138671875,0.0
2021-12-27,2002.TW,BUY,4561,29.481050491333008,134463.07129096985,0.0
2021-12-27,2615.TW,BUY,6,131.1719207763672,787.0315246582031,0.0
2021-12-27,3037.TW,BUY,11,213.3081817626953,2346.3899993896484,0.0
2021-12-27,3443.TW,BUY,237,565.675537109375,134065.10229492188,0.0
2021-12-28,3661.TW,BUY,4,950.346923828125,3801.3876953125,0.0
2021-12-28,3443.TW,BUY,1,561.8726806640625,561.8726806640625,0.0
2021-12-28,3008.TW,BUY,66,2008.4669189453125,132558.81665039062,0.0
2021-12-28,3037.TW,SELL,10,216.01974487304688,2160.1974487304688,0.0
2021-12-28,2615.TW,SELL,10,132.16065979003906,1321.6065979003906,0.0
2021-12-28,2002.TW,SELL,4561,29.60650062561035,135035.2493534088,0.0
2021-12-29,2615.TW,SELL,8,132.49024963378906,1059.9219970703125,0.0
2021-12-29,3443.TW,SELL,238,561.8726806640625,133725.69799804688,0.0
2021-12-29,3661.TW,SELL,1,946.5225830078125,946.5225830078125,0.0
2021-12-29,3019.TW,BUY,1711,77.95005798339844,133372.54920959473,0.0
2021-12-29,3037.TW,BUY,13,210.5966339111328,2737.7562408447266,0.0
2021-12-30,6415.TW,BUY,110,1213.936279296875,133532.99072265625,0.0
2021-12-30,3443.TW,BUY,241,557.119140625,134265.712890625,0.0
2021-12-30,3037.TW,BUY,10,208.78895568847656,2087.8895568847656,0.0
2021-12-30,2615.TW,BUY,20,130.84234619140625,2616.846923828125,0.0
2021-12-30,3008.TW,SELL,66,2058.57470703125,135865.9306640625,0.0
2021-12-30,3019.TW,SELL,1711,78.19990539550781,133800.03813171387,0.0
2021-12-30,3661.TW,SELL,3,975.2051391601562,2925.6154174804688,0.0
2022-01-03,3037.TW,SELL,9,208.78895568847656,1879.100601196289,0.0
2022-01-03,3443.TW,SELL,1,551.4148559570312,551.4148559570312,0.0
2022-01-03,6415.TW,SELL,110,1228.4310302734375,135127.41333007812,0.0
2022-01-03,2615.TW,BUY,44,123.5916519165039,5438.032684326172,0.0
2022-01-03,3661.TW,BUY,1,955.12744140625,955.12744140625,0.0
2022-01-03,6669.TW,BUY,420,314.7538757324219,132196.6278076172,0.0
2022-01-04,6415.TW,BUY,115,1159.580810546875,133351.79321289062,0.0
2022-01-04,3661.TW,BUY,5,936.0057373046875,4680.0286865234375,0.0
2022-01-04,3034.TW,BUY,387,346.23785400390625,133994.04949951172,0.0
2022-01-04,2615.TW,SELL,7,126.22825622558594,883.5977935791016,0.0
2022-01-04,3443.TW,SELL,240,553.3162231445312,132795.8935546875,0.0
2022-01-04,3037.TW,SELL,7,214.21205139160156,1499.484359741211,0.0
2022-01-04,6669.TW,SELL,420,327.74835205078125,137654.30786132812,0.0
2022-01-05,3034.TW,BUY,7,338.4280090332031,2368.996063232422,0.0
2022-01-05,3008.TW,BUY,61,2179.6669921875,132959.6865234375,0.0
2022-01-05,3037.TW,BUY,15,207.88510131835938,3118.2765197753906,0.0
2022-01-05,3661.TW,SELL,1,938.8739624023438,938.8739624023438,0.0
2022-01-05,2615.TW,SELL,3,125.89868927001953,377.6960678100586,0.0
2022-01-05,6415.TW,SELL,115,1188.5704345703125,136685.59997558594,0.0
2022-01-06,6669.TW,BUY,436,300.3156433105469,130937.62048339844,0.0
2022-01-06,6415.TW,BUY,122,1070.196533203125,130563.97705078125,0.0
2022-01-06,3661.TW,BUY,3,902.542724609375,2707.628173828125,0.0
2022-01-06,3008.TW,SELL,1,2158.78857421875,2158.78857421875,0.0
2022-01-06,3034.TW,SELL,394,336.4754943847656,132571.34478759766,0.0
2022-01-06,2615.TW,SELL,1061,125.89868927001953,133578.50931549072,0.0
2022-01-06,3037.TW,BUY,14,199.75045776367188,2796.5064086914062,0.0
2022-01-07,6669.TW,SELL,436,307.5347595214844,134085.1551513672,0.0
2022-01-07,3008.TW,BUY,2,2075.2763671875,4150.552734375,0.0
2022-01-07,3037.TW,BUY,3,196.58700561523438,589.7610168457031,0.0
2022-01-07,3443.TW,BUY,258,501.02691650390625,129264.94445800781,0.0
2022-01-10,6415.TW,BUY,3,1019.4649047851562,3058.3947143554688,0.0
2022-01-10,3037.TW,BUY,19,189.356201171875,3597.767822265625,0.0
2022-01-10,3661.TW,SELL,145,922.6204833984375,133779.97009277344,0.0
2022-01-10,2615.TW,BUY,1085,118.31842041015625,128375.48614501953,0.0
2022-01-11,2615.TW,SELL,1085,119.6366958618164,129805.8150100708,0.0
2022-01-11,3008.TW,SELL,1,2062.75,2062.75,0.0
2022-01-11,3037.TW,SELL,9,188.45236206054688,1696.0712585449219,0.0
2022-01-11,3443.TW,BUY,4,480.1112060546875,1920.44482421875,0.0
2022-01-11,3661.TW,BUY,147,858.5629272460938,126208.75030517578,0.0
2022-01-11,6415.TW,BUY,6,961.4857788085938,5768.9146728515625,0.0
2022-01-12,6415.TW,BUY,3,945.7831420898438,2837.3494262695312,0.0
2022-01-12,2615.TW,BUY,1093,116.01134490966797,126800.39998626709,0.0
2022-01-12,3008.TW,BUY,2,2008.7513427734375,4017.502685546875,0.0
2022-01-12,3443.TW,SELL,262,480.1112060546875,125789.13598632812,0.0
2022-01-12,3037.TW,SELL,20,195.23123168945312,3904.6246337890625,0.0
2022-01-12,3661.TW,SELL,4,884.3771362304688,3537.508544921875,0.0
2022-01-13,3008.TW,SELL,1,2008.7513427734375,2008.7513427734375,0.0
2022-01-13,3037.TW,SELL,10,197.03890991210938,1970.3890991210938,0.0
2022-01-13,3661.TW,SELL,2,889.1576538085938,1778.3153076171875,0.0
2022-01-13,6415.TW,SELL,1,942.159423828125,942.159423828125,0.0
2022-01-13,2615.TW,BUY,41,111.06768798828125,4553.775207519531,0.0
2022-01-14,2454.TW,BUY,158,781.087890625,123411.88671875,0.0
2022-01-14,3008.TW,BUY,6,1809.9908447265625,10859.945068359375,0.0
2022-01-14,2615.TW,SELL,52,114.36345672607422,5946.899749755859,0.0
2022-01-14,3037.TW,SELL,639,198.8466033935547,127062.97956848145,0.0
2022-01-17,2454.TW,SELL,158,817.7586059570312,129205.85974121094,0.0
2022-01-17,3661.TW,SELL,4,901.586669921875,3606.3466796875,0.0
2022-01-17,2615.TW,BUY,51,109.4197998046875,5580.4097900390625,0.0
2022-01-17,3008.TW,BUY,2,1759.2431640625,3518.486328125,0.0
2022-01-17,3037.TW,BUY,619,200.202392578125,123925.28100585938,0.0
2022-01-18,3037.TW,BUY,5,200.65431213378906,1003.2715606689453,0.0
2022-01-18,3661.TW,SELL,137,925.4888305664062,126791.96978759766,0.0
2022-01-18,6415.TW,SELL,1,942.159423828125,942.159423828125,0.0
2022-01-18,2308.TW,BUY,501,249.5613250732422,125030.22386169434,0.0
2022-01-18,2615.TW,BUY,11,109.4197998046875,1203.6177978515625,0.0
2022-01-19,3661.TW,BUY,139,887.2454833984375,123327.12219238281,0.0
2022-01-19,3037.TW,SELL,624,194.779296875,121542.28125,0.0
2022-01-19,6415.TW,BUY,1,922.8331298828125,922.8331298828125,0.0
2022-01-19,2615.TW,BUY,15,106.4535903930664,1596.803855895996,0.0
2022-01-19,3008.TW,SELL,1,1776.1588134765625,1776.1588134765625,0.0
2022-01-19,2308.TW,SELL,501,250.47215270996094,125486.54850769043,0.0
2022-01-19,2327.TW,BUY,1105,111.58462524414062,123301.01089477539,0.0
2022-01-20,3661.TW,SELL,139,933.1373901367188,129706.0972290039,0.0
2022-01-20,2327.TW,BUY,19,110.21126556396484,2094.014045715332,0.0
2022-01-20,2615.TW,BUY,8,106.12401580810547,848.9921264648438,0.0
2022-01-20,3008.TW,BUY,1,1759.2431640625,1759.2431640625,0.0
2022-01-20,6415.TW,BUY,1,918.0015869140625,918.0015869140625,0.0
2022-01-20,6669.TW,BUY,424,291.6526794433594,123660.73608398438,0.0
2022-01-21,2882.TW,BUY,2368,51.082279205322266,120962.83715820312,0.0
2022-01-21,6415.TW,BUY,3,881.7645874023438,2645.2937622070312,0.0
2022-01-21,3661.TW,BUY,137,880.5528564453125,120635.74133300781,0.0
2022-01-21,3037.TW,BUY,665,181.67349243164062,120812.87246704102,0.0
2022-01-21,3008.TW,SELL,70,1759.2431640625,123147.021484375,0.0
2022-01-21,6669.TW,SELL,424,293.0965576171875,124272.9404296875,0.0
2022-01-21,2327.TW,SELL,1124,107.46458435058594,120790.1928100586,0.0
2022-01-21,2615.TW,BUY,44,99.86204528808594,4393.929992675781,0.0
2022-01-24,3008.TW,BUY,69,1755.0142822265625,121095.98547363281,0.0
2022-01-24,3661.TW,BUY,3,870.9920043945312,2612.9760131835938,0.0
2022-01-24,2327.TW,BUY,1151,105.9767837524414,121979.27809906006,0.0
2022-01-24,6415.TW,SELL,1,897.46728515625,897.46728515625,0.0
2022-01-24,3037.TW,SELL,665,187.0966033935547,124419.24125671387,0.0
2022-01-24,2882.TW,SELL,2368,51.002960205078125,120775.009765625,0.0
2022-01-24,2615.TW,SELL,1,100.85076904296875,100.85076904296875,0.0
2022-01-25,3443.TW,BUY,267,443.9840087890625,118543.73034667969,0.0
2022-01-25,6415.TW,BUY,1,861.2304077148438,861.2304077148438,0.0
2022-01-25,3037.TW,BUY,655,181.2215576171875,118700.12023925781,0.0
2022-01-25,2327.TW,SELL,1151,103.23009490966797,118817.83924102783,0.0
2022-01-25,3661.TW,SELL,2,859.5189819335938,1719.0379638671875,0.0
2022-01-25,3008.TW,SELL,69,1742.327392578125,120220.59008789062,0.0
2022-01-25,2615.TW,BUY,28,95.90711975097656,2685.3993530273438,0.0
2022-01-26,3443.TW,SELL,267,449.2129211425781,119939.84994506836,0.0
2022-01-26,3661.TW,SELL,138,893.9380493164062,123363.45080566406,0.0
2022-01-26,2615.TW,BUY,3,97.22541046142578,291.67623138427734,0.0
2022-01-26,2887.TW,BUY,8481,14.230987548828125,120693.00540161133,0.0
2022-01-26,3008.TW,BUY,70,1716.95361328125,120186.7529296875,0.0
2022-01-26,3037.TW,BUY,12,180.7696533203125,2169.23583984375,0.0
2022-02-07,3443.TW,BUY,298,418.7900695800781,124799.44073486328,0.0
2022-02-07,3661.TW,BUY,137,908.279296875,124434.263671875,0.0
2022-02-07,3008.TW,BUY,2,1716.95361328125,3433.9072265625,0.0
2022-02-07,6669.TW,BUY,442,282.41217041015625,124826.17932128906,0.0
2022-02-07,3037.TW,SELL,667,183.481201171875,122381.96118164062,0.0
2022-02-07,2887.TW,SELL,8481,14.556890487670898,123456.98822593689,0.0
2022-02-07,2615.TW,SELL,70,106.78318786621094,7474.823150634766,0.0
2022-02-07,6415.TW,SELL,137,916.7936401367188,125600.72869873047,0.0
2022-02-08,6415.TW,BUY,138,934.912109375,129017.87109375,0.0
2022-02-08,3034.TW,BUY,437,294.8228454589844,128837.58346557617,0.0
2022-02-08,2330.TW,BUY,223,577.0855102539062,128690.0687866211,0.0
2022-02-08,2327.TW,BUY,1235,104.48899841308594,129043.91304016113,0.0
2022-02-08,3008.TW,SELL,72,1755.0142822265625,126361.0283203125,0.0
2022-02-08,3661.TW,SELL,137,936.9617919921875,128363.76550292969,0.0
2022-02-08,3443.TW,SELL,298,435.4276123046875,129757.42846679688,0.0
2022-02-08,2615.TW,SELL,33,113.37472534179688,3741.365936279297,0.0
2022-02-08,6669.TW,SELL,442,284.43359375,125719.6484375,0.0
2022-02-09,2327.TW,SELL,1235,106.66345977783203,131729.37282562256,0.0
2022-02-09,2330.TW,SELL,223,581.6801147460938,129714.6655883789,0.0
2022-02-09,3034.TW,SELL,437,300.68023681640625,131397.26348876953,0.0
2022-02-09,2615.TW,BUY,6,114.36345672607422,686.1807403564453,0.0
2022-02-09,2883.TW,BUY,8323,15.722986221313477,130862.41431999207,0.0
2022-02-09,3665.TW,BUY,490,266.99560546875,130827.8466796875,0.0
2022-02-09,6669.TW,BUY,459,285.0110778808594,130820.08474731445,0.0
2022-02-10,3665.TW,BUY,23,256.03521728515625,5888.809997558594,0.0
2022-02-10,3231.TW,BUY,5246,25.063095092773438,131480.99685668945,0.0
2022-02-10,3037.TW,BUY,668,196.58700561523438,131320.11975097656,0.0
2022-02-10,3008.TW,BUY,74,1759.2431640625,130183.994140625,0.0
2022-02-10,3443.TW,BUY,292,449.6883239746094,131308.99060058594,0.0
2022-02-10,6415.TW,SELL,138,985.6437377929688,136018.8358154297,0.0
2022-02-10,2883.TW,SELL,8323,15.722986221313477,130862.41431999207,0.0
2022-02-10,2615.TW,SELL,1144,115.6817626953125,132339.9365234375,0.0
2022-02-10,6669.TW,SELL,459,287.8987121582031,132145.50888061523,0.0
2022-02-11,6415.TW,BUY,142,940.9515991210938,133615.1270751953,0.0
2022-02-11,3443.TW,BUY,7,446.836181640625,3127.853271484375,0.0
2022-02-11,2308.TW,BUY,553,241.81947326660156,133726.16871643066,0.0
2022-02-11,2303.TW,BUY,3155,42.4429931640625,133907.6434326172,0.0
2022-02-11,2615.TW,BUY,1181,113.37472534179688,133895.5506286621,0.0
2022-02-11,3231.TW,SELL,5246,25.225845336914062,132334.78463745117,0.0
2022-02-11,3037.TW,SELL,668,200.65431213378906,134037.0805053711,0.0
2022-02-11,3008.TW,SELL,74,1784.6168212890625,132061.64477539062,0.0
2022-02-11,3665.TW,SELL,513,270.94134521484375,138992.91009521484,0.0
2022-02-14,2303.TW,SELL,3155,40.60430908203125,128106.5951538086,0.0
2022-02-14,2308.TW,SELL,553,233.16680908203125,128941.24542236328,0.0
2022-02-14,2615.TW,SELL,68,118.6479721069336,8068.062103271484,0.0
2022-02-14,3443.TW,SELL,299,438.2797546386719,131045.64663696289,0.0
2022-02-14,3037.TW,BUY,671,196.58700561523438,131909.88076782227,0.0
2022-02-14,3661.TW,BUY,127,1037.3504638671875,131743.5089111328,0.0
2022-02-14,3665.TW,BUY,508,259.98095703125,132070.326171875,0.0
2022-02-15,2891.TW,BUY,5875,22.368471145629883,131414.76798057556,0.0
2022-02-15,2615.TW,BUY,4,117.65924835205078,470.6369934082031,0.0
2022-02-15,3661.TW,BUY,2,1013.4483032226562,2026.8966064453125,0.0
2022-02-15,3037.TW,SELL,671,201.10623168945312,134942.28146362305,0.0
2022-02-15,3665.TW,SELL,1,259.1040344238281,259.1040344238281,0.0
2022-02-15,6415.TW,BUY,2,911.9620361328125,1823.924072265625,0.0
2022-02-16,6415.TW,BUY,2,919.20947265625,1838.4189453125,0.0
2022-02-16,3231.TW,BUY,5454,24.73760223388672,134918.88258361816,0.0
2022-02-16,3665.TW,BUY,15,258.2272644042969,3873.408966064453,0.0
2022-02-16,2891.TW,SELL,5875,22.408205032348633,131648.20456504822,0.0
2022-02-16,2615.TW,SELL,2,120.95501708984375,241.9100341796875,0.0
2022-02-16,3661.TW,SELL,8,1113.837158203125,8910.697265625,0.0
2022-02-17,3231.TW,SELL,5454,24.900348663330078,135806.50160980225,0.0
2022-02-17,3665.TW,SELL,522,261.2961730957031,136396.60235595703,0.0
2022-02-17,2327.TW,BUY,1261,107.00679779052734,134935.57201385498,0.0
2022-02-17,2615.TW,BUY,3,120.62545013427734,361.87635040283203,0.0
2022-02-17,3443.TW,BUY,309,435.9029541015625,134694.0128173828,0.0
2022-02-17,3661.TW,BUY,1,1104.2764892578125,1104.2764892578125,0.0
2022-02-17,6415.TW,BUY,1,913.1699829101562,913.1699829101562,0.0
2022-02-18,6415.TW,BUY,3,911.9620361328125,2735.8861083984375,0.0
2022-02-18,5871.TW,BUY,726,188.55929565429688,136894.04864501953,0.0
2022-02-18,3661.TW,BUY,2,1099.495849609375,2198.99169921875,0.0
2022-02-18,3665.TW,BUY,551,248.58213806152344,136968.7580718994,0.0
2022-02-18,3443.TW,SELL,309,440.1811218261719,136015.9666442871,0.0
2022-02-18,2615.TW,SELL,1118,128.20571899414062,143333.99383544922,0.0
2022-02-18,2327.TW,SELL,1261,108.26570892333984,136523.05895233154,0.0
2022-02-18,2454.TW,BUY,166,821.4257202148438,136356.66955566406,0.0
2022-02-21,2454.TW,SELL,166,828.7598876953125,137574.14135742188,0.0
2022-02-21,3665.TW,SELL,551,251.65098571777344,138659.69313049316,0.0
2022-02-21,5871.TW,SELL,726,189.2762908935547,137414.5871887207,0.0
2022-02-21,2615.TW,BUY,1062,128.53530883789062,136504.49798583984,0.0
2022-02-21,2887.TW,BUY,9408,14.520678520202637,136610.5435180664,0.0
2022-02-21,3037.TW,BUY,636,214.66395568847656,136526.2758178711,0.0
2022-02-21,3661.TW,BUY,3,1075.593994140625,3226.781982421875,0.0
2022-02-21,6415.TW,BUY,2,893.8435668945312,1787.6871337890625,0.0
2022-02-22,3661.TW,BUY,2,1023.0092163085938,2046.0184326171875,0.0
2022-02-22,3665.TW,BUY,539,245.51319885253906,132331.61418151855,0.0
2022-02-22,3443.TW,BUY,308,428.7725830078125,132061.95556640625,0.0
2022-02-22,2887.TW,SELL,9408,14.375833511352539,135247.8416748047,0.0
2022-02-22,3037.TW,SELL,636,214.66395568847656,136526.2758178711,0.0
2022-02-22,2615.TW,BUY,44,119.6366958618164,5264.014617919922,0.0
2022-02-23,2615.TW,SELL,27,125.2395248413086,3381.467170715332,0.0
2022-02-23,3443.TW,SELL,308,430.1986083984375,132501.17138671875,0.0
2022-02-23,3665.TW,SELL,539,256.9120178222656,138475.57760620117,0.0
2022-02-23,6415.TW,SELL,152,879.348876953125,133661.029296875,0.0
2022-02-23,2883.TW,BUY,8578,15.763720512390137,135221.1945552826,0.0
2022-02-23,3037.TW,BUY,622,217.37550354003906,135207.5632019043,0.0
2022-02-23,3661.TW,BUY,3,1023.0092163085938,3069.0276489257812,0.0
2022-02-23,6669.TW,BUY,470,287.3211975097656,135040.96282958984,0.0
2022-02-24,3019.TW,BUY,1990,66.70726013183594,132747.44766235352,0.0
2022-02-24,2615.TW,BUY,28,119.96627807617188,3359.0557861328125,0.0
2022-02-24,2454.TW,BUY,170,777.4207153320312,132161.5216064453,0.0
2022-02-24,2883.TW,SELL,8578,15.356386184692383,131727.08069229126,0.0
2022-02-24,3661.TW,SELL,1,1008.6680297851562,1008.6680297851562,0.0
2022-02-24,3037.TW,SELL,18,219.63511657714844,3953.432098388672,0.0
2022-02-24,6669.TW,SELL,470,282.1234130859375,132598.00415039062,0.0
2022-02-25,5871.TW,BUY,756,179.9558563232422,136046.6273803711,0.0
2022-02-25,9910.TW,BUY,881,154.3714599609375,136001.25622558594,0.0
2022-02-25,6415.TW,BUY,154,879.348876953125,135419.72705078125,0.0
2022-02-25,3661.TW,BUY,1,1027.78955078125,1027.78955078125,0.0
2022-02-25,3037.TW,SELL,12,229.5774688720703,2754.9296264648438,0.0
2022-02-25,3019.TW,SELL,1990,67.37350463867188,134073.27423095703,0.0
2022-02-25,2454.TW,SELL,170,795.7561645507812,135278.5479736328,0.0
2022-02-25,2615.TW,SELL,1107,123.26204681396484,136451.08582305908,0.0
2022-03-01,3661.TW,SELL,132,1089.9351806640625,143871.44384765625,0.0
2022-03-01,5871.TW,SELL,756,186.7669219970703,141195.79302978516,0.0
2022-03-01,6415.TW,SELL,154,931.288330078125,143418.40283203125,0.0
2022-03-01,9910.TW,SELL,881,161.08326721191406,141914.3584136963,0.0
2022-03-01,2615.TW,BUY,1106,127.21699523925781,140701.99673461914,0.0
2022-03-01,2883.TW,BUY,9216,15.274920463562012,140773.6669921875,0.0
2022-03-01,3037.TW,BUY,39,222.798583984375,8689.144775390625,0.0
2022-03-01,3665.TW,BUY,541,259.98095703125,140649.69775390625,0.0
2022-03-01,6669.TW,BUY,503,279.8133239746094,140746.10195922852,0.0
2022-03-02,6415.TW,BUY,153,913.1699829101562,139715.0073852539,0.0
2022-03-02,2883.TW,BUY,139,14.989788055419922,2083.580539703369,0.0
2022-03-02,2615.TW,BUY,10,125.5691146850586,1255.691146850586,0.0
2022-03-02,3037.TW,SELL,11,225.9620819091797,2485.5829010009766,0.0
2022-03-02,6669.TW,SELL,503,278.3695068359375,140019.86193847656,0.0
2022-03-02,3665.TW,SELL,541,260.8577880859375,141124.0633544922,0.0
2022-03-02,2454.TW,BUY,177,792.089111328125,140199.77270507812,0.0
2022-03-03,3665.TW,BUY,556,253.40467834472656,140893.00115966797,0.0
2022-03-03,6669.TW,BUY,523,269.4178161621094,140905.5178527832,0.0
2022-03-03,2412.TW,BUY,1391,101.30870819091797,140920.4130935669,0.0
2022-03-03,3037.TW,BUY,14,222.34666442871094,3112.853302001953,0.0
2022-03-03,2883.TW,SELL,9355,15.030521392822266,140610.5276298523,0.0
2022-03-03,2454.TW,SELL,177,792.089111328125,140199.77270507812,0.0
2022-03-03,6415.TW,SELL,153,942.159423828125,144150.39184570312,0.0
2022-03-03,2615.TW,SELL,3,126.557861328125,379.673583984375,0.0
2022-03-04,6415.TW,BUY,157,893.8435668945312,140333.4400024414,0.0
2022-03-04,3037.TW,BUY,2,221.4428253173828,442.8856506347656,0.0
2022-03-04,2883.TW,BUY,9662,14.582457542419434,140895.70477485657,0.0
2022-03-04,2454.TW,BUY,187,751.7512817382812,140577.4896850586,0.0
2022-03-04,5871.TW,BUY,782,179.9558563232422,140725.4796447754,0.0
2022-03-04,3665.TW,SELL,556,255.1583709716797,141868.0542602539,0.0
2022-03-04,2615.TW,SELL,1113,126.557861328125,140858.89965820312,0.0
2022-03-04,2412.TW,SELL,1391,101.72222137451172,141495.6099319458,0.0
2022-03-04,6669.TW,SELL,523,266.8188781738281,139546.2732849121,0.0
2022-03-07,2454.TW,SELL,187,712.880126953125,133308.58374023438,0.0
2022-03-07,2883.TW,SELL,142,13.889994621276855,1972.3792362213135,0.0
2022-03-07,5871.TW,SELL,782,172.42782592773438,134838.55987548828,0.0
2022-03-07,2615.TW,BUY,1114,118.6479721069336,132173.84092712402,0.0
2022-03-07,3037.TW,BUY,23,200.65431213378906,4615.049179077148,0.0
2022-03-07,3661.TW,BUY,125,1051.69189453125,131461.48681640625,0.0
2022-03-07,6415.TW,BUY,2,828.6170654296875,1657.234130859375,0.0
2022-03-08,9910.TW,BUY,910,139.4563446044922,126905.27359008789,0.0
2022-03-08,6415.TW,BUY,2,786.3407592773438,1572.6815185546875,0.0
2022-03-08,3661.TW,BUY,3,984.7659912109375,2954.2979736328125,0.0
2022-03-08,2615.TW,BUY,15,112.38600158691406,1685.790023803711,0.0
2022-03-08,2883.TW,SELL,9520,13.808527946472168,131457.18605041504,0.0
2022-03-08,3037.TW,SELL,9,195.23123168945312,1757.0810852050781,0.0
2022-03-09,2615.TW,SELL,12,114.69305419921875,1376.316650390625,0.0
2022-03-09,3037.TW,SELL,26,205.17355346679688,5334.512390136719,0.0
2022-03-09,9910.TW,SELL,910,142.4393768310547,129619.83291625977,0.0
2022-03-09,2207.TW,BUY,262,488.1340637207031,127891.12469482422,0.0
2022-03-09,3661.TW,BUY,8,939.830078125,7518.640625,0.0
2022-03-09,6415.TW,BUY,1,786.3407592773438,786.3407592773438,0.0
2022-03-10,9910.TW,BUY,947,143.55801391601562,135949.4391784668,0.0
2022-03-10,2615.TW,BUY,52,116.3409194946289,6049.727813720703,0.0
2022-03-10,6415.TW,SELL,5,861.2304077148438,4306.152038574219,0.0
2022-03-10,3661.TW,SELL,5,1032.570068359375,5162.850341796875,0.0
2022-03-10,2207.TW,SELL,262,506.8105163574219,132784.35528564453,0.0
2022-03-11,2615.TW,SELL,10,115.35221862792969,1153.5221862792969,0.0
2022-03-11,3661.TW,SELL,3,1042.1309814453125,3126.3929443359375,0.0
2022-03-11,3037.TW,BUY,4,212.85626220703125,851.425048828125,0.0
2022-03-11,6415.TW,BUY,5,824.9934692382812,4124.967346191406,0.0
2022-03-11,9910.TW,BUY,4,140.57498168945312,562.2999267578125,0.0
2022-03-14,3037.TW,BUY,14,203.36587524414062,2847.1222534179688,0.0
2022-03-14,2454.TW,BUY,188,692.3445434570312,130160.77416992188,0.0
2022-03-14,6415.TW,BUY,13,742.8565063476562,9657.134582519531,0.0
2022-03-14,3661.TW,SELL,2,1032.570068359375,2065.14013671875,0.0
2022-03-14,9910.TW,SELL,951,140.2021026611328,133332.1996307373,0.0
2022-03-14,3665.TW,BUY,489,266.99560546875,130560.85107421875,0.0
2022-03-14,2615.TW,SELL,1159,119.96627807617188,139040.9162902832,0.0
2022-03-15,2454.TW,SELL,188,663.0079345703125,124645.49169921875,0.0
2022-03-15,3037.TW,SELL,17,196.58700561523438,3341.9790954589844,0.0
2022-03-15,3665.TW,SELL,489,260.8577880859375,127559.45837402344,0.0
2022-03-15,2615.TW,BUY,1080,113.70430755615234,122800.65216064453,0.0
2022-03-15,3661.TW,BUY,6,929.3131103515625,5575.878662109375,0.0
2022-03-15,6415.TW,BUY,8,669.1747436523438,5353.39794921875,0.0
2022-03-15,9910.TW,BUY,915,134.23605346679688,122825.98892211914,0.0
2022-03-16,3661.TW,BUY,6,868.123779296875,5208.74267578125,0.0
2022-03-16,5871.TW,BUY,728,164.8997802734375,120047.0400390625,0.0
2022-03-16,9910.TW,SELL,21,134.23605346679688,2818.9571228027344,0.0
2022-03-16,6415.TW,SELL,183,694.5406494140625,127100.93884277344,0.0
2022-03-16,2615.TW,BUY,47,106.4535903930664,5003.318748474121,0.0
2022-03-17,3037.TW,SELL,6,203.8177947998047,1222.9067687988281,0.0
2022-03-17,3661.TW,SELL,5,942.6982421875,4713.4912109375,0.0
2022-03-17,5871.TW,SELL,728,172.78628540039062,125788.41577148438,0.0
2022-03-17,9910.TW,SELL,894,137.59194946289062,123007.20281982422,0.0
2022-03-17,2615.TW,BUY,13,110.73810577392578,1439.5953750610352,0.0
2022-03-17,3045.TW,BUY,1463,86.29561614990234,126250.48642730713,0.0
2022-03-17,6415.TW,BUY,165,763.3907470703125,125959.47326660156,0.0
2022-03-18,3037.TW,BUY,6,198.39468383789062,1190.3681030273438,0.0
2022-03-18,3661.TW,BUY,8,879.5968017578125,7036.7744140625,0.0
2022-03-18,3665.TW,BUY,444,278.8328552246094,123801.78771972656,0.0
2022-03-18,2615.TW,BUY,14,107.44232940673828,1504.192611694336,0.0
2022-03-18,6415.TW,SELL,165,797.2118530273438,131539.95574951172,0.0
2022-03-18,3045.TW,SELL,1463,85.48150634765625,125059.4437866211,0.0
2022-03-18,2327.TW,BUY,1279,96.9355697631836,123980.59372711182,0.0
2022-03-21,3037.TW,SELL,13,204.26971435546875,2655.5062866210938,0.0
2022-03-21,3661.TW,SELL,141,906.3671264648438,127797.76483154297,0.0
2022-03-21,2327.TW,BUY,27,95.7911148071289,2586.3600997924805,0.0
2022-03-21,2615.TW,BUY,10,107.44232940673828,1074.4232940673828,0.0
2022-03-21,3665.TW,BUY,6,277.5175476074219,1665.1052856445312,0.0
2022-03-21,6669.TW,BUY,462,270.5728759765625,125004.66870117188,0.0
2022-03-22,6669.TW,BUY,13,265.9526062011719,3457.3838806152344,0.0
2022-03-22,3045.TW,BUY,1478,85.48150634765625,126341.66638183594,0.0
2022-03-22,2615.TW,BUY,16,107.11275482177734,1713.8040771484375,0.0
2022-03-22,3034.TW,BUY,446,282.7826232910156,126121.04998779297,0.0
2022-03-22,3037.TW,SELL,10,209.6927947998047,2096.927947998047,0.0
2022-03-22,2327.TW,SELL,1306,98.88114166259766,129138.77101135254,0.0
2022-03-22,3665.TW,SELL,450,280.5865173339844,126263.93280029297,0.0
2022-03-23,3034.TW,SELL,446,289.6162414550781,129168.84368896484,0.0
2022-03-23,3037.TW,SELL,6,216.01974487304688,1296.1184692382812,0.0
2022-03-23,6669.TW,SELL,475,276.63690185546875,131402.52838134766,0.0
2022-03-23,2412.TW,BUY,1231,104.61675262451172,128783.22248077393,0.0
2022-03-23,2615.TW,BUY,19,107.44232940673828,2041.4042587280273,0.0
2022-03-23,3045.TW,BUY,29,85.48150634765625,2478.9636840820312,0.0
2022-03-23,3665.TW,BUY,462,278.8328552246094,128820.77911376953,0.0
2022-03-24,3034.TW,BUY,456,282.7826232910156,128948.87622070312,0.0
2022-03-24,6669.TW,BUY,474,272.0166320800781,128935.88360595703,0.0
2022-03-24,3037.TW,BUY,2,215.5677947998047,431.1355895996094,0.0
2022-03-24,2615.TW,BUY,24,105.4648666381836,2531.1567993164062,0.0
2022-03-24,2412.TW,SELL,1231,105.03025817871094,129292.24781799316,0.0
2022-03-24,3665.TW,SELL,462,281.9017333984375,130238.60083007812,0.0
2022-03-24,3045.TW,SELL,1507,86.70267486572266,130660.93102264404,0.0
2022-03-24,2049.TW,BUY,566,227.87173461914062,128975.4017944336,0.0
2022-03-25,6415.TW,BUY,162,789.35693359375,127875.8232421875,0.0
2022-03-25,2883.TW,BUY,8412,15.274920463562012,128492.63093948364,0.0
2022-03-25,2615.TW,BUY,47,101.18035888671875,4755.476867675781,0.0
2022-03-25,3665.TW,BUY,460,278.8328552246094,128263.11340332031,0.0
2022-03-25,6669.TW,SELL,474,273.7492980957031,129757.16729736328,0.0
2022-03-25,3037.TW,SELL,598,222.34666442871094,132963.30532836914,0.0
2022-03-25,3034.TW,SELL,456,283.4334411621094,129245.64916992188,0.0
2022-03-25,2049.TW,BUY,10,222.8079376220703,2228.079376220703,0.0
2022-03-28,9910.TW,BUY,938,135.3546905517578,126962.69973754883,0.0
2022-03-28,2049.TW,SELL,576,220.50619506835938,127011.568359375,0.0
2022-03-28,2615.TW,SELL,35,102.82823944091797,3598.988380432129,0.0
2022-03-28,2883.TW,SELL,8412,15.437853813171387,129863.2262763977,0.0
2022-03-28,6415.TW,SELL,162,791.7857055664062,128269.28430175781,0.0
2022-03-28,3037.TW,BUY,583,217.8274383544922,126993.39656066895,0.0
2022-03-28,3665.TW,BUY,32,257.7888488769531,8249.2431640625,0.0
2022-03-28,6669.TW,BUY,478,265.663818359375,126987.30517578125,0.0
2022-03-29,2615.TW,BUY,34,101.83951568603516,3462.5435333251953,0.0
2022-03-29,2454.TW,BUY,193,668.8753051757812,129092.93389892578,0.0
2022-03-29,3034.TW,BUY,472,273.6711120605469,129172.76489257812,0.0
2022-03-29,2002.TW,BUY,3923,32.95186996459961,129270.18587112427,0.0
2022-03-29,3008.TW,BUY,80,1608.531005859375,128682.48046875,0.0
2022-03-29,6669.TW,SELL,478,272.5941467285156,130300.00213623047,0.0
2022-03-29,3665.TW,SELL,492,266.99560546875,131361.837890625,0.0
2022-03-29,3037.TW,SELL,583,220.5389862060547,128574.22895812988,0.0
2022-03-29,9910.TW,SELL,938,138.3377227783203,129760.78396606445,0.0
2022-03-30,3443.TW,BUY,264,494.37188720703125,130514.17822265625,0.0
2022-03-30,2454.TW,BUY,1,671.0753784179688,671.0753784179688,0.0
2022-03-30,2002.TW,BUY,91,32.57551193237305,2964.3715858459473,0.0
2022-03-30,3661.TW,BUY,125,1042.1309814453125,130266.37268066406,0.0
2022-03-30,3008.TW,SELL,80,1643.0306396484375,131442.451171875,0.0
2022-03-30,2615.TW,SELL,29,105.4648666381836,3058.481132507324,0.0
2022-03-30,3034.TW,SELL,472,276.2743835449219,130401.50903320312,0.0
2022-03-31,2002.TW,SELL,4014,32.57551193237305,130758.10489654541,0.0
2022-03-31,3661.TW,SELL,125,1051.69189453125,131461.48681640625,0.0
2022-03-31,2454.TW,BUY,1,663.7412719726562,663.7412719726562,0.0
2022-03-31,2615.TW,BUY,1,104.47612762451172,104.47612762451172,0.0
2022-03-31,3443.TW,BUY,6,480.1112060546875,2880.667236328125,0.0
2022-03-31,3665.TW,BUY,499,259.98095703125,129730.49755859375,0.0
2022-03-31,6415.TW,BUY,155,833.0750732421875,129126.63635253906,0.0
2022-04-01,3037.TW,BUY,587,220.08705139160156,129191.09916687012,0.0
2022-04-01,6669.TW,BUY,452,285.87738037109375,129216.57592773438,0.0
2022-04-01,2454.TW,BUY,1,660.07421875,660.07421875,0.0
2022-04-01,6415.TW,BUY,5,805.14404296875,4025.72021484375,0.0
2022-04-01,3443.TW,SELL,270,482.96331787109375,130400.09582519531,0.0
2022-04-01,2615.TW,SELL,15,105.4648666381836,1581.972999572754,0.0
2022-04-01,3665.TW,SELL,499,262.6114196777344,131043.09841918945,0.0
2022-04-06,2454.TW,SELL,196,646.8727416992188,126787.05737304688,0.0
2022-04-06,2615.TW,SELL,2,102.82823944091797,205.65647888183594,0.0
2022-04-06,6669.TW,SELL,452,286.4549255371094,129477.62634277344,0.0
2022-04-06,3037.TW,BUY,17,208.3370361328125,3541.7296142578125,0.0
2022-04-06,3443.TW,BUY,270,465.8504333496094,125779.61700439453,0.0
2022-04-06,3661.TW,BUY,119,1051.69189453125,125151.33544921875,0.0
2022-04-06,6415.TW,BUY,2,775.9985961914062,1551.9971923828125,0.0
2022-04-07,6415.TW,BUY,2,740.7810668945312,1481.5621337890625,0.0
2022-04-07,3661.TW,BUY,1,1013.4483032226562,1013.4483032226562,0.0
2022-04-07,2615.TW,BUY,14,98.54373931884766,1379.6123504638672,0.0
2022-04-07,2303.TW,BUY,3186,38.305946350097656,122042.74507141113,0.0
2022-04-07,3443.TW,SELL,270,458.2447509765625,123726.08276367188,0.0
2022-04-07,3037.TW,SELL,604,205.17355346679688,123924.82629394531,0.0
2022-04-07,2454.TW,BUY,195,623.4034423828125,121563.67126464844,0.0
2022-04-08,2303.TW,SELL,3186,38.305946350097656,122042.74507141113,0.0
2022-04-08,2454.TW,SELL,2,616.0692749023438,1232.1385498046875,0.0
2022-04-08,2615.TW,SELL,62,101.50993347167969,6293.615875244141,0.0
2022-04-08,3661.TW,BUY,4,956.08349609375,3824.333984375,0.0
2022-04-08,6415.TW,BUY,9,688.5621337890625,6197.0592041015625,0.0
2022-04-08,6669.TW,BUY,425,280.6795959472656,119288.82827758789,0.0
2022-04-11,3665.TW,BUY,462,252.0894012451172,116465.30337524414,0.0
2022-04-11,6415.TW,BUY,3,660.6310424804688,1981.8931274414062,0.0
2022-04-11,3661.TW,BUY,3,912.1036376953125,2736.3109130859375,0.0
2022-04-11,2615.TW,SELL,9,99.86204528808594,898.7584075927734,0.0
2022-04-11,6669.TW,SELL,425,277.21441650390625,117816.12701416016,0.0
2022-04-11,3037.TW,BUY,604,192.97161865234375,116554.85766601562,0.0
2022-04-11,2454.TW,SELL,193,613.1356811523438,118335.18646240234,0.0
2022-04-12,2327.TW,BUY,1291,89.95438385009766,116131.10955047607,0.0
2022-04-12,2303.TW,BUY,3206,36.237430572509766,116177.20241546631,0.0
2022-04-12,6415.TW,SELL,2,664.2742309570312,1328.5484619140625,0.0
2022-04-12,3661.TW,BUY,5,879.5968017578125,4397.9840087890625,0.0
2022-04-12,3037.TW,SELL,604,194.32737731933594,117373.7359008789,0.0
2022-04-12,2615.TW,SELL,15,100.85076904296875,1512.7615356445312,0.0
2022-04-12,3665.TW,SELL,462,251.21258544921875,116060.21447753906,0.0
2022-04-13,2303.TW,SELL,3206,37.156776428222656,119124.62522888184,0.0
2022-04-13,2327.TW,SELL,1291,91.78550720214844,118495.08979797363,0.0
2022-04-13,3661.TW,SELL,132,940.7861938476562,124183.77758789062,0.0
2022-04-13,2889.TW,BUY,9472,12.66970157623291,120007.41333007812,0.0
2022-04-13,3008.TW,BUY,85,1405.8475341796875,119497.04040527344,0.0
2022-04-13,3037.TW,BUY,613,195.6831512451172,119953.77171325684,0.0
2022-04-13,6415.TW,BUY,3,675.2037963867188,2025.6113891601562,0.0
2022-04-14,3661.TW,BUY,128,937.9178466796875,120053.484375,0.0
2022-04-14,2889.TW,BUY,143,12.553818702697754,1795.1960744857788,0.0
2022-04-14,2615.TW,BUY,33,101.83951568603516,3360.70401763916,0.0
2022-04-14,2886.TW,BUY,3592,33.60334396362305,120703.21151733398,0.0
2022-04-14,3037.TW,SELL,613,196.58700561523438,120507.83444213867,0.0
2022-04-14,3008.TW,SELL,85,1418.784912109375,120596.71752929688,0.0
2022-04-14,6415.TW,SELL,7,706.778076171875,4947.446533203125,0.0
2022-04-15,2615.TW,SELL,39,102.1690902709961,3984.5945205688477,0.0
2022-04-15,2886.TW,SELL,3592,33.40842819213867,120003.07406616211,0.0
2022-04-15,2889.TW,SELL,9615,12.515192031860352,120333.57138633728,0.0
2022-04-15,3037.TW,BUY,632,185.28887939453125,117102.57177734375,0.0
2022-04-15,3443.TW,BUY,269,434.95220947265625,117002.14434814453,0.0
2022-04-15,3661.TW,BUY,4,884.3771362304688,3537.508544921875,0.0
2022-04-15,6415.TW,BUY,11,647.2726440429688,7119.999084472656,0.0
2022-04-18,5880.TW,BUY,5670,20.987625122070312,118999.83444213867,0.0
2022-04-18,2890.TW,BUY,8778,13.557930946350098,119011.51784706116,0.0
2022-04-18,2884.TW,BUY,4951,24.036989212036133,119007.1335887909,0.0
2022-04-18,2883.TW,BUY,7896,15.071255683898926,119002.63488006592,0.0
2022-04-18,3443.TW,SELL,269,445.8854675292969,119943.19076538086,0.0
2022-04-18,6415.TW,SELL,181,682.4901733398438,123530.72137451172,0.0
2022-04-18,3661.TW,SELL,132,899.674560546875,118757.0419921875,0.0
2022-04-18,3037.TW,SELL,632,186.64466857910156,117959.43054199219,0.0
2022-04-18,2615.TW,BUY,49,99.532470703125,4877.091064453125,0.0
2022-04-19,2886.TW,BUY,3711,32.35588455200195,120072.68757247925,0.0
2022-04-19,9910.TW,BUY,849,141.32073974609375,119981.3080444336,0.0
2022-04-19,6415.TW,BUY,181,660.6310424804688,119574.21868896484,0.0
2022-04-19,5880.TW,SELL,5670,20.987625122070312,118999.83444213867,0.0
2022-04-19,2887.TW,BUY,8547,14.049933433532715,120084.78105640411,0.0
2022-04-19,2884.TW,SELL,4951,23.999664306640625,118822.33798217773,0.0
2022-04-19,2615.TW,SELL,28,102.82823944091797,2879.190704345703,0.0
2022-04-19,2890.TW,SELL,8778,13.745197296142578,120655.34186553955,0.0
2022-04-19,2883.TW,SELL,7896,15.071255683898926,119002.63488006592,0.0
2022-04-20,2887.TW,SELL,8547,14.194779396057129,121322.77949810028,0.0
2022-04-20,6415.TW,SELL,181,692.205322265625,125289.16333007812,0.0
2022-04-20,9910.TW,SELL,849,144.6766357421875,122830.46374511719,0.0
2022-04-20,2615.TW,BUY,24,102.49867248535156,2459.9681396484375,0.0
2022-04-20,2886.TW,BUY,40,32.55080032348633,1302.0320129394531,0.0
2022-04-20,2890.TW,BUY,8933,13.670289993286133,122116.70051002502,0.0
2022-04-20,3443.TW,BUY,273,446.36083984375,121856.50927734375,0.0
2022-04-20,3661.TW,BUY,133,917.840087890625,122072.73168945312,0.0
2022-04-21,2615.TW,SELL,20,103.81697082519531,2076.3394165039062,0.0
2022-04-21,2890.TW,SELL,8933,13.670289993286133,122116.70051002502,0.0
2022-04-21,3443.TW,SELL,273,449.2129211425781,122635.12747192383,0.0
2022-04-21,2883.TW,BUY,8113,14.989788055419922,121612.15049362183,0.0
2022-04-21,2886.TW,BUY,53,31.96605682373047,1694.2010116577148,0.0
2022-04-21,3661.TW,BUY,2,897.7623901367188,1795.5247802734375,0.0
2022-04-21,6669.TW,BUY,414,293.0965576171875,121341.97485351562,0.0
2022-04-22,6669.TW,BUY,6,282.98974609375,1697.9384765625,0.0
2022-04-22,3661.TW,BUY,9,821.2756958007812,7391.481262207031,0.0
2022-04-22,3037.TW,BUY,627,189.80813598632812,119009.70126342773,0.0
2022-04-22,3443.TW,BUY,282,422.1175537109375,119037.15014648438,0.0
2022-04-22,2883.TW,SELL,8113,15.152722358703613,122934.03649616241,0.0
2022-04-22,2615.TW,SELL,14,102.82823944091797,1439.5953521728516,0.0
2022-04-22,2886.TW,SELL,3804,32.394866943359375,123230.07385253906,0.0
2022-04-25,3037.TW,SELL,6,182.5773468017578,1095.4640808105469,0.0
2022-04-25,6669.TW,SELL,420,279.2358093261719,117279.03991699219,0.0
2022-04-25,2615.TW,BUY,6,97.55499267578125,585.3299560546875,0.0
2022-04-25,3443.TW,BUY,12,385.99041748046875,4631.885009765625,0.0
2022-04-25,3665.TW,BUY,433,262.1730041503906,113520.91079711914,0.0
2022-04-26,3661.TW,BUY,2,765.8228149414062,1531.6456298828125,0.0
2022-04-26,6415.TW,BUY,179,621.7704467773438,111296.90997314453,0.0
2022-04-26,3443.TW,BUY,6,371.7296447753906,2230.3778686523438,0.0
2022-04-26,2615.TW,BUY,7,95.5775375366211,669.0427627563477,0.0
2022-04-26,3665.TW,SELL,433,267.4339904785156,115798.91787719727,0.0
2022-04-26,3037.TW,SELL,1,180.31771850585938,180.31771850585938,0.0
2022-04-27,3037.TW,SELL,620,195.6831512451172,121323.55377197266,0.0
2022-04-27,3443.TW,SELL,300,365.07464599609375,109522.39379882812,0.0
2022-04-27,3661.TW,SELL,146,811.71484375,118510.3671875,0.0
2022-04-27,2615.TW,BUY,36,94.91837310791016,3417.0614318847656,0.0
2022-04-27,3665.TW,BUY,443,258.2272644042969,114394.67813110352,0.0
2022-04-27,6415.TW,BUY,5,621.7704467773438,3108.8522338867188,0.0
2022-04-27,6669.TW,BUY,406,281.5458984375,114307.634765625,0.0
2022-04-27,9910.TW,BUY,832,137.59194946289062,114476.501953125,0.0
2022-04-28,3037.TW,BUY,623,185.7407989501953,115716.51774597168,0.0
2022-04-28,3443.TW,BUY,317,364.1239013671875,115427.27673339844,0.0
2022-04-28,3665.TW,BUY,5,257.7888488769531,1288.9442443847656,0.0
2022-04-28,2615.TW,BUY,30,93.60005950927734,2808.0017852783203,0.0
2022-04-28,6669.TW,SELL,406,290.2088623046875,117824.79809570312,0.0
2022-04-28,9910.TW,SELL,832,139.8292236328125,116337.9140625,0.0
2022-04-28,6415.TW,SELL,2,633.9144287109375,1267.828857421875,0.0
2022-04-29,9904.TW,BUY,4902,24.59358787536621,120557.76776504517,0.0
2022-04-29,2615.TW,SELL,1236,96.2366943359375,118948.55419921875,0.0
2022-04-29,3443.TW,SELL,317,394.07147216796875,124920.6566772461,0.0
2022-04-29,3665.TW,SELL,448,263.4882507324219,118042.736328125,0.0
2022-04-29,6415.TW,SELL,182,659.4166259765625,120013.82592773438,0.0
2022-04-29,2002.TW,BUY,3993,30.19193458557129,120556.39480018616,0.0
2022-04-29,2883.TW,BUY,8244,14.623189926147461,120553.57775115967,0.0
2022-04-29,3037.TW,BUY,3,192.51968383789062,577.5590515136719,0.0
2022-04-29,5871.TW,BUY,711,169.5599822998047,120557.14741516113,0.0
2022-05-03,2891.TW,BUY,5280,22.84524154663086,120622.87536621094,0.0
2022-05-03,2886.TW,BUY,3787,31.84910774230957,120612.57102012634,0.0
2022-05-03,2883.TW,BUY,121,14.419525146484375,1744.7625427246094,0.0
2022-05-03,2412.TW,BUY,1144,105.44376373291016,120627.66571044922,0.0
2022-05-03,2002.TW,SELL,3993,30.108301162719727,120222.44654273987,0.0
2022-05-03,5871.TW,SELL,711,171.35238647460938,121831.54678344727,0.0
2022-05-03,3037.TW,SELL,1,192.97161865234375,192.97161865234375,0.0
2022-05-03,9904.TW,SELL,4902,24.752513885498047,121336.82306671143,0.0
2022-05-04,3045.TW,BUY,1403,85.8885726928711,120501.66748809814,0.0
2022-05-04,3661.TW,BUY,136,881.5089721679688,119885.22021484375,0.0
2022-05-04,6415.TW,BUY,185,650.9158325195312,120419.42901611328,0.0
2022-05-04,2412.TW,BUY,31,102.54922485351562,3179.0259704589844,0.0
2022-05-04,2891.TW,SELL,5280,22.964433670043945,121252.20977783203,0.0
2022-05-04,2886.TW,SELL,3787,31.84910774230957,120612.57102012634,0.0
2022-05-04,2883.TW,SELL,8365,14.419525146484375,120619.3278503418,0.0
2022-05-04,3037.TW,SELL,12,196.58700561523438,2359.0440673828125,0.0
2022-05-05,2892.TW,BUY,5929,20.639301300048828,122370.4174079895,0.0
2022-05-05,2890.TW,BUY,9051,13.520479202270508,122373.85725975037,0.0
2022-05-05,2886.TW,BUY,3938,31.069448471069336,122351.48807907104,0.0
2022-05-05,2884.TW,BUY,5107,23.962339401245117,122375.66732215881,0.0
2022-05-05,3037.TW,BUY,8,197.03890991210938,1576.311279296875,0.0
2022-05-05,3661.TW,SELL,136,903.4988403320312,122875.84228515625,0.0
2022-05-05,3045.TW,SELL,1403,85.8885726928711,120501.66748809814,0.0
2022-05-05,2412.TW,SELL,1175,103.37623596191406,121467.07725524902,0.0
2022-05-05,6415.TW,SELL,185,677.632568359375,125362.02514648438,0.0
2022-05-06,2884.TW,SELL,5107,23.738391876220703,121231.96731185913,0.0
2022-05-06,2886.TW,SELL,3938,30.67961883544922,120816.33897399902,0.0
2022-05-06,2890.TW,SELL,9051,13.295762062072754,120339.9424238205,0.0
2022-05-06,2892.TW,SELL,5929,20.448902130126953,121241.5407295227,0.0
2022-05-06,2308.TW,BUY,563,213.12901306152344,119991.6343536377,0.0
2022-05-06,3037.TW,BUY,17,188.0004425048828,3196.007522583008,0.0
2022-05-06,3661.TW,BUY,144,831.7926025390625,119778.134765625,0.0
2022-05-06,3665.TW,BUY,408,293.7389831542969,119845.50512695312,0.0
2022-05-06,6415.TW,BUY,196,610.8408813476562,119724.81274414062,0.0
2022-05-09,6415.TW,BUY,5,591.4105224609375,2957.0526123046875,0.0
2022-05-09,9910.TW,BUY,910,130.88015747070312,119100.94329833984,0.0
2022-05-09,2884.TW,BUY,5199,22.917251586914062,119146.79100036621,0.0
2022-05-09,3443.TW,BUY,268,443.0333251953125,118732.93115234375,0.0
2022-05-09,3661.TW,SELL,1,827.9682006835938,827.9682006835938,0.0
2022-05-09,2308.TW,SELL,563,209.4857940673828,117940.50205993652,0.0
2022-05-09,3665.TW,SELL,408,293.7389831542969,119845.50512695312,0.0
2022-05-09,3037.TW,SELL,638,190.71197509765625,121674.24011230469,0.0
2022-05-10,2884.TW,SELL,5199,22.655981063842773,117788.44555091858,0.0
2022-05-10,3443.TW,SELL,268,472.5054931640625,126631.47216796875,0.0
2022-05-10,3661.TW,SELL,4,866.2116088867188,3464.846435546875,0.0
2022-05-10,3665.TW,BUY,432,279.271240234375,120645.17578125,0.0
2022-05-10,6415.TW,BUY,5,586.5529174804688,2932.7645874023438,0.0
2022-05-10,6669.TW,BUY,442,273.1717224121094,120741.90130615234,0.0
2022-05-10,9910.TW,BUY,32,128.27001953125,4104.640625,0.0
2022-05-11,6669.TW,BUY,14,266.24139404296875,3727.3795166015625,0.0
2022-05-11,3443.TW,BUY,255,474.4068603515625,120973.74938964844,0.0
2022-05-11,9910.TW,SELL,942,128.27001953125,120830.3583984375,0.0
2022-05-11,3037.TW,BUY,633,191.6158447265625,121292.82971191406,0.0
2022-05-11,3665.TW,SELL,432,274.44866943359375,118561.8251953125,0.0
2022-05-11,3661.TW,SELL,2,881.5089721679688,1763.0179443359375,0.0
2022-05-11,6415.TW,SELL,9,614.4839477539062,5530.355529785156,0.0
2022-05-12,3037.TW,SELL,633,188.45236206054688,119290.34518432617,0.0
2022-05-12,3443.TW,SELL,2,480.1112060546875,960.222412109375,0.0
2022-05-12,3661.TW,SELL,2,896.8063354492188,1793.6126708984375,0.0
2022-05-12,6669.TW,SELL,456,266.53009033203125,121537.72119140625,0.0
2022-05-12,2881.TW,BUY,2774,43.85905456542969,121665.01736450195,0.0
2022-05-12,5871.TW,BUY,850,143.03265380859375,121577.75573730469,0.0
2022-05-12,6415.TW,BUY,1,612.05517578125,612.05517578125,0.0
2022-05-13,5871.TW,BUY,22,138.01394653320312,3036.3068237304688,0.0
2022-05-13,6415.TW,BUY,2,601.1256103515625,1202.251220703125,0.0
2022-05-13,4938.TW,BUY,2434,49.4476432800293,120355.56374359131,0.0
2022-05-13,2881.TW,SELL,2774,43.99762725830078,122049.41801452637,0.0
2022-05-13,3443.TW,SELL,9,492.4704895019531,4432.234405517578,0.0
2022-05-13,3661.TW,BUY,3,870.9920043945312,2612.9760131835938,0.0
2022-05-16,3661.TW,BUY,4,858.5629272460938,3434.251708984375,0.0
2022-05-16,3443.TW,BUY,4,491.5197448730469,1966.0789794921875,0.0
2022-05-16,2615.TW,BUY,1253,97.55499267578125,122236.4058227539,0.0
2022-05-16,3665.TW,BUY,459,266.1187744140625,122148.51745605469,0.0
2022-05-16,6415.TW,SELL,200,660.6310424804688,132126.20849609375,0.0
2022-05-16,5871.TW,SELL,872,138.37242126464844,120660.75134277344,0.0
2022-05-16,4938.TW,SELL,2434,49.14147186279297,119610.34251403809,0.0
2022-05-16,2382.TW,BUY,2099,58.244441986083984,122255.08372879028,0.0
2022-05-17,3443.TW,SELL,2,502.9283752441406,1005.8567504882812,0.0
2022-05-17,3661.TW,SELL,6,907.3232421875,5443.939453125,0.0
2022-05-17,3665.TW,SELL,459,277.0791931152344,127179.34963989258,0.0
2022-05-17,2382.TW,BUY,60,57.48207473754883,3448.9244842529297,0.0
2022-05-17,2615.TW,BUY,63,94.25921630859375,5938.330627441406,0.0
2022-05-17,6415.TW,BUY,181,683.7045288085938,123750.51971435547,0.0
2022-05-18,3661.TW,BUY,3,907.3232421875,2721.9697265625,0.0
2022-05-18,3665.TW,BUY,461,273.57183837890625,126116.61749267578,0.0
2022-05-18,3443.TW,BUY,2,508.6326599121094,1017.2653198242188,0.0
2022-05-18,2357.TW,BUY,532,236.93719482421875,126050.58764648438,0.0
2022-05-18,6415.TW,SELL,181,710.4212036132812,128586.2378540039,0.0
2022-05-18,2615.TW,SELL,1316,97.22541046142578,127948.64016723633,0.0
2022-05-18,2382.TW,SELL,2159,57.710784912109375,124597.58462524414,0.0
2022-05-18,2049.TW,BUY,614,205.31472778320312,126063.24285888672,0.0
2022-05-19,2891.TW,BUY,6269,20.10381317138672,126030.80477142334,0.0
2022-05-19,2049.TW,SELL,614,201.63197326660156,123802.03158569336,0.0
2022-05-19,2357.TW,SELL,532,231.94154357910156,123392.90118408203,0.0
2022-05-19,3443.TW,SELL,6,520.0411987304688,3120.2471923828125,0.0
2022-05-19,3661.TW,SELL,2,919.7523193359375,1839.504638671875,0.0
2022-05-19,3665.TW,SELL,461,272.2565612792969,125510.27474975586,0.0
2022-05-19,2883.TW,BUY,9792,12.87166690826416,126039.36236572266,0.0
2022-05-19,6415.TW,BUY,180,697.0628662109375,125471.31591796875,0.0
2022-05-20,6415.TW,BUY,2,697.0628662109375,1394.125732421875,0.0
2022-05-20,3665.TW,BUY,466,272.69500732421875,127075.87341308594,0.0
2022-05-20,3661.TW,BUY,3,908.279296875,2724.837890625,0.0
2022-05-20,2891.TW,SELL,6269,20.223005294799805,126778.02019309998,0.0
2022-05-20,3443.TW,SELL,9,544.7598266601562,4902.838439941406,0.0
2022-05-20,2883.TW,SELL,9792,12.953132629394531,126837.07470703125,0.0
2022-05-20,3037.TW,BUY,648,196.13507080078125,127095.52587890625,0.0
2022-05-23,3443.TW,BUY,4,533.3511962890625,2133.40478515625,0.0
2022-05-23,2912.TW,BUY,573,220.8912353515625,126570.67785644531,0.0
2022-05-23,6669.TW,BUY,472,268.5514831542969,126756.30004882812,0.0
2022-05-23,3037.TW,SELL,648,195.23123168945312,126509.83813476562,0.0
2022-05-23,3665.TW,SELL,466,277.5175476074219,129323.1771850586,0.0
2022-05-24,6669.TW,BUY,6,254.97952270507812,1529.8771362304688,0.0
2022-05-24,6415.TW,BUY,11,631.4855346679688,6946.340881347656,0.0
2022-05-24,3665.TW,BUY,463,263.0498352050781,121792.07369995117,0.0
2022-05-24,2912.TW,SELL,573,222.5774383544922,127536.87217712402,0.0
2022-05-24,3443.TW,SELL,6,527.64697265625,3165.8818359375,0.0
2022-05-24,3661.TW,BUY,1,862.3872680664062,862.3872680664062,0.0
2022-05-25,3443.TW,SELL,8,547.6119384765625,4380.8955078125,0.0
2022-05-25,6669.TW,SELL,478,253.53570556640625,121190.06726074219,0.0
2022-05-25,2615.TW,BUY,1156,105.79444122314453,122298.37405395508,0.0
2022-05-25,3661.TW,BUY,2,853.7825317382812,1707.5650634765625,0.0
2022-05-25,3665.TW,BUY,1,263.0498352050781,263.0498352050781,0.0
2022-05-25,6415.TW,BUY,2,625.4135131835938,1250.8270263671875,0.0
2022-05-26,3661.TW,BUY,7,791.6370849609375,5541.4595947265625,0.0
2022-05-26,6415.TW,SELL,3,618.1271362304688,1854.3814086914062,0.0
2022-05-26,3443.TW,SELL,1,535.2527465820312,535.2527465820312,0.0
2022-05-26,2615.TW,SELL,4,103.15782165527344,412.63128662109375,0.0
2022-05-26,3665.TW,SELL,8,260.41937255859375,2083.35498046875,0.0
2022-05-27,3443.TW,BUY,10,527.64697265625,5276.4697265625,0.0
2022-05-27,2615.TW,SELL,1152,105.79444122314453,121875.1962890625,0.0
2022-05-27,3665.TW,SELL,456,266.99560546875,121749.99609375,0.0
2022-05-27,6415.TW,SELL,11,673.9893798828125,7413.8831787109375,0.0
2022-05-27,3037.TW,BUY,673,182.1254119873047,122570.40226745605,0.0
2022-05-27,6669.TW,BUY,525,233.3221435546875,122494.12536621094,0.0
2022-05-30,3045.TW,BUY,1460,87.92384338378906,128368.81134033203,0.0
2022-05-30,3443.TW,BUY,11,527.64697265625,5804.11669921875,0.0
2022-05-30,6415.TW,BUY,3,697.0628662109375,2091.1885986328125,0.0
2022-05-30,6669.TW,SELL,525,247.4716339111328,129922.60780334473,0.0
2022-05-30,3661.TW,SELL,6,886.2893676757812,5317.7362060546875,0.0
2022-05-30,3037.TW,SELL,673,192.51968383789062,129565.74722290039,0.0
2022-05-30,2615.TW,BUY,1229,104.47612762451172,128401.1608505249,0.0
2022-05-31,3661.TW,BUY,1,893.9380493164062,893.9380493164062,0.0
2022-05-31,3443.TW,BUY,3,525.7455444335938,1577.2366333007812,0.0
2022-05-31,2615.TW,BUY,25,103.48738861083984,2587.184715270996,0.0
2022-05-31,3665.TW,BUY,475,273.1334228515625,129738.37585449219,0.0
2022-05-31,6415.TW,SELL,184,738.352294921875,135856.822265625,0.0
2022-05-31,3045.TW,SELL,1460,87.92384338378906,128368.81134033203,0.0
2022-05-31,2474.TW,BUY,1057,122.777587890625,129775.91040039062,0.0
2022-06-01,2474.TW,SELL,1057,127.643798828125,134919.49536132812,0.0
2022-06-01,2615.TW,SELL,1254,105.13528442382812,131839.64666748047,0.0
2022-06-01,3443.TW,SELL,1,538.1048583984375,538.1048583984375,0.0
2022-06-01,3665.TW,SELL,475,276.2023620605469,131196.12197875977,0.0
2022-06-01,2912.TW,BUY,586,224.6851806640625,131665.51586914062,0.0
2022-06-01,3661.TW,BUY,4,883.421142578125,3533.6845703125,0.0
2022-06-01,6415.TW,BUY,184,712.8500366210938,131164.40673828125,0.0
2022-06-01,6669.TW,BUY,516,255.268310546875,131718.4482421875,0.0
2022-06-02,3665.TW,BUY,488,263.9266662597656,128796.21313476562,0.0
2022-06-02,3443.TW,BUY,2,521.7402954101562,1043.4805908203125,0.0
2022-06-02,3661.TW,BUY,4,839.4413452148438,3357.765380859375,0.0
2022-06-02,6415.TW,SELL,4,714.064453125,2856.2578125,0.0
2022-06-02,2912.TW,SELL,586,221.73434448242188,129936.32586669922,0.0
2022-06-02,6669.TW,SELL,3,251.5143280029297,754.5429840087891,0.0
2022-06-06,6669.TW,SELL,513,255.84580993652344,131248.90049743652,0.0
2022-06-06,3661.TW,BUY,1,829.88037109375,829.88037109375,0.0
2022-06-06,3665.TW,BUY,1,261.73455810546875,261.73455810546875,0.0
2022-06-06,5880.TW,BUY,6387,20.068729400634766,128178.97468185425,0.0
2022-06-06,6415.TW,BUY,3,697.0628662109375,2091.1885986328125,0.0
2022-06-07,6415.TW,BUY,6,688.5621337890625,4131.372802734375,0.0
2022-06-07,3661.TW,BUY,1,839.4413452148438,839.4413452148438,0.0
2022-06-07,2308.TW,BUY,614,212.21820068359375,130301.97521972656,0.0
2022-06-07,3037.TW,BUY,721,180.7696533203125,130334.92004394531,0.0
2022-06-07,3665.TW,SELL,489,274.8870544433594,134419.76962280273,0.0
2022-06-07,3443.TW,SELL,5,539.0673828125,2695.3369140625,0.0
2022-06-07,5880.TW,SELL,6387,20.068729400634766,128178.97468185425,0.0
2022-06-08,2308.TW,SELL,614,213.5844268798828,131140.83810424805,0.0
2022-06-08,3037.TW,SELL,721,184.8369598388672,133267.44804382324,0.0
2022-06-08,3443.TW,SELL,8,562.1702880859375,4497.3623046875,0.0
2022-06-08,3661.TW,BUY,4,826.0560913085938,3304.224365234375,0.0
2022-06-08,3665.TW,BUY,480,274.8870544433594,131945.7861328125,0.0
2022-06-08,6415.TW,BUY,2,689.7764892578125,1379.552978515625,0.0
2022-06-08,6669.TW,BUY,515,256.13458251953125,131909.3099975586,0.0
2022-06-09,3443.TW,BUY,2,553.5067138671875,1107.013427734375,0.0
2022-06-09,6415.TW,BUY,1,677.632568359375,677.632568359375,0.0
2022-06-09,2615.TW,BUY,1279,102.1690902709961,130674.266456604,0.0
2022-06-09,3661.TW,BUY,4,798.3296508789062,3193.318603515625,0.0
2022-06-09,6669.TW,SELL,515,259.8885192871094,133842.58743286133,0.0
2022-06-09,3665.TW,SELL,480,276.2023620605469,132577.1337890625,0.0
2022-06-09,2357.TW,BUY,550,237.65087890625,130707.9833984375,0.0
2022-06-10,2357.TW,SELL,550,234.7962188720703,129137.92037963867,0.0
2022-06-10,3443.TW,SELL,6,566.0208129882812,3396.1248779296875,0.0
2022-06-10,3661.TW,SELL,2,809.802734375,1619.60546875,0.0
2022-06-10,2049.TW,BUY,540,241.6821746826172,130508.37432861328,0.0
2022-06-10,2615.TW,BUY,42,98.87332153320312,4152.679504394531,0.0
2022-06-13,6415.TW,BUY,5,632.699951171875,3163.499755859375,0.0
2022-06-13,2615.TW,BUY,5,94.25921630859375,471.29608154296875,0.0
2022-06-13,3661.TW,SELL,2,783.0322875976562,1566.0645751953125,0.0
2022-06-13,3443.TW,SELL,4,551.5814819335938,2206.325927734375,0.0
2022-06-13,2049.TW,SELL,1,231.5545196533203,231.5545196533203,0.0
2022-06-14,2049.TW,SELL,539,231.5545196533203,124807.88609313965,0.0
2022-06-14,2615.TW,SELL,1326,94.25921630859375,124987.72082519531,0.0
2022-06-14,3443.TW,BUY,1,544.8432006835938,544.8432006835938,0.0
2022-06-14,3661.TW,BUY,2,767.7349243164062,1535.4698486328125,0.0
2022-06-14,5871.TW,BUY,795,155.93783569335938,123970.5793762207,0.0
2022-06-14,6669.TW,BUY,510,242.85137939453125,123854.20349121094,0.0
2022-06-15,6415.TW,BUY,6,604.7688598632812,3628.6131591796875,0.0
2022-06-15,3661.TW,BUY,2,754.3499145507812,1508.6998291015625,0.0
2022-06-15,6669.TW,BUY,6,238.23117065429688,1429.3870239257812,0.0
2022-06-15,2615.TW,BUY,1327,92.61133575439453,122895.24254608154,0.0
2022-06-15,5871.TW,SELL,795,162.3904266357422,129100.38917541504,0.0
2022-06-15,3443.TW,BUY,1,539.0673828125,539.0673828125,0.0
2022-06-16,3443.TW,SELL,1,520.7776489257812,520.7776489257812,0.0
2022-06-16,3661.TW,SELL,2,730.44775390625,1460.8955078125,0.0
2022-06-16,6415.TW,SELL,1,582.9097290039062,582.9097290039062,0.0
2022-06-16,6669.TW,SELL,516,232.74464416503906,120096.23638916016,0.0
2022-06-16,2615.TW,BUY,42,86.34935760498047,3626.6730194091797,0.0
2022-06-16,3037.TW,BUY,790,149.58688354492188,118173.63800048828,0.0
2022-06-17,6415.TW,BUY,8,548.9066772460938,4391.25341796875,0.0
2022-06-17,2049.TW,BUY,518,222.8079376220703,115414.51168823242,0.0
2022-06-17,3661.TW,BUY,3,703.6774291992188,2111.0322875976562,0.0
2022-06-17,3037.TW,SELL,20,150.03880310058594,3000.7760620117188,0.0
2022-06-17,2615.TW,SELL,1369,86.34935760498047,118212.27056121826,0.0
2022-06-17,3443.TW,SELL,1,510.1888427734375,510.1888427734375,0.0
2022-06-20,2049.TW,SELL,518,210.8389129638672,109214.5569152832,0.0
2022-06-20,6415.TW,SELL,12,562.2650756835938,6747.180908203125,0.0
2022-06-20,2615.TW,BUY,1419,78.76907348632812,111773.31527709961,0.0
2022-06-20,3037.TW,BUY,15,142.35609436035156,2135.3414154052734,0.0
2022-06-20,3443.TW,BUY,3,486.1233215332031,1458.3699645996094,0.0
2022-06-20,3661.TW,BUY,1,676.9070434570312,676.9070434570312,0.0
2022-06-21,3037.TW,SELL,31,153.20228576660156,4749.270858764648,0.0
2022-06-21,6415.TW,SELL,1,585.3385009765625,585.3385009765625,0.0
2022-06-21,2615.TW,BUY,1,81.40569305419922,81.40569305419922,0.0
2022-06-21,3443.TW,BUY,3,496.712158203125,1490.136474609375,0.0
2022-06-21,3661.TW,BUY,5,677.8631591796875,3389.3157958984375,0.0
2022-06-22,3443.TW,BUY,10,456.2821044921875,4562.821044921875,0.0
2022-06-22,3037.TW,BUY,19,142.80801391601562,2713.352264404297,0.0
2022-06-22,3661.TW,BUY,3,637.7076416015625,1913.1229248046875,0.0
2022-06-22,2615.TW,SELL,24,79.09864807128906,1898.3675537109375,0.0
2022-06-22,6415.TW,SELL,11,591.4105224609375,6505.5157470703125,0.0
2022-06-23,3037.TW,SELL,773,143.7118682861328,111089.27418518066,0.0
2022-06-23,3443.TW,SELL,242,462.5390930175781,111934.4605102539,0.0
2022-06-23,3661.TW,SELL,7,660.6536865234375,4624.5758056640625,0.0
2022-06-23,6415.TW,SELL,2,595.0536499023438,1190.1072998046875,0.0
2022-06-23,2454.TW,BUY,198,555.5812377929688,110005.08508300781,0.0
2022-06-23,2615.TW,BUY,115,72.836669921875,8376.217041015625,0.0
2022-06-23,6669.TW,BUY,503,218.73822021484375,110025.3247680664,0.0
2022-06-24,2454.TW,BUY,8,540.2604370117188,4322.08349609375,0.0
2022-06-24,2303.TW,BUY,3291,33.93559646606445,111682.04796981812,0.0
2022-06-24,2002.TW,BUY,4605,24.25391387939453,111689.27341461182,0.0
2022-06-24,6415.TW,BUY,5,590.196044921875,2950.980224609375,0.0
2022-06-24,3661.TW,SELL,3,681.6875,2045.0625,0.0
2022-06-24,2615.TW,SELL,1511,76.7916030883789,116032.11226654053,0.0
2022-06-24,6669.TW,SELL,503,224.10235595703125,112723.48504638672,0.0
2022-06-27,2002.TW,SELL,4605,24.630266189575195,113422.37580299377,0.0
2022-06-27,2303.TW,SELL,3291,34.99608612060547,115172.1194229126,0.0
2022-06-27,2454.TW,SELL,206,546.7113647460938,112622.54113769531,0.0
2022-06-27,3661.TW,SELL,4,720.886962890625,2883.5478515625,0.0
2022-06-27,6415.TW,SELL,189,613.2695922851562,115907.95294189453,0.0
2022-06-27,3037.TW,BUY,760,151.3945770263672,115059.87854003906,0.0
2022-06-27,3045.TW,BUY,1291,89.14500427246094,115086.20051574707,0.0
2022-06-27,3231.TW,BUY,4974,23.150815963745117,115152.15860366821,0.0
2022-06-27,5880.TW,BUY,5770,19.958459854125977,115160.31335830688,0.0
2022-06-28,3037.TW,BUY,18,145.5195770263672,2619.3523864746094,0.0
2022-06-28,3661.TW,BUY,5,689.336181640625,3446.680908203125,0.0
2022-06-28,3443.TW,BUY,225,502.48785400390625,113059.7671508789,0.0
2022-06-28,3034.TW,BUY,552,205.00926208496094,113165.11267089844,0.0
2022-06-28,3231.TW,SELL,4974,23.02875328063965,114545.01881790161,0.0
2022-06-28,5880.TW,SELL,5770,19.958459854125977,115160.31335830688,0.0
2022-06-28,3045.TW,SELL,1291,89.55205535888672,115611.70346832275,0.0
2022-06-28,2454.TW,BUY,215,524.9396362304688,112862.02178955078,0.0
2022-06-29,9910.TW,BUY,841,134.6089324951172,113206.11222839355,0.0
2022-06-29,6415.TW,BUY,185,610.8408813476562,113005.5630493164,0.0
2022-06-29,3443.TW,BUY,5,491.8990478515625,2459.4952392578125,0.0
2022-06-29,2615.TW,BUY,1432,79.09864807128906,113269.26403808594,0.0
2022-06-29,6669.TW,BUY,528,214.56610107421875,113290.9013671875,0.0
2022-06-29,3037.TW,SELL,778,146.87533569335938,114269.0111694336,0.0
2022-06-29,3034.TW,SELL,552,201.75514221191406,111368.83850097656,0.0
2022-06-29,2454.TW,SELL,215,533.0032958984375,114595.70861816406,0.0
2022-06-29,3661.TW,SELL,164,698.8970336914062,114619.11352539062,0.0
2022-06-30,2615.TW,SELL,1432,78.43949127197266,112325.35150146484,0.0
2022-06-30,6669.TW,SELL,528,207.71189880371094,109671.88256835938,0.0
2022-06-30,9910.TW,SELL,6,130.88015747070312,785.2809448242188,0.0
2022-06-30,2049.TW,BUY,497,219.58551025390625,109133.9985961914,0.0
2022-06-30,3443.TW,BUY,6,463.02044677734375,2778.1226806640625,0.0
2022-06-30,3661.TW,BUY,164,663.52197265625,108817.603515625,0.0
2022-06-30,6415.TW,BUY,2,581.6953735351562,1163.3907470703125,0.0
2022-07-01,3661.TW,BUY,4,610.9373779296875,2443.74951171875,0.0
2022-07-01,6415.TW,BUY,1,546.4778442382812,546.4778442382812,0.0
2022-07-01,3443.TW,BUY,7,422.5903625488281,2958.132537841797,0.0
2022-07-01,9910.TW,SELL,835,127.89713287353516,106794.10594940186,0.0
2022-07-01,2615.TW,BUY,1406,73.16624450683594,102871.73977661133,0.0
2022-07-01,3037.TW,BUY,780,131.96185302734375,102930.24536132812,0.0
2022-07-01,2049.TW,SELL,497,209.918212890625,104329.35180664062,0.0
2022-07-04,6669.TW,BUY,554,193.7054901123047,107312.8415222168,0.0
2022-07-04,2889.TW,BUY,9807,10.95885181427002,107473.45974254608,0.0
2022-07-04,2615.TW,BUY,5,76.1324462890625,380.6622314453125,0.0
2022-07-04,3661.TW,BUY,1,633.8833618164062,633.8833618164062,0.0
2022-07-04,6415.TW,SELL,188,584.1240844726562,109815.32788085938,0.0
2022-07-04,3443.TW,SELL,243,445.21197509765625,108186.50994873047,0.0
2022-07-04,3037.TW,SELL,780,134.6733856201172,105045.2407836914,0.0
2022-07-04,2330.TW,BUY,263,408.5371398925781,107445.26779174805,0.0
2022-07-05,2330.TW,SELL,263,414.1081848144531,108910.45260620117,0.0
2022-07-05,2615.TW,SELL,12,76.4620361328125,917.54443359375,0.0
2022-07-05,2889.TW,SELL,9807,11.079720497131348,108658.81891536713,0.0
2022-07-05,2049.TW,BUY,510,209.45785522460938,106823.50616455078,0.0
2022-07-05,3443.TW,BUY,246,433.6604919433594,106680.4810180664,0.0
2022-07-05,3661.TW,BUY,7,605.2008056640625,4236.4056396484375,0.0
2022-07-05,6669.TW,BUY,2,192.21546936035156,384.4309387207031,0.0
2022-07-06,3037.TW,BUY,775,133.31761169433594,103321.14906311035,0.0
2022-07-06,1301.TW,BUY,1296,79.7488784790039,103354.54650878906,0.0
2022-07-06,3661.TW,BUY,1,581.2987060546875,581.2987060546875,0.0
2022-07-06,2615.TW,SELL,17,74.81414031982422,1271.8403854370117,0.0
2022-07-06,2049.TW,SELL,510,203.47337341308594,103771.42044067383,0.0
2022-07-06,6669.TW,SELL,556,183.8712158203125,102232.39599609375,0.0
2022-07-07,2615.TW,SELL,1382,76.7916030883789,106125.99546813965,0.0
2022-07-07,3037.TW,SELL,775,141.45223999023438,109625.48599243164,0.0
2022-07-07,3443.TW,SELL,8,451.468994140625,3611.751953125,0.0
2022-07-07,3661.TW,SELL,5,625.278564453125,3126.392822265625,0.0
2022-07-07,1301.TW,BUY,94,77.54890441894531,7289.597015380859,0.0
2022-07-07,1303.TW,BUY,1802,59.80937194824219,107776.48825073242,0.0
2022-07-07,6415.TW,BUY,178,603.5545043945312,107432.70178222656,0.0
2022-07-08,3661.TW,BUY,4,609.0250854492188,2436.100341796875,0.0
2022-07-08,2884.TW,BUY,5101,21.125675201416016,107762.0692024231,0.0
2022-07-08,2382.TW,BUY,1855,58.09196472167969,107760.59455871582,0.0
2022-07-08,3443.TW,SELL,5,460.6138916015625,2303.0694580078125,0.0
2022-07-08,1301.TW,SELL,1390,77.91557312011719,108302.64663696289,0.0
2022-07-08,1303.TW,SELL,1802,59.80937194824219,107776.48825073242,0.0
2022-07-11,2382.TW,SELL,1855,59.46420669555664,110306.10342025757,0.0
2022-07-11,2884.TW,SELL,5101,20.192564010620117,103002.26901817322,0.0
2022-07-11,3443.TW,SELL,1,457.24468994140625,457.24468994140625,0.0
2022-07-11,6415.TW,SELL,2,603.5545043945312,1207.1090087890625,0.0
2022-07-11,2615.TW,BUY,1337,79.42823028564453,106195.54389190674,0.0
2022-07-11,3037.TW,BUY,768,138.28878784179688,106205.7890625,0.0
2022-07-11,3661.TW,BUY,6,582.2548217773438,3493.5289306640625,0.0
2022-07-12,3661.TW,BUY,3,543.055419921875,1629.166259765625,0.0
2022-07-12,6505.TW,BUY,1329,75.82906341552734,100776.82527923584,0.0
2022-07-12,3443.TW,BUY,9,416.81463623046875,3751.3317260742188,0.0
2022-07-12,2615.TW,BUY,28,73.82540130615234,2067.1112365722656,0.0
2022-07-12,6415.TW,SELL,9,603.5545043945312,5431.990539550781,0.0
2022-07-12,3037.TW,SELL,768,134.22146606445312,103082.0859375,0.0
2022-07-13,2615.TW,SELL,22,74.81414031982422,1645.9110870361328,0.0
2022-07-13,3443.TW,SELL,241,442.8053894042969,106716.09884643555,0.0
2022-07-13,6505.TW,SELL,1329,77.11119079589844,102480.77256774902,0.0
2022-07-13,3037.TW,BUY,743,135.12530517578125,100398.10174560547,0.0
2022-07-13,3661.TW,BUY,1,537.31884765625,537.31884765625,0.0
2022-07-13,3665.TW,BUY,363,276.6407775878906,100420.6022644043,0.0
2022-07-13,6415.TW,BUY,17,544.049072265625,9248.834228515625,0.0
2022-07-14,6415.TW,BUY,7,537.2484741210938,3760.7393188476562,0.0
2022-07-14,5880.TW,BUY,5413,18.966047286987305,102663.21396446228,0.0
2022-07-14,3443.TW,BUY,223,460.132568359375,102609.56274414062,0.0
2022-07-14,2890.TW,BUY,8757,11.72274112701416,102656.044049263,0.0
2022-07-14,3661.TW,SELL,3,559.308837890625,1677.926513671875,0.0
2022-07-14,3037.TW,SELL,743,138.74069213867188,103084.3342590332,0.0
2022-07-14,2615.TW,SELL,1343,78.10991668701172,104901.61811065674,0.0
2022-07-14,3665.TW,SELL,363,279.3880920410156,101417.87741088867,0.0
2022-07-15,3443.TW,SELL,223,496.712158203125,110766.81127929688,0.0
2022-07-15,3661.TW,SELL,183,573.6500854492188,104977.96563720703,0.0
2022-07-15,6415.TW,SELL,4,557.6502685546875,2230.60107421875,0.0
2022-07-15,2615.TW,BUY,1357,77.12117767333984,104653.43810272217,0.0
2022-07-15,2880.TW,BUY,6240,16.774578094482422,104673.36730957031,0.0
2022-07-15,2890.TW,BUY,406,11.423117637634277,4637.785760879517,0.0
2022-07-15,5880.TW,BUY,215,18.59848976135254,3998.675298690796,0.0
2022-07-18,3661.TW,BUY,170,626.234619140625,106459.88525390625,0.0
2022-07-18,6415.TW,BUY,2,563.4793701171875,1126.958740234375,0.0
2022-07-18,5880.TW,BUY,70,18.745513916015625,1312.1859741210938,0.0
2022-07-18,2207.TW,BUY,206,517.6195068359375,106629.61840820312,0.0
2022-07-18,2615.TW,SELL,1357,79.75780487060547,108231.34120941162,0.0
2022-07-18,2890.TW,SELL,9163,11.835101127624512,108445.0316324234,0.0
2022-07-18,2880.TW,SELL,6240,17.009187698364258,106137.33123779297,0.0
2022-07-18,1216.TW,BUY,1911,55.875423431396484,106777.93417739868,0.0
2022-07-19,3665.TW,BUY,370,284.8131103515625,105380.85083007812,0.0
2022-07-19,3661.TW,BUY,3,608.069091796875,1824.207275390625,0.0
2022-07-19,3443.TW,BUY,205,513.0765991210938,105180.70281982422,0.0
2022-07-19,6415.TW,BUY,7,536.2769165039062,3753.9384155273438,0.0
2022-07-19,5880.TW,SELL,5698,18.85577964782715,107440.23243331909,0.0
2022-07-19,2207.TW,SELL,206,525.5152587890625,108256.14331054688,0.0
2022-07-19,1216.TW,SELL,1911,55.54625701904297,106148.89716339111,0.0
2022-07-19,3045.TW,BUY,1255,84.0236587524414,105449.69173431396,0.0
2022-07-20,3443.TW,SELL,205,534.2543334960938,109522.13836669922,0.0
2022-07-20,3661.TW,SELL,2,631.97119140625,1263.9423828125,0.0
2022-07-20,3665.TW,SELL,370,282.1005859375,104377.216796875,0.0
2022-07-20,6415.TW,SELL,9,578.0521240234375,5202.4691162109375,0.0
2022-07-20,2412.TW,BUY,1054,102.87368774414062,108428.86688232422,0.0
2022-07-20,2880.TW,BUY,6390,16.9700870513916,108438.85625839233,0.0
2022-07-20,3045.TW,BUY,47,83.26057434082031,3913.2469940185547,0.0
2022-07-21,2890.TW,BUY,9257,11.984911918640137,110944.32963085175,0.0
2022-07-21,3443.TW,BUY,208,532.3291015625,110724.453125,0.0
2022-07-21,2412.TW,BUY,29,102.44505310058594,2970.906539916992,0.0
2022-07-21,2880.TW,SELL,6390,17.282899856567383,110437.73008346558,0.0
2022-07-21,3661.TW,SELL,4,660.6536865234375,2642.61474609375,0.0
2022-07-21,3045.TW,SELL,1302,84.0236587524414,109398.80369567871,0.0
2022-07-21,6415.TW,SELL,4,605.2545776367188,2421.018310546875,0.0
2022-07-22,2412.TW,SELL,1083,101.5877685546875,110019.55334472656,0.0
2022-07-22,2890.TW,SELL,9257,12.134723663330078,112331.13695144653,0.0
2022-07-22,3008.TW,BUY,66,1660.280029296875,109578.48193359375,0.0
2022-07-22,3443.TW,BUY,4,516.92724609375,2067.708984375,0.0
2022-07-22,3661.TW,BUY,2,648.224609375,1296.44921875,0.0
2022-07-22,3665.TW,BUY,391,280.2922668457031,109594.27633666992,0.0
2022-07-25,6415.TW,BUY,10,561.536376953125,5615.36376953125,0.0
2022-07-25,2615.TW,BUY,1252,86.83946228027344,108723.00677490234,0.0
2022-07-25,2049.TW,BUY,525,207.08937072753906,108721.91963195801,0.0
2022-07-25,3665.TW,SELL,391,280.2922668457031,109594.27633666992,0.0
2022-07-25,3661.TW,SELL,1,647.2684936523438,647.2684936523438,0.0
2022-07-25,3443.TW,SELL,7,528.4786376953125,3699.3504638671875,0.0
2022-07-25,3008.TW,SELL,66,1655.9677734375,109293.873046875,0.0
2022-07-26,2049.TW,SELL,525,202.82435607910156,106482.78694152832,0.0
2022-07-26,3443.TW,SELL,3,525.5906982421875,1576.7720947265625,0.0
2022-07-26,3661.TW,SELL,1,635.7954711914062,635.7954711914062,0.0
2022-07-26,2615.TW,BUY,17,83.91698455810547,1426.588737487793,0.0
2022-07-26,3665.TW,BUY,390,272.6068115234375,106316.65649414062,0.0
2022-07-26,6415.TW,BUY,2,545.9920654296875,1091.984130859375,0.0
2022-07-27,9904.TW,BUY,4709,23.09914207458496,108773.86002922058,0.0
2022-07-27,6415.TW,BUY,3,547.9351196289062,1643.8053588867188,0.0
2022-07-27,3443.TW,BUY,5,523.66552734375,2618.32763671875,0.0
2022-07-27,2615.TW,SELL,1269,87.25696563720703,110729.08939361572,0.0
2022-07-27,3665.TW,SELL,390,284.3609924316406,110900.78704833984,0.0
2022-07-27,2454.TW,BUY,199,545.905029296875,108635.10083007812,0.0
2022-07-28,2454.TW,SELL,199,549.936767578125,109437.41674804688,0.0
2022-07-28,3661.TW,SELL,1,646.3124389648438,646.3124389648438,0.0
2022-07-28,6415.TW,SELL,2,547.9351196289062,1095.8702392578125,0.0
2022-07-28,9904.TW,SELL,4709,22.93145179748535,107984.20651435852,0.0
2022-07-28,2303.TW,BUY,3406,31.651472091674805,107804.91394424438,0.0
2022-07-28,2615.TW,BUY,1265,85.16947937011719,107739.39140319824,0.0
2022-07-28,3443.TW,BUY,6,504.4130859375,3026.478515625,0.0
2022-07-29,6415.TW,BUY,6,540.1629638671875,3240.977783203125,0.0
2022-07-29,3443.TW,BUY,12,486.1233215332031,5833.4798583984375,0.0
2022-07-29,3037.TW,BUY,747,146.47938537597656,109420.10087585449,0.0
2022-07-29,2303.TW,SELL,3406,32.75274658203125,111555.85485839844,0.0
2022-07-29,3661.TW,SELL,4,674.9949340820312,2699.979736328125,0.0
2022-07-29,2615.TW,SELL,1265,89.3444595336914,113020.74131011963,0.0
2022-07-29,2049.TW,BUY,536,204.24603271484375,109475.87353515625,0.0
2022-08-01,6415.TW,BUY,3,526.561767578125,1579.685302734375,0.0
2022-08-01,3665.TW,BUY,383,281.64849853515625,107871.37493896484,0.0
2022-08-01,3661.TW,BUY,9,629.1029052734375,5661.9261474609375,0.0
2022-08-01,3037.TW,BUY,6,143.24481201171875,859.4688720703125,0.0
2022-08-01,2049.TW,SELL,536,202.82435607910156,108713.85485839844,0.0
2022-08-01,3443.TW,SELL,14,511.1514892578125,7156.120849609375,0.0
2022-08-02,3661.TW,SELL,7,639.6198120117188,4477.338684082031,0.0
2022-08-02,3665.TW,SELL,383,276.67559814453125,105966.75408935547,0.0
2022-08-02,2615.TW,BUY,1202,87.6744613647461,105384.7025604248,0.0
2022-08-02,3037.TW,BUY,17,136.7757110595703,2325.1870880126953,0.0
2022-08-02,3443.TW,BUY,3,491.8990478515625,1475.6971435546875,0.0
2022-08-02,6415.TW,BUY,2,509.07452392578125,1018.1490478515625,0.0
2022-08-03,3665.TW,BUY,384,273.5109558105469,105028.20703125,0.0
2022-08-03,3019.TW,BUY,1950,53.85969924926758,105026.41353607178,0.0
2022-08-03,3443.TW,BUY,2,484.1980895996094,968.3961791992188,0.0
2022-08-03,3661.TW,SELL,164,648.224609375,106308.8359375,0.0
2022-08-03,3037.TW,SELL,770,136.31362915039062,104961.49444580078,0.0
2022-08-03,2615.TW,BUY,1,87.25696563720703,87.25696563720703,0.0
2022-08-04,2615.TW,SELL,1203,86.83946228027344,104467.87312316895,0.0
2022-08-04,3019.TW,SELL,1950,54.39472961425781,106069.72274780273,0.0
2022-08-04,3443.TW,SELL,4,500.5625915527344,2002.2503662109375,0.0
2022-08-04,3665.TW,SELL,384,277.127685546875,106417.03125,0.0
2022-08-04,3037.TW,BUY,788,134.92738342285156,106322.77813720703,0.0
2022-08-04,3661.TW,BUY,174,609.981201171875,106136.72900390625,0.0
2022-08-04,6669.TW,BUY,536,198.47364807128906,106381.87536621094,0.0
2022-08-05,3661.TW,BUY,6,612.8495483398438,3677.0972900390625,0.0
2022-08-05,5880.TW,BUY,5441,20.32601547241211,110593.85018539429,0.0
2022-08-05,3034.TW,BUY,568,194.3941650390625,110415.8857421875,0.0
2022-08-05,2317.TW,BUY,1175,94.12388610839844,110595.56617736816,0.0
2022-08-05,6415.TW,SELL,1,534.3339233398438,534.3339233398438,0.0
2022-08-05,3443.TW,SELL,212,528.4786376953125,112037.47119140625,0.0
2022-08-05,3037.TW,SELL,788,139.0861053466797,109599.8510131836,0.0
2022-08-05,6669.TW,SELL,536,210.69198608398438,112930.90454101562,0.0
2022-08-08,3661.TW,BUY,6,600.42041015625,3602.5224609375,0.0
2022-08-08,2317.TW,SELL,1175,94.12388610839844,110595.56617736816,0.0
2022-08-08,3034.TW,SELL,568,201.46304321289062,114431.00854492188,0.0
2022-08-08,5880.TW,SELL,5441,20.583311080932617,111993.79559135437,0.0
2022-08-08,6415.TW,SELL,6,559.59326171875,3357.5595703125,0.0
2022-08-08,2615.TW,BUY,1250,89.76194763183594,112202.43453979492,0.0
2022-08-08,3443.TW,BUY,213,525.5906982421875,111950.81872558594,0.0
2022-08-08,3665.TW,BUY,398,281.64849853515625,112096.10241699219,0.0
2022-08-09,3443.TW,BUY,3,515.9645385742188,1547.8936157226562,0.0
2022-08-09,2615.TW,BUY,25,87.6744613647461,2191.8615341186523,0.0
2022-08-09,3661.TW,SELL,3,608.069091796875,1824.207275390625,0.0
2022-08-09,3665.TW,SELL,398,285.71728515625,113715.4794921875,0.0
2022-08-09,2105.TW,BUY,3862,28.962825775146484,111854.43314361572,0.0
2022-08-10,3661.TW,BUY,2,590.859619140625,1181.71923828125,0.0
2022-08-10,2105.TW,SELL,3862,28.920915603637695,111692.57606124878,0.0
2022-08-10,2454.TW,BUY,203,538.6477661132812,109345.4965209961,0.0
2022-08-10,3443.TW,BUY,2,502.48785400390625,1004.9757080078125,0.0
2022-08-11,3045.TW,BUY,1316,86.05853271484375,113253.02905273438,0.0
2022-08-11,3008.TW,BUY,63,1793.9652099609375,113019.80822753906,0.0
2022-08-11,3665.TW,BUY,402,281.1964111328125,113040.95727539062,0.0
2022-08-11,2615.TW,BUY,42,86.00447082519531,3612.187774658203,0.0
2022-08-11,6415.TW,SELL,2,571.25146484375,1142.5029296875,0.0
2022-08-11,3661.TW,SELL,185,637.7076416015625,117975.91369628906,0.0
2022-08-11,3443.TW,SELL,218,519.8150024414062,113319.67053222656,0.0
2022-08-11,2454.TW,SELL,203,540.2604370117188,109672.8687133789,0.0
2022-08-12,2615.TW,SELL,24,87.25696563720703,2094.1671752929688,0.0
2022-08-12,3008.TW,SELL,63,1785.34033203125,112476.44091796875,0.0
2022-08-12,3045.TW,SELL,1316,86.05853271484375,113253.02905273438,0.0
2022-08-12,2357.TW,BUY,524,215.33140563964844,112833.65655517578,0.0
2022-08-12,3665.TW,BUY,4,277.57977294921875,1110.319091796875,0.0
2022-08-12,6415.TW,BUY,2,562.5078735351562,1125.0157470703125,0.0
2022-08-12,6669.TW,BUY,522,216.05613708496094,112781.30355834961,0.0
2022-08-15,3231.TW,BUY,4594,24.780183792114258,113840.1643409729,0.0
2022-08-15,2615.TW,BUY,50,84.75198364257812,4237.599182128906,0.0
2022-08-15,2382.TW,BUY,1769,64.33043670654297,113800.54253387451,0.0
2022-08-15,3665.TW,SELL,406,280.2922668457031,113798.66033935547,0.0
2022-08-15,6669.TW,SELL,522,226.48643493652344,118225.91903686523,0.0
2022-08-15,6415.TW,SELL,8,590.681884765625,4725.455078125,0.0
2022-08-15,2357.TW,BUY,24,207.52357482910156,4980.5657958984375,0.0
2022-08-16,3034.TW,BUY,559,205.7829132080078,115032.64848327637,0.0
2022-08-16,9910.TW,BUY,828,138.96482849121094,115062.87799072266,0.0
2022-08-16,4938.TW,BUY,2238,51.463714599609375,115175.79327392578,0.0
2022-08-16,2615.TW,BUY,37,83.41598510742188,3086.3914489746094,0.0
2022-08-16,3443.TW,BUY,211,545.8057861328125,115165.02087402344,0.0
2022-08-16,3231.TW,SELL,4594,25.04663848876953,115064.25721740723,0.0
2022-08-16,6415.TW,SELL,192,618.8557739257812,118820.30859375,0.0
2022-08-16,2382.TW,SELL,1769,64.82654571533203,114678.15937042236,0.0
2022-08-16,2357.TW,SELL,548,209.16732788085938,114623.69567871094,0.0
2022-08-17,3665.TW,BUY,411,281.1964111328125,115571.72497558594,0.0
2022-08-17,3661.TW,BUY,156,736.1842651367188,114844.74536132812,0.0
2022-08-17,3443.TW,BUY,2,540.99267578125,1081.9853515625,0.0
2022-08-17,3008.TW,BUY,64,1789.6527099609375,114537.7734375,0.0
2022-08-17,6415.TW,BUY,185,622.7418823242188,115207.24822998047,0.0
2022-08-17,4938.TW,SELL,2238,51.960147857666016,116286.81090545654,0.0
2022-08-17,3034.TW,SELL,559,208.13922119140625,116349.8246459961,0.0
2022-08-17,2615.TW,SELL,1380,84.75198364257812,116957.73742675781,0.0
2022-08-17,9910.TW,SELL,828,137.43772888183594,113798.43951416016,0.0
2022-08-18,3008.TW,SELL,64,1789.213134765625,114509.640625,0.0
2022-08-18,3443.TW,SELL,213,567.946044921875,120972.50756835938,0.0
2022-08-18,3661.TW,SELL,156,768.6911010742188,119915.81176757812,0.0
2022-08-18,2615.TW,BUY,1390,84.33448028564453,117224.9275970459,0.0
2022-08-18,2884.TW,BUY,5118,22.90838050842285,117245.09144210815,0.0
2022-08-18,3665.TW,BUY,12,276.67559814453125,3320.107177734375,0.0
2022-08-18,6415.TW,BUY,4,619.8273315429688,2479.309326171875,0.0
2022-08-18,9910.TW,BUY,882,132.8564910888672,117179.42514038086,0.0
2022-08-19,5871.TW,BUY,694,169.6239776611328,117719.04049682617,0.0
2022-08-19,3665.TW,BUY,6,274.4151611328125,1646.490966796875,0.0
2022-08-19,3661.TW,BUY,155,760.0863037109375,117813.37707519531,0.0
2022-08-19,2615.TW,BUY,14,83.91698455810547,1174.8377838134766,0.0
2022-08-19,2412.TW,BUY,1131,104.15961456298828,117804.52407073975,0.0
2022-08-19,6415.TW,SELL,189,637.3146362304688,120452.4662475586,0.0
2022-08-19,2884.TW,SELL,5118,22.90838050842285,117245.09144210815,0.0
2022-08-19,9910.TW,SELL,882,134.38356018066406,118526.3000793457,0.0
2022-08-22,2412.TW,SELL,1131,104.58824920654297,118289.3098526001,0.0
2022-08-22,5871.TW,SELL,694,168.84945678710938,117181.5230102539,0.0
2022-08-22,2615.TW,BUY,36,80.4100112915039,2894.7604064941406,0.0
2022-08-22,3443.TW,BUY,205,564.0955810546875,115639.59411621094,0.0
2022-08-22,3661.TW,BUY,1,741.9207153320312,741.9207153320312,0.0
2022-08-22,3665.TW,BUY,1,268.99017333984375,268.99017333984375,0.0
2022-08-22,6415.TW,BUY,196,590.681884765625,115773.6494140625,0.0
2022-08-23,6415.TW,BUY,7,564.450927734375,3951.156494140625,0.0
2022-08-23,3037.TW,BUY,804,142.78274536132812,114797.32727050781,0.0
2022-08-23,3008.TW,BUY,68,1679.310546875,114193.1171875,0.0
2022-08-23,2615.TW,BUY,14,78.99050903320312,1105.8671264648438,0.0
2022-08-23,3665.TW,SELL,430,273.05889892578125,117415.32653808594,0.0
2022-08-23,3661.TW,SELL,156,745.7451171875,116336.23828125,0.0
2022-08-23,3443.TW,SELL,205,565.0582275390625,115836.93664550781,0.0
2022-08-23,2303.TW,BUY,3452,33.28299331665039,114892.89292907715,0.0
2022-08-24,2303.TW,SELL,3452,33.36457061767578,115174.4977722168,0.0
2022-08-24,3008.TW,SELL,1,1670.5181884765625,1670.5181884765625,0.0
2022-08-24,3037.TW,SELL,804,142.78274536132812,114797.32727050781,0.0
2022-08-24,2615.TW,BUY,32,76.23503875732422,2439.521240234375,0.0
2022-08-24,2891.TW,BUY,5756,19.682971954345703,113295.18656921387,0.0
2022-08-24,3443.TW,BUY,202,559.2824096679688,112975.04675292969,0.0
2022-08-24,6415.TW,BUY,4,545.9920654296875,2183.96826171875,0.0
2022-08-25,3443.TW,BUY,2,565.0582275390625,1130.116455078125,0.0
2022-08-25,9910.TW,BUY,854,135.14710998535156,115415.63192749023,0.0
2022-08-25,3665.TW,BUY,428,269.4422302246094,115321.27453613281,0.0
2022-08-25,2889.TW,BUY,10334,11.168357849121094,115413.81001281738,0.0
2022-08-25,2615.TW,SELL,1486,77.48751831054688,115146.45220947266,0.0
2022-08-25,3008.TW,SELL,67,1710.083251953125,114575.57788085938,0.0
2022-08-25,2891.TW,SELL,5756,19.934778213500977,114744.58339691162,0.0
2022-08-25,6415.TW,SELL,2,562.5078735351562,1125.0157470703125,0.0
2022-08-26,2889.TW,SELL,10334,11.168357849121094,115413.81001281738,0.0
2022-08-26,3665.TW,SELL,428,271.70263671875,116288.728515625,0.0
2022-08-26,2303.TW,BUY,3370,33.69086837768555,113538.2264328003,0.0
2022-08-26,3443.TW,BUY,6,539.0673828125,3234.404296875,0.0
2022-08-26,3661.TW,BUY,143,791.6370849609375,113204.10314941406,0.0
2022-08-26,6415.TW,BUY,1,548.9066772460938,548.9066772460938,0.0
2022-08-26,9910.TW,BUY,3,132.47471618652344,397.4241485595703,0.0
2022-08-29,6415.TW,BUY,7,524.6187744140625,3672.3314208984375,0.0
2022-08-29,5871.TW,BUY,727,154.13320922851562,112054.84310913086,0.0
2022-08-29,3443.TW,BUY,2,528.4786376953125,1056.957275390625,0.0
2022-08-29,3008.TW,BUY,67,1666.1221923828125,111630.18688964844,0.0
2022-08-29,2303.TW,SELL,3370,32.589595794677734,109826.93782806396,0.0
2022-08-29,9910.TW,SELL,857,130.18406677246094,111567.74522399902,0.0
2022-08-29,3661.TW,SELL,143,834.660888671875,119356.50708007812,0.0
2022-08-29,2615.TW,BUY,1556,72.06006622314453,112125.46304321289,0.0
2022-08-30,6415.TW,BUY,4,514.903564453125,2059.6142578125,0.0
2022-08-30,9910.TW,BUY,867,129.4205322265625,112207.60144042969,0.0
2022-08-30,3661.TW,BUY,135,827.9682006835938,111775.70709228516,0.0
2022-08-30,3008.TW,SELL,67,1710.083251953125,114575.57788085938,0.0
2022-08-30,2615.TW,BUY,5,71.89305114746094,359.4652557373047,0.0
2022-08-30,5871.TW,SELL,727,155.29501342773438,112899.47476196289,0.0
2022-08-30,3443.TW,BUY,2,522.702880859375,1045.40576171875,0.0
2022-08-31,2615.TW,SELL,1561,72.4775619506836,113137.47420501709,0.0
2022-08-31,9910.TW,SELL,867,131.3293914794922,113862.58241271973,0.0
2022-08-31,3443.TW,BUY,1,521.7402954101562,521.7402954101562,0.0
2022-08-31,3661.TW,BUY,2,819.363525390625,1638.72705078125,0.0
2022-08-31,3665.TW,BUY,366,307.41729736328125,112514.73083496094,0.0
2022-08-31,5871.TW,BUY,737,152.58413696289062,112454.50894165039,0.0
2022-09-01,6669.TW,BUY,492,223.8043670654297,110111.7485961914,0.0
2022-09-01,6415.TW,BUY,2,503.2453918457031,1006.4907836914062,0.0
2022-09-01,5880.TW,BUY,5180,21.28873634338379,110275.65425872803,0.0
2022-09-01,3443.TW,BUY,4,501.5252685546875,2006.10107421875,0.0
2022-09-01,3665.TW,SELL,366,303.3485412597656,111025.56610107422,0.0
2022-09-01,5871.TW,SELL,737,149.48597717285156,110171.1651763916,0.0
2022-09-01,3661.TW,SELL,137,817.4512939453125,111990.82727050781,0.0
2022-09-01,3037.TW,BUY,864,127.53411102294922,110189.47192382812,0.0
2022-09-02,9910.TW,BUY,868,126.74813842773438,110017.38415527344,0.0
2022-09-02,6415.TW,BUY,8,484.78662109375,3878.29296875,0.0
2022-09-02,5871.TW,BUY,754,146.00054931640625,110084.41418457031,0.0
2022-09-02,2615.TW,BUY,1690,65.12960052490234,110069.02488708496,0.0
2022-09-02,3665.TW,BUY,368,298.82769775390625,109968.5927734375,0.0
2022-09-02,5880.TW,SELL,5180,21.210180282592773,109868.73386383057,0.0
2022-09-02,3443.TW,SELL,219,521.7402954101562,114261.12469482422,0.0
2022-09-02,3037.TW,SELL,864,127.9961929321289,110588.71069335938,0.0
2022-09-02,6669.TW,SELL,492,221.12228393554688,108792.16369628906,0.0
2022-09-05,5871.TW,SELL,754,147.162353515625,110960.41455078125,0.0
2022-09-05,9910.TW,SELL,868,124.83927154541016,108360.48770141602,0.0
2022-09-05,2615.TW,BUY,16,63.62660598754883,1018.0256958007812,0.0
2022-09-05,3443.TW,BUY,215,504.4130859375,108448.8134765625,0.0
2022-09-05,3661.TW,BUY,130,831.7926025390625,108133.03833007812,0.0
2022-09-05,3665.TW,BUY,3,292.0464782714844,876.1394348144531,0.0
2022-09-06,6415.TW,BUY,3,467.29931640625,1401.89794921875,0.0
2022-09-06,3665.TW,BUY,6,284.8131103515625,1708.878662109375,0.0
2022-09-06,3661.TW,BUY,3,808.8466186523438,2426.5398559570312,0.0
2022-09-06,3443.TW,SELL,6,515.001953125,3090.01171875,0.0
2022-09-06,2615.TW,SELL,1706,64.12760925292969,109401.70138549805,0.0
2022-09-06,2474.TW,BUY,824,130.51710510253906,107546.09460449219,0.0
2022-09-07,5880.TW,BUY,5005,21.170902252197266,105960.36577224731,0.0
2022-09-07,2474.TW,SELL,824,131.70721435546875,108526.74462890625,0.0
2022-09-07,3443.TW,SELL,2,510.1888427734375,1020.377685546875,0.0
2022-09-07,3661.TW,SELL,133,808.8466186523438,107576.60028076172,0.0
2022-09-07,2615.TW,BUY,1703,62.20711898803711,105938.7236366272,0.0
2022-09-07,3665.TW,BUY,9,274.4151611328125,2469.7364501953125,0.0
2022-09-07,6415.TW,BUY,6,448.354736328125,2690.12841796875,0.0
2022-09-08,2615.TW,BUY,43,61.87311935424805,2660.544132232666,0.0
2022-09-08,3665.TW,BUY,8,273.9630432128906,2191.704345703125,0.0
2022-09-08,2303.TW,BUY,3370,32.059349060058594,108040.00633239746,0.0
2022-09-08,3037.TW,BUY,838,128.92034912109375,108035.25256347656,0.0
2022-09-08,5880.TW,SELL,5005,21.406570434570312,107139.88502502441,0.0
2022-09-08,6415.TW,SELL,3,463.41326904296875,1390.2398071289062,0.0
2022-09-08,3443.TW,SELL,207,540.99267578125,111985.48388671875,0.0
2022-09-12,3665.TW,BUY,9,276.2235107421875,2486.0115966796875,0.0
2022-09-12,3443.TW,BUY,196,566.9833984375,111128.74609375,0.0
2022-09-12,2889.TW,BUY,10205,10.914532661437988,111382.80580997467,0.0
2022-09-12,5880.TW,BUY,5165,21.563682556152344,111376.42040252686,0.0
2022-09-12,3037.TW,SELL,838,131.6928253173828,110358.5876159668,0.0
2022-09-12,2615.TW,SELL,1746,64.21110534667969,112112.58993530273,0.0
2022-09-12,2303.TW,SELL,3370,32.75274658203125,110376.75598144531,0.0
2022-09-12,6415.TW,SELL,8,493.5302429199219,3948.241943359375,0.0
2022-09-13,2889.TW,SELL,10205,10.956836700439453,111814.51852798462,0.0
2022-09-13,3443.TW,SELL,196,569.8712768554688,111694.77026367188,0.0
2022-09-13,3665.TW,SELL,403,292.0464782714844,117694.7307434082,0.0
2022-09-13,6415.TW,SELL,2,509.07452392578125,1018.1490478515625,0.0
2022-09-13,2412.TW,BUY,1094,103.73097229003906,113481.68368530273,0.0
2022-09-13,3037.TW,BUY,884,128.45826721191406,113557.10821533203,0.0
2022-09-13,3661.TW,BUY,126,897.7623901367188,113118.06115722656,0.0
2022-09-13,5880.TW,BUY,101,21.563682556152344,2177.9319381713867,0.0
2022-09-14,5880.TW,BUY,21,21.24945831298828,446.2386245727539,0.0
2022-09-14,6415.TW,BUY,1,501.3023376464844,501.3023376464844,0.0
2022-09-14,4938.TW,BUY,2142,52.45658493041992,112362.00492095947,0.0
2022-09-14,2330.TW,BUY,252,445.6769104003906,112310.58142089844,0.0
2022-09-14,3661.TW,SELL,126,911.1475219726562,114804.58776855469,0.0
2022-09-14,2412.TW,SELL,1094,102.44505310058594,112074.88809204102,0.0
2022-09-14,3037.TW,BUY,13,125.22371673583984,1627.908317565918,0.0
2022-09-15,3665.TW,BUY,389,289.3339538574219,112550.90805053711,0.0
2022-09-15,3661.TW,BUY,124,902.542724609375,111915.2978515625,0.0
2022-09-15,3037.TW,BUY,19,122.91328430175781,2335.3524017333984,0.0
2022-09-15,3443.TW,BUY,196,572.7591552734375,112260.79443359375,0.0
2022-09-15,5880.TW,SELL,5287,21.60296058654785,114214.85262107849,0.0
2022-09-15,4938.TW,SELL,2142,52.70479965209961,112893.68085479736,0.0
2022-09-15,2330.TW,SELL,252,444.9765930175781,112134.10144042969,0.0
2022-09-15,6415.TW,SELL,2,506.15997314453125,1012.3199462890625,0.0
2022-09-16,3661.TW,BUY,1,879.1112060546875,879.1112060546875,0.0
2022-09-16,3665.TW,SELL,389,287.525634765625,111847.47192382812,0.0
2022-09-16,6415.TW,SELL,4,506.15997314453125,2024.639892578125,0.0
2022-09-16,2912.TW,BUY,469,235.50772094726562,110453.12112426758,0.0
2022-09-16,3037.TW,BUY,4,120.14081573486328,480.5632629394531,0.0
2022-09-16,3443.TW,BUY,3,553.5067138671875,1660.5201416015625,0.0
2022-09-19,3665.TW,BUY,392,280.74432373046875,110051.77490234375,0.0
2022-09-19,2890.TW,BUY,7824,14.071060180664062,110091.97485351562,0.0
2022-09-19,6415.TW,BUY,6,490.6156921386719,2943.6941528320312,0.0
2022-09-19,2615.TW,BUY,1779,61.87311935424805,110072.27933120728,0.0
2022-09-19,5880.TW,BUY,5162,21.328014373779297,110095.21019744873,0.0
2022-09-19,3443.TW,SELL,199,552.5441284179688,109956.28155517578,0.0
2022-09-19,3037.TW,SELL,920,121.52705383300781,111804.88952636719,0.0
2022-09-19,3661.TW,SELL,125,871.36572265625,108920.71533203125,0.0
2022-09-19,2912.TW,SELL,469,236.81365966796875,111065.60638427734,0.0
2022-09-20,3665.TW,BUY,1,280.2922668457031,280.2922668457031,0.0
2022-09-20,3037.TW,BUY,926,119.21665954589844,110394.62673950195,0.0
2022-09-20,2890.TW,BUY,90,13.9521484375,1255.693359375,0.0
2022-09-20,3443.TW,BUY,195,566.0208129882812,110374.05853271484,0.0
2022-09-20,5880.TW,SELL,5162,21.406570434570312,110500.71658325195,0.0
2022-09-20,2615.TW,SELL,1779,62.7081184387207,111557.74270248413,0.0
2022-09-20,6415.TW,SELL,1,494.5017395019531,494.5017395019531,0.0
2022-09-21,2890.TW,SELL,7914,13.9521484375,110417.302734375,0.0
2022-09-21,3443.TW,SELL,4,572.7591552734375,2291.03662109375,0.0
2022-09-21,3019.TW,BUY,2035,53.94886779785156,109785.94596862793,0.0
2022-09-21,3037.TW,BUY,6,117.8304214477539,706.9825286865234,0.0
2022-09-21,3665.TW,BUY,5,275.3193359375,1376.5966796875,0.0
2022-09-21,6415.TW,BUY,1,489.6441650390625,489.6441650390625,0.0
2022-09-22,5871.TW,BUY,738,148.71144104003906,109749.04348754883,0.0
2022-09-22,6415.TW,BUY,2,485.2723388671875,970.544677734375,0.0
2022-09-22,3037.TW,BUY,25,114.59585571289062,2864.8963928222656,0.0
2022-09-22,9910.TW,BUY,853,128.656982421875,109744.40600585938,0.0
2022-09-22,3665.TW,SELL,398,282.55267333984375,112455.96398925781,0.0
2022-09-22,3443.TW,SELL,191,583.3480224609375,111419.47229003906,0.0
2022-09-22,3019.TW,SELL,2035,53.32466506958008,108515.69341659546,0.0
2022-09-22,2615.TW,BUY,1759,62.374114990234375,109716.06826782227,0.0
2022-09-23,2615.TW,SELL,44,62.54111862182617,2751.8092193603516,0.0
2022-09-23,3037.TW,SELL,957,113.67169952392578,108783.81644439697,0.0
2022-09-23,5871.TW,SELL,738,149.48597717285156,110320.65115356445,0.0
2022-09-23,9910.TW,SELL,853,127.12989807128906,108441.80305480957,0.0
2022-09-23,3443.TW,BUY,191,561.2077026367188,107190.67120361328,0.0
2022-09-23,3661.TW,BUY,121,884.9202270507812,107075.34747314453,0.0
2022-09-23,3665.TW,BUY,395,271.25054931640625,107143.96697998047,0.0
2022-09-23,6415.TW,BUY,19,437.1822814941406,8306.463348388672,0.0
2022-09-26,6415.TW,BUY,1,415.8089294433594,415.8089294433594,0.0
2022-09-26,3661.TW,BUY,1,838.4474487304688,838.4474487304688,0.0
2022-09-26,2615.TW,BUY,50,57.94864273071289,2897.4321365356445,0.0
2022-09-26,3443.TW,SELL,191,554.4693603515625,105903.64782714844,0.0
2022-09-26,2327.TW,BUY,1451,70.50672912597656,102305.26396179199,0.0
2022-09-27,2327.TW,SELL,1451,71.21893310546875,103338.67193603516,0.0
2022-09-27,2615.TW,SELL,1765,59.284637451171875,104637.38510131836,0.0
2022-09-27,3661.TW,SELL,122,837.479248046875,102172.46826171875,0.0
2022-09-27,3665.TW,SELL,395,265.37347412109375,104822.52227783203,0.0
2022-09-27,2207.TW,BUY,209,494.8090515136719,103415.09176635742,0.0
2022-09-27,2891.TW,BUY,5948,17.416702270507812,103594.54510498047,0.0
2022-09-27,3443.TW,BUY,183,563.1329956054688,103053.33819580078,0.0
2022-09-27,5880.TW,BUY,5043,20.542449951171875,103595.57510375977,0.0
2022-09-27,6415.TW,BUY,1,417.7519836425781,417.7519836425781,0.0
2022-09-28,3665.TW,BUY,401,250.45469665527344,100432.33335876465,0.0
2022-09-28,6415.TW,BUY,9,391.0352783203125,3519.3175048828125,0.0
2022-09-28,3661.TW,BUY,128,784.2291259765625,100381.328125,0.0
2022-09-28,3443.TW,BUY,3,539.0673828125,1617.2021484375,0.0
2022-09-28,2615.TW,BUY,1830,54.859161376953125,100392.26531982422,0.0
2022-09-28,5880.TW,SELL,5043,20.778118133544922,104784.04974746704,0.0
2022-09-28,2891.TW,SELL,5948,16.871118545532227,100349.41310882568,0.0
2022-09-28,2207.TW,SELL,209,481.6492919921875,100664.70202636719,0.0
2022-09-29,3037.TW,BUY,978,104.43009948730469,102132.63729858398,0.0
2022-09-29,2615.TW,BUY,10,55.52716064453125,555.2716064453125,0.0
2022-09-29,2327.TW,BUY,1588,64.33442687988281,102163.0698852539,0.0
2022-09-29,3665.TW,BUY,6,250.90679931640625,1505.4407958984375,0.0
2022-09-29,3661.TW,SELL,128,796.8154907226562,101992.3828125,0.0
2022-09-29,3443.TW,SELL,186,554.4693603515625,103131.30102539062,0.0
2022-09-29,6415.TW,SELL,2,402.2077331542969,804.4154663085938,0.0
2022-09-30,2327.TW,SELL,1588,63.85963821411133,101409.10548400879,0.0
2022-09-30,3037.TW,SELL,978,108.58882141113281,106199.86734008789,0.0
2022-09-30,3665.TW,SELL,407,253.61929321289062,103223.05233764648,0.0
2022-09-30,6415.TW,SELL,1,409.0083312988281,409.0083312988281,0.0
2022-09-30,2330.TW,BUY,262,394.08209228515625,103249.50817871094,0.0
2022-09-30,2615.TW,BUY,15,55.77766036987305,836.6649055480957,0.0
2022-09-30,3008.TW,BUY,70,1472.6937255859375,103088.56079101562,0.0
2022-09-30,9910.TW,BUY,857,120.63978576660156,103388.29640197754,0.0
2022-10-03,3443.TW,BUY,191,542.9179077148438,103697.32037353516,0.0
2022-10-03,3665.TW,BUY,417,249.0984344482422,103874.04716491699,0.0
2022-10-03,3008.TW,BUY,2,1437.52490234375,2875.0498046875,0.0
2022-10-03,2890.TW,BUY,7777,13.357597351074219,103882.0345993042,0.0
2022-10-03,6415.TW,SELL,2,412.4085998535156,824.8171997070312,0.0
2022-10-03,2615.TW,SELL,1855,58.70014190673828,108888.76323699951,0.0
2022-10-03,2330.TW,SELL,262,389.412841796875,102026.16455078125,0.0
2022-10-03,9910.TW,SELL,857,119.8762435913086,102733.94075775146,0.0
2022-10-04,5880.TW,BUY,5287,20.306785583496094,107361.97537994385,0.0
2022-10-04,2892.TW,BUY,5204,20.628753662109375,107352.03405761719,0.0
2022-10-04,2615.TW,BUY,1795,59.7856330871582,107315.21139144897,0.0
2022-10-04,6415.TW,SELL,2,429.89593505859375,859.7918701171875,0.0
2022-10-04,2886.TW,BUY,4207,25.518325805664062,107355.59666442871,0.0
2022-10-04,3443.TW,SELL,191,567.946044921875,108477.69458007812,0.0
2022-10-04,3008.TW,SELL,72,1503.466552734375,108249.591796875,0.0
2022-10-04,2890.TW,SELL,7777,13.436868667602539,104498.52762794495,0.0
2022-10-04,3665.TW,SELL,417,255.8797149658203,106701.84114074707,0.0
2022-10-05,5880.TW,BUY,64,20.188949584960938,1292.0927734375,0.0
2022-10-05,2615.TW,SELL,21,60.87112808227539,1278.2936897277832,0.0
2022-10-05,2886.TW,SELL,4207,25.64300537109375,107880.1235961914,0.0
2022-10-05,2892.TW,SELL,5204,20.548017501831055,106931.88307952881,0.0
2022-10-05,6415.TW,SELL,249,437.6680603027344,108979.34701538086,0.0
2022-10-05,2412.TW,BUY,1130,95.58679962158203,108013.0835723877,0.0
2022-10-05,3037.TW,BUY,962,112.28546142578125,108018.61389160156,0.0
2022-10-05,3443.TW,BUY,195,551.5814819335938,107558.38897705078,0.0
2022-10-06,6415.TW,BUY,245,448.8404846191406,109965.91873168945,0.0
2022-10-06,2912.TW,BUY,458,240.73153686523438,110255.04388427734,0.0
2022-10-06,9904.TW,BUY,4715,23.392597198486328,110296.09579086304,0.0
2022-10-06,2615.TW,BUY,21,61.455623626708984,1290.5680961608887,0.0
2022-10-06,5880.TW,SELL,5351,20.463895797729492,109502.30641365051,0.0
2022-10-06,3443.TW,SELL,195,592.9741821289062,115629.96551513672,0.0
2022-10-06,3037.TW,SELL,962,114.13378143310547,109796.69773864746,0.0
2022-10-06,2412.TW,BUY,34,94.72953033447266,3220.8040313720703,0.0
2022-10-07,3037.TW,BUY,990,110.89921569824219,109790.22354125977,0.0
2022-10-07,2412.TW,SELL,1164,94.72953033447266,110265.17330932617,0.0
2022-10-07,2912.TW,SELL,458,239.4255828857422,109656.91696166992,0.0
2022-10-07,9904.TW,SELL,4715,23.266828536987305,109703.09655189514,0.0
2022-10-07,2615.TW,BUY,2,61.12161636352539,122.24323272705078,0.0
2022-10-07,2890.TW,BUY,8176,13.436868667602539,109859.83822631836,0.0
2022-10-07,3443.TW,BUY,187,585.273193359375,109446.08715820312,0.0
2022-10-11,6415.TW,BUY,9,408.03680419921875,3672.3312377929688,0.0
2022-10-11,3661.TW,BUY,129,801.656494140625,103413.68774414062,0.0
2022-10-11,3443.TW,BUY,9,527.5159912109375,4747.6439208984375,0.0
2022-10-11,3037.TW,BUY,13,103.50593566894531,1345.577163696289,0.0
2022-10-11,2615.TW,SELL,74,60.286624908447266,4461.210243225098,0.0
2022-10-11,2890.TW,SELL,8176,13.357597351074219,109211.71594238281,0.0
2022-10-12,3711.TW,BUY,1576,62.87633514404297,99093.10418701172,0.0
2022-10-12,3443.TW,BUY,12,475.0531921386719,5700.6383056640625,0.0
2022-10-12,3661.TW,BUY,8,722.2653198242188,5778.12255859375,0.0
2022-10-12,6415.TW,SELL,14,412.8944091796875,5780.521728515625,0.0
2022-10-12,3037.TW,SELL,1003,104.43009948730469,104743.3897857666,0.0
2022-10-12,2615.TW,BUY,14,57.0301513671875,798.422119140625,0.0
2022-10-13,3661.TW,BUY,4,659.3333740234375,2637.33349609375,0.0
2022-10-13,3443.TW,BUY,9,427.884765625,3850.962890625,0.0
2022-10-13,3037.TW,BUY,938,99.34722137451172,93187.69364929199,0.0
2022-10-13,2615.TW,SELL,30,54.608665466308594,1638.2599639892578,0.0
2022-10-13,3711.TW,SELL,1576,62.18916702270508,98010.1272277832,0.0
2022-10-13,6415.TW,SELL,1,389.5780029296875,389.5780029296875,0.0
2022-10-14,2615.TW,SELL,37,57.44765090942383,2125.5630836486816,0.0
2022-10-14,3037.TW,SELL,938,109.05089569091797,102289.74015808105,0.0
2022-10-14,6415.TW,SELL,2,404.636474609375,809.27294921875,0.0
2022-10-14,3443.TW,BUY,13,416.81463623046875,5418.590270996094,0.0
2022-10-14,3661.TW,BUY,6,648.6834106445312,3892.1004638671875,0.0
2022-10-14,6669.TW,BUY,431,222.61231994628906,95945.90989685059,0.0
2022-10-17,3443.TW,SELL,12,429.80999755859375,5157.719970703125,0.0
2022-10-17,3661.TW,SELL,7,669.0151977539062,4683.106384277344,0.0
2022-10-17,2615.TW,BUY,61,54.191165924072266,3305.661121368408,0.0
2022-10-17,6415.TW,BUY,3,390.5495300292969,1171.6485900878906,0.0
2022-10-17,6669.TW,BUY,28,204.13580322265625,5715.802490234375,0.0
2022-10-18,3661.TW,BUY,3,649.6514892578125,1948.9544677734375,0.0
2022-10-18,3443.TW,BUY,16,397.562255859375,6360.99609375,0.0
2022-10-18,5880.TW,BUY,4863,19.16771697998047,93212.60767364502,0.0
2022-10-18,2615.TW,SELL,65,55.94465637207031,3636.4026641845703,0.0
2022-10-18,6415.TW,SELL,240,409.9798278808594,98395.15869140625,0.0
2022-10-18,6669.TW,BUY,2,202.04974365234375,404.0994873046875,0.0
2022-10-19,2892.TW,BUY,4902,19.175457000732422,93998.09021759033,0.0
2022-10-19,5880.TW,BUY,112,18.892770767211914,2115.9903259277344,0.0
2022-10-19,2884.TW,BUY,5115,18.375707626342773,93991.74450874329,0.0
2022-10-19,6669.TW,SELL,461,200.26170349121094,92320.64530944824,0.0
2022-10-19,3661.TW,SELL,3,669.9834594726562,2009.9503784179688,0.0
2022-10-19,3443.TW,SELL,3,405.7445068359375,1217.2335205078125,0.0
2022-10-19,2615.TW,SELL,1666,56.6961555480957,94455.79514312744,0.0
2022-10-20,6415.TW,BUY,249,375.976806640625,93618.22485351562,0.0
2022-10-20,3661.TW,BUY,4,651.587890625,2606.3515625,0.0
2022-10-20,2615.TW,BUY,1681,55.86116027832031,93902.61042785645,0.0
2022-10-20,6669.TW,BUY,485,193.40750122070312,93802.63809204102,0.0
2022-10-20,3443.TW,SELL,3,411.0389099121094,1233.1167297363281,0.0
2022-10-20,2892.TW,SELL,4902,19.175457000732422,93998.09021759033,0.0
2022-10-20,2884.TW,SELL,5115,18.416542053222656,94200.61260223389,0.0
2022-10-20,5880.TW,SELL,4975,19.049884796142578,94773.17686080933,0.0
2022-10-21,2615.TW,SELL,55,55.52716064453125,3053.9938354492188,0.0
2022-10-21,6415.TW,SELL,249,379.3770751953125,94464.89172363281,0.0
2022-10-21,3008.TW,BUY,59,1516.65478515625,89482.63232421875,0.0
2022-10-21,3443.TW,BUY,7,383.604248046875,2685.229736328125,0.0
2022-10-21,3661.TW,BUY,6,600.274169921875,3601.64501953125,0.0
2022-10-21,6669.TW,BUY,6,183.8712158203125,1103.227294921875,0.0
2022-10-24,2890.TW,BUY,7261,12.525225639343262,90945.66336727142,0.0
2022-10-24,3661.TW,BUY,7,578.0059204101562,4046.0414428710938,0.0
2022-10-24,3443.TW,BUY,1,384.0855407714844,384.0855407714844,0.0
2022-10-24,2474.TW,BUY,696,130.51710510253906,90839.90515136719,0.0
2022-10-24,2327.TW,BUY,1420,64.01019287109375,90894.47387695312,0.0
2022-10-24,6669.TW,SELL,491,190.7254180908203,93646.18028259277,0.0
2022-10-24,3008.TW,SELL,59,1521.0511474609375,89742.01770019531,0.0
2022-10-24,2615.TW,SELL,1626,57.19715118408203,93002.56782531738,0.0
2022-10-25,5871.TW,BUY,822,109.59722900390625,90088.92224121094,0.0
2022-10-25,3661.TW,BUY,3,561.5468139648438,1684.6404418945312,0.0
2022-10-25,3443.TW,SELL,2,384.0855407714844,768.1710815429688,0.0
2022-10-25,6415.TW,BUY,247,363.3470458984375,89746.72033691406,0.0
2022-10-25,2474.TW,SELL,696,128.93023681640625,89735.44482421875,0.0
2022-10-25,2327.TW,SELL,1420,64.01019287109375,90894.47387695312,0.0
2022-10-25,2890.TW,SELL,22,12.44594955444336,273.8108901977539,0.0
2022-10-26,2890.TW,SELL,7239,12.723408699035645,92104.75557231903,0.0
2022-10-26,3661.TW,SELL,1,564.4513549804688,564.4513549804688,0.0
2022-10-26,5871.TW,SELL,822,110.75904083251953,91043.93156433105,0.0
2022-10-26,2327.TW,BUY,1410,64.01019287109375,90254.37194824219,0.0
2022-10-26,3037.TW,BUY,824,109.51298522949219,90238.69982910156,0.0
2022-10-26,3443.TW,BUY,1,383.604248046875,383.604248046875,0.0
2022-10-26,6415.TW,BUY,8,353.1461181640625,2825.1689453125,0.0
2022-10-27,2002.TW,BUY,3712,25.109975814819336,93208.23022460938,0.0
2022-10-27,2327.TW,BUY,46,64.01019287109375,2944.4688720703125,0.0
2022-10-27,6415.TW,SELL,255,357.0322265625,91043.2177734375,0.0
2022-10-27,5880.TW,BUY,4736,19.678335189819336,93196.59545898438,0.0
2022-10-27,3443.TW,SELL,9,412.00152587890625,3708.0137329101562,0.0
2022-10-27,3661.TW,SELL,4,599.3059692382812,2397.223876953125,0.0
2022-10-27,3037.TW,SELL,824,111.36129760742188,91761.70922851562,0.0
2022-10-28,6415.TW,BUY,269,353.1461181640625,94996.30578613281,0.0
2022-10-28,2002.TW,SELL,3712,25.202802658081055,93552.80346679688,0.0
2022-10-28,2327.TW,SELL,1456,64.01019287109375,93198.8408203125,0.0
2022-10-28,3443.TW,SELL,16,452.91290283203125,7246.6064453125,0.0
2022-10-28,3661.TW,SELL,155,606.083251953125,93942.90405273438,0.0
2022-10-28,5880.TW,SELL,4736,19.678335189819336,93196.59545898438,0.0
2022-10-28,2615.TW,BUY,1666,57.19715118408203,95290.45387268066,0.0
2022-10-28,3019.TW,BUY,1919,49.66863250732422,95314.10578155518,0.0
2022-10-28,3665.TW,BUY,435,218.80877685546875,95181.8179321289,0.0
2022-10-31,6669.TW,BUY,450,215.75811767578125,97091.15295410156,0.0
2022-10-31,5871.TW,BUY,842,115.40628051757812,97172.08819580078,0.0
2022-10-31,3661.TW,BUY,154,628.3515625,96766.140625,0.0
2022-10-31,2615.TW,BUY,54,56.529151916503906,3052.574203491211,0.0
2022-10-31,3019.TW,SELL,1919,51.095375061035156,98052.02474212646,0.0
2022-10-31,3665.TW,SELL,435,222.87753295898438,96951.7268371582,0.0
2022-10-31,3443.TW,SELL,3,469.2774658203125,1407.8323974609375,0.0
2022-10-31,6415.TW,SELL,269,363.3470458984375,97740.35534667969,0.0
2022-11-01,2382.TW,BUY,1783,55.400238037109375,98778.62442016602,0.0
2022-11-01,2615.TW,BUY,73,55.10966110229492,4023.0052604675293,0.0
2022-11-01,3443.TW,BUY,1,475.0531921386719,475.0531921386719,0.0
2022-11-01,2303.TW,BUY,3102,31.855409622192383,98815.48064804077,0.0
2022-11-01,5871.TW,SELL,842,119.66622924804688,100758.96502685547,0.0
2022-11-01,3661.TW,SELL,4,654.4924926757812,2617.969970703125,0.0
2022-11-01,6669.TW,SELL,450,219.03622436523438,98566.30096435547,0.0
2022-11-02,2303.TW,SELL,3102,32.10013961791992,99574.6330947876,0.0
2022-11-02,2382.TW,SELL,1783,55.64830780029297,99220.93280792236,0.0
2022-11-02,2615.TW,SELL,1793,55.52716064453125,99560.19903564453,0.0
2022-11-02,3443.TW,SELL,4,489.01116943359375,1956.044677734375,0.0
2022-11-02,2890.TW,BUY,7823,12.763044357299805,99845.29600715637,0.0
2022-11-02,3661.TW,BUY,2,656.4288940429688,1312.8577880859375,0.0
2022-11-02,5871.TW,BUY,850,117.34262084960938,99741.22772216797,0.0
2022-11-02,5880.TW,BUY,5084,19.639053344726562,99844.94720458984,0.0
2022-11-03,6415.TW,BUY,273,374.03375244140625,102111.2144165039,0.0
2022-11-03,2887.TW,BUY,9777,10.453519821166992,102204.06329154968,0.0
2022-11-03,2615.TW,BUY,1860,54.94266891479492,102193.36418151855,0.0
2022-11-03,2207.TW,BUY,200,509.7235107421875,101944.7021484375,0.0
2022-11-03,2890.TW,SELL,7823,12.723408699035645,99535.22625255585,0.0
2022-11-03,5871.TW,SELL,850,119.27896881103516,101387.12348937988,0.0
2022-11-03,3661.TW,SELL,2,678.6970825195312,1357.3941650390625,0.0
2022-11-03,3443.TW,SELL,204,523.66552734375,106827.767578125,0.0
2022-11-03,5880.TW,SELL,5084,19.639053344726562,99844.94720458984,0.0
2022-11-04,2317.TW,BUY,1187,87.58749389648438,103966.35525512695,0.0
2022-11-04,3231.TW,BUY,4619,22.515329360961914,103998.30631828308,0.0
2022-11-04,2912.TW,BUY,455,228.54261779785156,103986.89109802246,0.0
2022-11-04,1303.TW,BUY,1664,62.477787017822266,103963.03759765625,0.0
2022-11-04,3443.TW,BUY,198,523.66552734375,103685.7744140625,0.0
2022-11-04,3661.TW,SELL,150,701.9334716796875,105290.02075195312,0.0
2022-11-04,2887.TW,SELL,9777,10.532414436340332,102975.41594409943,0.0
2022-11-04,2615.TW,SELL,1860,55.610660552978516,103435.82862854004,0.0
2022-11-04,2207.TW,SELL,200,510.600830078125,102120.166015625,0.0
2022-11-04,6415.TW,SELL,273,386.17767333984375,105426.50482177734,0.0
2022-11-07,6669.TW,BUY,426,250.62510681152344,106766.29550170898,0.0
2022-11-07,5880.TW,BUY,5316,20.110393524169922,106906.8519744873,0.0
2022-11-07,3045.TW,BUY,1355,78.85165405273438,106843.99124145508,0.0
2022-11-07,3037.TW,BUY,903,118.2925033569336,106818.13053131104,0.0
2022-11-07,2412.TW,BUY,1154,92.58631896972656,106844.61209106445,0.0
2022-11-07,3443.TW,SELL,198,553.5067138671875,109594.32934570312,0.0
2022-11-07,3231.TW,SELL,4619,23.803186416625977,109946.91805839539,0.0
2022-11-07,2912.TW,SELL,455,228.54261779785156,103986.89109802246,0.0
2022-11-07,2317.TW,SELL,1187,87.1517333984375,103449.10754394531,0.0
2022-11-07,1303.TW,SELL,1664,64.41008758544922,107178.3857421875,0.0
2022-11-08,3661.TW,BUY,143,753.2472534179688,107714.35723876953,0.0
2022-11-08,3443.TW,BUY,195,553.5067138671875,107933.80920410156,0.0
2022-11-08,2912.TW,BUY,473,228.54261779785156,108100.65821838379,0.0
2022-11-08,1216.TW,BUY,1929,56.11216735839844,108240.37083435059,0.0
2022-11-08,6669.TW,BUY,6,250.32711791992188,1501.9627075195312,0.0
2022-11-08,3045.TW,SELL,1355,79.95388793945312,108337.51815795898,0.0
2022-11-08,3037.TW,SELL,903,122.91328430175781,110990.6957244873,0.0
2022-11-08,2412.TW,SELL,1154,93.01496887207031,107339.27407836914,0.0
2022-11-08,5880.TW,SELL,5316,20.228225708007812,107533.24786376953,0.0
2022-11-09,2912.TW,SELL,473,230.7191925048828,109130.17805480957,0.0
2022-11-09,3443.TW,SELL,2,568.9086303710938,1137.8172607421875,0.0
2022-11-09,6669.TW,SELL,432,260.75738525390625,112647.1904296875,0.0
2022-11-09,1216.TW,BUY,41,55.940834045410156,2293.5741958618164,0.0
2022-11-09,2308.TW,BUY,431,255.51614379882812,110127.45797729492,0.0
2022-11-09,2412.TW,BUY,1179,93.443603515625,110170.00854492188,0.0
2022-11-09,3661.TW,BUY,1,764.865478515625,764.865478515625,0.0
2022-11-10,6669.TW,BUY,448,245.55897521972656,110010.4208984375,0.0
2022-11-10,2317.TW,BUY,1258,87.58749389648438,110185.06732177734,0.0
2022-11-10,1216.TW,BUY,12,55.59816360473633,667.1779632568359,0.0
2022-11-10,3443.TW,SELL,2,574.6843872070312,1149.3687744140625,0.0
2022-11-10,2412.TW,SELL,1179,93.01496887207031,109664.6483001709,0.0
2022-11-10,2308.TW,SELL,431,252.71852111816406,108921.68260192871,0.0
2022-11-10,3661.TW,SELL,2,774.54736328125,1549.0947265625,0.0
2022-11-11,2317.TW,SELL,1258,87.1517333984375,109636.88061523438,0.0
2022-11-11,3443.TW,SELL,9,616.0770263671875,5544.6932373046875,0.0
2022-11-11,3661.TW,SELL,142,796.8154907226562,113147.79968261719,0.0
2022-11-11,1216.TW,BUY,25,56.0265007019043,1400.6625175476074,0.0
2022-11-11,3665.TW,BUY,496,226.49423217773438,112341.13916015625,0.0
2022-11-11,6415.TW,BUY,261,429.89593505859375,112202.83905029297,0.0
2022-11-11,6669.TW,BUY,11,244.96295166015625,2694.5924682617188,0.0
2022-11-14,3665.TW,BUY,6,229.2067413330078,1375.2404479980469,0.0
2022-11-14,3443.TW,BUY,3,619.9275512695312,1859.7826538085938,0.0
2022-11-14,5880.TW,BUY,5522,20.85667610168457,115170.5654335022,0.0
2022-11-14,6415.TW,SELL,8,454.6695861816406,3637.356689453125,0.0
2022-11-14,1216.TW,SELL,2007,56.62616729736328,113648.7177658081,0.0
2022-11-14,6669.TW,SELL,5,253.3072052001953,1266.5360260009766,0.0
2022-11-15,3443.TW,SELL,1,623.7780151367188,623.7780151367188,0.0
2022-11-15,3665.TW,SELL,1,229.6588134765625,229.6588134765625,0.0
2022-11-15,5880.TW,SELL,5522,20.974512100219727,115821.25581741333,0.0
2022-11-15,3045.TW,BUY,1445,79.69953155517578,115165.823097229,0.0
2022-11-15,6669.TW,BUY,5,250.62510681152344,1253.1255340576172,0.0
2022-11-16,6669.TW,BUY,3,255.6912841796875,767.0738525390625,0.0
2022-11-16,5871.TW,BUY,815,145.22601318359375,118359.2007446289,0.0
2022-11-16,1216.TW,BUY,2142,55.2554931640625,118357.26635742188,0.0
2022-11-16,2889.TW,BUY,12546,9.433915138244629,118357.89932441711,0.0
2022-11-16,3665.TW,SELL,501,228.75465393066406,114606.0816192627,0.0
2022-11-16,3443.TW,SELL,7,668.05859375,4676.41015625,0.0
2022-11-16,3045.TW,SELL,1445,78.59729766845703,113573.09513092041,0.0
2022-11-16,6415.TW,SELL,253,482.84356689453125,122159.4224243164,0.0
2022-11-17,2889.TW,SELL,12546,9.519289016723633,119429.0000038147,0.0
2022-11-17,3443.TW,SELL,177,707.5260009765625,125232.10217285156,0.0
2022-11-17,5871.TW,SELL,815,143.67694091796875,117096.70684814453,0.0
2022-11-17,6669.TW,SELL,462,258.67132568359375,119506.15246582031,0.0
2022-11-17,1216.TW,BUY,40,54.91282272338867,2196.512908935547,0.0
2022-11-17,2615.TW,BUY,1934,61.95661163330078,119824.08689880371,0.0
2022-11-17,3037.TW,BUY,818,146.47938537597656,119820.13723754883,0.0
2022-11-17,5880.TW,BUY,5823,20.581729888916016,119847.41314315796,0.0
2022-11-17,6415.TW,BUY,244,489.6441650390625,119473.17626953125,0.0
2022-11-18,6669.TW,BUY,464,253.90322875976562,117811.09814453125,0.0
2022-11-18,3661.TW,BUY,139,847.1611938476562,117755.40594482422,0.0
2022-11-18,3443.TW,BUY,167,704.63818359375,117674.57666015625,0.0
2022-11-18,2615.TW,SELL,1934,59.952632904052734,115948.39203643799,0.0
2022-11-18,6415.TW,SELL,244,489.6441650390625,119473.17626953125,0.0
2022-11-18,1216.TW,SELL,2182,54.91282272338867,119819.77918243408,0.0
2022-11-18,3037.TW,BUY,11,142.32066345214844,1565.5272979736328,0.0
2022-11-21,6669.TW,BUY,2,255.6912841796875,511.382568359375,0.0
2022-11-21,6415.TW,BUY,253,471.671142578125,119332.79907226562,0.0
2022-11-21,3665.TW,BUY,549,217.45252990722656,119381.43891906738,0.0
2022-11-21,2327.TW,BUY,1383,86.30625915527344,119361.55641174316,0.0
2022-11-21,2615.TW,BUY,2057,58.03214645385742,119372.12525558472,0.0
2022-11-21,3661.TW,SELL,139,861.6838989257812,119774.0619506836,0.0
2022-11-21,3443.TW,SELL,167,707.5260009765625,118156.84216308594,0.0
2022-11-21,3037.TW,SELL,829,145.0931396484375,120282.21276855469,0.0
2022-11-21,5880.TW,SELL,5823,20.463895797729492,119161.26523017883,0.0
2022-11-22,3034.TW,BUY,517,231.70211791992188,119789.99496459961,0.0
2022-11-22,5871.TW,BUY,839,142.90240478515625,119895.1176147461,0.0
2022-11-22,3661.TW,BUY,143,834.57470703125,119344.18310546875,0.0
2022-11-22,3443.TW,BUY,173,691.1614990234375,119570.93933105469,0.0
2022-11-22,2474.TW,BUY,842,142.4183349609375,119916.23803710938,0.0
2022-11-22,2327.TW,SELL,1383,87.06666564941406,120413.19859313965,0.0
2022-11-22,6415.TW,SELL,253,468.27081298828125,118472.51568603516,0.0
2022-11-22,3665.TW,SELL,549,220.61712646484375,121118.80242919922,0.0
2022-11-22,2615.TW,SELL,2057,57.698143005371094,118685.08016204834,0.0
2022-11-22,6669.TW,SELL,466,258.9693908691406,120679.73614501953,0.0
2022-11-23,3443.TW,BUY,3,679.6100463867188,2038.8301391601562,0.0
2022-11-23,6669.TW,BUY,470,255.6912841796875,120174.90356445312,0.0
2022-11-23,3034.TW,BUY,9,228.5604248046875,2057.0438232421875,0.0
2022-11-23,6415.TW,BUY,266,451.7550048828125,120166.83129882812,0.0
2022-11-23,5871.TW,SELL,839,146.00054931640625,122494.46087646484,0.0
2022-11-23,3661.TW,SELL,143,851.0338745117188,121697.84405517578,0.0
2022-11-23,2327.TW,BUY,1409,85.35575866699219,120266.26396179199,0.0
2022-11-23,2474.TW,SELL,842,142.81503295898438,120250.25775146484,0.0
2022-11-24,6669.TW,BUY,11,257.77734375,2835.55078125,0.0
2022-11-24,5880.TW,BUY,6011,20.66028594970703,124188.97884368896,0.0
2022-11-24,2327.TW,BUY,36,85.92605590820312,3093.3380126953125,0.0
2022-11-24,9904.TW,BUY,4687,26.494842529296875,124181.32693481445,0.0
2022-11-24,3443.TW,SELL,176,717.1522216796875,126218.791015625,0.0
2022-11-24,3034.TW,SELL,526,237.2001495361328,124767.27865600586,0.0
2022-11-24,6415.TW,SELL,6,477.01446533203125,2862.0867919921875,0.0
2022-11-25,5880.TW,SELL,6011,20.66028594970703,124188.97884368896,0.0
2022-11-25,9904.TW,SELL,4687,26.578685760498047,124574.30015945435,0.0
2022-11-25,2327.TW,BUY,12,84.59534454345703,1015.1441345214844,0.0
2022-11-25,3661.TW,BUY,144,854.9065551757812,123106.5439453125,0.0
2022-11-25,3665.TW,BUY,547,225.13796997070312,123150.46957397461,0.0
2022-11-25,6415.TW,BUY,1,471.671142578125,471.671142578125,0.0
2022-11-25,6669.TW,BUY,3,254.79722595214844,764.3916778564453,0.0
2022-11-28,2454.TW,BUY,217,566.8703002929688,123010.85516357422,0.0
2022-11-28,6415.TW,BUY,3,464.8704833984375,1394.6114501953125,0.0
2022-11-28,3443.TW,BUY,174,704.63818359375,122607.0439453125,0.0
2022-11-28,2327.TW,BUY,23,83.16958618164062,1912.9004821777344,0.0
2022-11-28,2303.TW,BUY,3398,36.2197265625,123074.630859375,0.0
2022-11-28,6669.TW,SELL,484,256.2872619628906,124043.03479003906,0.0
2022-11-28,3665.TW,SELL,547,226.94630432128906,124139.62846374512,0.0
2022-11-28,3661.TW,SELL,144,861.6838989257812,124082.4814453125,0.0
2022-11-29,3661.TW,BUY,140,873.3021240234375,122262.29736328125,0.0
2022-11-29,3443.TW,BUY,1,699.8250732421875,699.8250732421875,0.0
2022-11-29,3037.TW,BUY,880,139.54818725585938,122802.40478515625,0.0
2022-11-29,6415.TW,BUY,6,453.69805908203125,2722.1883544921875,0.0
2022-11-29,2327.TW,SELL,5,83.26464080810547,416.32320404052734,0.0
2022-11-29,2303.TW,SELL,3398,36.42366409301758,123767.61058807373,0.0
2022-11-29,2454.TW,SELL,217,574.9338989257812,124760.65606689453,0.0
2022-11-30,2327.TW,SELL,1475,88.01717376708984,129825.33130645752,0.0
2022-11-30,3037.TW,SELL,880,143.70689392089844,126462.06665039062,0.0
2022-11-30,3661.TW,SELL,1,897.5066528320312,897.5066528320312,0.0
2022-11-30,3443.TW,BUY,2,703.6754760742188,1407.3509521484375,0.0
2022-11-30,5880.TW,BUY,5966,20.93523406982422,124899.60646057129,0.0
2022-11-30,6415.TW,BUY,15,437.1822814941406,6557.734222412109,0.0
2022-11-30,9904.TW,BUY,4619,27.039831161499023,124896.98013496399,0.0
2022-12-01,2615.TW,BUY,2022,62.87511444091797,127133.48139953613,0.0
2022-12-01,3661.TW,BUY,7,866.5247802734375,6065.6734619140625,0.0
2022-12-01,2474.TW,BUY,905,140.43478393554688,127093.47946166992,0.0
2022-12-01,3034.TW,BUY,545,233.2729949951172,127133.78227233887,0.0
2022-12-01,6415.TW,SELL,21,480.9005432128906,10098.911407470703,0.0
2022-12-01,5880.TW,SELL,5966,20.974512100219727,125133.93918991089,0.0
2022-12-01,9904.TW,SELL,4619,27.333284378051758,126252.44054222107,0.0
2022-12-01,3443.TW,SELL,177,712.339111328125,126084.02270507812,0.0
2022-12-02,5880.TW,BUY,6269,20.738842010498047,130011.80056381226,0.0
2022-12-02,2892.TW,BUY,6229,20.870969772338867,130005.2707118988,0.0
2022-12-02,2615.TW,BUY,68,62.20711898803711,4230.084091186523,0.0
2022-12-02,3661.TW,BUY,1,883.9521484375,883.9521484375,0.0
2022-12-02,6415.TW,SELL,264,528.5047607421875,139525.2568359375,0.0
2022-12-02,3034.TW,SELL,545,234.84384155273438,127989.89364624023,0.0
2022-12-02,2474.TW,SELL,905,140.03807067871094,126734.4539642334,0.0
2022-12-02,2330.TW,BUY,282,459.9180603027344,129696.8930053711,0.0
2022-12-05,2330.TW,SELL,282,456.6496276855469,128775.19500732422,0.0
2022-12-05,2615.TW,SELL,2090,62.04011917114258,129663.84906768799,0.0
2022-12-05,2892.TW,SELL,6229,20.911340713500977,130256.74130439758,0.0
2022-12-05,2474.TW,BUY,926,139.64138793945312,129307.9252319336,0.0
2022-12-05,3443.TW,BUY,176,732.5541381835938,128929.5283203125,0.0
2022-12-05,5880.TW,BUY,42,20.503171920776367,861.1332206726074,0.0
2022-12-05,6669.TW,BUY,479,269.6976623535156,129185.18026733398,0.0
2022-12-06,3661.TW,BUY,1,865.556640625,865.556640625,0.0
2022-12-06,6415.TW,BUY,257,498.3878173828125,128085.66906738281,0.0
2022-12-06,2615.TW,BUY,2175,58.95064163208008,128217.64554977417,0.0
2022-12-06,5880.TW,BUY,16,20.267505645751953,324.28009033203125,0.0
2022-12-06,3443.TW,SELL,176,735.4420166015625,129437.794921875,0.0
2022-12-06,2474.TW,SELL,3,138.8479461669922,416.54383850097656,0.0
2022-12-06,6669.TW,SELL,479,265.5255432128906,127186.73519897461,0.0
2022-12-07,2474.TW,SELL,923,140.03807067871094,129255.1392364502,0.0
2022-12-07,5880.TW,SELL,6327,20.463895797729492,129475.0687122345,0.0
2022-12-07,2615.TW,BUY,2,57.698143005371094,115.39628601074219,0.0
2022-12-07,3037.TW,BUY,906,138.6240234375,125593.365234375,0.0
2022-12-07,3443.TW,BUY,175,714.2643432617188,124996.26007080078,0.0
2022-12-07,3661.TW,BUY,3,830.7019653320312,2492.1058959960938,0.0
2022-12-07,6415.TW,BUY,10,469.72808837890625,4697.2808837890625,0.0
2022-12-08,6415.TW,BUY,14,444.95440673828125,6229.3616943359375,0.0
2022-12-08,2615.TW,BUY,11,57.2806510925293,630.0871620178223,0.0
2022-12-08,2474.TW,BUY,908,138.0545654296875,125353.54541015625,0.0
2022-12-08,2303.TW,BUY,3615,34.66978073120117,125331.25734329224,0.0
2022-12-08,3443.TW,SELL,175,734.4793701171875,128533.88977050781,0.0
2022-12-08,3037.TW,SELL,906,138.1619415283203,125174.7190246582,0.0
2022-12-08,3661.TW,SELL,4,850.065673828125,3400.2626953125,0.0
2022-12-09,2303.TW,SELL,3615,35.48554229736328,128280.23540496826,0.0
2022-12-09,2615.TW,SELL,2188,58.533138275146484,128070.50654602051,0.0
2022-12-09,3661.TW,SELL,2,885.8884887695312,1771.7769775390625,0.0
2022-12-09,6415.TW,SELL,4,463.41326904296875,1853.653076171875,0.0
2022-12-09,2474.TW,BUY,25,137.6578369140625,3441.4459228515625,0.0
2022-12-09,3008.TW,BUY,66,1925.4921875,127082.484375,0.0
2022-12-09,3037.TW,BUY,930,138.1619415283203,128490.60562133789,0.0
2022-12-12,2615.TW,BUY,2217,57.86514663696289,128287.03009414673,0.0
2022-12-12,3661.TW,BUY,5,851.0338745117188,4255.169372558594,0.0
2022-12-12,2454.TW,BUY,223,574.1275634765625,128030.44665527344,0.0
2022-12-12,3443.TW,BUY,174,733.5167846679688,127631.92053222656,0.0
2022-12-12,3037.TW,SELL,930,138.6240234375,128920.341796875,0.0
2022-12-12,3008.TW,SELL,66,1934.2845458984375,127662.78002929688,0.0
2022-12-12,2474.TW,SELL,933,138.4512481689453,129175.01454162598,0.0
2022-12-12,6415.TW,SELL,6,472.1568908691406,2832.9413452148438,0.0
2022-12-13,3037.TW,BUY,953,134.92738342285156,128585.79640197754,0.0
2022-12-13,2890.TW,BUY,9328,13.793601036071777,128666.71046447754,0.0
2022-12-13,2327.TW,BUY,1428,90.1082992553711,128674.65133666992,0.0
2022-12-13,3661.TW,BUY,3,837.479248046875,2512.437744140625,0.0
2022-12-13,3443.TW,SELL,174,738.3298950195312,128469.40173339844,0.0
2022-12-13,2615.TW,SELL,2217,58.70014190673828,130138.21460723877,0.0
2022-12-13,2454.TW,SELL,223,571.70849609375,127490.99462890625,0.0
2022-12-13,6415.TW,SELL,2,477.9859924316406,955.9719848632812,0.0
2022-12-14,2327.TW,SELL,1428,92.3895263671875,131932.24365234375,0.0
2022-12-14,3661.TW,SELL,2,882.0157470703125,1764.031494140625,0.0
2022-12-14,6415.TW,SELL,269,516.8466186523438,139031.74041748047,0.0
2022-12-14,2615.TW,BUY,2258,59.03413772583008,133299.08298492432,0.0
2022-12-14,2890.TW,BUY,229,13.9521484375,3195.0419921875,0.0
2022-12-14,3037.TW,BUY,25,136.31362915039062,3407.8407287597656,0.0
2022-12-14,3665.TW,BUY,561,237.34423828125,133150.11767578125,0.0
2022-12-15,3443.TW,BUY,176,754.6943969726562,132826.2138671875,0.0
2022-12-15,6415.TW,BUY,263,505.1884460449219,132864.56130981445,0.0
2022-12-15,3661.TW,BUY,4,856.8429565429688,3427.371826171875,0.0
2022-12-15,2474.TW,BUY,965,138.0545654296875,133222.65563964844,0.0
2022-12-15,3665.TW,SELL,561,237.7963409423828,133403.74726867676,0.0
2022-12-15,3037.TW,SELL,978,137.69985961914062,134670.46270751953,0.0
2022-12-15,2890.TW,SELL,9557,13.83323860168457,132204.26131629944,0.0
2022-12-15,2615.TW,SELL,2258,60.53712844848633,136692.83603668213,0.0
2022-12-15,2454.TW,BUY,242,549.13037109375,132889.5498046875,0.0
2022-12-16,6415.TW,BUY,5,488.6726379394531,2443.3631896972656,0.0
2022-12-16,3008.TW,BUY,67,1956.2647705078125,131069.73962402344,0.0
2022-12-16,2454.TW,BUY,4,532.1969604492188,2128.787841796875,0.0
2022-12-16,3037.TW,BUY,999,131.23072814941406,131099.49742126465,0.0
2022-12-16,3443.TW,SELL,176,757.582275390625,133334.48046875,0.0
2022-12-16,2474.TW,SELL,965,136.4677276611328,131691.35719299316,0.0
2022-12-16,3661.TW,SELL,1,848.1292724609375,848.1292724609375,0.0
2022-12-19,6415.TW,BUY,15,458.06988525390625,6871.048278808594,0.0
2022-12-19,2454.TW,SELL,246,528.971435546875,130126.97314453125,0.0
2022-12-19,3008.TW,SELL,67,1978.2454833984375,132542.4473876953,0.0
2022-12-19,3037.TW,SELL,999,129.84449768066406,129714.6531829834,0.0
2022-12-19,3661.TW,SELL,3,856.8429565429688,2570.5288696289062,0.0
2022-12-19,2474.TW,BUY,967,134.0874786376953,129662.59184265137,0.0
2022-12-19,2615.TW,BUY,2038,63.62660598754883,129671.02300262451,0.0
2022-12-19,6669.TW,BUY,510,254.20120239257812,129642.61322021484,0.0
2022-12-20,3443.TW,BUY,176,717.1522216796875,126218.791015625,0.0
2022-12-20,6415.TW,BUY,4,440.58258056640625,1762.330322265625,0.0
2022-12-20,3037.TW,BUY,1083,116.90626525878906,126609.48527526855,0.0
2022-12-20,3661.TW,BUY,7,796.8154907226562,5577.708435058594,0.0
2022-12-20,6669.TW,SELL,510,251.2211456298828,128122.78427124023,0.0
2022-12-20,2615.TW,SELL,2038,64.04410552978516,130521.88706970215,0.0
2022-12-20,2474.TW,SELL,967,133.6907501220703,129278.95536804199,0.0
2022-12-20,2327.TW,BUY,1462,86.59141540527344,126596.64932250977,0.0
2022-12-21,2327.TW,SELL,1462,86.40131378173828,126318.72074890137,0.0
2022-12-21,3443.TW,SELL,176,721.9652709960938,127065.8876953125,0.0
2022-12-21,2474.TW,BUY,940,132.50062561035156,124550.58807373047,0.0
2022-12-21,3008.TW,BUY,64,1921.096435546875,122950.171875,0.0
2022-12-21,3037.TW,BUY,36,111.36129760742188,4009.0067138671875,0.0
2022-12-21,3661.TW,BUY,1,783.260986328125,783.260986328125,0.0
2022-12-21,6415.TW,BUY,1,432.32470703125,432.32470703125,0.0
2022-12-22,6669.TW,BUY,505,247.3470001220703,124910.23506164551,0.0
2022-12-22,6415.TW,BUY,5,426.4956359863281,2132.4781799316406,0.0
2022-12-22,3443.TW,BUY,177,702.712890625,124380.181640625,0.0
2022-12-22,3661.TW,SELL,1,788.1018676757812,788.1018676757812,0.0
2022-12-22,3037.TW,SELL,1119,112.74754333496094,126164.50099182129,0.0
2022-12-22,2474.TW,SELL,940,136.4677276611328,128279.66400146484,0.0
2022-12-22,3008.TW,BUY,2,1881.5313720703125,3763.062744140625,0.0
2022-12-23,3008.TW,SELL,66,1881.5313720703125,124181.07055664062,0.0
2022-12-23,3443.TW,SELL,177,698.8624267578125,123698.64953613281,0.0
2022-12-23,6415.TW,SELL,5,432.32470703125,2161.62353515625,0.0
2022-12-23,2303.TW,BUY,3640,34.22111511230469,124564.85900878906,0.0
2022-12-23,2615.TW,BUY,1730,71.9765625,124519.453125,0.0
2022-12-23,3661.TW,BUY,2,777.4517822265625,1554.903564453125,0.0
2022-12-23,6669.TW,BUY,5,244.06893920898438,1220.3446960449219,0.0
2022-12-26,3661.TW,BUY,2,756.15185546875,1512.3037109375,0.0
2022-12-26,3443.TW,BUY,182,671.9090576171875,122287.44848632812,0.0
2022-12-26,3037.TW,BUY,1078,113.67169952392578,122538.09208679199,0.0
2022-12-26,6415.TW,SELL,5,432.32470703125,2161.62353515625,0.0
2022-12-26,6669.TW,SELL,510,241.98287963867188,123411.26861572266,0.0
2022-12-26,2303.TW,SELL,3640,34.18032455444336,124416.38137817383,0.0
2022-12-26,2615.TW,BUY,51,68.80358123779297,3508.9826431274414,0.0
2022-12-27,3443.TW,SELL,182,675.7595825195312,122988.24401855469,0.0
2022-12-27,6415.TW,SELL,4,440.58258056640625,1762.330322265625,0.0
2022-12-27,2615.TW,BUY,12,68.55307006835938,822.6368408203125,0.0
2022-12-27,3037.TW,BUY,8,113.2096176147461,905.6769409179688,0.0
2022-12-27,9910.TW,BUY,776,158.43516540527344,122945.68835449219,0.0
2022-12-28,6415.TW,BUY,4,422.1238098144531,1688.4952392578125,0.0
2022-12-28,3665.TW,BUY,557,214.74002075195312,119610.19155883789,0.0
2022-12-28,3661.TW,BUY,2,726.1380615234375,1452.276123046875,0.0
2022-12-28,3443.TW,BUY,195,612.2266235351562,119384.19158935547,0.0
2022-12-28,9910.TW,SELL,776,159.96226501464844,124130.71765136719,0.0
2022-12-28,3037.TW,SELL,1086,110.89921569824219,120436.54824829102,0.0
2022-12-28,2615.TW,BUY,22,65.96459197998047,1451.2210235595703,0.0
2022-12-29,3443.TW,SELL,2,625.7033081054688,1251.4066162109375,0.0
2022-12-29,3661.TW,SELL,2,744.5336303710938,1489.0672607421875,0.0
2022-12-29,3665.TW,SELL,557,213.83587646484375,119106.58319091797,0.0
2022-12-29,2615.TW,BUY,11,66.131591796875,727.447509765625,0.0
2022-12-29,6415.TW,BUY,4,420.1807861328125,1680.72314453125,0.0
2022-12-29,9910.TW,BUY,771,156.52630615234375,120681.78204345703,0.0
2022-12-30,3443.TW,BUY,4,617.0397338867188,2468.158935546875,0.0
2022-12-30,3037.TW,BUY,1097,110.89921569824219,121656.43962097168,0.0
2022-12-30,9910.TW,SELL,771,157.67161560058594,121564.81562805176,0.0
2022-12-30,2454.TW,BUY,241,503.9742736816406,121457.79995727539,0.0
2022-12-30,3661.TW,SELL,3,762.9290771484375,2288.7872314453125,0.0
2022-12-30,6415.TW,SELL,1,424.0668640136719,424.0668640136719,0.0
2022-12-30,2615.TW,SELL,1826,66.88308715820312,122128.5171508789,0.0
2023-01-03,2454.TW,SELL,241,519.295166015625,125150.13500976562,0.0
2023-01-03,3037.TW,SELL,1097,112.74754333496094,123684.05503845215,0.0
2023-01-03,3443.TW,SELL,197,658.432373046875,129711.17749023438,0.0
2023-01-03,3661.TW,SELL,6,827.7974243164062,4966.7845458984375,0.0
2023-01-03,2615.TW,BUY,1927,66.131591796875,127435.57739257812,0.0
2023-01-03,2890.TW,BUY,9687,13.159412384033203,127475.22776412964,0.0
2023-01-03,6415.TW,BUY,3,440.58258056640625,1321.7477416992188,0.0
2023-01-03,9910.TW,BUY,818,155.7627410888672,127413.92221069336,0.0
2023-01-04,9910.TW,BUY,8,154.2356719970703,1233.8853759765625,0.0
2023-01-04,6669.TW,BUY,533,238.70477294921875,127229.6439819336,0.0
2023-01-04,3665.TW,BUY,599,212.4796142578125,127275.28894042969,0.0
2023-01-04,3661.TW,SELL,153,851.0338745117188,130208.18280029297,0.0
2023-01-04,2890.TW,SELL,9687,13.238686561584473,128243.15672206879,0.0
2023-01-04,2615.TW,BUY,52,64.37810516357422,3347.6614685058594,0.0
2023-01-05,2615.TW,SELL,22,64.37810516357422,1416.3183135986328,0.0
2023-01-05,3665.TW,SELL,599,217.9046173095703,130524.86576843262,0.0
2023-01-05,6415.TW,SELL,7,445.9259338378906,3121.4815368652344,0.0
2023-01-05,9910.TW,SELL,13,154.9992218017578,2014.9898834228516,0.0
2023-01-05,3661.TW,BUY,151,829.7337646484375,125289.79846191406,0.0
2023-01-05,6669.TW,BUY,51,215.46011352539062,10988.465789794922,0.0
2023-01-06,3231.TW,BUY,4897,26.023635864257812,127437.74482727051,0.0
2023-01-06,9910.TW,BUY,17,153.47213745117188,2609.026336669922,0.0
2023-01-06,3661.TW,BUY,6,810.3700561523438,4862.2203369140625,0.0
2023-01-06,2474.TW,BUY,936,136.07101440429688,127362.46948242188,0.0
2023-01-06,6669.TW,SELL,584,221.12228393554688,129135.41381835938,0.0
2023-01-06,6415.TW,SELL,282,470.2138671875,132600.310546875,0.0
2023-01-06,2615.TW,SELL,1957,64.96260070800781,127131.80958557129,0.0
2023-01-06,2308.TW,BUY,502,253.65109252929688,127332.84844970703,0.0
2023-01-09,9904.TW,BUY,4567,28.590951919555664,130574.87741661072,0.0
2023-01-09,2308.TW,SELL,502,263.9090270996094,132482.3316040039,0.0
2023-01-09,2474.TW,SELL,936,139.2446746826172,130333.01550292969,0.0
2023-01-09,3231.TW,SELL,4897,26.645360946655273,130482.33255577087,0.0
2023-01-09,2615.TW,BUY,2017,64.71210479736328,130524.31537628174,0.0
2023-01-09,3034.TW,BUY,477,273.72271728515625,130565.73614501953,0.0
2023-01-09,9910.TW,BUY,8,155.7627410888672,1246.1019287109375,0.0
2023-01-10,3661.TW,BUY,1,823.9246826171875,823.9246826171875,0.0
2023-01-10,3034.TW,BUY,3,272.5445556640625,817.6336669921875,0.0
2023-01-10,2615.TW,BUY,32,63.87710952758789,2044.0675048828125,0.0
2023-01-10,9904.TW,SELL,4567,28.716718673706055,131149.25418281555,0.0
2023-01-10,9910.TW,SELL,838,160.34402465820312,134368.29266357422,0.0
2023-01-10,6415.TW,BUY,259,504.2169189453125,130592.18200683594,0.0
2023-01-10,2357.TW,BUY,591,221.49546813964844,130903.82167053223,0.0
2023-01-11,9904.TW,BUY,4598,28.3813419342041,130497.41021347046,0.0
2023-01-11,6669.TW,BUY,582,224.10235595703125,130427.57116699219,0.0
2023-01-11,9910.TW,BUY,827,157.67161560058594,130394.42610168457,0.0
2023-01-11,3661.TW,BUY,3,806.497314453125,2419.491943359375,0.0
2023-01-11,3045.TW,BUY,1611,80.9713363647461,130444.82288360596,0.0
2023-01-11,6415.TW,SELL,259,505.1884460449219,130843.80752563477,0.0
2023-01-11,3034.TW,SELL,480,275.2935485839844,132140.9033203125,0.0
2023-01-11,2615.TW,SELL,2049,63.543113708496094,130199.8399887085,0.0
2023-01-11,2357.TW,SELL,591,221.08453369140625,130660.9594116211,0.0
2023-01-12,3045.TW,SELL,1611,80.29302978515625,129352.07098388672,0.0
2023-01-12,6669.TW,SELL,582,229.46652221679688,133549.51593017578,0.0
2023-01-12,9904.TW,SELL,4598,28.465187072753906,130882.93016052246,0.0
2023-01-12,2615.TW,BUY,2115,61.87311935424805,130861.64743423462,0.0
2023-01-12,3034.TW,BUY,483,270.5809631347656,130690.6051940918,0.0
2023-01-12,6415.TW,BUY,269,485.7580871582031,130668.92544555664,0.0
2023-01-12,9910.TW,BUY,11,156.14453125,1717.58984375,0.0
2023-01-13,5871.TW,BUY,765,171.94760131835938,131539.91500854492,0.0
2023-01-13,3661.TW,BUY,1,810.3700561523438,810.3700561523438,0.0
2023-01-13,3443.TW,BUY,200,656.507080078125,131301.416015625,0.0
2023-01-13,3008.TW,BUY,74,1762.8365478515625,130449.90454101562,0.0
2023-01-13,3034.TW,SELL,483,271.7591247558594,131259.65725708008,0.0
2023-01-13,9910.TW,SELL,838,157.2898406982422,131808.88650512695,0.0
2023-01-13,6415.TW,SELL,269,492.5587158203125,132498.29455566406,0.0
2023-01-13,2615.TW,SELL,2115,62.20711898803711,131568.0566596985,0.0
2023-01-13,2880.TW,BUY,6905,19.068124771118164,131665.40154457092,0.0
2023-01-16,2615.TW,BUY,2202,61.53912353515625,135509.15002441406,0.0
2023-01-16,9910.TW,BUY,867,156.14453125,135377.30859375,0.0
2023-01-16,6415.TW,BUY,268,504.2169189453125,135130.13427734375,0.0
2023-01-16,3034.TW,BUY,500,270.9736633300781,135486.83166503906,0.0
2023-01-16,2327.TW,BUY,1389,97.52227783203125,135458.4439086914,0.0
2023-01-16,5871.TW,SELL,765,179.30572509765625,137168.87969970703,0.0
2023-01-16,3661.TW,SELL,162,834.57470703125,135201.1025390625,0.0
2023-01-16,3443.TW,SELL,200,678.6473999023438,135729.47998046875,0.0
2023-01-16,3008.TW,SELL,74,1802.4013671875,133377.701171875,0.0
2023-01-16,2880.TW,SELL,6905,19.40265464782715,133975.33034324646,0.0
2023-01-17,3661.TW,BUY,166,819.0838012695312,135967.9110107422,0.0
2023-01-17,2880.TW,BUY,7123,19.193571090698242,136715.80687904358,0.0
2023-01-17,2615.TW,BUY,22,61.455623626708984,1352.0237197875977,0.0
2023-01-17,6669.TW,BUY,584,233.9366455078125,136619.0009765625,0.0
2023-01-17,6415.TW,SELL,1,511.0174865722656,511.0174865722656,0.0
2023-01-17,3034.TW,SELL,500,273.3299865722656,136664.9932861328,0.0
2023-01-17,2327.TW,SELL,1389,98.66288757324219,137042.7508392334,0.0
2023-01-17,9910.TW,SELL,867,158.0533905029297,137032.28956604004,0.0
2023-01-30,2615.TW,SELL,2224,63.125614166259766,140391.36590576172,0.0
2023-01-30,2880.TW,SELL,7123,19.569917678833008,139396.52362632751,0.0
2023-01-30,6415.TW,SELL,267,561.536376953125,149930.21264648438,0.0
2023-01-30,2317.TW,BUY,1647,85.495849609375,140811.66430664062,0.0
2023-01-30,3034.TW,BUY,510,275.6862487792969,140599.9868774414,0.0
2023-01-30,3661.TW,BUY,2,836.510986328125,1673.02197265625,0.0
2023-01-30,6669.TW,BUY,28,230.0625457763672,6441.751281738281,0.0
2023-01-30,9910.TW,BUY,913,154.2356719970703,140817.1685333252,0.0
2023-01-31,5871.TW,BUY,800,174.27120971679688,139416.9677734375,0.0
2023-01-31,6669.TW,BUY,11,223.50633239746094,2458.5696563720703,0.0
2023-01-31,9910.TW,BUY,13,150.41793823242188,1955.4331970214844,0.0
2023-01-31,3661.TW,BUY,2,816.1792602539062,1632.3585205078125,0.0
2023-01-31,3034.TW,SELL,510,278.8280029296875,142202.28149414062,0.0
2023-01-31,3711.TW,BUY,1623,85.8966293334961,139410.22940826416,0.0
2023-01-31,2317.TW,SELL,1647,86.8902816772461,143108.29392242432,0.0
2023-02-01,3661.TW,SELL,170,859.7474975585938,146157.07458496094,0.0
2023-02-01,3711.TW,SELL,1623,87.61457061767578,142198.4481124878,0.0
2023-02-01,5871.TW,SELL,800,181.62933349609375,145303.466796875,0.0
2023-02-01,2891.TW,BUY,7503,19.09541893005371,143272.928232193,0.0
2023-02-01,6415.TW,BUY,250,571.25146484375,142812.8662109375,0.0
2023-02-01,6669.TW,BUY,3,228.57249450683594,685.7174835205078,0.0
2023-02-01,9904.TW,BUY,5048,28.3813419342041,143269.0140838623,0.0
2023-02-01,9910.TW,BUY,26,150.41793823242188,3910.8663940429688,0.0
2023-02-02,6415.TW,BUY,1,577.08056640625,577.08056640625,0.0
2023-02-02,5871.TW,BUY,811,178.91844177246094,145102.85627746582,0.0
2023-02-02,3661.TW,BUY,162,896.5384521484375,145239.22924804688,0.0
2023-02-02,2912.TW,BUY,623,232.89581298828125,145094.09149169922,0.0
2023-02-02,9904.TW,SELL,5048,28.171728134155273,142210.88362121582,0.0
2023-02-02,9910.TW,SELL,952,151.18150329589844,143924.7911376953,0.0
2023-02-02,6669.TW,SELL,626,245.26097106933594,153533.3678894043,0.0
2023-02-02,2891.TW,BUY,189,18.88558006286621,3569.374631881714,0.0
2023-02-03,6415.TW,BUY,1,576.1090698242188,576.1090698242188,0.0
2023-02-03,9910.TW,BUY,966,150.7997283935547,145672.53762817383,0.0
2023-02-03,6669.TW,BUY,581,250.62510681152344,145613.18705749512,0.0
2023-02-03,3443.TW,BUY,176,827.8536376953125,145702.240234375,0.0
2023-02-03,1216.TW,BUY,2565,56.79751205444336,145685.61841964722,0.0
2023-02-03,5871.TW,SELL,811,178.14390563964844,144474.70747375488,0.0
2023-02-03,3661.TW,SELL,162,912.9976196289062,147905.6143798828,0.0
2023-02-03,2912.TW,SELL,623,234.6370849609375,146178.90393066406,0.0
2023-02-03,2891.TW,SELL,7692,18.80164337158203,144622.24081420898,0.0
2023-02-06,3661.TW,BUY,158,903.3157958984375,142723.89575195312,0.0
2023-02-06,3443.TW,BUY,10,768.1710815429688,7681.7108154296875,0.0
2023-02-06,3037.TW,BUY,1200,119.21665954589844,143059.99145507812,0.0
2023-02-06,6415.TW,BUY,2,561.536376953125,1123.07275390625,0.0
2023-02-06,9910.TW,SELL,966,149.6544189453125,144566.16870117188,0.0
2023-02-06,6669.TW,SELL,581,254.79722595214844,148037.18827819824,0.0
2023-02-06,1216.TW,SELL,2565,56.71183776855469,145465.86387634277,0.0
2023-02-06,2330.TW,BUY,289,494.02923583984375,142774.44915771484,0.0
2023-02-07,2330.TW,SELL,289,491.21160888671875,141960.15496826172,0.0
2023-02-07,3443.TW,SELL,186,809.5637817382812,150578.8634033203,0.0
2023-02-07,3661.TW,SELL,158,918.8067016601562,145171.4588623047,0.0
2023-02-07,6415.TW,SELL,2,578.0521240234375,1156.104248046875,0.0
2023-02-07,2327.TW,BUY,1452,100.56389617919922,146018.77725219727,0.0
2023-02-07,3037.TW,BUY,15,120.14081573486328,1802.1122360229492,0.0
2023-02-07,6669.TW,BUY,581,251.2211456298828,145959.4856109619,0.0
2023-02-07,9904.TW,BUY,5230,27.920196533203125,146022.62786865234,0.0
2023-02-08,2883.TW,BUY,13162,11.389968872070312,149914.77029418945,0.0
2023-02-08,3037.TW,BUY,18,121.52705383300781,2187.4869689941406,0.0
2023-02-08,3443.TW,BUY,168,890.4239501953125,149591.2236328125,0.0
2023-02-08,2474.TW,BUY,1021,146.78211975097656,149864.54426574707,0.0
2023-02-08,6669.TW,SELL,581,253.3072052001953,147171.48622131348,0.0
2023-02-08,2327.TW,SELL,1452,100.94410705566406,146570.84344482422,0.0
2023-02-08,9904.TW,SELL,5230,28.213653564453125,147557.40814208984,0.0
2023-02-08,6415.TW,SELL,17,635.3716430664062,10801.317932128906,0.0
2023-02-09,2474.TW,SELL,1021,147.57553100585938,150674.61715698242,0.0
2023-02-09,2883.TW,SELL,13162,11.389968872070312,149914.77029418945,0.0
2023-02-09,3037.TW,SELL,9,122.45121765136719,1102.0609588623047,0.0
2023-02-09,2327.TW,BUY,1543,97.14207458496094,149890.22108459473,0.0
2023-02-09,3443.TW,BUY,1,885.6107788085938,885.6107788085938,0.0
2023-02-09,3665.TW,BUY,624,240.0567626953125,149795.419921875,0.0
2023-02-09,6415.TW,BUY,2,631.4855346679688,1262.9710693359375,0.0
2023-02-10,3665.TW,SELL,624,240.96092224121094,150359.61547851562,0.0
2023-02-10,6669.TW,BUY,592,250.62510681152344,148370.06323242188,0.0
2023-02-10,6415.TW,BUY,5,613.0267333984375,3065.1336669921875,0.0
2023-02-10,2327.TW,SELL,1543,98.09257507324219,151356.8433380127,0.0
2023-02-10,3037.TW,BUY,20,119.21665954589844,2384.3331909179688,0.0
2023-02-10,3661.TW,BUY,156,946.8840942382812,147713.91870117188,0.0
2023-02-13,3037.TW,SELL,22,118.75457763671875,2612.6007080078125,0.0
2023-02-13,3443.TW,SELL,2,864.43310546875,1728.8662109375,0.0
2023-02-13,6415.TW,BUY,4,588.7388305664062,2354.955322265625,0.0
2023-02-13,6669.TW,BUY,6,242.57888793945312,1455.4733276367188,0.0
2023-02-14,3661.TW,BUY,8,882.98388671875,7063.87109375,0.0
2023-02-14,6415.TW,BUY,2,582.9097290039062,1165.8194580078125,0.0
2023-02-14,2049.TW,BUY,634,228.4143524169922,144814.69943237305,0.0
2023-02-14,3443.TW,SELL,167,876.947265625,146450.193359375,0.0
2023-02-14,3037.TW,SELL,29,121.52705383300781,3524.2845611572266,0.0
2023-02-14,6669.TW,SELL,10,246.4530029296875,2464.530029296875,0.0
2023-02-15,3037.TW,SELL,1193,127.072021484375,151596.92163085938,0.0
2023-02-15,3661.TW,SELL,1,890.7294311523438,890.7294311523438,0.0
2023-02-15,6669.TW,SELL,588,244.96295166015625,144038.21557617188,0.0
2023-02-15,2049.TW,BUY,10,225.57102966308594,2255.7102966308594,0.0
2023-02-15,2330.TW,BUY,295,493.0899963378906,145461.54891967773,0.0
2023-02-15,2454.TW,BUY,254,572.5148315429688,145418.76721191406,0.0
2023-02-15,6415.TW,BUY,6,571.25146484375,3427.5087890625,0.0
2023-02-16,6415.TW,BUY,2,570.280029296875,1140.56005859375,0.0
2023-02-16,3037.TW,BUY,1142,127.9961929321289,146171.6523284912,0.0
2023-02-16,2454.TW,BUY,1,573.3212280273438,573.3212280273438,0.0
2023-02-16,2049.TW,BUY,20,219.8843536376953,4397.687072753906,0.0
2023-02-16,2330.TW,SELL,295,495.9076232910156,146292.7488708496,0.0
2023-02-16,3661.TW,SELL,6,930.4249267578125,5582.549560546875,0.0
2023-02-17,2049.TW,SELL,664,225.0971221923828,149464.4891357422,0.0
2023-02-17,2454.TW,SELL,255,582.9974365234375,148664.34631347656,0.0
2023-02-17,2330.TW,BUY,298,486.5154724121094,144981.6107788086,0.0
2023-02-17,3008.TW,BUY,76,1903.51171875,144666.890625,0.0
2023-02-17,3037.TW,BUY,13,125.685791015625,1633.915283203125,0.0
2023-02-17,3661.TW,BUY,4,899.4430541992188,3597.772216796875,0.0
2023-02-17,6415.TW,BUY,4,558.621826171875,2234.4873046875,0.0
2023-02-20,2330.TW,BUY,3,485.5762939453125,1456.7288818359375,0.0
2023-02-20,3661.TW,BUY,1,897.5066528320312,897.5066528320312,0.0
2023-02-20,2049.TW,BUY,653,223.67547607421875,146060.08587646484,0.0
2023-02-20,6669.TW,BUY,590,247.64508056640625,146110.5975341797,0.0
2023-02-20,3037.TW,SELL,1155,126.14787292480469,145700.7932281494,0.0
2023-02-20,3008.TW,SELL,76,1925.4921875,146337.40625,0.0
2023-02-20,6415.TW,SELL,4,571.25146484375,2285.005859375,0.0
2023-02-21,9910.TW,BUY,1081,138.20127868652344,149395.58226013184,0.0
2023-02-21,6415.TW,BUY,1,579.9951782226562,579.9951782226562,0.0
2023-02-21,3661.TW,BUY,2,910.0930786132812,1820.1861572265625,0.0
2023-02-21,9904.TW,BUY,5305,28.171728134155273,149451.01775169373,0.0
2023-02-21,6669.TW,SELL,590,255.9892578125,151033.662109375,0.0
2023-02-21,2330.TW,SELL,301,484.6370544433594,145875.75338745117,0.0
2023-02-21,2049.TW,SELL,653,234.5749053955078,153177.4132232666,0.0
2023-02-21,3037.TW,BUY,1176,127.072021484375,149436.697265625,0.0
2023-02-22,9904.TW,SELL,5305,28.129806518554688,149228.62358093262,0.0
2023-02-22,9910.TW,SELL,1081,140.11013793945312,151459.05911254883,0.0
2023-02-22,2327.TW,BUY,1427,102.84512329101562,146759.9909362793,0.0
2023-02-22,3034.TW,BUY,457,321.24127197265625,146807.2612915039,0.0
2023-02-22,3037.TW,BUY,14,123.37537384033203,1727.2552337646484,0.0
2023-02-22,3661.TW,BUY,4,871.36572265625,3485.462890625,0.0
2023-02-22,6415.TW,BUY,3,563.4793701171875,1690.4381103515625,0.0
2023-02-23,3037.TW,BUY,14,123.83745574951172,1733.724380493164,0.0
2023-02-23,2327.TW,BUY,18,103.22532653808594,1858.0558776855469,0.0
2023-02-23,6415.TW,BUY,2,567.365478515625,1134.73095703125,0.0
2023-02-23,3661.TW,SELL,8,927.5203857421875,7420.1630859375,0.0
2023-02-23,3034.TW,SELL,457,321.24127197265625,146807.2612915039,0.0
2023-02-23,2049.TW,BUY,642,232.20545959472656,149075.90505981445,0.0
2023-02-24,2049.TW,SELL,642,237.89212036132812,152726.74127197266,0.0
2023-02-24,2327.TW,SELL,1,102.27482604980469,102.27482604980469,0.0
2023-02-24,6415.TW,SELL,1,565.4224243164062,565.4224243164062,0.0
2023-02-24,2474.TW,BUY,1009,146.3854217529297,147702.89054870605,0.0
2023-02-24,3037.TW,BUY,45,118.2925033569336,5323.162651062012,0.0
2023-02-24,3661.TW,BUY,1,913.9658203125,913.9658203125,0.0
2023-03-01,6669.TW,BUY,544,280.1279602050781,152389.6103515625,0.0
2023-03-01,3443.TW,BUY,134,1135.89208984375,152209.5400390625,0.0
2023-03-01,2049.TW,BUY,649,235.0487823486328,152546.6597442627,0.0
2023-03-01,3661.TW,SELL,9,1002.0706176757812,9018.635559082031,0.0
2023-03-01,2474.TW,SELL,1009,147.57553100585938,148903.7107849121,0.0
2023-03-01,2327.TW,SELL,1444,102.27482604980469,147684.84881591797,0.0
2023-03-01,3037.TW,SELL,1249,121.52705383300781,151787.29023742676,0.0
2023-03-02,2049.TW,SELL,649,236.470458984375,153469.32788085938,0.0
2023-03-02,3443.TW,SELL,134,1150.331298828125,154144.39404296875,0.0
2023-03-02,6415.TW,SELL,2,586.7958374023438,1173.5916748046875,0.0
2023-03-02,2327.TW,BUY,1508,100.94410705566406,152223.7134399414,0.0
2023-03-02,3034.TW,BUY,473,321.63397216796875,152132.86883544922,0.0
2023-03-02,3661.TW,BUY,4,973.0250244140625,3892.10009765625,0.0
2023-03-02,6669.TW,BUY,2,278.6379089355469,557.2758178710938,0.0
2023-03-03,3661.TW,BUY,4,937.2022705078125,3748.80908203125,0.0
2023-03-03,6669.TW,BUY,5,273.2737731933594,1366.3688659667969,0.0
2023-03-03,3443.TW,BUY,144,1039.6300048828125,149706.720703125,0.0
2023-03-03,6415.TW,BUY,1,579.0236206054688,579.0236206054688,0.0
2023-03-03,3034.TW,SELL,473,322.4194030761719,152504.3776550293,0.0
2023-03-03,2049.TW,BUY,645,233.6271209716797,150689.4930267334,0.0
2023-03-03,2327.TW,SELL,1508,102.46492767333984,154517.11093139648,0.0
2023-03-06,2049.TW,SELL,645,235.99656677246094,152217.7855682373,0.0
2023-03-06,6669.TW,SELL,551,280.7239685058594,154678.90664672852,0.0
2023-03-06,2002.TW,BUY,5279,28.591026306152344,150932.02787017822,0.0
2023-03-06,2474.TW,BUY,1014,148.76565551757812,150848.37469482422,0.0
2023-03-06,3443.TW,BUY,1,1034.8170166015625,1034.8170166015625,0.0
2023-03-06,3661.TW,BUY,2,926.5521850585938,1853.1043701171875,0.0
2023-03-06,6415.TW,BUY,4,571.25146484375,2285.005859375,0.0
2023-03-07,6669.TW,BUY,542,278.6379089355469,151021.7466430664,0.0
2023-03-07,3661.TW,BUY,1,926.5521850585938,926.5521850585938,0.0
2023-03-07,3037.TW,BUY,1199,126.14787292480469,151251.29963684082,0.0
2023-03-07,3443.TW,BUY,1,1034.8170166015625,1034.8170166015625,0.0
2023-03-07,2474.TW,SELL,1014,148.36895751953125,150446.1229248047,0.0
2023-03-07,2002.TW,SELL,5279,28.869510650634766,152402.14672470093,0.0
2023-03-07,6415.TW,SELL,1,573.194580078125,573.194580078125,0.0
2023-03-08,3037.TW,SELL,1199,126.60995483398438,151805.33584594727,0.0
2023-03-08,3443.TW,SELL,146,1063.695556640625,155299.55126953125,0.0
2023-03-08,3661.TW,SELL,5,968.1841430664062,4840.920715332031,0.0
2023-03-08,6669.TW,SELL,542,282.2140197753906,152959.99871826172,0.0
2023-03-08,2327.TW,BUY,1470,104.55604553222656,153697.38693237305,0.0
2023-03-08,2454.TW,BUY,248,619.2836303710938,153582.34033203125,0.0
2023-03-08,3019.TW,BUY,2442,62.95521545410156,153736.63613891602,0.0
2023-03-08,6415.TW,BUY,7,569.3084716796875,3985.1593017578125,0.0
2023-03-09,2049.TW,BUY,638,241.68324279785156,154193.9089050293,0.0
2023-03-09,3665.TW,BUY,617,250.0026092529297,154251.60990905762,0.0
2023-03-09,2474.TW,BUY,1048,147.17881774902344,154243.40100097656,0.0
2023-03-09,6415.TW,SELL,2,575.1375732421875,1150.275146484375,0.0
2023-03-09,2327.TW,SELL,1470,102.84512329101562,151182.33123779297,0.0
2023-03-09,3019.TW,SELL,2442,62.68769454956055,153083.35009002686,0.0
2023-03-09,2454.TW,SELL,248,618.4771728515625,153382.3388671875,0.0
2023-03-09,3661.TW,SELL,4,997.2296142578125,3988.91845703125,0.0
2023-03-10,2474.TW,SELL,1048,146.3854217529297,153411.9219970703,0.0
2023-03-10,3665.TW,SELL,617,245.4817657470703,151462.24946594238,0.0
2023-03-10,2049.TW,BUY,4,234.1009979248047,936.4039916992188,0.0
2023-03-10,2327.TW,BUY,1526,98.47278594970703,150269.47135925293,0.0
2023-03-10,3037.TW,BUY,1236,121.52705383300781,150207.43853759766,0.0
2023-03-10,3661.TW,BUY,1,966.247802734375,966.247802734375,0.0
2023-03-10,6415.TW,BUY,5,549.878173828125,2749.390869140625,0.0
2023-03-13,6669.TW,BUY,540,272.677734375,147245.9765625,0.0
2023-03-13,6415.TW,BUY,24,495.4732360839844,11891.357666015625,0.0
2023-03-13,3019.TW,BUY,2498,59.03165817260742,147461.08211517334,0.0
2023-03-13,2049.TW,SELL,5,231.2576904296875,1156.2884521484375,0.0
2023-03-13,3037.TW,SELL,1236,123.37537384033203,152491.9620666504,0.0
2023-03-13,2327.TW,SELL,1526,98.66288757324219,150559.56643676758,0.0
2023-03-13,3661.TW,SELL,3,966.247802734375,2898.743408203125,0.0
2023-03-14,3019.TW,BUY,2,57.87242126464844,115.74484252929688,0.0
2023-03-14,6415.TW,BUY,12,468.27081298828125,5619.249755859375,0.0
2023-03-14,3443.TW,BUY,141,1020.377685546875,143873.25366210938,0.0
2023-03-14,3008.TW,BUY,70,2048.5830078125,143400.810546875,0.0
2023-03-14,3661.TW,SELL,152,957.5340576171875,145545.1767578125,0.0
2023-03-14,6669.TW,SELL,540,272.3797607421875,147085.07080078125,0.0
2023-03-14,2327.TW,BUY,1507,96.00145721435547,144674.1960220337,0.0
2023-03-14,2049.TW,SELL,637,228.8882293701172,145801.80210876465,0.0
2023-03-15,2889.TW,BUY,14426,10.159602165222168,146562.420835495,0.0
2023-03-15,2615.TW,BUY,2472,59.284637451171875,146551.62377929688,0.0
2023-03-15,2327.TW,BUY,60,93.53013610839844,5611.808166503906,0.0
2023-03-15,3008.TW,BUY,2,2035.39501953125,4070.7900390625,0.0
2023-03-15,3443.TW,SELL,141,1073.3216552734375,151338.3533935547,0.0
2023-03-15,3019.TW,SELL,2500,57.96159362792969,144903.98406982422,0.0
2023-03-15,6415.TW,SELL,10,488.6726379394531,4886.726379394531,0.0
2023-03-16,2327.TW,SELL,1567,92.48457336425781,144923.326461792,0.0
2023-03-16,3008.TW,SELL,72,2022.8359375,145644.1875,0.0
2023-03-16,6415.TW,SELL,3,485.7580871582031,1457.2742614746094,0.0
2023-03-16,2049.TW,BUY,621,232.20545959472656,144199.5904083252,0.0
2023-03-16,2615.TW,BUY,60,56.94664764404297,3416.798858642578,0.0
2023-03-16,2889.TW,BUY,14,9.988849639892578,139.8438949584961,0.0
2023-03-16,3019.TW,BUY,2535,56.89153289794922,144220.03589630127,0.0
2023-03-17,3661.TW,BUY,125,1166.661865234375,145832.73315429688,0.0
2023-03-17,6415.TW,BUY,7,484.78662109375,3393.50634765625,0.0
2023-03-17,3008.TW,BUY,72,2018.3507080078125,145321.2509765625,0.0
2023-03-17,9904.TW,BUY,5672,25.907928466796875,146949.77026367188,0.0
2023-03-17,3019.TW,SELL,2535,57.78325653076172,146480.55530548096,0.0
2023-03-17,2889.TW,SELL,14440,10.373037338256836,149786.6591644287,0.0
2023-03-17,2049.TW,SELL,621,239.3137969970703,148613.86793518066,0.0
2023-03-17,2615.TW,BUY,18,57.61465072631836,1037.0637130737305,0.0
2023-03-20,3661.TW,SELL,125,1205.3892822265625,150673.6602783203,0.0
2023-03-20,6415.TW,SELL,5,498.3878173828125,2491.9390869140625,0.0
2023-03-20,9904.TW,SELL,5672,26.11754035949707,148138.68891906738,0.0
2023-03-20,2615.TW,BUY,13,58.11564636230469,755.5034027099609,0.0
2023-03-20,2883.TW,BUY,14053,10.601433753967285,148981.94854450226,0.0
2023-03-20,3008.TW,BUY,2,2000.409912109375,4000.81982421875,0.0
2023-03-20,3034.TW,BUY,441,337.7353210449219,148941.27658081055,0.0
2023-03-21,6415.TW,BUY,7,488.6726379394531,3420.708465576172,0.0
2023-03-21,3443.TW,BUY,137,1082.9478759765625,148363.85900878906,0.0
2023-03-21,3034.TW,BUY,1,336.94989013671875,336.94989013671875,0.0
2023-03-21,2049.TW,BUY,623,239.3137969970703,149092.4955291748,0.0
2023-03-21,3008.TW,SELL,74,2045.262451171875,151349.42138671875,0.0
2023-03-21,2883.TW,SELL,14053,10.732856750488281,150828.83591461182,0.0
2023-03-21,2615.TW,BUY,25,57.61465072631836,1440.366268157959,0.0
2023-03-22,2615.TW,SELL,2588,58.783634185791016,152132.04527282715,0.0
2023-03-22,3034.TW,SELL,442,338.1280212402344,149452.5853881836,0.0
2023-03-22,3443.TW,SELL,137,1116.6397705078125,152979.6485595703,0.0
2023-03-22,2049.TW,BUY,10,238.3660125732422,2383.660125732422,0.0
2023-03-22,3019.TW,BUY,2572,58.67497253417969,150912.02935791016,0.0
2023-03-22,3661.TW,BUY,119,1263.4803466796875,150354.1612548828,0.0
2023-03-22,9904.TW,BUY,5825,25.907928466796875,150913.6833190918,0.0
2023-03-23,2615.TW,BUY,2585,58.36614227294922,150876.47777557373,0.0
2023-03-23,6669.TW,BUY,470,320.35906982421875,150568.7628173828,0.0
2023-03-23,2049.TW,BUY,8,235.0487823486328,1880.3902587890625,0.0
2023-03-23,3019.TW,SELL,2572,59.03165817260742,151829.4248199463,0.0
2023-03-23,6415.TW,SELL,2,497.4162902832031,994.8325805664062,0.0
2023-03-23,9904.TW,SELL,5825,25.866008758544922,150669.50101852417,0.0
2023-03-24,2049.TW,SELL,641,236.9443359375,151881.3193359375,0.0
2023-03-24,2615.TW,SELL,2585,58.86713790893555,152171.5514945984,0.0
2023-03-24,6415.TW,SELL,2,501.8212585449219,1003.6425170898438,0.0
2023-03-24,6669.TW,SELL,470,329.2993469238281,154770.69305419922,0.0
2023-03-24,2303.TW,BUY,3493,43.316829681396484,151305.68607711792,0.0
2023-03-24,3019.TW,BUY,2567,58.942481994628906,151305.3512802124,0.0
2023-03-24,3443.TW,BUY,134,1121.452880859375,150274.68603515625,0.0
2023-03-24,3661.TW,BUY,5,1215.071044921875,6075.355224609375,0.0
2023-03-27,6669.TW,BUY,461,327.809326171875,151120.09936523438,0.0
2023-03-27,6415.TW,BUY,6,492.02008056640625,2952.1204833984375,0.0
2023-03-27,3711.TW,BUY,1614,93.62733459472656,151114.51803588867,0.0
2023-03-27,3034.TW,BUY,447,338.1280212402344,151143.22549438477,0.0
2023-03-27,3019.TW,SELL,2567,58.942481994628906,151305.3512802124,0.0
2023-03-27,3661.TW,SELL,124,1219.9119873046875,151269.08642578125,0.0
2023-03-27,3443.TW,SELL,134,1135.89208984375,152209.5400390625,0.0
2023-03-27,2303.TW,SELL,3493,43.235260009765625,151020.76321411133,0.0
2023-03-27,2615.TW,BUY,2597,58.19914245605469,151143.17295837402,0.0
2023-03-28,6415.TW,BUY,12,467.0270080566406,5604.3240966796875,0.0
2023-03-28,3661.TW,BUY,126,1176.3438720703125,148219.32788085938,0.0
2023-03-28,3443.TW,BUY,140,1063.695556640625,148917.3779296875,0.0
2023-03-28,3008.TW,BUY,75,1973.4986572265625,148012.3992919922,0.0
2023-03-28,3711.TW,SELL,1614,94.05681610107422,151807.7011871338,0.0
2023-03-28,3034.TW,SELL,447,334.200927734375,149387.81469726562,0.0
2023-03-28,2615.TW,SELL,2597,57.86514663696289,150275.78581619263,0.0
2023-03-28,6669.TW,SELL,3,324.8292236328125,974.4876708984375,0.0
2023-03-29,3008.TW,SELL,75,1964.528076171875,147339.60571289062,0.0
2023-03-29,3661.TW,SELL,2,1171.502685546875,2343.00537109375,0.0
2023-03-29,6415.TW,SELL,3,460.65625,1381.96875,0.0
2023-03-29,6669.TW,SELL,8,323.3392028808594,2586.713623046875,0.0
2023-03-29,3034.TW,BUY,447,325.1684265136719,145350.28665161133,0.0
2023-03-29,3443.TW,BUY,9,972.2466430664062,8750.219787597656,0.0
2023-03-30,5871.TW,BUY,848,174.65847778320312,148110.38916015625,0.0
2023-03-30,3661.TW,BUY,5,1142.4571533203125,5712.2857666015625,0.0
2023-03-30,2889.TW,BUY,13947,10.629161834716797,148244.92010879517,0.0
2023-03-30,3034.TW,SELL,447,325.953857421875,145701.37426757812,0.0
2023-03-30,6415.TW,SELL,4,474.8679504394531,1899.4718017578125,0.0
2023-03-30,3443.TW,SELL,3,1010.75146484375,3032.25439453125,0.0
2023-03-30,6669.TW,SELL,450,336.74957275390625,151537.3077392578,0.0
2023-03-31,3008.TW,BUY,76,1951.0723876953125,148281.50146484375,0.0
2023-03-31,6415.TW,BUY,7,469.9673767089844,3289.7716369628906,0.0
2023-03-31,2889.TW,BUY,272,10.543787002563477,2867.9100646972656,0.0
2023-03-31,6669.TW,BUY,447,335.259521484375,149861.00610351562,0.0
2023-03-31,3661.TW,SELL,5,1200.54833984375,6002.74169921875,0.0
2023-03-31,3443.TW,SELL,146,1044.4432373046875,152488.71264648438,0.0
2023-03-31,5871.TW,SELL,848,173.1094207763672,146796.78881835938,0.0
2023-04-06,2889.TW,SELL,14219,10.501099586486816,149315.13502025604,0.0
2023-04-06,3008.TW,SELL,76,1928.646484375,146577.1328125,0.0
2023-04-06,6669.TW,SELL,447,335.259521484375,149861.00610351562,0.0
2023-04-06,2474.TW,BUY,1002,147.9722442626953,148268.1887512207,0.0
2023-04-06,3037.TW,BUY,1114,133.07907104492188,148250.08514404297,0.0
2023-04-06,3443.TW,BUY,143,1030.00390625,147290.55859375,0.0
2023-04-06,3661.TW,BUY,2,1171.502685546875,2343.00537109375,0.0
2023-04-06,6415.TW,BUY,1,463.1065368652344,463.1065368652344,0.0
2023-04-07,3019.TW,BUY,2565,58.40745162963867,149815.1134300232,0.0
2023-04-07,3008.TW,BUY,78,1915.1907958984375,149384.88208007812,0.0
2023-04-07,2889.TW,BUY,14325,10.458413124084473,149816.76800251007,0.0
2023-04-07,2474.TW,BUY,18,146.78211975097656,2642.078155517578,0.0
2023-04-07,3037.TW,SELL,1114,133.54115295410156,148764.84439086914,0.0
2023-04-07,3661.TW,SELL,126,1210.2301025390625,152488.99291992188,0.0
2023-04-07,3443.TW,SELL,143,1039.6300048828125,148667.0906982422,0.0
2023-04-07,6415.TW,SELL,1,469.4773254394531,469.4773254394531,0.0
2023-04-10,2615.TW,BUY,2641,57.44765090942383,151719.24605178833,0.0
2023-04-10,3711.TW,BUY,1620,93.62733459472656,151676.28204345703,0.0
2023-04-10,2889.TW,BUY,185,10.458413124084473,1934.8064279556274,0.0
2023-04-10,2454.TW,BUY,253,598.3182983398438,151374.52947998047,0.0
2023-04-10,6415.TW,SELL,6,484.17913818359375,2905.0748291015625,0.0
2023-04-10,3019.TW,SELL,2565,59.74502944946289,153246.0005378723,0.0
2023-04-10,3008.TW,SELL,78,1924.1611328125,150084.568359375,0.0
2023-04-10,2474.TW,SELL,1020,147.57553100585938,150527.04162597656,0.0
2023-04-11,6669.TW,BUY,414,368.04046630859375,152368.7530517578,0.0
2023-04-11,3443.TW,BUY,148,1030.00390625,152440.578125,0.0
2023-04-11,3037.TW,BUY,1153,132.1549072265625,152374.60803222656,0.0
2023-04-11,2474.TW,BUY,1035,147.17881774902344,152330.07637023926,0.0
2023-04-11,6415.TW,BUY,3,481.72882080078125,1445.1864624023438,0.0
2023-04-11,2889.TW,SELL,14510,10.586475372314453,153609.75765228271,0.0
2023-04-11,2615.TW,SELL,2641,57.2806510925293,151278.19953536987,0.0
2023-04-11,2454.TW,SELL,253,609.6073608398438,154230.66229248047,0.0
2023-04-11,3711.TW,SELL,1620,93.62733459472656,151676.28204345703,0.0
2023-04-12,3443.TW,SELL,148,1030.00390625,152440.578125,0.0
2023-04-12,6415.TW,SELL,3,486.13934326171875,1458.4180297851562,0.0
2023-04-12,6669.TW,SELL,1,368.04046630859375,368.04046630859375,0.0
2023-04-12,2474.TW,BUY,8,145.9886932373047,1167.9095458984375,0.0
2023-04-12,3037.TW,BUY,7,131.23072814941406,918.6150970458984,0.0
2023-04-12,3661.TW,BUY,117,1297.3668212890625,151791.9180908203,0.0
2023-04-13,3443.TW,BUY,149,991.4990234375,147733.3544921875,0.0
2023-04-13,6669.TW,BUY,11,350.1599426269531,3851.7593688964844,0.0
2023-04-13,3231.TW,BUY,3762,39.47954559326172,148522.0505218506,0.0
2023-04-13,3661.TW,BUY,1,1248.9576416015625,1248.9576416015625,0.0
2023-04-13,3037.TW,SELL,1160,128.92034912109375,149547.60498046875,0.0
2023-04-13,6415.TW,SELL,1,475.3580627441406,475.3580627441406,0.0
2023-04-13,2474.TW,SELL,1043,146.3854217529297,152679.99488830566,0.0
2023-04-14,3231.TW,BUY,139,39.03544998168945,5425.927547454834,0.0
2023-04-14,3037.TW,BUY,1185,128.45826721191406,152223.04664611816,0.0
2023-04-14,3008.TW,BUY,82,1847.9122314453125,151528.80297851562,0.0
2023-04-14,6669.TW,BUY,9,351.6500244140625,3164.8502197265625,0.0
2023-04-14,6415.TW,SELL,312,488.099609375,152287.078125,0.0
2023-04-14,3661.TW,SELL,118,1316.73046875,155374.1953125,0.0
2023-04-14,3443.TW,SELL,149,1044.4432373046875,155622.04235839844,0.0
2023-04-14,2474.TW,BUY,1040,146.3854217529297,152240.83862304688,0.0
2023-04-17,2474.TW,SELL,1040,146.3854217529297,152240.83862304688,0.0
2023-04-17,3008.TW,SELL,82,1906.2203369140625,156310.06762695312,0.0
2023-04-17,3037.TW,SELL,1185,128.45826721191406,152223.04664611816,0.0
2023-04-17,3231.TW,SELL,3901,39.25749588012695,153143.49142837524,0.0
2023-04-17,2454.TW,BUY,268,571.70849609375,153217.876953125,0.0
2023-04-17,3443.TW,BUY,148,1030.00390625,152440.578125,0.0
2023-04-17,3661.TW,BUY,118,1297.3668212890625,153089.28491210938,0.0
2023-04-17,6415.TW,BUY,304,503.7815246582031,153149.58349609375,0.0
2023-04-17,6669.TW,BUY,4,350.1599426269531,1400.6397705078125,0.0
2023-04-18,3661.TW,BUY,1,1239.275634765625,1239.275634765625,0.0
2023-04-18,3008.TW,BUY,79,1870.33837890625,147756.73193359375,0.0
2023-04-18,3443.TW,BUY,2,986.6859130859375,1973.371826171875,0.0
2023-04-18,6415.TW,SELL,3,493.0002136230469,1479.0006408691406,0.0
2023-04-18,2454.TW,SELL,268,554.7749633789062,148679.69018554688,0.0
2023-04-18,6669.TW,SELL,7,345.6898193359375,2419.8287353515625,0.0
2023-04-19,3443.TW,SELL,150,991.4990234375,148724.853515625,0.0
2023-04-19,3661.TW,SELL,1,1253.79833984375,1253.79833984375,0.0
2023-04-19,6415.TW,SELL,301,501.8212585449219,151048.19882202148,0.0
2023-04-19,2454.TW,BUY,273,544.2922973632812,148591.79718017578,0.0
2023-04-19,3008.TW,BUY,2,1821.0010986328125,3642.002197265625,0.0
2023-04-19,3037.TW,BUY,1215,122.45121765136719,148778.22944641113,0.0
2023-04-19,6669.TW,BUY,2,344.19976806640625,688.3995361328125,0.0
2023-04-20,6669.TW,BUY,10,336.74957275390625,3367.4957275390625,0.0
2023-04-20,6415.TW,BUY,303,491.0399475097656,148785.10409545898,0.0
2023-04-20,3008.TW,BUY,1,1807.5452880859375,1807.5452880859375,0.0
2023-04-20,2049.TW,BUY,644,231.2576904296875,148929.95263671875,0.0
2023-04-20,3037.TW,SELL,1215,125.22371673583984,152146.8158340454,0.0
2023-04-20,2454.TW,SELL,273,542.6795043945312,148151.50469970703,0.0
2023-04-20,3661.TW,SELL,1,1273.162109375,1273.162109375,0.0
2023-04-21,2049.TW,SELL,644,225.57102966308594,145267.74310302734,0.0
2023-04-21,3008.TW,SELL,82,1829.9715576171875,150057.66772460938,0.0
2023-04-21,6669.TW,SELL,2,326.31927490234375,652.6385498046875,0.0
2023-04-21,2327.TW,BUY,1525,94.19549560546875,143648.13079833984,0.0
2023-04-21,3231.TW,BUY,3635,39.523956298828125,143669.58114624023,0.0
2023-04-21,3661.TW,BUY,7,1156.97998046875,8098.85986328125,0.0
2023-04-21,6415.TW,BUY,3,469.4773254394531,1408.4319763183594,0.0
2023-04-24,3008.TW,BUY,80,1834.4566650390625,146756.533203125,0.0
2023-04-24,6415.TW,BUY,6,469.4773254394531,2816.8639526367188,0.0
2023-04-24,2303.TW,BUY,3629,40.461669921875,146835.40014648438,0.0
2023-04-24,3661.TW,BUY,1,1171.502685546875,1171.502685546875,0.0
2023-04-24,6669.TW,SELL,440,338.2396240234375,148825.4345703125,0.0
2023-04-24,3231.TW,SELL,3635,41.03385925292969,149158.0783843994,0.0
2023-04-24,2327.TW,SELL,1525,96.38166809082031,146982.04383850098,0.0
2023-04-24,2049.TW,BUY,656,223.67547607421875,146731.1123046875,0.0
2023-04-25,6669.TW,BUY,437,323.3392028808594,141299.23165893555,0.0
2023-04-25,3661.TW,BUY,3,1098.888916015625,3296.666748046875,0.0
2023-04-25,3443.TW,BUY,157,898.1248168945312,141005.5962524414,0.0
2023-04-25,6415.TW,BUY,6,443.99420166015625,2663.9652099609375,0.0
2023-04-25,3008.TW,SELL,80,1803.06005859375,144244.8046875,0.0
2023-04-25,2303.TW,SELL,3629,39.5643424987793,143578.99892807007,0.0
2023-04-25,2049.TW,SELL,656,217.51490783691406,142689.77954101562,0.0
2023-04-25,3231.TW,BUY,3645,38.813411712646484,141474.88569259644,0.0
2023-04-26,3231.TW,SELL,3645,39.968040466308594,145683.50749969482,0.0
2023-04-26,3443.TW,SELL,157,921.227783203125,144632.76196289062,0.0
2023-04-26,6669.TW,SELL,437,338.2396240234375,147810.7156982422,0.0
2023-04-26,2308.TW,BUY,529,274.1669616699219,145034.32272338867,0.0
2023-04-26,2330.TW,BUY,312,464.123779296875,144806.619140625,0.0
2023-04-26,2615.TW,BUY,2728,53.189170837402344,145100.0580444336,0.0
2023-04-26,6415.TW,BUY,9,442.5240173339844,3982.7161560058594,0.0
2023-04-27,3008.TW,BUY,80,1816.515625,145321.25,0.0
2023-04-27,3034.TW,BUY,456,322.4194030761719,147023.24780273438,0.0
2023-04-27,6415.TW,SELL,1,450.85504150390625,450.85504150390625,0.0
2023-04-27,3443.TW,BUY,157,933.7418212890625,146597.4659423828,0.0
2023-04-27,2615.TW,SELL,2728,53.189170837402344,145100.0580444336,0.0
2023-04-27,2330.TW,SELL,312,466.0123596191406,145395.85620117188,0.0
2023-04-27,2308.TW,SELL,529,275.5657653808594,145774.2898864746,0.0
2023-04-27,3661.TW,SELL,3,1176.3438720703125,3529.0316162109375,0.0
2023-04-28,3034.TW,SELL,456,328.7028503417969,149888.49975585938,0.0
2023-04-28,3443.TW,SELL,2,958.7698974609375,1917.539794921875,0.0
2023-04-28,6415.TW,SELL,326,470.9474792480469,153528.87823486328,0.0
2023-04-28,2880.TW,BUY,8123,18.3154354095459,148776.28183174133,0.0
2023-04-28,3008.TW,BUY,2,1803.06005859375,3606.1201171875,0.0
2023-04-28,3661.TW,BUY,4,1147.2982177734375,4589.19287109375,0.0
2023-04-28,6669.TW,BUY,428,347.1799011230469,148592.99768066406,0.0
2023-05-02,6415.TW,BUY,330,467.0270080566406,154118.9126586914,0.0
2023-05-02,3037.TW,BUY,1164,132.6169891357422,154366.1753540039,0.0
2023-05-02,3008.TW,BUY,4,1785.119140625,7140.4765625,0.0
2023-05-02,2615.TW,BUY,2926,52.77167510986328,154409.92137145996,0.0
2023-05-02,6669.TW,SELL,428,360.5903015136719,154332.64904785156,0.0
2023-05-02,3443.TW,SELL,155,1054.0694580078125,163380.76599121094,0.0
2023-05-02,2880.TW,SELL,8123,18.3154354095459,148776.28183174133,0.0
2023-05-02,3661.TW,SELL,3,1219.9119873046875,3659.7359619140625,0.0
2023-05-03,3008.TW,SELL,86,1794.0897216796875,154291.71606445312,0.0
2023-05-03,3037.TW,SELL,1164,135.85153198242188,158131.18322753906,0.0
2023-05-03,6415.TW,SELL,330,467.51708984375,154280.6396484375,0.0
2023-05-03,2615.TW,BUY,109,50.517189025878906,5506.373603820801,0.0
2023-05-03,3231.TW,BUY,3527,43.476348876953125,153341.08248901367,0.0
2023-05-03,3443.TW,BUY,147,1039.6300048828125,152825.61071777344,0.0
2023-05-03,3661.TW,BUY,2,1190.8665771484375,2381.733154296875,0.0
2023-05-03,6669.TW,BUY,436,351.6500244140625,153319.41064453125,0.0
2023-05-04,6415.TW,BUY,333,461.6363830566406,153724.91555786133,0.0
2023-05-04,6669.TW,BUY,3,350.1599426269531,1050.4798278808594,0.0
2023-05-04,3661.TW,BUY,1,1186.025390625,1186.025390625,0.0
2023-05-04,3231.TW,SELL,3527,44.009254455566406,155220.64046478271,0.0
2023-05-04,2615.TW,BUY,33,50.183189392089844,1656.0452499389648,0.0
2023-05-04,3443.TW,SELL,147,1063.695556640625,156363.24682617188,0.0
2023-05-04,3008.TW,BUY,86,1785.119140625,153520.24609375,0.0
2023-05-05,3008.TW,SELL,86,1771.66357421875,152363.0673828125,0.0
2023-05-05,3661.TW,SELL,4,1219.9119873046875,4879.64794921875,0.0
2023-05-05,2615.TW,BUY,8,49.682193756103516,397.4575500488281,0.0
2023-05-05,3231.TW,BUY,3501,43.65398406982422,152832.5982284546,0.0
2023-05-05,6415.TW,BUY,1,457.225830078125,457.225830078125,0.0
2023-05-05,6669.TW,BUY,14,336.74957275390625,4714.4940185546875,0.0
2023-05-08,6669.TW,BUY,5,335.259521484375,1676.297607421875,0.0
2023-05-08,3661.TW,BUY,1,1219.9119873046875,1219.9119873046875,0.0
2023-05-08,2889.TW,BUY,14773,10.415725708007812,153871.5158843994,0.0
2023-05-08,3231.TW,SELL,3501,44.32011795043945,155164.73294448853,0.0
2023-05-08,2615.TW,BUY,26,49.59870147705078,1289.5662384033203,0.0
2023-05-08,6415.TW,SELL,334,468.4971923828125,156478.06225585938,0.0
2023-05-08,2883.TW,BUY,13720,11.214739799499512,153866.2300491333,0.0
2023-05-09,3034.TW,BUY,471,327.52471923828125,154264.14276123047,0.0
2023-05-09,3231.TW,BUY,3476,44.408931732177734,154365.4467010498,0.0
2023-05-09,2049.TW,BUY,711,217.041015625,154316.162109375,0.0
2023-05-09,6669.TW,BUY,6,332.2794494628906,1993.6766967773438,0.0
2023-05-09,2889.TW,SELL,14773,10.373037338256836,153240.88059806824,0.0
2023-05-09,2883.TW,SELL,13720,11.258546829223633,154467.26249694824,0.0
2023-05-09,2615.TW,SELL,3102,50.266693115234375,155927.28204345703,0.0
2023-05-09,3661.TW,SELL,1,1234.4346923828125,1234.4346923828125,0.0
2023-05-10,2049.TW,SELL,711,216.567138671875,153979.23559570312,0.0
2023-05-10,3034.TW,SELL,471,333.0227355957031,156853.70846557617,0.0
2023-05-10,3661.TW,SELL,125,1302.2076416015625,162775.9552001953,0.0
2023-05-10,3037.TW,BUY,1043,146.01730346679688,152296.04751586914,0.0
2023-05-10,3231.TW,BUY,89,42.72139358520508,3802.204029083252,0.0
2023-05-10,3443.TW,BUY,140,1087.7611083984375,152286.55517578125,0.0
2023-05-10,6415.TW,BUY,344,442.0339660644531,152059.68432617188,0.0
2023-05-10,6669.TW,BUY,44,299.4985046386719,13177.934204101562,0.0
2023-05-11,6415.TW,BUY,4,431.74273681640625,1726.970947265625,0.0
2023-05-11,3661.TW,BUY,119,1263.4803466796875,150354.1612548828,0.0
2023-05-11,3443.TW,BUY,1,1063.695556640625,1063.695556640625,0.0
2023-05-11,6669.TW,SELL,13,303.9685974121094,3951.591766357422,0.0
2023-05-11,3037.TW,SELL,1043,144.1689910888672,150368.25770568848,0.0
2023-05-11,3231.TW,BUY,4,42.18848419189453,168.75393676757812,0.0
2023-05-12,3231.TW,SELL,3569,44.49775314331055,158812.48096847534,0.0
2023-05-12,3443.TW,SELL,141,1126.2659912109375,158803.5047607422,0.0
2023-05-12,3661.TW,SELL,1,1311.8895263671875,1311.8895263671875,0.0
2023-05-12,2049.TW,BUY,717,216.09326171875,154938.86865234375,0.0
2023-05-12,3034.TW,BUY,480,322.8121032714844,154949.8095703125,0.0
2023-05-12,6415.TW,BUY,17,424.8818664550781,7222.991729736328,0.0
2023-05-12,6669.TW,BUY,7,308.438720703125,2159.071044921875,0.0
2023-05-15,6415.TW,BUY,29,382.73675537109375,11099.365905761719,0.0
2023-05-15,3443.TW,BUY,138,1087.7611083984375,150111.03295898438,0.0
2023-05-15,6669.TW,SELL,4,302.4786071777344,1209.9144287109375,0.0
2023-05-15,3231.TW,BUY,3503,43.07666778564453,150897.5672531128,0.0
2023-05-15,3034.TW,SELL,480,314.5650939941406,150991.2451171875,0.0
2023-05-15,2049.TW,SELL,717,218.4626922607422,156637.75035095215,0.0
2023-05-15,3661.TW,SELL,3,1307.0484619140625,3921.1453857421875,0.0
2023-05-16,3661.TW,SELL,3,1365.1396484375,4095.4189453125,0.0
2023-05-16,6669.TW,SELL,8,311.41888427734375,2491.35107421875,0.0
2023-05-16,3231.TW,BUY,50,43.032257080078125,2151.6128540039062,0.0
2023-05-16,3443.TW,BUY,2,1087.7611083984375,2175.522216796875,0.0
2023-05-16,6415.TW,BUY,8,380.2864685058594,3042.291748046875,0.0
2023-05-17,6669.TW,BUY,4,317.3790283203125,1269.51611328125,0.0
2023-05-17,2382.TW,BUY,1761,89.08597564697266,156880.40311431885,0.0
2023-05-17,2327.TW,BUY,1689,92.86477661132812,156848.6076965332,0.0
2023-05-17,3034.TW,BUY,498,314.5650939941406,156653.41680908203,0.0
2023-05-17,3443.TW,SELL,140,1121.452880859375,157003.4033203125,0.0
2023-05-17,3231.TW,SELL,3553,43.920433044433594,156049.29860687256,0.0
2023-05-17,6415.TW,SELL,402,394.00811767578125,158391.26330566406,0.0
2023-05-18,2327.TW,SELL,1689,95.05094909667969,160541.053024292,0.0
2023-05-18,2382.TW,SELL,1761,90.85883331298828,160002.40546417236,0.0
2023-05-18,3034.TW,SELL,498,320.0631408691406,159391.44415283203,0.0
2023-05-18,2912.TW,BUY,634,250.30856323242188,158695.62908935547,0.0
2023-05-18,3443.TW,BUY,141,1121.452880859375,158124.85620117188,0.0
2023-05-18,3661.TW,BUY,1,1394.1851806640625,1394.1851806640625,0.0
2023-05-18,6415.TW,BUY,417,380.2864685058594,158579.45736694336,0.0
2023-05-18,6669.TW,BUY,6,317.3790283203125,1904.274169921875,0.0
2023-05-19,5871.TW,BUY,981,167.3003692626953,164121.6622467041,0.0
2023-05-19,6669.TW,BUY,10,321.8491516113281,3218.4915161132812,0.0
2023-05-19,6415.TW,BUY,30,367.0548095703125,11011.644287109375,0.0
2023-05-19,3034.TW,BUY,513,319.6704406738281,163990.93606567383,0.0
2023-05-19,3443.TW,SELL,141,1232.154052734375,173733.72143554688,0.0
2023-05-19,3661.TW,SELL,113,1515.2081298828125,171218.5186767578,0.0
2023-05-19,2912.TW,SELL,634,252.48516845703125,160075.5968017578,0.0
2023-05-19,2207.TW,BUY,220,745.7228393554688,164059.02465820312,0.0
2023-05-22,6669.TW,BUY,6,315.88897705078125,1895.3338623046875,0.0
2023-05-22,3231.TW,BUY,3485,46.8070182800293,163122.4587059021,0.0
2023-05-22,3037.TW,BUY,1096,148.789794921875,163073.615234375,0.0
2023-05-22,2382.TW,BUY,1736,93.96134185791016,163116.88946533203,0.0
2023-05-22,3661.TW,BUY,110,1476.4808349609375,162412.89184570312,0.0
2023-05-22,5871.TW,SELL,981,166.52581787109375,163361.82733154297,0.0
2023-05-22,3034.TW,SELL,513,320.4558410644531,164393.84646606445,0.0
2023-05-22,2207.TW,SELL,220,734.3176879882812,161549.89135742188,0.0
2023-05-22,6415.TW,SELL,447,368.5249938964844,164730.67227172852,0.0
2023-05-23,2382.TW,SELL,1736,94.8477554321289,164655.70343017578,0.0
2023-05-23,3037.TW,SELL,1096,154.33474731445312,169150.88305664062,0.0
2023-05-23,3231.TW,SELL,3485,47.60637283325195,165908.20932388306,0.0
2023-05-23,6669.TW,SELL,14,335.259521484375,4693.63330078125,0.0
2023-05-23,2105.TW,BUY,5028,33.48957824707031,168385.59942626953,0.0
2023-05-23,2207.TW,BUY,231,727.2991943359375,168006.11389160156,0.0
2023-05-23,3443.TW,BUY,136,1236.96728515625,168227.55078125,0.0
2023-05-24,6669.TW,BUY,4,327.809326171875,1311.2373046875,0.0
2023-05-24,5871.TW,BUY,1021,162.65313720703125,166068.8530883789,0.0
2023-05-24,3661.TW,BUY,1,1491.003662109375,1491.003662109375,0.0
2023-05-24,2382.TW,BUY,1777,93.51811981201172,166181.69890594482,0.0
2023-05-24,2207.TW,SELL,231,728.176513671875,168208.77465820312,0.0
2023-05-24,2105.TW,SELL,5028,33.363834381103516,167753.35926818848,0.0
2023-05-25,2382.TW,SELL,1777,100.60954284667969,178783.1576385498,0.0
2023-05-25,3443.TW,SELL,7,1338.0423583984375,9366.296508789062,0.0
2023-05-25,5871.TW,SELL,1021,159.5549774169922,162905.63194274902,0.0
2023-05-25,2207.TW,BUY,243,712.3846435546875,173109.46838378906,0.0
2023-05-25,3661.TW,BUY,3,1510.3671875,4531.1015625,0.0
2023-05-25,6415.TW,BUY,471,367.54486083984375,173113.6294555664,0.0
2023-05-25,6669.TW,BUY,1,341.2196960449219,341.2196960449219,0.0
2023-05-26,3661.TW,BUY,4,1461.9581298828125,5847.83251953125,0.0
2023-05-26,3231.TW,BUY,3002,57.73161315917969,173310.30270385742,0.0
2023-05-26,2207.TW,BUY,9,687.8197021484375,6190.3773193359375,0.0
2023-05-26,6669.TW,SELL,10,348.6698913574219,3486.6989135742188,0.0
2023-05-26,6415.TW,SELL,471,374.40570068359375,176345.08502197266,0.0
2023-05-26,3443.TW,SELL,4,1381.3602294921875,5525.44091796875,0.0
2023-05-29,3231.TW,SELL,7,60.39614486694336,422.7730140686035,0.0
2023-05-29,3443.TW,SELL,125,1458.369873046875,182296.23413085938,0.0
2023-05-29,3661.TW,SELL,6,1607.1856689453125,9643.114013671875,0.0
2023-05-29,2207.TW,BUY,14,679.0465087890625,9506.651123046875,0.0
2023-05-29,2382.TW,BUY,1790,101.0527572631836,180884.43550109863,0.0
2023-05-29,6669.TW,BUY,6,359.1001892089844,2154.6011352539062,0.0
2023-05-30,6669.TW,BUY,8,356.1201477050781,2848.961181640625,0.0
2023-05-30,3443.TW,BUY,126,1434.304443359375,180722.35986328125,0.0
2023-05-30,3231.TW,BUY,98,58.88624954223633,5770.85245513916,0.0
2023-05-30,3037.TW,BUY,1094,166.34881591796875,181985.6046142578,0.0
2023-05-30,3661.TW,SELL,1,1631.39013671875,1631.39013671875,0.0
2023-05-30,2382.TW,SELL,1790,101.93917846679688,182471.1294555664,0.0
2023-05-30,2207.TW,SELL,266,708.8754272460938,188560.86364746094,0.0
2023-05-31,3037.TW,SELL,1094,166.81089782714844,182491.1222229004,0.0
2023-05-31,3231.TW,SELL,40,59.241512298583984,2369.6604919433594,0.0
2023-05-31,3443.TW,SELL,126,1439.11767578125,181328.8271484375,0.0
2023-05-31,2207.TW,BUY,256,706.2434692382812,180798.328125,0.0
2023-05-31,3661.TW,BUY,1,1602.3447265625,1602.3447265625,0.0
2023-05-31,5871.TW,BUY,1153,156.84408569335938,180841.23080444336,0.0
2023-05-31,6669.TW,BUY,12,345.6898193359375,4148.27783203125,0.0
2023-06-01,6669.TW,BUY,6,347.1799011230469,2083.0794067382812,0.0
2023-06-01,3443.TW,BUY,124,1477.622314453125,183225.1669921875,0.0
2023-06-01,2382.TW,BUY,1804,101.93917846679688,183898.27795410156,0.0
2023-06-01,3231.TW,SELL,69,61.63960266113281,4253.132583618164,0.0
2023-06-01,3661.TW,SELL,1,1645.9130859375,1645.9130859375,0.0
2023-06-01,2207.TW,SELL,256,708.8754272460938,181472.109375,0.0
2023-06-01,5871.TW,SELL,1153,158.39317321777344,182627.32872009277,0.0
2023-06-02,3443.TW,BUY,8,1384.3602294921875,11074.8818359375,0.0
2023-06-02,2382.TW,SELL,1804,104.59846496582031,188695.63079833984,0.0
2023-06-02,3231.TW,SELL,74,63.14950180053711,4673.063133239746,0.0
2023-06-02,6669.TW,SELL,18,359.1001892089844,6463.803405761719,0.0
2023-06-02,2889.TW,BUY,17433,10.543787002563477,183809.8388156891,0.0
2023-06-02,3661.TW,BUY,3,1602.3447265625,4807.0341796875,0.0
2023-06-05,3661.TW,BUY,1,1592.662841796875,1592.662841796875,0.0
2023-06-05,6669.TW,BUY,2,357.6101379394531,715.2202758789062,0.0
2023-06-05,2382.TW,BUY,1769,103.7120361328125,183466.5919189453,0.0
2023-06-05,2889.TW,SELL,17433,10.458413124084473,182321.5159921646,0.0
2023-06-05,3231.TW,SELL,1,63.06068420410156,63.06068420410156,0.0
2023-06-05,3443.TW,SELL,1,1398.932373046875,1398.932373046875,0.0
2023-06-06,2382.TW,SELL,1769,105.04167938232422,185818.73082733154,0.0
2023-06-06,3443.TW,SELL,2,1413.504638671875,2827.00927734375,0.0
2023-06-06,6669.TW,SELL,2,359.1001892089844,718.2003784179688,0.0
2023-06-06,3037.TW,BUY,1123,163.5763397216797,183696.2295074463,0.0
2023-06-06,3231.TW,BUY,20,62.705413818359375,1254.1082763671875,0.0
2023-06-06,3661.TW,BUY,2,1568.458251953125,3136.91650390625,0.0
2023-06-07,6669.TW,BUY,2,357.6101379394531,715.2202758789062,0.0
2023-06-07,3231.TW,BUY,85,60.92905807495117,5178.96993637085,0.0
2023-06-07,3661.TW,SELL,4,1616.867431640625,6467.4697265625,0.0
2023-06-07,3037.TW,BUY,6,162.65219116210938,975.9131469726562,0.0
2023-06-08,3037.TW,SELL,1129,154.33474731445312,174243.92971801758,0.0
2023-06-08,3231.TW,SELL,113,60.39614486694336,6824.7643699646,0.0
2023-06-08,2382.TW,BUY,1647,106.3713150024414,175193.555809021,0.0
2023-06-08,3443.TW,BUY,1,1345.5009765625,1345.5009765625,0.0
2023-06-08,3661.TW,BUY,3,1510.3671875,4531.1015625,0.0
2023-06-08,6669.TW,BUY,2,339.7296447753906,679.4592895507812,0.0
2023-06-09,6415.TW,BUY,518,352.84307861328125,182772.7147216797,0.0
2023-06-09,3661.TW,BUY,3,1534.5718994140625,4603.7156982421875,0.0
2023-06-09,6669.TW,BUY,13,345.6898193359375,4493.9676513671875,0.0
2023-06-09,3231.TW,SELL,81,64.83704376220703,5251.8005447387695,0.0
2023-06-09,2382.TW,SELL,1647,116.56523895263672,191982.94855499268,0.0
2023-06-09,3443.TW,BUY,3,1364.9305419921875,4094.7916259765625,0.0
2023-06-12,6669.TW,BUY,13,339.7296447753906,4416.485382080078,0.0
2023-06-12,3231.TW,BUY,107,62.79423141479492,6718.982761383057,0.0
2023-06-12,2382.TW,BUY,1607,114.34916687011719,183759.11116027832,0.0
2023-06-12,3443.TW,SELL,133,1423.219482421875,189288.19116210938,0.0
2023-06-12,6415.TW,SELL,518,349.9027099609375,181249.60375976562,0.0
2023-06-12,3661.TW,SELL,4,1597.5037841796875,6390.01513671875,0.0
2023-06-12,2207.TW,BUY,257,713.2620239257812,183308.34014892578,0.0
2023-06-13,3443.TW,BUY,127,1500.9378662109375,190619.10900878906,0.0
2023-06-13,3231.TW,BUY,68,63.7712287902832,4336.443557739258,0.0
2023-06-13,5871.TW,BUY,1209,158.00592041015625,191029.1577758789,0.0
2023-06-13,3661.TW,SELL,4,1718.5267333984375,6874.10693359375,0.0
2023-06-13,2382.TW,SELL,1607,122.3270263671875,196579.5313720703,0.0
2023-06-13,6669.TW,SELL,541,348.6698913574219,188630.41122436523,0.0
2023-06-13,2207.TW,BUY,8,719.4032592773438,5755.22607421875,0.0
2023-06-14,2207.TW,SELL,265,722.0352783203125,191339.3487548828,0.0
2023-06-14,3231.TW,SELL,136,68.12329864501953,9264.768615722656,0.0
2023-06-14,5871.TW,SELL,1209,161.4913330078125,195243.0216064453,0.0
2023-06-14,3443.TW,BUY,1,1520.367431640625,1520.367431640625,0.0
2023-06-14,3661.TW,BUY,3,1704.00390625,5112.01171875,0.0
2023-06-14,3711.TW,BUY,1821,106.94131469726562,194740.1340637207,0.0
2023-06-14,6415.TW,BUY,567,343.0419006347656,194504.7576599121,0.0
2023-06-15,3034.TW,BUY,568,353.4439392089844,200756.15747070312,0.0
2023-06-15,5871.TW,BUY,1261,159.16770935058594,200710.48149108887,0.0
2023-06-15,3661.TW,BUY,1,1742.7314453125,1742.7314453125,0.0
2023-06-15,6415.TW,SELL,567,349.9027099609375,198394.83654785156,0.0
2023-06-15,3443.TW,SELL,3,1598.0859375,4794.2578125,0.0
2023-06-15,3231.TW,SELL,40,71.23193359375,2849.27734375,0.0
2023-06-15,3711.TW,SELL,1821,108.65924835205078,197868.49124908447,0.0
2023-06-16,3034.TW,SELL,568,359.7273864746094,204325.15551757812,0.0
2023-06-16,3661.TW,SELL,2,1781.4588623046875,3562.917724609375,0.0
2023-06-16,5871.TW,SELL,1261,158.7804412841797,200222.1364593506,0.0
2023-06-16,2474.TW,BUY,1368,147.9722442626953,202426.0301513672,0.0
2023-06-16,3231.TW,BUY,23,71.23193359375,1638.33447265625,0.0
2023-06-16,3443.TW,BUY,1,1602.943359375,1602.943359375,0.0
2023-06-16,6669.TW,BUY,546,370.4617614746094,202272.12176513672,0.0
2023-06-19,3661.TW,BUY,1,1776.6177978515625,1776.6177978515625,0.0
2023-06-19,3231.TW,BUY,84,69.63320922851562,5849.1895751953125,0.0
2023-06-19,3037.TW,BUY,1188,171.43170166015625,203660.86157226562,0.0
2023-06-19,6669.TW,SELL,546,378.2445983886719,206521.55072021484,0.0
2023-06-19,3443.TW,SELL,3,1651.5174560546875,4954.5523681640625,0.0
2023-06-19,2474.TW,SELL,1368,148.76565551757812,203511.41674804688,0.0
2023-06-19,3008.TW,BUY,105,1928.646484375,202507.880859375,0.0
2023-06-20,3008.TW,SELL,105,1937.61669921875,203449.75341796875,0.0
2023-06-20,3037.TW,SELL,1188,174.20419311523438,206954.58142089844,0.0
2023-06-20,2382.TW,BUY,1588,128.53201293945312,204108.83654785156,0.0
2023-06-20,3231.TW,BUY,33,69.01148223876953,2277.3789138793945,0.0
2023-06-20,3443.TW,BUY,1,1641.8026123046875,1641.8026123046875,0.0
2023-06-20,6669.TW,BUY,546,373.57489013671875,203971.89001464844,0.0
2023-06-21,3661.TW,BUY,4,1752.413330078125,7009.6533203125,0.0
2023-06-21,5871.TW,BUY,1330,156.06956481933594,207572.5212097168,0.0
2023-06-21,3443.TW,BUY,7,1578.6563720703125,11050.594604492188,0.0
2023-06-21,2382.TW,SELL,1588,134.29379272460938,213258.5428466797,0.0
2023-06-21,6669.TW,SELL,546,378.2445983886719,206521.55072021484,0.0
2023-06-21,3231.TW,SELL,181,74.69583129882812,13519.94546508789,0.0
2023-06-21,3008.TW,BUY,108,1910.70556640625,206356.201171875,0.0
2023-06-26,3037.TW,BUY,1246,166.34881591796875,207270.62463378906,0.0
2023-06-26,2382.TW,BUY,1596,129.86166381835938,207259.21545410156,0.0
2023-06-26,2308.TW,BUY,638,324.524169921875,207046.42041015625,0.0
2023-06-26,3231.TW,BUY,41,73.54120635986328,3015.1894607543945,0.0
2023-06-26,3661.TW,SELL,2,1776.6177978515625,3553.235595703125,0.0
2023-06-26,3443.TW,SELL,131,1568.9415283203125,205531.34020996094,0.0
2023-06-26,3008.TW,SELL,108,1910.70556640625,206356.201171875,0.0
2023-06-26,5871.TW,SELL,1330,156.45681762695312,208087.56744384766,0.0
2023-06-27,2308.TW,SELL,638,321.7265625,205261.546875,0.0
2023-06-27,3037.TW,SELL,1246,163.5763397216797,203816.1192932129,0.0
2023-06-27,2382.TW,BUY,9,125.42951965332031,1128.8656768798828,0.0
2023-06-27,3231.TW,BUY,29,70.69902038574219,2050.2715911865234,0.0
2023-06-27,3443.TW,BUY,132,1515.5101318359375,200047.33740234375,0.0
2023-06-27,3661.TW,BUY,2,1694.3223876953125,3388.644775390625,0.0
2023-06-27,6669.TW,BUY,564,356.45269775390625,201039.32153320312,0.0
2023-06-28,3443.TW,BUY,2,1505.7952880859375,3011.590576171875,0.0
2023-06-28,3661.TW,BUY,2,1674.95849609375,3349.9169921875,0.0
2023-06-28,3231.TW,BUY,44,69.899658203125,3075.5849609375,0.0
2023-06-28,2382.TW,SELL,1605,127.64559173583984,204871.17473602295,0.0
2023-06-28,6669.TW,SELL,14,367.3486633300781,5142.881286621094,0.0
2023-06-28,3037.TW,BUY,1264,159.8797149658203,202087.95971679688,0.0
2023-06-29,3037.TW,SELL,1264,160.8038787841797,203256.10278320312,0.0
2023-06-29,3231.TW,SELL,39,74.25173950195312,2895.817840576172,0.0
2023-06-29,6669.TW,SELL,550,403.14959716796875,221732.2784423828,0.0
2023-06-29,2049.TW,BUY,933,226.99267578125,211784.16650390625,0.0
2023-06-29,3443.TW,BUY,2,1554.3692626953125,3108.738525390625,0.0
2023-06-29,3661.TW,BUY,1,1747.572265625,1747.572265625,0.0
2023-06-29,3711.TW,BUY,2013,105.22338104248047,211814.66603851318,0.0
2023-06-30,3711.TW,BUY,78,102.25581359863281,7975.953460693359,0.0
2023-06-30,3661.TW,BUY,2,1737.8905029296875,3475.781005859375,0.0
2023-06-30,3443.TW,BUY,1,1559.226806640625,1559.226806640625,0.0
2023-06-30,3034.TW,BUY,638,334.986328125,213721.27734375,0.0
2023-06-30,3231.TW,SELL,201,80.64662170410156,16209.970962524414,0.0
2023-06-30,2049.TW,SELL,933,225.0971221923828,210015.61500549316,0.0
2023-07-03,3231.TW,SELL,62,84.99869537353516,5269.91911315918,0.0
2023-07-03,3443.TW,SELL,2,1622.3729248046875,3244.745849609375,0.0
2023-07-03,3661.TW,SELL,3,1829.867919921875,5489.603759765625,0.0
2023-07-03,3711.TW,SELL,2091,102.71849822998047,214784.37979888916,0.0
2023-07-03,3034.TW,BUY,21,333.80816650390625,7009.971496582031,0.0
2023-07-03,6669.TW,BUY,473,465.41204833984375,220139.8988647461,0.0
2023-07-04,6669.TW,BUY,9,471.6383056640625,4244.7447509765625,0.0
2023-07-04,3661.TW,BUY,4,1834.708984375,7338.8359375,0.0
2023-07-04,3443.TW,BUY,2,1651.5174560546875,3303.034912109375,0.0
2023-07-04,3231.TW,SELL,150,93.2587661743164,13988.814926147461,0.0
2023-07-04,3034.TW,SELL,659,345.9823303222656,228002.35568237305,0.0
2023-07-04,2049.TW,BUY,1021,222.72769165039062,227404.97317504883,0.0
2023-07-05,2049.TW,SELL,1021,217.98880004882812,222566.56484985352,0.0
2023-07-05,3231.TW,SELL,59,93.34867095947266,5507.571586608887,0.0
2023-07-05,6669.TW,SELL,5,465.41204833984375,2327.0602416992188,0.0
2023-07-05,2382.TW,BUY,1479,150.24948120117188,222218.9826965332,0.0
2023-07-05,3443.TW,BUY,2,1588.3712158203125,3176.742431640625,0.0
2023-07-05,3661.TW,BUY,2,1752.413330078125,3504.82666015625,0.0
2023-07-06,3661.TW,SELL,4,1820.1861572265625,7280.74462890625,0.0
2023-07-06,6669.TW,BUY,20,448.2898864746094,8965.797729492188,0.0
2023-07-06,3231.TW,SELL,61,96.08082580566406,5860.930374145508,0.0
2023-07-06,2382.TW,BUY,45,146.26055908203125,6581.725158691406,0.0
2023-07-07,3443.TW,BUY,3,1554.3692626953125,4663.1077880859375,0.0
2023-07-07,3231.TW,SELL,20,96.53618621826172,1930.7237243652344,0.0
2023-07-07,6669.TW,SELL,23,468.5251770019531,10776.079071044922,0.0
2023-07-07,2382.TW,BUY,37,142.2716522216797,5264.051132202148,0.0
2023-07-07,3661.TW,BUY,1,1800.8223876953125,1800.8223876953125,0.0
2023-07-10,3037.TW,BUY,1450,154.33474731445312,223785.38360595703,0.0
2023-07-10,3231.TW,BUY,86,93.80402374267578,8067.146041870117,0.0
2023-07-10,6669.TW,SELL,9,480.9776916503906,4328.799224853516,0.0
2023-07-10,2615.TW,BUY,4577,48.89977264404297,223814.25939178467,0.0
2023-07-10,3443.TW,SELL,142,1568.9415283203125,222789.69702148438,0.0
2023-07-10,2382.TW,SELL,1561,144.04449462890625,224853.45611572266,0.0
2023-07-10,3661.TW,SELL,2,1834.708984375,3669.41796875,0.0
2023-07-11,3661.TW,BUY,8,1781.4588623046875,14251.6708984375,0.0
2023-07-11,3037.TW,SELL,1450,156.18307495117188,226465.45867919922,0.0
2023-07-11,3231.TW,SELL,147,102.91120910644531,15127.947738647461,0.0
2023-07-11,6669.TW,SELL,17,513.66552734375,8732.31396484375,0.0
2023-07-11,2615.TW,BUY,135,48.89977264404297,6601.469306945801,0.0
2023-07-11,3443.TW,BUY,149,1539.797119140625,229429.77075195312,0.0
2023-07-12,6415.TW,BUY,726,327.3599548339844,237663.32720947266,0.0
2023-07-12,3665.TW,BUY,829,286.84283447265625,237792.70977783203,0.0
2023-07-12,3661.TW,BUY,1,1820.1861572265625,1820.1861572265625,0.0
2023-07-12,2615.TW,BUY,341,47.075157165527344,16052.628593444824,0.0
2023-07-12,3443.TW,SELL,149,1583.5137939453125,235943.55529785156,0.0
2023-07-12,3231.TW,SELL,133,112.92912292480469,15019.573348999023,0.0
2023-07-12,6669.TW,SELL,448,540.1270751953125,241976.9296875,0.0
2023-07-13,3443.TW,BUY,140,1700.0914306640625,238012.80029296875,0.0
2023-07-13,2615.TW,BUY,264,44.97684097290039,11873.886016845703,0.0
2023-07-13,6415.TW,BUY,43,310.69793701171875,13360.011291503906,0.0
2023-07-13,3661.TW,SELL,4,1887.9591064453125,7551.83642578125,0.0
2023-07-13,3231.TW,SELL,117,120.21485900878906,14065.13850402832,0.0
2023-07-13,3665.TW,SELL,829,292.7430725097656,242684.0071105957,0.0
2023-07-14,6669.TW,BUY,413,605.5026245117188,250072.58392333984,0.0
2023-07-14,3661.TW,BUY,4,1917.0045166015625,7668.01806640625,0.0
2023-07-14,3008.TW,BUY,120,2072.173583984375,248660.830078125,0.0
2023-07-14,2308.TW,BUY,708,353.1168212890625,250006.70947265625,0.0
2023-07-14,3231.TW,SELL,54,129.32205200195312,6983.390808105469,0.0
2023-07-14,3443.TW,SELL,140,1816.669189453125,254333.6865234375,0.0
2023-07-14,2615.TW,SELL,5317,45.980384826660156,244477.70612335205,0.0
2023-07-14,6415.TW,SELL,769,326.3798522949219,250986.10641479492,0.0
2023-07-17,6669.TW,BUY,9,582.1541748046875,5239.3875732421875,0.0
2023-07-17,3661.TW,BUY,2,1863.7545166015625,3727.509033203125,0.0
2023-07-17,3231.TW,BUY,1,127.04525756835938,127.04525756835938,0.0
2023-07-17,3665.TW,BUY,853,288.20440673828125,245838.3589477539,0.0
2023-07-17,3008.TW,SELL,120,2067.6884765625,248122.6171875,0.0
2023-07-17,2308.TW,SELL,708,353.5965881347656,250346.38439941406,0.0
2023-07-17,2382.TW,BUY,1416,173.7398223876953,246015.58850097656,0.0
2023-07-18,6415.TW,BUY,731,335.200927734375,245031.87817382812,0.0
2023-07-18,2382.TW,SELL,1416,178.61517333984375,252919.08544921875,0.0
2023-07-18,3661.TW,SELL,4,1912.1636962890625,7648.65478515625,0.0
2023-07-18,3665.TW,SELL,853,285.9350891113281,243902.6310119629,0.0
2023-07-18,2615.TW,BUY,5335,45.980384826660156,245305.35305023193,0.0
2023-07-18,3231.TW,BUY,89,121.12559509277344,10780.177963256836,0.0
2023-07-18,6669.TW,BUY,5,574.3713989257812,2871.8569946289062,0.0
2023-07-19,3231.TW,BUY,88,116.57199096679688,10258.335205078125,0.0
2023-07-19,3665.TW,BUY,890,276.8577575683594,246403.40423583984,0.0
2023-07-19,2382.TW,BUY,1404,175.51268005371094,246419.80279541016,0.0
2023-07-19,6669.TW,BUY,12,560.3623657226562,6724.348388671875,0.0
2023-07-19,3661.TW,SELL,9,2062.232421875,18560.091796875,0.0
2023-07-19,2615.TW,SELL,5335,46.43653869628906,247738.93394470215,0.0
2023-07-19,6415.TW,SELL,731,333.730712890625,243957.15112304688,0.0
2023-07-20,3443.TW,BUY,143,1777.8099365234375,254226.82092285156,0.0
2023-07-20,3008.TW,BUY,127,2009.38037109375,255191.30712890625,0.0
2023-07-20,6669.TW,SELL,7,591.4935302734375,4140.4547119140625,0.0
2023-07-20,4938.TW,BUY,3847,66.46562957763672,255693.27698516846,0.0
2023-07-20,3661.TW,SELL,119,2081.595703125,247709.888671875,0.0
2023-07-20,3231.TW,SELL,26,122.49166870117188,3184.7833862304688,0.0
2023-07-20,2382.TW,SELL,1404,187.03623962402344,262598.8804321289,0.0
2023-07-20,3665.TW,SELL,890,279.1271057128906,248423.12408447266,0.0
2023-07-21,3008.TW,SELL,127,1973.4986572265625,250634.32946777344,0.0
2023-07-21,3231.TW,SELL,101,134.3310089111328,13567.431900024414,0.0
2023-07-21,3443.TW,SELL,143,1850.6710205078125,264645.9559326172,0.0
2023-07-21,4938.TW,SELL,3847,66.90233612060547,257373.28705596924,0.0
2023-07-21,6669.TW,SELL,19,645.9733276367188,12273.493225097656,0.0
2023-07-21,3037.TW,BUY,1445,184.61526489257812,266769.0577697754,0.0
2023-07-21,3665.TW,BUY,964,276.8577575683594,266890.87829589844,0.0
2023-07-21,6415.TW,BUY,837,318.5389099121094,266617.06759643555,0.0
2023-07-24,3443.TW,BUY,150,1831.2413330078125,274686.1999511719,0.0
2023-07-24,6669.TW,BUY,5,658.42578125,3292.12890625,0.0
2023-07-24,2615.TW,BUY,6122,44.97684097290039,275348.2204360962,0.0
2023-07-24,3661.TW,BUY,128,2139.68701171875,273879.9375,0.0
2023-07-24,3665.TW,SELL,964,280.94256591796875,270828.6335449219,0.0
2023-07-24,3231.TW,SELL,73,143.8935546875,10504.2294921875,0.0
2023-07-24,3037.TW,SELL,1445,193.33724975585938,279372.3258972168,0.0
2023-07-24,6415.TW,SELL,837,320.4991455078125,268257.78479003906,0.0
2023-07-25,2615.TW,SELL,6122,44.885616302490234,274789.7430038452,0.0
2023-07-25,3443.TW,SELL,2,1831.2413330078125,3662.482666015625,0.0
2023-07-25,3661.TW,SELL,128,2139.68701171875,273879.9375,0.0
2023-07-25,3037.TW,BUY,1432,189.46080017089844,271307.86584472656,0.0
2023-07-25,3231.TW,BUY,47,138.4292449951172,6506.174514770508,0.0
2023-07-25,6415.TW,BUY,853,318.048828125,271295.650390625,0.0
2023-07-25,6669.TW,BUY,8,636.6339111328125,5093.0712890625,0.0
2023-07-26,6669.TW,BUY,1,631.9642333984375,631.9642333984375,0.0
2023-07-26,6415.TW,BUY,23,308.24761962890625,7089.695251464844,0.0
2023-07-26,3661.TW,BUY,129,2086.436767578125,269150.3430175781,0.0
2023-07-26,3231.TW,SELL,65,142.52748107910156,9264.286270141602,0.0
2023-07-26,3037.TW,SELL,1432,191.39901733398438,274083.3928222656,0.0
2023-07-26,3443.TW,BUY,3,1787.52490234375,5362.57470703125,0.0
2023-07-27,3443.TW,SELL,151,1772.9525146484375,267715.82971191406,0.0
2023-07-27,3661.TW,SELL,129,2071.9140625,267276.9140625,0.0
2023-07-27,6415.TW,SELL,876,313.6383056640625,274747.15576171875,0.0
2023-07-27,2382.TW,BUY,1194,223.82296752929688,267244.62322998047,0.0
2023-07-27,3037.TW,BUY,1448,184.61526489257812,267322.9035644531,0.0
2023-07-27,3231.TW,BUY,11,140.2506866455078,1542.757553100586,0.0
2023-07-27,4938.TW,BUY,3950,67.68839263916016,267369.1509246826,0.0
2023-07-27,6669.TW,BUY,12,608.6157836914062,7303.389404296875,0.0
2023-07-28,2207.TW,BUY,404,667.641357421875,269727.1083984375,0.0
2023-07-28,3443.TW,BUY,153,1763.23779296875,269775.38232421875,0.0
2023-07-28,6669.TW,BUY,19,589.93701171875,11208.80322265625,0.0
2023-07-28,2049.TW,BUY,1291,209.24981689453125,270141.51361083984,0.0
2023-07-28,3037.TW,SELL,1448,185.09982299804688,268024.5437011719,0.0
2023-07-28,3231.TW,SELL,16,142.9828338623047,2287.725341796875,0.0
2023-07-28,2382.TW,SELL,1194,234.46011352539062,279945.3755493164,0.0
2023-07-28,4938.TW,SELL,3950,68.73645782470703,271509.0084075928,0.0
2023-07-31,2049.TW,SELL,1291,204.88034057617188,264500.5196838379,0.0
2023-07-31,2207.TW,SELL,404,665.0093994140625,268663.79736328125,0.0
2023-07-31,2357.TW,BUY,811,314.24652099609375,254853.92852783203,0.0
2023-07-31,2382.TW,BUY,1206,211.4130096435547,254964.08963012695,0.0
2023-07-31,3231.TW,BUY,88,128.86669921875,11340.26953125,0.0
2023-07-31,3443.TW,BUY,7,1588.3712158203125,11118.598510742188,0.0
2023-07-31,6669.TW,BUY,2,554.1361083984375,1108.272216796875,0.0
2023-08-01,4938.TW,BUY,3710,66.55296325683594,246911.49368286133,0.0
2023-08-01,3661.TW,BUY,130,1897.640869140625,246693.31298828125,0.0
2023-08-01,3231.TW,BUY,30,122.94702911376953,3688.410873413086,0.0
2023-08-01,3443.TW,SELL,160,1432.9342041015625,229269.47265625,0.0
2023-08-01,2382.TW,SELL,31,210.08335876464844,6512.584121704102,0.0
2023-08-01,2357.TW,SELL,811,321.15301513671875,260455.0952758789,0.0
2023-08-01,6669.TW,SELL,1,537.013916015625,537.013916015625,0.0
2023-08-02,3661.TW,SELL,5,1834.708984375,9173.544921875,0.0
2023-08-02,4938.TW,SELL,3710,66.20361328125,245615.4052734375,0.0
2023-08-02,2382.TW,BUY,42,189.25228881835938,7948.596130371094,0.0
2023-08-02,3037.TW,BUY,1320,174.43960571289062,230260.27954101562,0.0
2023-08-02,3231.TW,BUY,73,110.6523208618164,8077.619422912598,0.0
2023-08-02,6669.TW,BUY,16,484.0907897949219,7745.45263671875,0.0
2023-08-04,3443.TW,BUY,169,1340.6434326171875,226568.7401123047,0.0
2023-08-04,3661.TW,BUY,1,1795.9815673828125,1795.9815673828125,0.0
2023-08-04,3231.TW,BUY,108,103.82192993164062,11212.768432617188,0.0
2023-08-04,2382.TW,SELL,1217,195.01406860351562,237332.12149047852,0.0
2023-08-04,6669.TW,SELL,6,484.0907897949219,2904.5447387695312,0.0
2023-08-04,3037.TW,BUY,1,172.016845703125,172.016845703125,0.0
2023-08-07,4938.TW,BUY,3603,66.98966217041016,241363.7527999878,0.0
2023-08-07,2382.TW,BUY,1125,214.5155029296875,241329.94079589844,0.0
2023-08-07,6669.TW,SELL,4,518.3351440429688,2073.340576171875,0.0
2023-08-07,5871.TW,BUY,1578,152.93017578125,241323.8173828125,0.0
2023-08-07,3443.TW,SELL,169,1364.9305419921875,230673.2615966797,0.0
2023-08-07,3231.TW,SELL,69,113.83983612060547,7854.948692321777,0.0
2023-08-07,3037.TW,SELL,1321,176.37783813476562,232995.1241760254,0.0
2023-08-07,3661.TW,SELL,126,1975.0955810546875,248862.04321289062,0.0
2023-08-08,3231.TW,SELL,35,117.48271179199219,4111.894912719727,0.0
2023-08-08,4938.TW,SELL,3603,67.68839263916016,243881.27867889404,0.0
2023-08-08,5871.TW,SELL,1578,150.89112854003906,238106.20083618164,0.0
2023-08-08,6669.TW,SELL,17,546.353271484375,9288.005615234375,0.0
2023-08-08,2382.TW,BUY,26,212.7426300048828,5531.308380126953,0.0
2023-08-08,3037.TW,BUY,1416,172.98594665527344,244948.1004638672,0.0
2023-08-08,3443.TW,BUY,187,1306.641845703125,244342.02514648438,0.0
2023-08-09,3661.TW,BUY,119,2004.1412353515625,238492.80700683594,0.0
2023-08-09,6669.TW,BUY,7,526.1179809570312,3682.8258666992188,0.0
2023-08-09,3231.TW,BUY,108,109.28624725341797,11802.91470336914,0.0
2023-08-09,3037.TW,SELL,1416,178.31605529785156,252495.5343017578,0.0
2023-08-09,3443.TW,SELL,3,1301.784423828125,3905.353271484375,0.0
2023-08-09,2382.TW,BUY,7,206.98086547851562,1448.8660583496094,0.0
2023-08-10,3231.TW,SELL,56,103.36656951904297,5788.527893066406,0.0
2023-08-10,3443.TW,SELL,3,1214.35107421875,3643.05322265625,0.0
2023-08-10,6669.TW,SELL,2,487.2039794921875,974.407958984375,0.0
2023-08-10,2382.TW,BUY,26,186.59303283691406,4851.418853759766,0.0
2023-08-10,3661.TW,BUY,3,1805.6634521484375,5416.9903564453125,0.0
2023-08-11,6669.TW,BUY,4,490.31707763671875,1961.268310546875,0.0
2023-08-11,3665.TW,BUY,872,256.8362121582031,223961.17700195312,0.0
2023-08-11,3231.TW,BUY,3,104.7326431274414,314.1979293823242,0.0
2023-08-11,3661.TW,BUY,5,1762.094970703125,8810.474853515625,0.0
2023-08-11,3443.TW,SELL,181,1233.78076171875,223314.31787109375,0.0
2023-08-11,2382.TW,SELL,1184,198.11659240722656,234570.04541015625,0.0
2023-08-11,3037.TW,BUY,1325,169.10952758789062,224070.12405395508,0.0
2023-08-14,3661.TW,SELL,127,1757.254150390625,223171.27709960938,0.0
2023-08-14,3665.TW,SELL,872,254.94073486328125,222308.32080078125,0.0
2023-08-14,6669.TW,SELL,5,488.760498046875,2443.802490234375,0.0
2023-08-14,3037.TW,BUY,13,165.2330780029297,2148.030014038086,0.0
2023-08-14,3231.TW,BUY,38,101.54512786865234,3858.714859008789,0.0
2023-08-14,5871.TW,BUY,1563,141.5113983154297,221182.3155670166,0.0
2023-08-14,9910.TW,BUY,1418,156.00039672851562,221208.56256103516,0.0
2023-08-15,5871.TW,BUY,61,138.65670776367188,8458.059173583984,0.0
2023-08-15,6415.TW,BUY,796,282.7645263671875,225080.56298828125,0.0
2023-08-15,3665.TW,BUY,890,253.04525756835938,225210.27923583984,0.0
2023-08-15,3231.TW,SELL,55,106.09872436523438,5835.429840087891,0.0
2023-08-15,6669.TW,SELL,10,508.9958190917969,5089.958190917969,0.0
2023-08-15,9910.TW,SELL,1418,155.55467224121094,220576.5252380371,0.0
2023-08-15,3037.TW,SELL,1338,170.07862854003906,227565.20498657227,0.0
2023-08-16,2886.TW,BUY,7574,30.964374542236328,234524.17278289795,0.0
2023-08-16,2615.TW,BUY,5401,43.42591857910156,234543.38624572754,0.0
2023-08-16,6669.TW,SELL,2,532.3442993164062,1064.6885986328125,0.0
2023-08-16,2891.TW,BUY,11484,20.421977996826172,234525.99531555176,0.0
2023-08-16,5871.TW,SELL,1624,141.91920471191406,230476.78845214844,0.0
2023-08-16,3665.TW,SELL,890,255.41458129882812,227318.97735595703,0.0
2023-08-16,3231.TW,SELL,111,116.57199096679688,12939.490997314453,0.0
2023-08-16,6415.TW,SELL,796,290.6054992675781,231321.9774169922,0.0
2023-08-17,2615.TW,SELL,5401,43.699615478515625,236021.6231994629,0.0
2023-08-17,2886.TW,SELL,7574,30.834630966186523,233541.49493789673,0.0
2023-08-17,3231.TW,SELL,17,117.48271179199219,1997.2061004638672,0.0
2023-08-17,2890.TW,BUY,16433,14.265995025634766,234433.0962562561,0.0
2023-08-17,2891.TW,BUY,69,20.29106903076172,1400.0837631225586,0.0
2023-08-17,6669.TW,BUY,2,529.2310791015625,1058.462158203125,0.0
2023-08-17,9910.TW,BUY,1542,151.98895263671875,234366.9649658203,0.0
2023-08-18,2382.TW,BUY,1013,226.9254913330078,229875.5227203369,0.0
2023-08-18,6669.TW,BUY,6,512.10888671875,3072.6533203125,0.0
2023-08-18,2357.TW,BUY,693,331.5127868652344,229738.36129760742,0.0
2023-08-18,3231.TW,BUY,99,109.7416000366211,10864.418403625488,0.0
2023-08-18,2891.TW,SELL,11553,20.37834358215332,235431.0034046173,0.0
2023-08-18,2890.TW,SELL,16433,14.392242431640625,236507.7198791504,0.0
2023-08-18,9910.TW,SELL,12,150.2061004638672,1802.4732055664062,0.0
2023-08-21,2357.TW,SELL,693,333.23944091796875,230934.93255615234,0.0
2023-08-21,3231.TW,SELL,3,110.19696807861328,330.59090423583984,0.0
2023-08-21,6669.TW,SELL,3,516.7786865234375,1550.3360595703125,0.0
2023-08-21,9910.TW,SELL,1530,152.43467712402344,233225.05599975586,0.0
2023-08-21,2382.TW,BUY,24,222.05014038085938,5329.203369140625,0.0
2023-08-21,2615.TW,BUY,5123,44.97684097290039,230416.3563041687,0.0
2023-08-21,6415.TW,BUY,836,275.41363525390625,230245.79907226562,0.0
2023-08-22,9910.TW,BUY,1529,151.54324340820312,231709.61917114258,0.0
2023-08-22,6415.TW,BUY,44,263.1621398925781,11579.134155273438,0.0
2023-08-22,2615.TW,BUY,93,44.42946243286133,4131.9400062561035,0.0
2023-08-22,2382.TW,SELL,1037,229.1415557861328,237619.79335021973,0.0
2023-08-22,6669.TW,SELL,11,533.9007568359375,5872.9083251953125,0.0
2023-08-22,3231.TW,SELL,31,112.4737548828125,3486.6864013671875,0.0
2023-08-23,3231.TW,SELL,54,116.11663055419922,6270.298049926758,0.0
2023-08-23,6669.TW,SELL,12,551.0230102539062,6612.276123046875,0.0
2023-08-23,9910.TW,SELL,1529,154.217529296875,235798.60229492188,0.0
2023-08-23,2382.TW,BUY,1002,232.24404907226562,232708.53717041016,0.0
2023-08-23,2615.TW,BUY,153,43.380306243896484,6637.186855316162,0.0
2023-08-23,6415.TW,BUY,35,254.341064453125,8901.937255859375,0.0
2023-08-24,3231.TW,BUY,45,111.56304168701172,5020.336875915527,0.0
2023-08-24,2615.TW,BUY,85,41.966224670410156,3567.1290969848633,0.0
2023-08-24,6669.TW,SELL,2,544.7966918945312,1089.5933837890625,0.0
2023-08-24,2382.TW,SELL,19,232.68727111816406,4421.058151245117,0.0
2023-08-24,6415.TW,SELL,10,252.87088012695312,2528.7088012695312,0.0
2023-08-25,2615.TW,SELL,5454,41.87499237060547,228386.20838928223,0.0
2023-08-25,6415.TW,SELL,905,245.02992248535156,221752.07984924316,0.0
2023-08-25,2357.TW,BUY,606,356.5489196777344,216068.64532470703,0.0
2023-08-25,2382.TW,BUY,16,216.28836059570312,3460.61376953125,0.0
2023-08-25,3231.TW,BUY,87,101.08977508544922,8794.810432434082,0.0
2023-08-25,3443.TW,BUY,155,1389.217529296875,215328.71704101562,0.0
2023-08-25,6669.TW,BUY,11,501.2129821777344,5513.342803955078,0.0
2023-08-28,3661.TW,BUY,91,2333.32373046875,212332.45947265625,0.0
2023-08-28,3231.TW,BUY,2,99.72369384765625,199.4473876953125,0.0
2023-08-28,2382.TW,BUY,12,210.96978759765625,2531.637451171875,0.0
2023-08-28,6669.TW,SELL,3,498.09991455078125,1494.2997436523438,0.0
2023-08-28,3443.TW,SELL,155,1389.217529296875,215328.71704101562,0.0
2023-08-28,2357.TW,BUY,4,349.6424255371094,1398.5697021484375,0.0
2023-08-29,2382.TW,SELL,1011,216.7315673828125,219115.61462402344,0.0
2023-08-29,3661.TW,SELL,91,2410.778564453125,219380.84936523438,0.0
2023-08-29,6669.TW,SELL,3,510.5523376464844,1531.6570129394531,0.0
2023-08-29,2357.TW,BUY,10,349.6424255371094,3496.4242553710938,0.0
2023-08-29,2615.TW,BUY,5246,41.37322235107422,217043.92445373535,0.0
2023-08-29,3231.TW,BUY,36,99.72369384765625,3590.052978515625,0.0
2023-08-29,4938.TW,BUY,3174,68.3871078491211,217060.68031311035,0.0
2023-08-30,2382.TW,BUY,998,220.27728271484375,219836.72814941406,0.0
2023-08-30,3443.TW,BUY,152,1442.6490478515625,219282.6552734375,0.0
2023-08-30,2357.TW,BUY,12,347.915771484375,4174.9892578125,0.0
2023-08-30,3231.TW,SELL,19,102.00048828125,1938.00927734375,0.0
2023-08-30,4938.TW,SELL,3174,68.56178283691406,217615.09872436523,0.0
2023-08-30,6669.TW,SELL,10,529.2310791015625,5292.310791015625,0.0
2023-08-30,2615.TW,SELL,5246,41.829376220703125,219436.9076538086,0.0
2023-08-31,2357.TW,SELL,632,347.4841613769531,219609.98999023438,0.0
2023-08-31,2382.TW,SELL,26,224.70941162109375,5842.4447021484375,0.0
2023-08-31,3231.TW,SELL,107,106.55408477783203,11401.287071228027,0.0
2023-08-31,3443.TW,BUY,2,1418.362060546875,2836.72412109375,0.0
2023-08-31,3661.TW,BUY,91,2391.414794921875,217618.74633789062,0.0
2023-08-31,6669.TW,BUY,34,485.6473693847656,16512.01055908203,0.0
2023-09-01,3231.TW,BUY,63,99.26834106445312,6253.905487060547,0.0
2023-09-01,6669.TW,SELL,3,470.0817565917969,1410.2452697753906,0.0
2023-09-01,2382.TW,BUY,11,213.18585205078125,2345.0443725585938,0.0
2023-09-01,3443.TW,SELL,1,1364.9305419921875,1364.9305419921875,0.0
2023-09-01,3661.TW,SELL,3,2367.210205078125,7101.630615234375,0.0
2023-09-04,2382.TW,SELL,983,218.0612030029297,214354.16255187988,0.0
2023-09-04,3231.TW,SELL,14,102.45585632324219,1434.3819885253906,0.0
2023-09-04,3443.TW,SELL,153,1403.7899169921875,214779.8572998047,0.0
2023-09-04,3661.TW,SELL,88,2401.0966796875,211296.5078125,0.0
2023-09-04,6669.TW,SELL,2,484.0907897949219,968.1815795898438,0.0
2023-09-04,2317.TW,BUY,2210,97.3009033203125,215034.99633789062,0.0
2023-09-04,2357.TW,BUY,622,345.32586669921875,214792.68908691406,0.0
2023-09-04,4938.TW,BUY,3185,67.51371002197266,215031.1664199829,0.0
2023-09-05,2382.TW,BUY,990,217.17477416992188,215003.02642822266,0.0
2023-09-05,3443.TW,BUY,153,1398.932373046875,214036.65307617188,0.0
2023-09-05,2357.TW,BUY,10,340.1459655761719,3401.4596557617188,0.0
2023-09-05,2317.TW,SELL,2210,97.7577133178711,216044.54643249512,0.0
2023-09-05,4938.TW,SELL,3185,67.8630599975586,216143.84609222412,0.0
2023-09-05,3231.TW,SELL,1,102.45585632324219,102.45585632324219,0.0
2023-09-05,6669.TW,SELL,2,485.6473693847656,971.2947387695312,0.0
2023-09-06,3231.TW,BUY,19,103.36656951904297,1963.9648208618164,0.0
2023-09-06,2615.TW,BUY,5181,42.23991775512695,218845.01388931274,0.0
2023-09-06,2207.TW,BUY,357,612.888671875,218801.255859375,0.0
2023-09-06,6669.TW,BUY,2,491.87359619140625,983.7471923828125,0.0
2023-09-06,2382.TW,SELL,18,225.15261840820312,4052.7471313476562,0.0
2023-09-06,2357.TW,SELL,632,348.3474426269531,220155.58374023438,0.0
2023-09-06,3443.TW,SELL,153,1408.647216796875,215523.02416992188,0.0
2023-09-07,2207.TW,SELL,357,603.0177612304688,215277.34075927734,0.0
2023-09-07,2382.TW,SELL,10,223.3797607421875,2233.797607421875,0.0
2023-09-07,2615.TW,SELL,5181,41.64691925048828,215772.68863677979,0.0
2023-09-07,3231.TW,BUY,29,100.1790542602539,2905.1925735473633,0.0
2023-09-07,3443.TW,BUY,156,1374.6453857421875,214444.68017578125,0.0
2023-09-07,3661.TW,BUY,90,2384.5693359375,214611.240234375,0.0
2023-09-07,6669.TW,BUY,1,482.53424072265625,482.53424072265625,0.0
2023-09-08,6415.TW,BUY,723,292.5657043457031,211525.00424194336,0.0
2023-09-08,6669.TW,SELL,8,484.0907897949219,3872.726318359375,0.0
2023-09-08,2382.TW,BUY,25,214.5155029296875,5362.8875732421875,0.0
2023-09-08,3231.TW,SELL,13,99.26834106445312,1290.4884338378906,0.0
2023-09-08,3661.TW,SELL,90,2345.6376953125,211107.392578125,0.0
2023-09-11,3443.TW,SELL,2,1321.2138671875,2642.427734375,0.0
2023-09-11,6415.TW,SELL,723,291.5856018066406,210816.39010620117,0.0
2023-09-11,2357.TW,BUY,621,328.0595703125,203724.9931640625,0.0
2023-09-11,2382.TW,BUY,21,202.1055145263672,4244.215805053711,0.0
2023-09-11,3231.TW,BUY,50,93.34867095947266,4667.433547973633,0.0
2023-09-11,6669.TW,BUY,2,463.85552978515625,927.7110595703125,0.0
2023-09-12,9910.TW,BUY,1152,174.27471923828125,200764.4765625,0.0
2023-09-12,2357.TW,BUY,18,313.8148498535156,5648.667297363281,0.0
2023-09-12,6669.TW,BUY,5,451.40301513671875,2257.0150756835938,0.0
2023-09-12,3231.TW,SELL,22,92.89330291748047,2043.6526641845703,0.0
2023-09-12,3443.TW,SELL,154,1345.5009765625,207207.150390625,0.0
2023-09-12,2382.TW,BUY,3,198.55979919433594,595.6793975830078,0.0
2023-09-13,2357.TW,SELL,639,318.9947509765625,203837.64587402344,0.0
2023-09-13,2382.TW,SELL,6,202.54872131347656,1215.2923278808594,0.0
2023-09-13,9910.TW,SELL,1152,178.28616333007812,205385.66015625,0.0
2023-09-13,3008.TW,BUY,111,1831.3345947265625,203278.14001464844,0.0
2023-09-13,3037.TW,BUY,1157,175.89328002929688,203508.52499389648,0.0
2023-09-13,3231.TW,BUY,30,92.89330291748047,2786.799087524414,0.0
2023-09-13,6669.TW,BUY,2,456.0727233886719,912.1454467773438,0.0
2023-09-14,3443.TW,BUY,146,1428.076904296875,208499.22802734375,0.0
2023-09-14,6669.TW,BUY,7,460.74237060546875,3225.1965942382812,0.0
2023-09-14,6415.TW,BUY,646,322.9494323730469,208625.33331298828,0.0
2023-09-14,3037.TW,SELL,1157,180.2542724609375,208554.1932373047,0.0
2023-09-14,3008.TW,SELL,111,1881.321533203125,208826.69018554688,0.0
2023-09-14,2382.TW,SELL,3,208.3105010986328,624.9315032958984,0.0
2023-09-14,3231.TW,SELL,28,96.53618621826172,2703.013214111328,0.0
2023-09-15,3443.TW,SELL,146,1437.7916259765625,209917.57739257812,0.0
2023-09-15,6669.TW,SELL,11,473.19488525390625,5205.143737792969,0.0
2023-09-15,2357.TW,BUY,661,316.4048156738281,209143.5831604004,0.0
2023-09-15,2382.TW,BUY,11,206.5376434326172,2271.914077758789,0.0
2023-09-15,3231.TW,BUY,36,95.17010498046875,3426.123779296875,0.0
2023-09-15,6415.TW,BUY,3,322.4593811035156,967.3781433105469,0.0
2023-09-18,6669.TW,BUY,18,438.9505310058594,7901.109558105469,0.0
2023-09-18,3661.TW,BUY,79,2545.1630859375,201067.8837890625,0.0
2023-09-18,2382.TW,BUY,12,197.2301483154297,2366.7617797851562,0.0
2023-09-18,2357.TW,SELL,10,310.3616027832031,3103.6160278320312,0.0
2023-09-18,6415.TW,SELL,649,323.4394836425781,209912.2248840332,0.0
2023-09-19,2357.TW,SELL,651,311.2249450683594,202607.43923950195,0.0
2023-09-19,3661.TW,SELL,79,2535.43017578125,200298.98388671875,0.0
2023-09-19,2382.TW,BUY,3,194.12767028808594,582.3830108642578,0.0
2023-09-19,3231.TW,BUY,27,89.61471557617188,2419.5973205566406,0.0
2023-09-19,3443.TW,BUY,144,1384.3602294921875,199347.873046875,0.0
2023-09-19,6415.TW,BUY,630,316.57867431640625,199444.56481933594,0.0
2023-09-19,6669.TW,BUY,6,428.0545959472656,2568.3275756835938,0.0
2023-09-20,3661.TW,BUY,82,2384.5693359375,195534.685546875,0.0
2023-09-20,6669.TW,SELL,3,424.9414367675781,1274.8243103027344,0.0
2023-09-20,3443.TW,BUY,5,1321.2138671875,6606.0693359375,0.0
2023-09-20,3231.TW,SELL,34,89.88793182373047,3056.189682006836,0.0
2023-09-20,6415.TW,SELL,1,313.1482238769531,313.1482238769531,0.0
2023-09-20,2382.TW,SELL,1028,193.6844482421875,199107.61279296875,0.0
2023-09-21,3231.TW,SELL,67,91.52722930908203,6132.324363708496,0.0
2023-09-21,6669.TW,SELL,11,429.61114501953125,4725.722595214844,0.0
2023-09-21,3443.TW,BUY,2,1282.3548583984375,2564.709716796875,0.0
2023-09-21,3661.TW,BUY,2,2296.972900390625,4593.94580078125,0.0
2023-09-21,6415.TW,BUY,10,304.3271484375,3043.271484375,0.0
2023-09-22,9910.TW,BUY,1184,170.26329040527344,201591.73583984375,0.0
2023-09-22,6415.TW,BUY,18,306.7774658203125,5521.994384765625,0.0
2023-09-22,2615.TW,BUY,4464,45.15930938720703,201591.1571044922,0.0
2023-09-22,3231.TW,BUY,34,93.34867095947266,3173.8548126220703,0.0
2023-09-22,3661.TW,SELL,84,2433.234130859375,204391.6669921875,0.0
2023-09-22,3443.TW,SELL,151,1350.3583984375,203904.1181640625,0.0
2023-09-22,6669.TW,SELL,3,448.2898864746094,1344.8696594238281,0.0
2023-09-25,6415.TW,SELL,657,316.57867431640625,207992.1890258789,0.0
2023-09-25,9910.TW,SELL,1184,172.9375762939453,204758.09033203125,0.0
2023-09-25,2382.TW,BUY,1017,200.33265686035156,203738.31202697754,0.0
2023-09-25,2615.TW,BUY,75,44.885616302490234,3366.4212226867676,0.0
2023-09-25,3037.TW,BUY,1178,172.98594665527344,203777.4451599121,0.0
2023-09-25,3231.TW,BUY,13,93.80402374267578,1219.4523086547852,0.0
2023-09-25,6669.TW,BUY,2,451.40301513671875,902.8060302734375,0.0
2023-09-26,6415.TW,BUY,656,306.2873840332031,200924.52392578125,0.0
2023-09-26,9910.TW,BUY,1192,168.4804229736328,200828.6641845703,0.0
2023-09-26,3231.TW,BUY,2,92.43795013427734,184.8759002685547,0.0
2023-09-26,2382.TW,BUY,6,196.34371948242188,1178.0623168945312,0.0
2023-09-26,6669.TW,SELL,2,446.73333740234375,893.4666748046875,0.0
2023-09-26,3037.TW,SELL,1178,170.5631866455078,200923.4338684082,0.0
2023-09-26,2615.TW,SELL,4539,44.42946243286133,201665.32998275757,0.0
2023-09-27,2382.TW,SELL,1023,203.87835693359375,208567.5591430664,0.0
2023-09-27,3231.TW,SELL,13,93.80402374267578,1219.4523086547852,0.0
2023-09-27,6669.TW,SELL,7,457.6292419433594,3203.4046936035156,0.0
2023-09-27,3037.TW,BUY,1205,168.1404266357422,202609.21409606934,0.0
2023-09-27,6415.TW,BUY,19,299.9166259765625,5698.4158935546875,0.0
2023-09-27,9910.TW,BUY,27,166.25184631347656,4488.799850463867,0.0
2023-09-28,9910.TW,BUY,18,163.1318359375,2936.373046875,0.0
2023-09-28,6415.TW,BUY,1,298.4464416503906,298.4464416503906,0.0
2023-09-28,3231.TW,BUY,22,92.43795013427734,2033.6349029541016,0.0
2023-09-28,6669.TW,SELL,9,465.41204833984375,4188.708435058594,0.0
2023-09-28,3037.TW,SELL,1205,168.1404266357422,202609.21409606934,0.0
2023-09-28,3034.TW,BUY,555,363.4768981933594,201729.67849731445,0.0
2023-10-02,3034.TW,SELL,555,367.7733154296875,204114.19006347656,0.0
2023-10-02,3231.TW,SELL,74,101.08977508544922,7480.643356323242,0.0
2023-10-02,6415.TW,SELL,676,303.83709716796875,205393.87768554688,0.0
2023-10-02,6669.TW,SELL,16,510.5523376464844,8168.83740234375,0.0
2023-10-02,9910.TW,SELL,1237,173.38328552246094,214475.12419128418,0.0
2023-10-02,2105.TW,BUY,5778,36.910282135009766,213267.61017608643,0.0
2023-10-02,2615.TW,BUY,4937,43.19784164428711,213267.74419784546,0.0
2023-10-02,3665.TW,BUY,839,253.9929962158203,213100.12382507324,0.0
2023-10-03,6415.TW,BUY,699,299.9166259765625,209641.7215576172,0.0
2023-10-03,6669.TW,BUY,5,496.5433044433594,2482.716522216797,0.0
2023-10-03,3231.TW,BUY,22,98.35762023925781,2163.867645263672,0.0
2023-10-03,2105.TW,SELL,5778,36.86680603027344,213016.40524291992,0.0
2023-10-03,2382.TW,BUY,951,220.27728271484375,209483.6958618164,0.0
2023-10-03,3665.TW,SELL,839,253.9929962158203,213100.12382507324,0.0
2023-10-03,2615.TW,BUY,59,41.966224670410156,2476.007255554199,0.0
2023-10-04,3661.TW,BUY,79,2618.159912109375,206834.63305664062,0.0
2023-10-04,3231.TW,BUY,23,96.53618621826172,2220.3322830200195,0.0
2023-10-04,2207.TW,BUY,373,557.2530517578125,207855.38830566406,0.0
2023-10-04,6415.TW,BUY,19,289.6253662109375,5502.8819580078125,0.0
2023-10-04,2615.TW,SELL,4996,42.28553009033203,211258.50833129883,0.0
2023-10-04,2382.TW,SELL,951,222.05014038085938,211169.68350219727,0.0
2023-10-04,6669.TW,SELL,2,494.9867248535156,989.9734497070312,0.0
2023-10-05,2207.TW,SELL,373,569.8159790039062,212541.36016845703,0.0
2023-10-05,6415.TW,SELL,718,294.5259704589844,211469.64678955078,0.0
2023-10-05,6669.TW,SELL,2,504.3260498046875,1008.652099609375,0.0
2023-10-05,2382.TW,BUY,954,221.16371154785156,210990.1808166504,0.0
2023-10-05,3231.TW,BUY,12,97.4468994140625,1169.36279296875,0.0
2023-10-05,3661.TW,BUY,1,2637.625732421875,2637.625732421875,0.0
2023-10-05,3665.TW,BUY,837,252.09751892089844,211005.623336792,0.0
2023-10-06,2207.TW,BUY,379,563.5345458984375,213579.5928955078,0.0
2023-10-06,6669.TW,SELL,5,516.7786865234375,2583.8934326171875,0.0
2023-10-06,3665.TW,BUY,30,246.41111755371094,7392.333526611328,0.0
2023-10-06,3231.TW,SELL,4,98.81297302246094,395.25189208984375,0.0
2023-10-06,2382.TW,SELL,954,225.59584045410156,215218.4317932129,0.0
2023-10-06,3661.TW,SELL,1,2700.889892578125,2700.889892578125,0.0
2023-10-11,2207.TW,SELL,379,586.8656005859375,222422.0626220703,0.0
2023-10-11,3661.TW,SELL,2,2696.0234375,5392.046875,0.0
2023-10-11,3665.TW,SELL,867,243.0940399169922,210762.53260803223,0.0
2023-10-11,2382.TW,BUY,994,210.96978759765625,209703.9688720703,0.0
2023-10-11,2615.TW,BUY,5082,41.28199005126953,209795.07344055176,0.0
2023-10-11,3231.TW,BUY,184,89.43257904052734,16455.59454345703,0.0
2023-10-11,6669.TW,BUY,1,505.8826904296875,505.8826904296875,0.0
2023-10-12,9910.TW,BUY,1285,166.25184631347656,213633.62251281738,0.0
2023-10-12,6415.TW,BUY,733,291.09552001953125,213373.0161743164,0.0
2023-10-12,2382.TW,BUY,18,210.96978759765625,3797.4561767578125,0.0
2023-10-12,3661.TW,SELL,77,2725.22216796875,209842.10693359375,0.0
2023-10-12,3231.TW,SELL,58,93.34867095947266,5414.222915649414,0.0
2023-10-12,2615.TW,SELL,5082,41.64691925048828,211649.64363098145,0.0
2023-10-12,6669.TW,SELL,4,519.8917236328125,2079.56689453125,0.0
2023-10-13,6415.TW,SELL,733,314.618408203125,230615.29321289062,0.0
2023-10-13,9910.TW,SELL,1285,164.91468811035156,211915.37422180176,0.0
2023-10-13,2357.TW,BUY,674,315.1098327636719,212384.02728271484,0.0
2023-10-13,2382.TW,BUY,48,200.33265686035156,9615.967529296875,0.0
2023-10-13,3231.TW,BUY,67,90.2522201538086,6046.898750305176,0.0
2023-10-13,3661.TW,BUY,78,2696.0234375,210289.828125,0.0
2023-10-13,6669.TW,BUY,5,512.10888671875,2560.54443359375,0.0
2023-10-16,9910.TW,BUY,1296,161.34898376464844,209108.28295898438,0.0
2023-10-16,6669.TW,BUY,7,494.9867248535156,3464.9070739746094,0.0
2023-10-16,2357.TW,SELL,674,313.38323974609375,211220.3035888672,0.0
2023-10-16,3231.TW,SELL,12,89.25042724609375,1071.005126953125,0.0
2023-10-16,2382.TW,BUY,5,196.34371948242188,981.7185974121094,0.0
2023-10-17,2382.TW,SELL,26,196.34371948242188,5104.936706542969,0.0
2023-10-17,9910.TW,SELL,1296,163.1318359375,211418.859375,0.0
2023-10-17,3231.TW,BUY,22,86.24505615234375,1897.3912353515625,0.0
2023-10-17,3443.TW,BUY,124,1636.9451904296875,202981.20361328125,0.0
2023-10-17,3661.TW,BUY,1,2559.76220703125,2559.76220703125,0.0
2023-10-17,6669.TW,BUY,16,465.41204833984375,7446.5927734375,0.0
2023-10-18,3661.TW,BUY,2,2374.83642578125,4749.6728515625,0.0
2023-10-18,2382.TW,BUY,9,185.70660400390625,1671.3594360351562,0.0
2023-10-18,6669.TW,SELL,6,449.846435546875,2699.07861328125,0.0
2023-10-18,3443.TW,SELL,2,1588.3712158203125,3176.742431640625,0.0
2023-10-18,3231.TW,SELL,16,82.87540435791016,1326.0064697265625,0.0
2023-10-19,3443.TW,SELL,122,1583.5137939453125,193188.68286132812,0.0
2023-10-19,3661.TW,SELL,3,2530.563232421875,7591.689697265625,0.0
2023-10-19,2357.TW,BUY,664,297.4118957519531,197481.49877929688,0.0
2023-10-19,2382.TW,BUY,22,184.82015991210938,4066.0435180664062,0.0
2023-10-19,3231.TW,BUY,19,83.51290130615234,1586.7451248168945,0.0
2023-10-19,6669.TW,BUY,1,456.0727233886719,456.0727233886719,0.0
2023-10-20,3443.TW,BUY,127,1544.654541015625,196171.12670898438,0.0
2023-10-20,2382.TW,BUY,16,181.2744598388672,2900.391357421875,0.0
2023-10-20,6669.TW,SELL,16,471.6383056640625,7546.212890625,0.0
2023-10-20,3231.TW,SELL,2,83.23969268798828,166.47938537597656,0.0
2023-10-20,2357.TW,SELL,664,290.9370422363281,193182.19604492188,0.0
2023-10-23,2382.TW,SELL,6,177.72874450683594,1066.3724670410156,0.0
2023-10-23,3231.TW,SELL,86,84.2414779663086,7244.767105102539,0.0
2023-10-23,6669.TW,SELL,10,471.6383056640625,4716.383056640625,0.0
2023-10-23,3443.TW,BUY,9,1408.647216796875,12677.824951171875,0.0
2023-10-24,6415.TW,BUY,730,274.4335021972656,200336.4566040039,0.0
2023-10-24,3231.TW,BUY,8,87.61113739013672,700.8890991210938,0.0
2023-10-24,3661.TW,BUY,2,2501.364501953125,5002.72900390625,0.0
2023-10-24,6669.TW,SELL,21,518.3351440429688,10885.038024902344,0.0
2023-10-24,3443.TW,SELL,136,1423.219482421875,193557.849609375,0.0
2023-10-24,2382.TW,BUY,2,185.2633819580078,370.5267639160156,0.0
2023-10-25,3661.TW,SELL,80,2550.029296875,204002.34375,0.0
2023-10-25,6415.TW,SELL,730,287.175048828125,209637.78564453125,0.0
2023-10-25,2327.TW,BUY,2006,101.07347106933594,202753.3829650879,0.0
2023-10-25,2382.TW,BUY,5,186.59303283691406,932.9651641845703,0.0
2023-10-25,2886.TW,BUY,6363,31.872543334960938,202804.99324035645,0.0
2023-10-25,3231.TW,BUY,49,86.79149627685547,4252.783317565918,0.0
2023-10-25,6669.TW,BUY,7,515.2220458984375,3606.5543212890625,0.0
2023-10-26,3443.TW,BUY,142,1384.3602294921875,196579.15258789062,0.0
2023-10-26,3661.TW,BUY,82,2399.168701171875,196731.83349609375,0.0
2023-10-26,2382.TW,BUY,12,179.50160217285156,2154.0192260742188,0.0
2023-10-26,6669.TW,BUY,6,493.4302062988281,2960.5812377929688,0.0
2023-10-26,2886.TW,SELL,6363,31.48333168029785,200328.43948173523,0.0
2023-10-26,2327.TW,SELL,2006,98.9394760131836,198472.5888824463,0.0
2023-10-26,3231.TW,SELL,13,84.87897491455078,1103.4266738891602,0.0
2023-10-27,3037.TW,BUY,1426,142.45901489257812,203146.5552368164,0.0
2023-10-27,2454.TW,BUY,284,715.1355590820312,203098.49877929688,0.0
2023-10-27,2303.TW,BUY,4984,40.76832962036133,203189.35482788086,0.0
2023-10-27,3231.TW,BUY,42,85.88077545166016,3606.9925689697266,0.0
2023-10-27,3661.TW,SELL,82,2540.296630859375,208304.32373046875,0.0
2023-10-27,3443.TW,SELL,142,1437.7916259765625,204166.41088867188,0.0
2023-10-27,2382.TW,SELL,1099,179.94482421875,197759.36181640625,0.0
2023-10-27,6669.TW,SELL,3,512.10888671875,1536.32666015625,0.0
2023-10-30,2303.TW,SELL,4984,40.593360900878906,202317.31072998047,0.0
2023-10-30,2454.TW,SELL,284,765.1325073242188,217297.63208007812,0.0
2023-10-30,2317.TW,BUY,2369,86.3374252319336,204533.36037445068,0.0
2023-10-30,3037.TW,BUY,24,141.00535583496094,3384.1285400390625,0.0
2023-10-30,3231.TW,BUY,31,85.33433532714844,2645.3643951416016,0.0
2023-10-30,3711.TW,BUY,1974,103.64390563964844,204593.06973266602,0.0
2023-10-30,6669.TW,BUY,9,504.3260498046875,4538.9344482421875,0.0
2023-10-31,3443.TW,BUY,144,1394.0750732421875,200746.810546875,0.0
2023-10-31,3661.TW,BUY,78,2554.895751953125,199281.86865234375,0.0
2023-10-31,3231.TW,BUY,70,81.41825866699219,5699.278106689453,0.0
2023-10-31,6669.TW,BUY,19,473.19488525390625,8990.702819824219,0.0
2023-10-31,3711.TW,SELL,1974,105.03199005126953,207333.14836120605,0.0
2023-10-31,3037.TW,SELL,1450,138.5825958251953,200944.7639465332,0.0
2023-10-31,2317.TW,SELL,2369,88.1646728515625,208862.10998535156,0.0
2023-10-31,2382.TW,BUY,1199,167.53482055664062,200874.2498474121,0.0
2023-11-01,3443.TW,SELL,144,1442.6490478515625,207741.462890625,0.0
2023-11-01,2317.TW,BUY,2329,87.34241485595703,203420.48419952393,0.0
2023-11-01,2382.TW,BUY,2,169.30767822265625,338.6153564453125,0.0
2023-11-01,3231.TW,BUY,29,81.50932312011719,2363.7703704833984,0.0
2023-11-01,6669.TW,BUY,7,471.6383056640625,3301.4681396484375,0.0
2023-11-02,9910.TW,BUY,1307,161.79469299316406,211465.66374206543,0.0
2023-11-02,2105.TW,BUY,5561,38.04063034057617,211543.9453239441,0.0
2023-11-02,6669.TW,SELL,1,491.87359619140625,491.87359619140625,0.0
2023-11-02,3231.TW,BUY,7,84.51470184326172,591.602912902832,0.0
2023-11-02,2382.TW,SELL,14,178.1719512939453,2494.4073181152344,0.0
2023-11-02,2317.TW,SELL,2329,88.6214828491211,206399.43355560303,0.0
2023-11-02,3661.TW,SELL,78,2744.68798828125,214085.6630859375,0.0
2023-11-03,2105.TW,SELL,5561,38.51885986328125,214203.37969970703,0.0
2023-11-03,6669.TW,SELL,20,526.1179809570312,10522.359619140625,0.0
2023-11-03,9910.TW,SELL,1307,169.37185668945312,221369.01669311523,0.0
2023-11-03,2382.TW,BUY,31,177.28553771972656,5495.851669311523,0.0
2023-11-03,3231.TW,BUY,98,83.05754089355469,8139.639007568359,0.0
2023-11-03,3443.TW,BUY,145,1481.5081787109375,214818.68591308594,0.0
2023-11-03,3661.TW,BUY,77,2778.75341796875,213964.01318359375,0.0
2023-11-06,3443.TW,SELL,145,1515.5101318359375,219748.96911621094,0.0
2023-11-06,6669.TW,SELL,5,547.9098510742188,2739.5492553710938,0.0
2023-11-06,2615.TW,BUY,5127,43.28907012939453,221943.06255340576,0.0
2023-11-06,3231.TW,BUY,45,83.87718963623047,3774.473533630371,0.0
2023-11-07,2615.TW,BUY,136,42.19430160522461,5738.425018310547,0.0
2023-11-07,2382.TW,BUY,10,180.83123779296875,1808.3123779296875,0.0
2023-11-07,6415.TW,BUY,717,309.71783447265625,222067.68731689453,0.0
2023-11-07,3661.TW,SELL,77,2919.880859375,224830.826171875,0.0
2023-11-07,3231.TW,SELL,36,85.06112670898438,3062.2005615234375,0.0
2023-11-07,6669.TW,SELL,2,551.0230102539062,1102.0460205078125,0.0
2023-11-08,3661.TW,BUY,76,2963.67919921875,225239.619140625,0.0
2023-11-08,3034.TW,BUY,554,410.307861328125,227310.55517578125,0.0
2023-11-08,2327.TW,BUY,2137,106.50543212890625,227602.10845947266,0.0
2023-11-08,6669.TW,BUY,2,561.9189453125,1123.837890625,0.0
2023-11-08,3231.TW,SELL,42,88.61293029785156,3721.7430725097656,0.0
2023-11-08,2615.TW,SELL,5263,42.05745315551758,221348.375957489,0.0
2023-11-08,2382.TW,SELL,1228,190.58193969726562,234034.6219482422,0.0
2023-11-08,6415.TW,SELL,717,313.6383056640625,224878.6651611328,0.0
2023-11-09,2327.TW,SELL,2137,105.72943878173828,225943.8106765747,0.0
2023-11-09,3034.TW,SELL,554,415.0339050292969,229928.78338623047,0.0
2023-11-09,3661.TW,SELL,76,3153.471435546875,239663.8291015625,0.0
2023-11-09,2382.TW,BUY,1188,194.12767028808594,230623.6723022461,0.0
2023-11-09,2412.TW,BUY,2202,104.78565216064453,230738.00605773926,0.0
2023-11-09,2454.TW,BUY,285,807.9871215820312,230276.3296508789,0.0
2023-11-09,3231.TW,BUY,2,89.79686737060547,179.59373474121094,0.0
2023-11-09,6669.TW,BUY,10,555.6926879882812,5556.9268798828125,0.0
2023-11-10,2382.TW,BUY,20,189.25228881835938,3785.0457763671875,0.0
2023-11-10,2615.TW,BUY,5573,41.05391311645508,228793.45779800415,0.0
2023-11-10,6669.TW,SELL,9,563.4754638671875,5071.2791748046875,0.0
2023-11-10,3661.TW,BUY,73,3114.5400390625,227361.4228515625,0.0
2023-11-10,2454.TW,SELL,285,789.2382202148438,224932.89276123047,0.0
2023-11-10,2412.TW,SELL,2202,104.33975219726562,229756.1343383789,0.0
2023-11-10,3231.TW,SELL,10,89.34149932861328,893.4149932861328,0.0
2023-11-13,2615.TW,SELL,5573,41.7381477355957,232606.69733047485,0.0
2023-11-13,3231.TW,SELL,6,91.07186126708984,546.4311676025391,0.0
2023-11-13,6669.TW,SELL,21,603.9461669921875,12682.869506835938,0.0
2023-11-13,2382.TW,BUY,65,182.60409545898438,11869.266204833984,0.0
2023-11-13,9910.TW,BUY,1470,158.22897338867188,232596.59088134766,0.0
2023-11-14,2382.TW,SELL,21,184.82015991210938,3881.223358154297,0.0
2023-11-14,3661.TW,SELL,1,3197.269775390625,3197.269775390625,0.0
2023-11-14,3231.TW,BUY,36,89.34149932861328,3216.293975830078,0.0
2023-11-14,6669.TW,BUY,8,588.3804931640625,4707.0439453125,0.0
2023-11-14,9910.TW,BUY,5,156.89181518554688,784.4590759277344,0.0
2023-11-15,6669.TW,BUY,3,582.1541748046875,1746.4625244140625,0.0
2023-11-15,3661.TW,BUY,4,3022.07666015625,12088.306640625,0.0
2023-11-15,2357.TW,BUY,683,337.9876708984375,230845.5792236328,0.0
2023-11-15,2382.TW,SELL,5,185.2633819580078,926.3169097900391,0.0
2023-11-15,3231.TW,SELL,28,90.16114807128906,2524.5121459960938,0.0
2023-11-15,9910.TW,SELL,1475,164.0232696533203,241934.32273864746,0.0
2023-11-16,2357.TW,SELL,683,328.4912109375,224359.4970703125,0.0
2023-11-16,2382.TW,SELL,11,184.82015991210938,2033.0217590332031,0.0
2023-11-16,3231.TW,SELL,28,90.16114807128906,2524.5121459960938,0.0
2023-11-16,3661.TW,SELL,1,3007.477294921875,3007.477294921875,0.0
2023-11-16,2454.TW,BUY,286,797.2734985351562,228020.2205810547,0.0
2023-11-16,6669.TW,BUY,4,571.25830078125,2285.033203125,0.0
2023-11-17,6415.TW,BUY,563,410.1800842285156,230931.3874206543,0.0
2023-11-17,6669.TW,BUY,5,569.7017822265625,2848.5089111328125,0.0
2023-11-17,3231.TW,BUY,28,90.16114807128906,2524.5121459960938,0.0
2023-11-17,2382.TW,BUY,14,184.82015991210938,2587.4822387695312,0.0
2023-11-17,3661.TW,SELL,2,3143.73876953125,6287.4775390625,0.0
2023-11-17,2454.TW,SELL,286,807.0942993164062,230828.9696044922,0.0
2023-11-20,2382.TW,SELL,1250,187.9226837158203,234903.3546447754,0.0
2023-11-20,3231.TW,SELL,2562,90.79865264892578,232626.14808654785,0.0
2023-11-20,6669.TW,SELL,3,574.3713989257812,1723.1141967773438,0.0
2023-11-20,2327.TW,BUY,2195,105.34143829345703,231224.45705413818,0.0
2023-11-20,3034.TW,BUY,547,422.33782958984375,231018.79278564453,0.0
2023-11-20,3661.TW,BUY,1,3099.940185546875,3099.940185546875,0.0
2023-11-20,6415.TW,BUY,8,404.7894287109375,3238.3154296875,0.0
2023-11-21,3661.TW,BUY,2,3051.275390625,6102.55078125,0.0
2023-11-21,3034.TW,BUY,3,423.19708251953125,1269.5912475585938,0.0
2023-11-21,2357.TW,BUY,693,335.82940673828125,232729.7788696289,0.0
2023-11-21,6669.TW,SELL,2,582.1541748046875,1164.308349609375,0.0
2023-11-21,6415.TW,SELL,8,413.6105041503906,3308.884033203125,0.0
2023-11-21,2327.TW,SELL,2195,106.6994400024414,234205.2708053589,0.0
2023-11-22,3034.TW,SELL,550,428.7824401855469,235830.34210205078,0.0
2023-11-22,3661.TW,SELL,2,3085.3408203125,6170.681640625,0.0
2023-11-22,2357.TW,BUY,2,331.9444580078125,663.888916015625,0.0
2023-11-22,3231.TW,BUY,2599,88.88613891601562,231015.0750427246,0.0
2023-11-22,6415.TW,BUY,11,401.8490905761719,4420.339996337891,0.0
2023-11-22,6669.TW,BUY,6,568.1451416015625,3408.870849609375,0.0
2023-11-23,6669.TW,BUY,2,555.6926879882812,1111.3853759765625,0.0
2023-11-23,2382.TW,BUY,1259,180.38803100585938,227108.53103637695,0.0
2023-11-23,3231.TW,BUY,24,86.60934448242188,2078.624267578125,0.0
2023-11-23,2357.TW,SELL,695,327.6278991699219,227701.3899230957,0.0
2023-11-23,6415.TW,SELL,4,398.41864013671875,1593.674560546875,0.0
2023-11-24,2382.TW,SELL,1259,180.38803100585938,227108.53103637695,0.0
2023-11-24,3231.TW,SELL,36,87.42899322509766,3147.4437561035156,0.0
2023-11-24,6415.TW,SELL,10,403.8092956542969,4038.0929565429688,0.0
2023-11-24,3443.TW,BUY,140,1607.8009033203125,225092.12646484375,0.0
2023-11-24,3661.TW,BUY,2,2968.545654296875,5937.09130859375,0.0
2023-11-24,6669.TW,BUY,7,544.7966918945312,3813.5768432617188,0.0
2023-11-27,6415.TW,BUY,4,387.6372985839844,1550.5491943359375,0.0
2023-11-27,3443.TW,SELL,140,1564.084228515625,218971.7919921875,0.0
2023-11-27,2382.TW,BUY,1255,174.1830291748047,218599.70161437988,0.0
2023-11-27,3231.TW,BUY,2,84.42361450195312,168.84722900390625,0.0
2023-11-28,3231.TW,BUY,69,84.2414779663086,5812.661979675293,0.0
2023-11-28,2382.TW,BUY,27,174.62625122070312,4714.908782958984,0.0
2023-11-28,3661.TW,SELL,3,3046.4091796875,9139.2275390625,0.0
2023-11-28,6415.TW,SELL,7,401.8490905761719,2812.943634033203,0.0
2023-11-29,3443.TW,BUY,143,1578.6563720703125,225747.8612060547,0.0
2023-11-29,2382.TW,SELL,1282,178.1719512939453,228416.4415588379,0.0
2023-11-29,3231.TW,SELL,2658,84.97006225585938,225850.42547607422,0.0
2023-11-29,6415.TW,SELL,15,419.0011901855469,6285.017852783203,0.0
2023-11-29,6669.TW,SELL,5,554.1361083984375,2770.6805419921875,0.0
2023-11-29,2207.TW,BUY,363,624.5541381835938,226713.15216064453,0.0
2023-11-29,3661.TW,BUY,3,2968.545654296875,8905.636962890625,0.0
2023-11-30,6415.TW,BUY,7,416.5508728027344,2915.8561096191406,0.0
2023-11-30,6669.TW,BUY,8,547.9098510742188,4383.27880859375,0.0
2023-11-30,3665.TW,BUY,915,250.20205688476562,228934.88204956055,0.0
2023-11-30,2207.TW,SELL,363,637.1170043945312,231273.47259521484,0.0
2023-11-30,3661.TW,SELL,1,3026.943359375,3026.943359375,0.0
2023-11-30,3231.TW,BUY,2748,83.33075714111328,228992.9206237793,0.0
2023-11-30,3443.TW,SELL,143,1602.943359375,229220.900390625,0.0
2023-12-01,3231.TW,SELL,2748,84.51470184326172,232246.4006652832,0.0
2023-12-01,3665.TW,SELL,915,257.7839660644531,235872.3289489746,0.0
2023-12-01,6669.TW,SELL,7,561.9189453125,3933.4326171875,0.0
2023-12-01,2357.TW,BUY,690,334.966064453125,231126.58447265625,0.0
2023-12-01,2382.TW,BUY,1303,177.28553771972656,231003.0556488037,0.0
2023-12-01,3661.TW,BUY,2,2997.74462890625,5995.4892578125,0.0
2023-12-01,6415.TW,BUY,13,410.6701354980469,5338.711761474609,0.0
2023-12-04,6415.TW,SELL,5,409.199951171875,2045.999755859375,0.0
2023-12-04,6669.TW,BUY,17,532.3442993164062,9049.853088378906,0.0
2023-12-04,3231.TW,BUY,2745,83.14862060546875,228242.96356201172,0.0
2023-12-04,3661.TW,SELL,2,3026.943359375,6053.88671875,0.0
2023-12-04,2357.TW,SELL,690,334.1027526855469,230530.89935302734,0.0
2023-12-04,2382.TW,BUY,1,175.0694580078125,175.0694580078125,0.0
2023-12-05,3661.TW,SELL,3,3153.471435546875,9460.414306640625,0.0
2023-12-05,6415.TW,SELL,2,410.6701354980469,821.3402709960938,0.0
2023-12-05,2382.TW,BUY,14,172.8533935546875,2419.947509765625,0.0
2023-12-05,3231.TW,BUY,61,81.23609924316406,4955.402053833008,0.0
2023-12-05,6669.TW,BUY,7,523.0048828125,3661.0341796875,0.0
2023-12-06,2049.TW,BUY,1064,216.53228759765625,230390.35400390625,0.0
2023-12-06,3037.TW,BUY,1398,164.74851989746094,230318.4308166504,0.0
2023-12-06,6415.TW,BUY,25,396.948486328125,9923.712158203125,0.0
2023-12-06,6669.TW,SELL,6,537.013916015625,3222.08349609375,0.0
2023-12-06,3231.TW,SELL,2806,83.05754089355469,233059.45974731445,0.0
2023-12-06,2382.TW,SELL,1318,176.8423309326172,233078.19216918945,0.0
2023-12-06,3661.TW,SELL,1,3202.13623046875,3202.13623046875,0.0
2023-12-07,3661.TW,SELL,2,3279.99951171875,6559.9990234375,0.0
2023-12-07,6669.TW,SELL,4,538.5704345703125,2154.28173828125,0.0
2023-12-07,2049.TW,BUY,14,212.64830017089844,2977.076202392578,0.0
2023-12-07,3037.TW,BUY,5,163.29486083984375,816.4743041992188,0.0
2023-12-07,6415.TW,BUY,12,386.6572265625,4639.88671875,0.0
2023-12-08,6669.TW,BUY,3,544.7966918945312,1634.3900756835938,0.0
2023-12-08,3661.TW,BUY,2,3245.934326171875,6491.86865234375,0.0
2023-12-08,3231.TW,BUY,2769,84.33255004882812,233516.83108520508,0.0
2023-12-08,3008.TW,BUY,112,2081.268798828125,233102.10546875,0.0
2023-12-08,3037.TW,SELL,1403,169.10952758789062,237260.66720581055,0.0
2023-12-08,2049.TW,SELL,1078,216.0467987060547,232898.44900512695,0.0
2023-12-08,6415.TW,SELL,12,402.339111328125,4828.0693359375,0.0
2023-12-11,3008.TW,SELL,112,2126.711181640625,238191.65234375,0.0
2023-12-11,3661.TW,SELL,3,3416.2607421875,10248.7822265625,0.0
2023-12-11,3231.TW,BUY,46,83.60397338867188,3845.7827758789062,0.0
2023-12-11,3443.TW,BUY,132,1772.9525146484375,234029.73193359375,0.0
2023-12-11,6415.TW,BUY,20,392.0478820800781,7840.9576416015625,0.0
2023-12-11,6669.TW,BUY,4,544.7966918945312,2179.186767578125,0.0
2023-12-12,3443.TW,BUY,2,1738.95068359375,3477.9013671875,0.0
2023-12-12,2615.TW,BUY,4951,47.25761795043945,233972.46647262573,0.0
2023-12-12,2049.TW,BUY,1092,214.1048126220703,233802.45538330078,0.0
2023-12-12,3661.TW,SELL,68,3425.993408203125,232967.5517578125,0.0
2023-12-12,6415.TW,SELL,3,391.55780029296875,1174.6734008789062,0.0
2023-12-12,6669.TW,SELL,4,546.353271484375,2185.4130859375,0.0
2023-12-12,3231.TW,SELL,2815,82.4200439453125,232012.4237060547,0.0
2023-12-13,2049.TW,SELL,1092,214.59030151367188,234332.6092529297,0.0
2023-12-13,3443.TW,SELL,3,1758.3802490234375,5275.1407470703125,0.0
2023-12-13,2207.TW,BUY,374,618.2727661132812,231234.0145263672,0.0
2023-12-13,2615.TW,BUY,114,45.70669174194336,5210.562858581543,0.0
2023-12-13,6415.TW,BUY,7,382.73675537109375,2679.1572875976562,0.0
2023-12-14,3661.TW,BUY,68,3401.661376953125,231312.9736328125,0.0
2023-12-14,6669.TW,BUY,5,537.013916015625,2685.069580078125,0.0
2023-12-14,3443.TW,BUY,1,1753.52294921875,1753.52294921875,0.0
2023-12-14,6415.TW,SELL,16,395.9683532714844,6335.49365234375,0.0
2023-12-14,2207.TW,SELL,374,633.5276489257812,236939.3406982422,0.0
2023-12-14,2615.TW,BUY,139,44.7487678527832,6220.078731536865,0.0
2023-12-15,2615.TW,SELL,5204,46.162845611572266,240231.44856262207,0.0
2023-12-15,6415.TW,SELL,10,404.2993469238281,4042.9934692382812,0.0
2023-12-15,6669.TW,SELL,2,541.68359375,1083.3671875,0.0
2023-12-15,3231.TW,BUY,2804,83.42183685302734,233914.83053588867,0.0
2023-12-15,3443.TW,BUY,4,1714.6636962890625,6858.65478515625,0.0
2023-12-15,3661.TW,BUY,1,3348.130126953125,3348.130126953125,0.0
2023-12-18,3443.TW,BUY,1,1680.661865234375,1680.661865234375,0.0
2023-12-18,3661.TW,BUY,1,3270.2666015625,3270.2666015625,0.0
2023-12-18,6415.TW,BUY,13,390.0876159667969,5071.139007568359,0.0
2023-12-18,3037.TW,BUY,1351,170.5631866455078,230430.86515808105,0.0
2023-12-18,3231.TW,SELL,2804,84.05933380126953,235702.37197875977,0.0
2023-12-18,6669.TW,SELL,5,540.1270751953125,2700.6353759765625,0.0
2023-12-19,3037.TW,SELL,1351,169.10952758789062,228466.97177124023,0.0
2023-12-19,6415.TW,SELL,14,395.4783020019531,5536.696228027344,0.0
2023-12-19,3034.TW,BUY,520,438.23455810546875,227881.97021484375,0.0
2023-12-19,6669.TW,BUY,7,526.1179809570312,3682.8258666992188,0.0
2023-12-20,3661.TW,BUY,1,3275.13330078125,3275.13330078125,0.0
2023-12-20,3037.TW,BUY,1391,167.65585327148438,233209.29190063477,0.0
2023-12-20,3443.TW,BUY,5,1636.9451904296875,8184.7259521484375,0.0
2023-12-20,6415.TW,SELL,26,422.9216613769531,10995.963195800781,0.0
2023-12-20,3034.TW,SELL,520,441.6716613769531,229669.26391601562,0.0
2023-12-20,6669.TW,SELL,2,540.1270751953125,1080.254150390625,0.0
2023-12-21,3037.TW,SELL,1391,173.4705047607422,241297.47212219238,0.0
2023-12-21,6415.TW,SELL,2,434.1930236816406,868.3860473632812,0.0
2023-12-21,6669.TW,SELL,431,568.1451416015625,244870.55603027344,0.0
2023-12-21,2327.TW,BUY,2024,117.75736999511719,238340.9168701172,0.0
2023-12-21,3019.TW,BUY,3780,63.06834030151367,238398.32633972168,0.0
2023-12-21,3443.TW,BUY,2,1646.6600341796875,3293.320068359375,0.0
2023-12-21,3661.TW,BUY,2,3250.80078125,6501.6015625,0.0
2023-12-22,6669.TW,BUY,416,572.8148193359375,238290.96484375,0.0
2023-12-22,6415.TW,BUY,11,425.3719482421875,4679.0914306640625,0.0
2023-12-22,3037.TW,BUY,1405,169.59408569335938,238279.69039916992,0.0
2023-12-22,3443.TW,SELL,4,1700.0914306640625,6800.36572265625,0.0
2023-12-22,3661.TW,SELL,73,3279.99951171875,239439.96435546875,0.0
2023-12-22,3019.TW,SELL,3780,62.792930603027344,237357.27767944336,0.0
2023-12-22,2327.TW,BUY,37,115.6233901977539,4278.0654373168945,0.0
2023-12-25,3443.TW,BUY,1,1680.661865234375,1680.661865234375,0.0
2023-12-25,2615.TW,BUY,4767,49.720855712890625,237019.3191833496,0.0
2023-12-25,2105.TW,BUY,6092,38.910133361816406,237040.53244018555,0.0
2023-12-25,6669.TW,BUY,1,568.1451416015625,568.1451416015625,0.0
2023-12-25,3037.TW,SELL,1405,169.59408569335938,238279.69039916992,0.0
2023-12-25,2327.TW,SELL,2061,115.23539733886719,237500.15391540527,0.0
2023-12-25,6415.TW,SELL,1,423.41168212890625,423.41168212890625,0.0
2023-12-26,2615.TW,SELL,4767,51.089317321777344,243542.7756729126,0.0
2023-12-26,3443.TW,SELL,141,1714.6636962890625,241767.5811767578,0.0
2023-12-26,2105.TW,BUY,106,38.69275665283203,4101.432205200195,0.0
2023-12-26,3008.TW,BUY,95,2508.4287109375,238300.7275390625,0.0
2023-12-26,3019.TW,BUY,3700,64.81259155273438,239806.5887451172,0.0
2023-12-26,6669.TW,BUY,2,571.25830078125,1142.5166015625,0.0
2023-12-27,3443.TW,BUY,141,1709.8062744140625,241082.6846923828,0.0
2023-12-27,6669.TW,BUY,7,568.1451416015625,3977.0159912109375,0.0
2023-12-27,2615.TW,BUY,4697,51.63669967651367,242537.57838058472,0.0
2023-12-27,3661.TW,BUY,75,3216.7353515625,241255.1513671875,0.0
2023-12-27,3019.TW,SELL,3700,64.81259155273438,239806.5887451172,0.0
2023-12-27,3008.TW,SELL,95,2553.871337890625,242617.77709960938,0.0
2023-12-27,2105.TW,SELL,6198,39.040557861328125,241973.37762451172,0.0
2023-12-27,6415.TW,SELL,13,443.504150390625,5765.553955078125,0.0
2023-12-28,6415.TW,SELL,546,480.2586669921875,262221.2321777344,0.0
2023-12-28,2615.TW,BUY,138,50.35947036743164,6949.606910705566,0.0
2023-12-28,3019.TW,BUY,3811,63.89455795288086,243502.16035842896,0.0
2023-12-28,3443.TW,BUY,4,1670.9471435546875,6683.78857421875,0.0
2023-12-28,3661.TW,BUY,1,3172.9375,3172.9375,0.0
2023-12-28,6669.TW,BUY,3,566.588623046875,1699.765869140625,0.0
2023-12-29,6669.TW,BUY,1,568.1451416015625,568.1451416015625,0.0
2023-12-29,6415.TW,BUY,499,490.0598449707031,244539.86264038086,0.0
2023-12-29,2615.TW,BUY,41,50.17700958251953,2057.257392883301,0.0
2023-12-29,2105.TW,BUY,6267,39.040557861328125,244667.17611694336,0.0
2023-12-29,3019.TW,SELL,3811,64.44536590576172,245601.2894668579,0.0
2023-12-29,3443.TW,SELL,145,1690.376708984375,245104.62280273438,0.0
2024-01-02,2105.TW,SELL,6267,39.60572814941406,248209.09831237793,0.0
2024-01-02,2615.TW,SELL,13,49.90331268310547,648.7430648803711,0.0
2024-01-02,3661.TW,SELL,76,3352.996826171875,254827.7587890625,0.0
2024-01-02,3008.TW,BUY,95,2531.149658203125,240459.21752929688,0.0
2024-01-02,3231.TW,BUY,2844,85.33433532714844,242690.84967041016,0.0
2024-01-02,6415.TW,BUY,30,458.2059326171875,13746.177978515625,0.0
2024-01-02,6669.TW,BUY,12,547.9098510742188,6574.918212890625,0.0
2024-01-03,6415.TW,BUY,19,431.25262451171875,8193.799865722656,0.0
2024-01-03,6669.TW,BUY,6,527.674560546875,3166.04736328125,0.0
2024-01-03,3661.TW,BUY,70,3352.996826171875,234709.77783203125,0.0
2024-01-03,3008.TW,BUY,1,2440.265380859375,2440.265380859375,0.0
2024-01-03,2357.TW,BUY,589,401.4413146972656,236448.93435668945,0.0
2024-01-03,3231.TW,SELL,2844,85.15219116210938,242172.83166503906,0.0
2024-01-03,2615.TW,SELL,4863,50.17700958251953,244010.79759979248,0.0
2024-01-04,3008.TW,SELL,96,2408.455322265625,231211.7109375,0.0
2024-01-04,6415.TW,SELL,6,428.8023681640625,2572.814208984375,0.0
2024-01-04,2357.TW,BUY,4,391.9448547363281,1567.7794189453125,0.0
2024-01-04,3019.TW,BUY,3775,61.599491119384766,232538.0789756775,0.0
2024-01-04,3661.TW,BUY,1,3275.13330078125,3275.13330078125,0.0
2024-01-05,6415.TW,BUY,4,429.782470703125,1719.1298828125,0.0
2024-01-05,3037.TW,BUY,1513,155.05743408203125,234601.89776611328,0.0
2024-01-05,2454.TW,BUY,278,844.059814453125,234648.62841796875,0.0
2024-01-05,3008.TW,BUY,99,2358.46826171875,233488.35791015625,0.0
2024-01-05,3019.TW,SELL,3775,62.150306701660156,234617.4077987671,0.0
2024-01-05,2357.TW,SELL,593,391.9448547363281,232423.29885864258,0.0
2024-01-05,6669.TW,SELL,448,532.3442993164062,238490.24609375,0.0
2024-01-08,2454.TW,SELL,278,843.1433715820312,234393.8572998047,0.0
2024-01-08,3037.TW,SELL,1513,156.02655029296875,236068.17059326172,0.0
2024-01-08,3661.TW,SELL,1,3362.7294921875,3362.7294921875,0.0
2024-01-08,6415.TW,SELL,1,432.2327575683594,432.2327575683594,0.0
2024-01-08,2615.TW,BUY,4599,51.27177810668945,235798.9075126648,0.0
2024-01-08,3008.TW,BUY,1,2344.835693359375,2344.835693359375,0.0
2024-01-08,3019.TW,BUY,3851,61.23228454589844,235805.52778625488,0.0
2024-01-09,3443.TW,BUY,141,1641.8026123046875,231494.16833496094,0.0
2024-01-09,6415.TW,BUY,5,422.9216613769531,2114.6083068847656,0.0
2024-01-09,2615.TW,BUY,272,47.80500411987305,13002.961120605469,0.0
2024-01-09,3019.TW,SELL,8,60.589664459228516,484.7173156738281,0.0
2024-01-09,3008.TW,SELL,100,2340.291015625,234029.1015625,0.0
2024-01-09,3661.TW,SELL,4,3494.124267578125,13976.4970703125,0.0
2024-01-10,3019.TW,SELL,3843,60.49786376953125,232493.2904663086,0.0
2024-01-10,3443.TW,SELL,141,1738.95068359375,245192.04638671875,0.0
2024-01-10,6415.TW,SELL,15,442.5240173339844,6637.860260009766,0.0
2024-01-10,2615.TW,BUY,252,46.25407791137695,11656.027633666992,0.0
2024-01-10,3008.TW,BUY,103,2294.8486328125,236369.4091796875,0.0
2024-01-10,3665.TW,BUY,1004,235.98602294921875,236929.96704101562,0.0
2024-01-11,2357.TW,BUY,600,397.988037109375,238792.822265625,0.0
2024-01-11,6415.TW,BUY,11,436.6433410644531,4803.076751708984,0.0
2024-01-11,3665.TW,BUY,18,233.61669921875,4205.1005859375,0.0
2024-01-11,3661.TW,SELL,2,3727.71484375,7455.4296875,0.0
2024-01-11,3008.TW,SELL,103,2317.56982421875,238709.69189453125,0.0
2024-01-11,2615.TW,BUY,20,46.43653869628906,928.7307739257812,0.0
2024-01-12,3661.TW,BUY,1,3635.251708984375,3635.251708984375,0.0
2024-01-12,2615.TW,SELL,181,47.89623260498047,8669.218101501465,0.0
2024-01-12,3665.TW,SELL,1022,233.61669921875,238756.2666015625,0.0
2024-01-12,2357.TW,BUY,13,387.1966247558594,5033.556121826172,0.0
2024-01-12,6669.TW,BUY,400,593.0501708984375,237220.068359375,0.0
2024-01-15,6415.TW,BUY,23,410.1800842285156,9434.14193725586,0.0
2024-01-15,2382.TW,BUY,1163,200.77586364746094,233502.32942199707,0.0
2024-01-15,6669.TW,BUY,2,580.59765625,1161.1953125,0.0
2024-01-15,2615.TW,SELL,112,48.169925689697266,5395.031677246094,0.0
2024-01-15,2357.TW,SELL,613,385.9016418457031,236557.70645141602,0.0
2024-01-15,3661.TW,SELL,1,3601.1865234375,3601.1865234375,0.0
2024-01-16,3661.TW,BUY,1,3571.987548828125,3571.987548828125,0.0
2024-01-16,2615.TW,BUY,69,47.44007873535156,3273.365432739258,0.0
2024-01-16,2454.TW,BUY,284,820.2318725585938,232945.85180664062,0.0
2024-01-16,6415.TW,BUY,7,404.7894287109375,2833.5260009765625,0.0
2024-01-16,6669.TW,SELL,402,594.6067504882812,239031.91369628906,0.0
2024-01-16,2382.TW,SELL,1163,202.1055145263672,235048.71339416504,0.0
2024-01-16,2357.TW,BUY,613,380.29010009765625,233117.83135986328,0.0
2024-01-17,2357.TW,SELL,613,378.9951171875,232324.0068359375,0.0
2024-01-17,2454.TW,SELL,284,805.5685424804688,228781.46606445312,0.0
2024-01-17,2615.TW,BUY,8,46.52777099609375,372.22216796875,0.0
2024-01-17,3008.TW,BUY,101,2263.0390625,228566.9453125,0.0
2024-01-17,3443.TW,BUY,140,1632.087890625,228492.3046875,0.0
2024-01-17,3661.TW,BUY,1,3469.7919921875,3469.7919921875,0.0
2024-01-17,6415.TW,BUY,1,396.948486328125,396.948486328125,0.0
2024-01-18,6415.TW,BUY,9,398.41864013671875,3585.7677612304688,0.0
2024-01-18,6669.TW,BUY,399,585.2673950195312,233521.69061279297,0.0
2024-01-18,2303.TW,BUY,5553,42.08061599731445,233673.66063308716,0.0
2024-01-18,6505.TW,BUY,3485,67.04927825927734,233666.73473358154,0.0
2024-01-18,3443.TW,SELL,140,1675.804443359375,234612.6220703125,0.0
2024-01-18,3008.TW,SELL,101,2267.583251953125,229025.90844726562,0.0
2024-01-18,2615.TW,SELL,4927,47.89623260498047,235984.73804473877,0.0
2024-01-18,3661.TW,SELL,1,3591.45361328125,3591.45361328125,0.0
2024-01-19,2303.TW,SELL,5553,43.042964935302734,239017.58428573608,0.0
2024-01-19,6669.TW,SELL,399,619.5117797851562,247185.20013427734,0.0
2024-01-19,2615.TW,BUY,5094,46.71023178100586,237941.92069244385,0.0
2024-01-19,3443.TW,BUY,146,1627.23046875,237575.6484375,0.0
2024-01-19,6415.TW,BUY,11,397.9285888671875,4377.2144775390625,0.0
2024-01-19,6505.TW,BUY,68,66.95653533935547,4553.044403076172,0.0
2024-01-22,3008.TW,BUY,106,2249.40625,238437.0625,0.0
2024-01-22,2615.TW,BUY,108,46.25407791137695,4995.440414428711,0.0
2024-01-22,1301.TW,BUY,3548,67.8115005493164,240595.2039489746,0.0
2024-01-22,6505.TW,SELL,3553,67.14201354980469,238555.57414245605,0.0
2024-01-22,3661.TW,SELL,1,3713.115234375,3713.115234375,0.0
2024-01-22,3443.TW,SELL,146,1666.0897216796875,243249.09936523438,0.0
2024-01-22,6415.TW,SELL,4,405.27947998046875,1621.117919921875,0.0
2024-01-23,1301.TW,SELL,3548,68.29175567626953,242299.1491394043,0.0
2024-01-23,3008.TW,SELL,106,2285.760009765625,242290.56103515625,0.0
2024-01-23,2474.TW,BUY,1442,166.3768768310547,239915.45639038086,0.0
2024-01-23,2615.TW,BUY,39,45.79792404174805,1786.1190376281738,0.0
2024-01-23,3443.TW,BUY,144,1656.3748779296875,238517.982421875,0.0
2024-01-23,3661.TW,BUY,1,3649.851318359375,3649.851318359375,0.0
2024-01-23,6415.TW,BUY,4,401.8490905761719,1607.3963623046875,0.0
2024-01-24,3661.TW,BUY,1,3581.720703125,3581.720703125,0.0
2024-01-24,6669.TW,BUY,359,661.5388793945312,237492.45770263672,0.0
2024-01-24,3443.TW,BUY,3,1612.658203125,4837.974609375,0.0
2024-01-24,6415.TW,BUY,8,392.53790283203125,3140.30322265625,0.0
2024-01-24,2615.TW,SELL,5241,46.071617126464844,241461.34535980225,0.0
2024-01-24,2474.TW,SELL,1442,168.09652709960938,242395.19207763672,0.0
2024-01-24,2382.TW,BUY,1072,221.60691833496094,237562.61645507812,0.0
2024-01-25,2382.TW,SELL,1072,220.72048950195312,236612.36474609375,0.0
2024-01-25,3661.TW,SELL,2,3620.65234375,7241.3046875,0.0
2024-01-25,6415.TW,SELL,9,392.53790283203125,3532.8411254882812,0.0
2024-01-25,2615.TW,BUY,5161,45.387386322021484,234244.30080795288,0.0
2024-01-25,3443.TW,BUY,8,1510.65283203125,12085.22265625,0.0
2024-01-26,6669.TW,BUY,5,647.5298461914062,3237.6492309570312,0.0
2024-01-26,6415.TW,BUY,2,394.00811767578125,788.0162353515625,0.0
2024-01-26,3443.TW,BUY,2,1500.9378662109375,3001.875732421875,0.0
2024-01-26,2615.TW,BUY,37,45.387386322021484,1679.333293914795,0.0
2024-01-26,2382.TW,BUY,1099,214.5155029296875,235752.53771972656,0.0
2024-01-26,3661.TW,SELL,64,3790.978759765625,242622.640625,0.0
2024-01-29,2382.TW,SELL,1099,217.61798095703125,239162.16107177734,0.0
2024-01-29,6669.TW,SELL,364,681.7742309570312,248165.82006835938,0.0
2024-01-29,2303.TW,BUY,5528,43.26167678833008,239150.54928588867,0.0
2024-01-29,2615.TW,BUY,45,45.61546325683594,2052.695846557617,0.0
2024-01-29,3661.TW,BUY,64,3698.51611328125,236705.03125,0.0
2024-01-29,6415.TW,BUY,17,388.617431640625,6606.496337890625,0.0
2024-01-30,3034.TW,BUY,549,436.5159912109375,239647.2791748047,0.0
2024-01-30,2615.TW,BUY,75,45.11368942260742,3383.5267066955566,0.0
2024-01-30,6669.TW,BUY,344,695.7832641601562,239349.44287109375,0.0
2024-01-30,3661.TW,SELL,64,3732.581298828125,238885.203125,0.0
2024-01-30,2303.TW,SELL,5528,43.39290237426758,239875.96432495117,0.0
2024-01-30,6415.TW,SELL,5,393.02801513671875,1965.1400756835938,0.0
2024-01-31,2615.TW,SELL,18,44.61192321777344,803.0146179199219,0.0
2024-01-31,3034.TW,SELL,549,439.0938415527344,241062.51901245117,0.0
2024-01-31,3231.TW,BUY,2267,104.27729034423828,236396.61721038818,0.0
2024-01-31,6415.TW,BUY,15,377.8361511230469,5667.542266845703,0.0
2024-01-31,6669.TW,BUY,1,684.8873291015625,684.8873291015625,0.0
2024-02-01,6669.TW,BUY,6,675.5479125976562,4053.2874755859375,0.0
2024-02-01,3443.TW,BUY,1,1500.9378662109375,1500.9378662109375,0.0
2024-02-01,2382.TW,BUY,1103,215.4019317626953,237588.33073425293,0.0
2024-02-01,2615.TW,SELL,52,45.2961540222168,2355.4000091552734,0.0
2024-02-01,3231.TW,SELL,2267,104.7326431274414,237428.90196990967,0.0
2024-02-01,6415.TW,SELL,9,385.6770935058594,3471.0938415527344,0.0
2024-02-02,3008.TW,BUY,112,2149.432373046875,240736.42578125,0.0
2024-02-02,6415.TW,BUY,17,382.2466735839844,6498.193450927734,0.0
2024-02-02,2615.TW,BUY,262,43.973304748535156,11521.005844116211,0.0
2024-02-02,2382.TW,SELL,1103,224.2661895751953,247365.60710144043,0.0
2024-02-02,3443.TW,SELL,2,1544.654541015625,3089.30908203125,0.0
2024-02-02,6669.TW,SELL,15,719.1317138671875,10786.975708007812,0.0
2024-02-05,2615.TW,SELL,101,43.56276321411133,4399.839084625244,0.0
2024-02-05,3008.TW,SELL,112,2140.34375,239718.5,0.0
2024-02-05,6415.TW,SELL,12,379.30633544921875,4551.676025390625,0.0
2024-02-05,6669.TW,SELL,2,705.1226196289062,1410.2452392578125,0.0
2024-02-05,3037.TW,BUY,1377,171.04774475097656,235532.74452209473,0.0
2024-02-05,3443.TW,BUY,13,1394.0750732421875,18122.975952148438,0.0
2024-02-15,2615.TW,BUY,142,43.060997009277344,6114.661575317383,0.0
2024-02-15,6415.TW,BUY,4,382.2466735839844,1528.9866943359375,0.0
2024-02-15,2308.TW,BUY,875,272.99383544921875,238869.6060180664,0.0
2024-02-15,3037.TW,SELL,1377,174.92416381835938,240870.57357788086,0.0
2024-02-15,3443.TW,SELL,1,1418.362060546875,1418.362060546875,0.0
2024-02-15,6669.TW,SELL,7,730.0276489257812,5110.193542480469,0.0
2024-02-16,2308.TW,SELL,875,279.7107238769531,244746.88339233398,0.0
2024-02-16,2615.TW,SELL,5551,43.152225494384766,239538.00371932983,0.0
2024-02-16,3443.TW,SELL,4,1476.65087890625,5906.603515625,0.0
2024-02-16,6415.TW,SELL,12,395.9683532714844,4751.6202392578125,0.0
2024-02-16,3231.TW,BUY,2115,114.75055694580078,242697.42794036865,0.0
2024-02-16,3661.TW,BUY,59,4073.23388671875,240320.79931640625,0.0
2024-02-16,6669.TW,BUY,14,711.348876953125,9958.88427734375,0.0
2024-02-19,3443.TW,SELL,3,1481.5081787109375,4444.5245361328125,0.0
2024-02-19,6415.TW,SELL,10,397.4385070800781,3974.3850708007812,0.0
2024-02-19,3231.TW,BUY,34,111.56304168701172,3793.1434173583984,0.0
2024-02-19,3661.TW,BUY,1,3971.0380859375,3971.0380859375,0.0
2024-02-19,6669.TW,BUY,1,700.4529418945312,700.4529418945312,0.0
2024-02-20,6669.TW,BUY,8,686.44384765625,5491.55078125,0.0
2024-02-20,6505.TW,BUY,3530,68.06938934326172,240284.94438171387,0.0
2024-02-20,6415.TW,BUY,4,395.4783020019531,1581.9132080078125,0.0
2024-02-20,3443.TW,SELL,3,1515.5101318359375,4546.5303955078125,0.0
2024-02-20,3661.TW,SELL,60,4039.1689453125,242350.13671875,0.0
2024-02-20,3231.TW,BUY,14,111.10768127441406,1555.5075378417969,0.0
2024-02-21,6415.TW,SELL,16,397.9285888671875,6366.857421875,0.0
2024-02-21,6505.TW,SELL,3530,67.8839111328125,239630.20629882812,0.0
2024-02-21,3231.TW,BUY,16,107.920166015625,1726.72265625,0.0
2024-02-21,3443.TW,BUY,6,1428.076904296875,8568.46142578125,0.0
2024-02-21,3661.TW,BUY,60,3883.441650390625,233006.4990234375,0.0
2024-02-22,6669.TW,BUY,9,658.42578125,5925.83203125,0.0
2024-02-22,6505.TW,BUY,3507,67.42021942138672,236442.70951080322,0.0
2024-02-22,3231.TW,SELL,2179,108.37552642822266,236150.27208709717,0.0
2024-02-22,6415.TW,SELL,18,412.6304016113281,7427.347229003906,0.0
2024-02-22,3443.TW,BUY,2,1423.219482421875,2846.43896484375,0.0
2024-02-23,6505.TW,SELL,3507,67.32748413085938,236117.48684692383,0.0
2024-02-23,6669.TW,SELL,12,675.5479125976562,8106.574951171875,0.0
2024-02-23,3231.TW,BUY,2222,105.64336395263672,234739.5547027588,0.0
2024-02-23,3661.TW,BUY,1,3795.84521484375,3795.84521484375,0.0
2024-02-23,6415.TW,BUY,10,402.339111328125,4023.39111328125,0.0
2024-02-26,3443.TW,BUY,3,1403.7899169921875,4211.3697509765625,0.0
2024-02-26,6669.TW,SELL,4,691.1135864257812,2764.454345703125,0.0
2024-02-26,2049.TW,BUY,968,245.1767120361328,237331.05725097656,0.0
2024-02-26,3231.TW,SELL,2222,106.55408477783203,236763.17637634277,0.0
2024-02-26,6415.TW,SELL,1,407.2397155761719,407.2397155761719,0.0
2024-02-27,2049.TW,SELL,968,247.1186981201172,239210.89978027344,0.0
2024-02-27,3443.TW,SELL,4,1428.076904296875,5712.3076171875,0.0
2024-02-27,6415.TW,SELL,582,403.3192443847656,234731.8002319336,0.0
2024-02-27,2615.TW,BUY,5374,43.88207244873047,235822.25733947754,0.0
2024-02-27,3231.TW,BUY,2281,103.36656951904297,235779.145072937,0.0
2024-02-27,6669.TW,BUY,14,659.9822387695312,9239.751342773438,0.0
2024-02-29,2615.TW,BUY,53,45.980384826660156,2436.9603958129883,0.0
2024-02-29,6415.TW,BUY,610,408.70989990234375,249313.0389404297,0.0
2024-02-29,2049.TW,BUY,1070,233.03924560546875,249351.99279785156,0.0
2024-02-29,6669.TW,SELL,13,725.35791015625,9429.65283203125,0.0
2024-02-29,3661.TW,SELL,61,4029.435791015625,245795.58325195312,0.0
2024-02-29,3443.TW,SELL,4,1544.654541015625,6178.6181640625,0.0
2024-02-29,3231.TW,SELL,2281,105.18800354003906,239933.8360748291,0.0
2024-03-01,6669.TW,SELL,344,778.281005859375,267728.666015625,0.0
2024-03-01,2049.TW,BUY,12,231.0972442626953,2773.1669311523438,0.0
2024-03-01,2454.TW,BUY,247,1012.6885986328125,250134.0838623047,0.0
2024-03-01,2615.TW,BUY,67,45.52423095703125,3050.1234741210938,0.0
2024-03-01,3443.TW,BUY,1,1534.9398193359375,1534.9398193359375,0.0
2024-03-01,6415.TW,BUY,25,393.5180358886719,9837.950897216797,0.0
2024-03-04,6669.TW,BUY,333,761.158935546875,253465.92553710938,0.0
2024-03-04,3661.TW,BUY,62,4087.83349609375,253445.6767578125,0.0
2024-03-04,3443.TW,BUY,7,1500.9378662109375,10506.565063476562,0.0
2024-03-04,3231.TW,BUY,2390,106.09872436523438,253575.95123291016,0.0
2024-03-04,2049.TW,SELL,1082,233.03924560546875,252148.4637451172,0.0
2024-03-04,6415.TW,SELL,635,412.6304016113281,262020.30502319336,0.0
2024-03-04,2454.TW,SELL,247,1053.92919921875,260320.51220703125,0.0
2024-03-04,2615.TW,BUY,106,45.2961540222168,4801.3923263549805,0.0
2024-03-05,3037.TW,BUY,1498,172.50140380859375,258407.10290527344,0.0
2024-03-05,3443.TW,BUY,1,1520.367431640625,1520.367431640625,0.0
2024-03-05,2615.TW,BUY,143,45.022457122802734,6438.211368560791,0.0
2024-03-05,3661.TW,BUY,1,4087.83349609375,4087.83349609375,0.0
2024-03-05,6669.TW,SELL,333,796.9597778320312,265387.6060180664,0.0
2024-03-05,3231.TW,SELL,2390,110.6523208618164,264459.0468597412,0.0
2024-03-05,2049.TW,BUY,1133,228.18426513671875,258532.77239990234,0.0
2024-03-06,2049.TW,SELL,6,224.30027770996094,1345.8016662597656,0.0
2024-03-06,2615.TW,SELL,18,44.15576934814453,794.8038482666016,0.0
2024-03-06,3037.TW,SELL,1498,168.62496948242188,252600.20428466797,0.0
2024-03-06,6669.TW,BUY,317,796.9597778320312,252636.2495727539,0.0
2024-03-07,2049.TW,SELL,1127,228.18426513671875,257163.66680908203,0.0
2024-03-07,2615.TW,SELL,4,43.88207244873047,175.52828979492188,0.0
2024-03-07,3443.TW,SELL,4,1505.7952880859375,6023.18115234375,0.0
2024-03-07,3661.TW,BUY,2,3805.578369140625,7611.15673828125,0.0
2024-03-07,6415.TW,BUY,656,382.2466735839844,250753.81787109375,0.0
2024-03-07,6669.TW,BUY,4,781.3941650390625,3125.57666015625,0.0
2024-03-08,6669.TW,BUY,2,761.158935546875,1522.31787109375,0.0
2024-03-08,3661.TW,BUY,1,3722.848388671875,3722.848388671875,0.0
2024-03-08,2615.TW,SELL,166,44.383846282958984,7367.718482971191,0.0
2024-03-08,6415.TW,SELL,1,376.3659362792969,376.3659362792969,0.0
2024-03-08,3443.TW,BUY,4,1447.5064697265625,5790.02587890625,0.0
2024-03-11,2615.TW,SELL,45,44.97684097290039,2023.9578437805176,0.0
2024-03-11,6415.TW,SELL,655,394.4981689453125,258396.3006591797,0.0
2024-03-11,3034.TW,BUY,495,500.1029968261719,247550.98342895508,0.0
2024-03-11,3443.TW,BUY,2,1432.9342041015625,2865.868408203125,0.0
2024-03-11,3661.TW,BUY,1,3649.851318359375,3649.851318359375,0.0
2024-03-11,6669.TW,BUY,4,756.4891967773438,3025.956787109375,0.0
2024-03-12,3661.TW,BUY,3,3489.2578125,10467.7734375,0.0
2024-03-12,6415.TW,BUY,647,379.7963562011719,245728.2424621582,0.0
2024-03-12,3443.TW,BUY,3,1403.7899169921875,4211.3697509765625,0.0
2024-03-12,6669.TW,SELL,3,758.0457153320312,2274.1371459960938,0.0
2024-03-12,2454.TW,BUY,220,1113.499267578125,244969.8388671875,0.0
2024-03-12,3034.TW,SELL,495,510.41436767578125,252655.11199951172,0.0
2024-03-12,2615.TW,SELL,5510,45.11368942260742,248576.4287185669,0.0
2024-03-13,2454.TW,SELL,220,1113.499267578125,244969.8388671875,0.0
2024-03-13,6669.TW,SELL,3,725.35791015625,2176.07373046875,0.0
2024-03-13,3231.TW,BUY,2196,106.09872436523438,232992.7987060547,0.0
2024-03-13,3443.TW,BUY,5,1292.0694580078125,6460.3472900390625,0.0
2024-03-13,6415.TW,BUY,28,345.0021057128906,9660.058959960938,0.0
2024-03-14,6669.TW,BUY,18,703.5661010742188,12664.189819335938,0.0
2024-03-14,3443.TW,BUY,3,1301.784423828125,3905.353271484375,0.0
2024-03-14,2454.TW,BUY,226,1053.92919921875,238187.9990234375,0.0
2024-03-14,6415.TW,SELL,19,363.6243896484375,6908.8634033203125,0.0
2024-03-14,3661.TW,SELL,5,3649.851318359375,18249.256591796875,0.0
2024-03-14,3231.TW,SELL,2196,105.18800354003906,230992.85577392578,0.0
2024-03-15,2454.TW,SELL,226,1040.1824951171875,235081.24389648438,0.0
2024-03-15,3443.TW,SELL,2,1301.784423828125,2603.56884765625,0.0
2024-03-15,6415.TW,SELL,20,370.4852294921875,7409.70458984375,0.0
2024-03-15,2330.TW,BUY,326,722.1260375976562,235413.08825683594,0.0
2024-03-15,3661.TW,BUY,2,3508.7236328125,7017.447265625,0.0
2024-03-15,6669.TW,BUY,5,684.8873291015625,3424.4366455078125,0.0
2024-03-18,6669.TW,BUY,3,683.3307495117188,2049.9922485351562,0.0
2024-03-18,6415.TW,BUY,14,365.0945739746094,5111.324035644531,0.0
2024-03-18,2357.TW,BUY,672,352.66400146484375,236990.208984375,0.0
2024-03-18,3443.TW,SELL,1,1316.3564453125,1316.3564453125,0.0
2024-03-18,2330.TW,SELL,326,736.0961303710938,239967.33850097656,0.0
2024-03-18,3661.TW,SELL,1,3567.121337890625,3567.121337890625,0.0
2024-03-19,2357.TW,SELL,672,351.80072021484375,236410.083984375,0.0
2024-03-19,3443.TW,SELL,2,1282.3548583984375,2564.709716796875,0.0
2024-03-19,6415.TW,SELL,3,354.3132629394531,1062.9397888183594,0.0
2024-03-19,6669.TW,SELL,8,677.1044921875,5416.8359375,0.0
2024-03-19,2454.TW,BUY,217,1053.92919921875,228702.63623046875,0.0
2024-03-19,3661.TW,BUY,5,3216.7353515625,16083.6767578125,0.0
2024-03-20,2454.TW,BUY,4,1035.60009765625,4142.400390625,0.0
2024-03-20,3443.TW,BUY,4,1258.0677490234375,5032.27099609375,0.0
2024-03-20,6669.TW,SELL,4,683.3307495117188,2733.322998046875,0.0
2024-03-20,3661.TW,SELL,2,3284.8662109375,6569.732421875,0.0
2024-03-21,2454.TW,SELL,221,1044.7646484375,230892.9873046875,0.0
2024-03-21,6669.TW,SELL,4,692.6701049804688,2770.680419921875,0.0
2024-03-21,2615.TW,BUY,5586,41.145145416259766,229836.78229522705,0.0
2024-03-21,6415.TW,BUY,14,347.4524230957031,4864.333923339844,0.0
2024-03-22,2615.TW,SELL,5586,41.327606201171875,230856.0082397461,0.0
2024-03-22,6415.TW,SELL,9,359.70391845703125,3237.3352661132812,0.0
2024-03-22,6669.TW,SELL,3,714.4620361328125,2143.3861083984375,0.0
2024-03-22,2454.TW,BUY,227,1031.0177001953125,234041.01794433594,0.0
2024-03-25,3711.TW,BUY,1583,145.7492218017578,230721.01811218262,0.0
2024-03-25,6415.TW,BUY,20,343.0419006347656,6860.8380126953125,0.0
2024-03-25,3443.TW,BUY,1,1258.0677490234375,1258.0677490234375,0.0
2024-03-25,6669.TW,SELL,1,705.1226196289062,705.1226196289062,0.0
2024-03-25,3661.TW,SELL,1,3367.595947265625,3367.595947265625,0.0
2024-03-25,2454.TW,SELL,227,1026.4354248046875,233000.84143066406,0.0
2024-03-26,3711.TW,SELL,1583,145.2865447998047,229988.60041809082,0.0
2024-03-26,6415.TW,SELL,6,340.59161376953125,2043.5496826171875,0.0
2024-03-26,3443.TW,BUY,1,1228.9232177734375,1228.9232177734375,0.0
2024-03-26,3661.TW,BUY,1,3250.80078125,3250.80078125,0.0
2024-03-26,4938.TW,BUY,2656,85.41838073730469,226871.21923828125,0.0
2024-03-27,6415.TW,BUY,5,329.81024169921875,1649.0512084960938,0.0
2024-03-27,3711.TW,BUY,1554,142.51036071777344,221461.10055541992,0.0
2024-03-27,3661.TW,BUY,3,3065.875244140625,9197.625732421875,0.0
2024-03-27,4938.TW,SELL,2656,85.94241333007812,228263.0498046875,0.0
2024-03-27,3443.TW,SELL,1,1204.63623046875,1204.63623046875,0.0
2024-03-27,6669.TW,SELL,2,680.2177124023438,1360.4354248046875,0.0
2024-03-28,3661.TW,SELL,1,3080.474365234375,3080.474365234375,0.0
2024-03-28,3711.TW,SELL,1554,143.4357452392578,222899.14810180664,0.0
2024-03-28,6669.TW,SELL,2,681.7742309570312,1363.5484619140625,0.0
2024-03-28,2049.TW,BUY,813,270.90814208984375,220248.31951904297,0.0
2024-03-28,3443.TW,BUY,2,1185.2066650390625,2370.413330078125,0.0
2024-03-28,6415.TW,BUY,12,322.3769836425781,3868.5238037109375,0.0
2024-03-29,6415.TW,BUY,5,326.3204345703125,1631.6021728515625,0.0
2024-03-29,2317.TW,BUY,1623,138.41397094726562,224645.8748474121,0.0
2024-03-29,2049.TW,BUY,34,265.0821533203125,9012.793212890625,0.0
2024-03-29,3661.TW,SELL,3,3270.2666015625,9810.7998046875,0.0
2024-03-29,3443.TW,SELL,185,1204.63623046875,222857.70263671875,0.0
2024-03-29,6669.TW,SELL,4,703.5661010742188,2814.264404296875,0.0
2024-04-01,4938.TW,BUY,2670,85.15635681152344,227367.47268676758,0.0
2024-04-01,2049.TW,SELL,847,267.0241394042969,226169.44607543945,0.0
2024-04-01,2317.TW,SELL,1623,137.50033569335938,223163.04483032227,0.0
2024-04-01,6415.TW,SELL,8,334.20733642578125,2673.65869140625,0.0
2024-04-01,6669.TW,SELL,1,714.4620361328125,714.4620361328125,0.0
2024-04-01,3711.TW,BUY,1638,138.8087921142578,227368.8014831543,0.0
2024-04-02,6669.TW,BUY,4,697.3397827148438,2789.359130859375,0.0
2024-04-02,6415.TW,BUY,34,314.4901123046875,10692.663818359375,0.0
2024-04-02,3443.TW,BUY,168,1335.7861328125,224412.0703125,0.0
2024-04-02,4938.TW,SELL,2670,85.85508728027344,229233.08303833008,0.0
2024-04-02,3711.TW,SELL,1638,142.04766845703125,232674.0809326172,0.0
2024-04-02,3661.TW,SELL,1,3309.198486328125,3309.198486328125,0.0
2024-04-02,2883.TW,BUY,18456,12.178505897521973,224766.50484466553,0.0
2024-04-03,2308.TW,BUY,719,318.57275390625,229053.81005859375,0.0
2024-04-03,2049.TW,BUY,875,261.68365478515625,228973.19793701172,0.0
2024-04-03,3661.TW,BUY,2,3294.598876953125,6589.19775390625,0.0
2024-04-03,3443.TW,SELL,168,1345.5009765625,226044.1640625,0.0
2024-04-03,2883.TW,SELL,18456,12.09089183807373,223149.49976348877,0.0
2024-04-03,6669.TW,SELL,23,765.8285522460938,17614.056701660156,0.0
2024-04-03,6415.TW,BUY,13,314.9830322265625,4094.7794189453125,0.0
2024-04-08,3661.TW,BUY,4,3065.875244140625,12263.5009765625,0.0
2024-04-08,3443.TW,BUY,178,1262.9251708984375,224800.68041992188,0.0
2024-04-08,2049.TW,BUY,4,255.85765075683594,1023.4306030273438,0.0
2024-04-08,6669.TW,SELL,7,770.4981689453125,5393.4871826171875,0.0
2024-04-08,6415.TW,SELL,8,313.01129150390625,2504.09033203125,0.0
2024-04-08,2308.TW,SELL,719,320.49188232421875,230433.66339111328,0.0
2024-04-09,3443.TW,SELL,2,1277.4971923828125,2554.994384765625,0.0
2024-04-09,6415.TW,SELL,719,323.36285400390625,232497.8920288086,0.0
2024-04-09,6669.TW,SELL,1,770.4981689453125,770.4981689453125,0.0
2024-04-09,2049.TW,BUY,8,253.43017578125,2027.44140625,0.0
2024-04-09,2382.TW,BUY,883,254.4047393798828,224639.38487243652,0.0
2024-04-09,3661.TW,BUY,3,2939.346923828125,8818.040771484375,0.0
2024-04-10,6669.TW,BUY,12,733.1408081054688,8797.689697265625,0.0
2024-04-10,2382.TW,BUY,6,249.97259521484375,1499.8355712890625,0.0
2024-04-10,2317.TW,BUY,1574,141.1548309326172,222177.70388793945,0.0
2024-04-10,3443.TW,SELL,3,1282.3548583984375,3847.0645751953125,0.0
2024-04-10,2049.TW,SELL,887,254.4011993408203,225653.86381530762,0.0
2024-04-10,3661.TW,SELL,1,2939.346923828125,2939.346923828125,0.0
2024-04-11,2382.TW,SELL,889,252.1886749267578,224195.7320098877,0.0
2024-04-11,3443.TW,SELL,2,1287.212158203125,2574.42431640625,0.0
2024-04-11,2049.TW,BUY,893,247.1186981201172,220676.99742126465,0.0
2024-04-11,2317.TW,BUY,37,137.0435333251953,5070.610733032227,0.0
2024-04-11,6669.TW,BUY,2,723.8013305664062,1447.6026611328125,0.0
2024-04-12,6415.TW,BUY,572,381.52874755859375,218234.44360351562,0.0
2024-04-12,3661.TW,BUY,2,2822.551513671875,5645.10302734375,0.0
2024-04-12,3443.TW,BUY,8,1219.2083740234375,9753.6669921875,0.0
2024-04-12,2317.TW,SELL,1611,137.50033569335938,221513.04080200195,0.0
2024-04-12,2049.TW,SELL,5,245.66220092773438,1228.3110046386719,0.0
2024-04-12,6669.TW,SELL,14,748.7063598632812,10481.889038085938,0.0
2024-04-15,6415.TW,SELL,572,390.8944091796875,223591.60205078125,0.0
2024-04-15,6669.TW,SELL,9,753.3760986328125,6780.3848876953125,0.0
2024-04-15,2049.TW,BUY,9,236.92324829101562,2132.3092346191406,0.0
2024-04-15,2317.TW,BUY,1593,133.38902282714844,212488.71336364746,0.0
2024-04-15,3443.TW,BUY,9,1126.9178466796875,10142.260620117188,0.0
2024-04-15,3661.TW,BUY,2,2681.424072265625,5362.84814453125,0.0
2024-04-16,3661.TW,SELL,3,2754.421142578125,8263.263427734375,0.0
2024-04-16,6669.TW,BUY,10,717.5750732421875,7175.750732421875,0.0
2024-04-16,2382.TW,BUY,919,228.38865661621094,209889.17543029785,0.0
2024-04-16,2308.TW,BUY,747,281.1500549316406,210019.09103393555,0.0
2024-04-16,2317.TW,SELL,1593,128.8209228515625,205211.73010253906,0.0
2024-04-16,2049.TW,SELL,897,230.61175537109375,206858.7445678711,0.0
2024-04-16,3443.TW,SELL,6,1151.204833984375,6907.22900390625,0.0
2024-04-17,2454.TW,BUY,223,962.2832641601562,214589.16790771484,0.0
2024-04-17,2308.TW,SELL,747,288.34674072265625,215395.01531982422,0.0
2024-04-17,2382.TW,SELL,919,232.965576171875,214095.36450195312,0.0
2024-04-17,6669.TW,SELL,3,744.0366821289062,2232.1100463867188,0.0
2024-04-17,2049.TW,BUY,946,227.2132568359375,214943.74096679688,0.0
2024-04-17,3443.TW,BUY,2,1165.777099609375,2331.55419921875,0.0
2024-04-18,3443.TW,BUY,2,1180.34912109375,2360.6982421875,0.0
2024-04-18,3711.TW,BUY,1578,139.73419189453125,220500.5548095703,0.0
2024-04-18,2454.TW,BUY,6,962.2832641601562,5773.6995849609375,0.0
2024-04-18,3661.TW,SELL,2,2953.946044921875,5907.89208984375,0.0
2024-04-18,6669.TW,SELL,289,778.281005859375,224923.21069335938,0.0
2024-04-18,2382.TW,BUY,962,229.30404663085938,220590.49285888672,0.0
2024-04-18,2049.TW,SELL,946,232.5537567138672,219995.85385131836,0.0
2024-04-19,6669.TW,BUY,292,720.688232421875,210440.9638671875,0.0
2024-04-19,6415.TW,BUY,635,331.249755859375,210343.59497070312,0.0
2024-04-19,3443.TW,BUY,1,1122.0604248046875,1122.0604248046875,0.0
2024-04-19,3661.TW,BUY,1,2783.619873046875,2783.619873046875,0.0
2024-04-19,3711.TW,SELL,1578,135.1072235107422,213199.19869995117,0.0
2024-04-19,2454.TW,SELL,229,910.0449829101562,208400.30108642578,0.0
2024-04-19,2382.TW,SELL,962,221.06556701660156,212665.0754699707,0.0
2024-04-19,2049.TW,BUY,948,221.87278747558594,210335.40252685547,0.0
2024-04-22,2049.TW,SELL,948,219.9307861328125,208494.38525390625,0.0
2024-04-22,6415.TW,SELL,11,325.8275146484375,3584.1026611328125,0.0
2024-04-22,2382.TW,BUY,966,210.53863525390625,203380.32165527344,0.0
2024-04-22,3443.TW,BUY,2,1073.486328125,2146.97265625,0.0
2024-04-22,6669.TW,BUY,10,672.4348754882812,6724.3487548828125,0.0
2024-04-23,3443.TW,BUY,1,1092.9158935546875,1092.9158935546875,0.0
2024-04-23,2308.TW,BUY,728,285.46807861328125,207820.76123046875,0.0
2024-04-23,6669.TW,BUY,11,663.095458984375,7294.050048828125,0.0
2024-04-23,3661.TW,SELL,1,2783.619873046875,2783.619873046875,0.0
2024-04-23,2382.TW,SELL,966,216.9463348388672,209570.1594543457,0.0
2024-04-23,6415.TW,SELL,12,339.13665771484375,4069.639892578125,0.0
2024-04-24,2308.TW,SELL,728,291.7052001953125,212361.3857421875,0.0
2024-04-24,6415.TW,SELL,22,372.6559753417969,8198.431457519531,0.0
2024-04-24,6669.TW,SELL,5,712.9053955078125,3564.5269775390625,0.0
2024-04-24,2105.TW,BUY,5490,40.08395767211914,220060.92761993408,0.0
2024-04-24,3661.TW,BUY,2,2895.548583984375,5791.09716796875,0.0
2024-04-25,6669.TW,BUY,2,700.4529418945312,1400.9058837890625,0.0
2024-04-25,3661.TW,BUY,3,2754.421142578125,8263.263427734375,0.0
2024-04-25,2049.TW,BUY,972,223.81478881835938,217547.9747314453,0.0
2024-04-25,2317.TW,BUY,1572,138.41397094726562,217586.76232910156,0.0
2024-04-25,3443.TW,SELL,190,1165.777099609375,221497.64892578125,0.0
2024-04-25,2105.TW,SELL,5490,40.08395767211914,220060.92761993408,0.0
2024-04-25,6415.TW,SELL,8,373.6418151855469,2989.134521484375,0.0
2024-04-26,2049.TW,SELL,972,227.2132568359375,220851.28564453125,0.0
2024-04-26,2317.TW,SELL,1572,141.6116485595703,222613.51153564453,0.0
2024-04-26,3661.TW,SELL,5,3026.943359375,15134.716796875,0.0
2024-04-26,2105.TW,BUY,5664,39.910057067871094,226050.56323242188,0.0
2024-04-26,3711.TW,BUY,1714,131.86834716796875,226022.34704589844,0.0
2024-04-26,6415.TW,BUY,9,382.5146179199219,3442.631561279297,0.0
2024-04-26,6669.TW,BUY,2,723.8013305664062,1447.6026611328125,0.0
2024-04-29,3443.TW,BUY,174,1321.2138671875,229891.212890625,0.0
2024-04-29,6669.TW,BUY,1,734.6973266601562,734.6973266601562,0.0
2024-04-29,2412.TW,BUY,2075,111.0281982421875,230383.51135253906,0.0
2024-04-29,3661.TW,BUY,1,3041.542724609375,3041.542724609375,0.0
2024-04-29,6415.TW,SELL,591,392.37322998046875,231892.57891845703,0.0
2024-04-29,3711.TW,SELL,1714,136.03262329101562,233159.91632080078,0.0
2024-04-29,2105.TW,SELL,5664,40.69260787963867,230482.93103027344,0.0
2024-04-29,2049.TW,BUY,1018,226.24227905273438,230314.6400756836,0.0
2024-04-30,2412.TW,SELL,2075,110.5822982788086,229458.26892852783,0.0
2024-04-30,3443.TW,SELL,2,1330.9288330078125,2661.857666015625,0.0
2024-04-30,2049.TW,BUY,6,224.7857666015625,1348.714599609375,0.0
2024-04-30,2317.TW,BUY,1615,142.5252685546875,230178.3087158203,0.0
2024-05-02,6669.TW,BUY,9,708.2357788085938,6374.122009277344,0.0
2024-05-02,6415.TW,BUY,543,419.97735595703125,228047.70428466797,0.0
2024-05-02,2317.TW,BUY,6,140.69802856445312,844.1881713867188,0.0
2024-05-02,3443.TW,SELL,172,1335.7861328125,229755.21484375,0.0
2024-05-02,3661.TW,SELL,1,3065.875244140625,3065.875244140625,0.0
2024-05-03,2049.TW,SELL,1024,222.84378051757812,228192.03125,0.0
2024-05-03,2317.TW,SELL,1621,142.5252685546875,231033.46032714844,0.0
2024-05-03,3231.TW,BUY,2249,101.08977508544922,227350.9041671753,0.0
2024-05-03,3443.TW,BUY,174,1306.641845703125,227355.68115234375,0.0
2024-05-03,6415.TW,BUY,2,417.019775390625,834.03955078125,0.0
2024-05-03,6669.TW,BUY,6,692.6701049804688,4156.0206298828125,0.0
2024-05-06,9904.TW,BUY,7257,30.800731658935547,223520.90964889526,0.0
2024-05-06,3661.TW,BUY,7,2759.287353515625,19315.011474609375,0.0
2024-05-06,6415.TW,BUY,16,398.28839111328125,6372.6142578125,0.0
2024-05-06,3443.TW,SELL,4,1311.4991455078125,5245.99658203125,0.0
2024-05-06,3231.TW,SELL,2249,103.82192993164062,233495.52041625977,0.0
2024-05-06,6669.TW,SELL,14,711.348876953125,9958.88427734375,0.0
2024-05-07,6415.TW,SELL,7,404.2035827636719,2829.425079345703,0.0
2024-05-07,6669.TW,SELL,314,730.0276489257812,229228.6817626953,0.0
2024-05-07,9904.TW,SELL,7257,31.675750732421875,229870.92306518555,0.0
2024-05-07,3037.TW,BUY,1271,176.37783813476562,224176.2322692871,0.0
2024-05-07,3443.TW,BUY,5,1277.4971923828125,6387.4859619140625,0.0
2024-05-07,3661.TW,BUY,2,2686.29052734375,5372.5810546875,0.0
2024-05-07,5871.TW,BUY,1636,137.02545166015625,224173.63891601562,0.0
2024-05-08,5871.TW,BUY,151,123.97539520263672,18720.284675598145,0.0
2024-05-08,3034.TW,BUY,426,519.866455078125,221463.10986328125,0.0
2024-05-08,6415.TW,SELL,2,401.2460021972656,802.4920043945312,0.0
2024-05-08,3661.TW,SELL,1,2696.0234375,2696.0234375,0.0
2024-05-08,3037.TW,SELL,1271,183.16160583496094,232798.40101623535,0.0
2024-05-08,3443.TW,SELL,2,1277.4971923828125,2554.994384765625,0.0
2024-05-09,3034.TW,SELL,426,508.69573974609375,216704.38513183594,0.0
2024-05-09,5871.TW,SELL,1787,122.34415435791016,218629.00383758545,0.0
2024-05-09,6415.TW,SELL,22,410.1187438964844,9022.612365722656,0.0
2024-05-09,2889.TW,BUY,16973,12.806220054626465,217359.972987175,0.0
2024-05-09,3231.TW,BUY,2131,102.00048828125,217363.04052734375,0.0
2024-05-09,3443.TW,BUY,2,1238.6380615234375,2477.276123046875,0.0
2024-05-09,3661.TW,BUY,3,2554.895751953125,7664.687255859375,0.0
2024-05-10,6669.TW,BUY,291,748.7063598632812,217873.55072021484,0.0
2024-05-10,6415.TW,BUY,4,408.63995361328125,1634.559814453125,0.0
2024-05-10,3443.TW,BUY,1,1233.78076171875,1233.78076171875,0.0
2024-05-10,3661.TW,BUY,2,2481.898681640625,4963.79736328125,0.0
2024-05-10,3231.TW,SELL,2131,103.82192993164062,221244.53268432617,0.0
2024-05-10,2382.TW,BUY,881,247.6117401123047,218145.94303894043,0.0
2024-05-10,2889.TW,SELL,16973,13.31846809387207,226054.35895729065,0.0
2024-05-13,2382.TW,SELL,881,251.27328491210938,221371.76400756836,0.0
2024-05-13,3443.TW,SELL,7,1296.9268798828125,9078.488159179688,0.0
2024-05-13,2891.TW,BUY,6909,31.854795455932617,220084.78180503845,0.0
2024-05-13,3661.TW,BUY,2,2452.699951171875,4905.39990234375,0.0
2024-05-13,6415.TW,BUY,7,406.668212890625,2846.677490234375,0.0
2024-05-13,6669.TW,BUY,5,742.4801635742188,3712.4008178710938,0.0
2024-05-14,5871.TW,BUY,1808,124.79103088378906,225622.18383789062,0.0
2024-05-14,6415.TW,BUY,12,407.6540832519531,4891.8489990234375,0.0
2024-05-14,2615.TW,BUY,3616,62.401947021484375,225645.4404296875,0.0
2024-05-14,3661.TW,SELL,4,2637.625732421875,10550.5029296875,0.0
2024-05-14,2891.TW,SELL,6909,31.462066650390625,217371.41848754883,0.0
2024-05-14,6669.TW,SELL,296,768.9417114257812,227606.74658203125,0.0
2024-05-15,2615.TW,SELL,3616,64.31780242919922,232573.17358398438,0.0
2024-05-15,3443.TW,SELL,1,1369.7879638671875,1369.7879638671875,0.0
2024-05-15,3661.TW,SELL,3,2778.75341796875,8336.26025390625,0.0
2024-05-15,5871.TW,SELL,1808,124.79103088378906,225622.18383789062,0.0
2024-05-15,2317.TW,BUY,1478,155.77281188964844,230232.2159729004,0.0
2024-05-15,3034.TW,BUY,463,497.5251159667969,230354.12869262695,0.0
2024-05-15,6415.TW,BUY,16,404.2035827636719,6467.25732421875,0.0
2024-05-16,3231.TW,BUY,2310,102.00048828125,235621.1279296875,0.0
2024-05-16,3443.TW,BUY,2,1379.5028076171875,2759.005615234375,0.0
2024-05-16,3661.TW,BUY,4,2730.088623046875,10920.3544921875,0.0
2024-05-16,2382.TW,BUY,929,253.56175231933594,235558.8679046631,0.0
2024-05-16,3034.TW,SELL,463,507.83648681640625,235128.2933959961,0.0
2024-05-16,2317.TW,SELL,1478,156.68643188476562,231582.5463256836,0.0
2024-05-16,6415.TW,SELL,38,443.6380615234375,16858.246337890625,0.0
2024-05-17,2382.TW,SELL,929,261.8002014160156,243212.38711547852,0.0
2024-05-17,3231.TW,SELL,2310,102.00048828125,235621.1279296875,0.0
2024-05-17,2615.TW,BUY,3705,63.86164855957031,236607.407913208,0.0
2024-05-17,6415.TW,BUY,10,436.7370300292969,4367.370300292969,0.0
2024-05-17,6669.TW,BUY,288,820.3081665039062,236248.751953125,0.0
2024-05-20,9904.TW,BUY,7413,31.8070011138916,235785.29925727844,0.0
2024-05-20,6669.TW,BUY,3,807.855712890625,2423.567138671875,0.0
2024-05-20,2317.TW,BUY,1540,153.0319366455078,235669.18243408203,0.0
2024-05-20,6415.TW,BUY,28,414.06219482421875,11593.741455078125,0.0
2024-05-20,3443.TW,SELL,170,1418.362060546875,241121.55029296875,0.0
2024-05-20,2615.TW,SELL,3705,64.59149169921875,239311.47674560547,0.0
2024-05-20,3661.TW,SELL,1,2769.0205078125,2769.0205078125,0.0
2024-05-21,2317.TW,SELL,1540,151.6614990234375,233558.70849609375,0.0
2024-05-21,6669.TW,SELL,291,798.516357421875,232368.26000976562,0.0
2024-05-21,9904.TW,SELL,7413,33.29453659057617,246812.39974594116,0.0
2024-05-21,2357.TW,BUY,557,422.1608581542969,235143.59799194336,0.0
2024-05-21,2615.TW,BUY,3749,62.766876220703125,235313.01895141602,0.0
2024-05-21,3443.TW,BUY,168,1394.0750732421875,234204.6123046875,0.0
2024-05-21,3661.TW,BUY,2,2676.5576171875,5353.115234375,0.0
2024-05-22,3443.TW,BUY,4,1403.7899169921875,5615.15966796875,0.0
2024-05-22,3661.TW,BUY,3,2676.5576171875,8029.6728515625,0.0
2024-05-22,6669.TW,BUY,300,807.855712890625,242356.7138671875,0.0
2024-05-22,1303.TW,BUY,4649,52.205909729003906,242705.27433013916,0.0
2024-05-22,2615.TW,SELL,3749,64.95641326904297,243521.5933456421,0.0
2024-05-22,2357.TW,SELL,557,450.6502380371094,251012.18258666992,0.0
2024-05-22,6415.TW,SELL,9,432.7935791015625,3895.1422119140625,0.0
2024-05-23,3661.TW,BUY,3,2647.35888671875,7942.07666015625,0.0
2024-05-23,2882.TW,BUY,5115,48.48188781738281,247984.8561859131,0.0
2024-05-23,6669.TW,SELL,10,852.9960327148438,8529.960327148438,0.0
2024-05-23,9904.TW,BUY,7537,32.900779724121094,247973.17678070068,0.0
2024-05-23,3443.TW,SELL,172,1389.217529296875,238945.4150390625,0.0
2024-05-23,1303.TW,SELL,4649,51.4395866394043,239142.63828659058,0.0
2024-05-23,6415.TW,SELL,34,471.2422180175781,16022.235412597656,0.0
2024-05-24,2882.TW,SELL,5115,48.57035827636719,248437.38258361816,0.0
2024-05-24,3661.TW,SELL,3,2744.68798828125,8234.06396484375,0.0
2024-05-24,9904.TW,SELL,7537,32.419517517089844,244345.90352630615,0.0
2024-05-24,2049.TW,BUY,1139,218.47430419921875,248842.23248291016,0.0
2024-05-24,2891.TW,BUY,7701,32.334800720214844,249010.3003463745,0.0
2024-05-24,6415.TW,BUY,4,469.763427734375,1879.0537109375,0.0
2024-05-24,6669.TW,BUY,1,852.9960327148438,852.9960327148438,0.0
2024-05-27,2105.TW,BUY,4994,50.431007385253906,251852.450881958,0.0
2024-05-27,6669.TW,BUY,7,843.6566772460938,5905.596740722656,0.0
2024-05-27,2002.TW,BUY,10967,22.968463897705078,251895.1435661316,0.0
2024-05-27,6415.TW,BUY,4,471.2422180175781,1884.9688720703125,0.0
2024-05-27,2891.TW,SELL,7701,32.77116394042969,252370.73350524902,0.0
2024-05-27,2049.TW,SELL,1139,223.3292694091797,254372.03785705566,0.0
2024-05-27,3661.TW,SELL,1,2827.418212890625,2827.418212890625,0.0
2024-05-28,2002.TW,SELL,10967,23.256772994995117,255057.02943611145,0.0
2024-05-28,2105.TW,SELL,4994,49.99625778198242,249681.31136322021,0.0
2024-05-28,6415.TW,SELL,22,497.8605041503906,10952.931091308594,0.0
2024-05-28,2357.TW,BUY,560,454.9668273925781,254781.42333984375,0.0
2024-05-28,2891.TW,BUY,7950,32.07297897338867,254980.18283843994,0.0
2024-05-28,6669.TW,BUY,7,835.8738403320312,5851.116882324219,0.0
2024-05-29,6415.TW,BUY,24,463.3553161621094,11120.527587890625,0.0
2024-05-29,2615.TW,BUY,3180,78.09367370605469,248337.8823852539,0.0
2024-05-29,2105.TW,BUY,5092,48.778961181640625,248382.47033691406,0.0
2024-05-29,3661.TW,SELL,1,2803.0859375,2803.0859375,0.0
2024-05-29,2891.TW,SELL,55,31.462066650390625,1730.4136657714844,0.0
2024-05-29,2357.TW,SELL,560,452.37689208984375,253331.0595703125,0.0
2024-05-29,6669.TW,SELL,305,821.8648071289062,250668.7661743164,0.0
2024-05-30,2105.TW,SELL,5092,50.17015838623047,255466.44650268555,0.0
2024-05-30,2615.TW,SELL,3180,79.82705688476562,253850.0408935547,0.0
2024-05-30,2317.TW,BUY,1552,161.25454711914062,250267.05712890625,0.0
2024-05-30,2330.TW,BUY,309,807.3934326171875,249484.57067871094,0.0
2024-05-30,2891.TW,BUY,228,30.807512283325195,7024.1128005981445,0.0
2024-05-30,6415.TW,BUY,6,461.3835754394531,2768.3014526367188,0.0
2024-05-31,6669.TW,BUY,322,768.9417114257812,247599.23107910156,0.0
2024-05-31,2615.TW,BUY,3407,72.71104431152344,247726.52796936035,0.0
2024-05-31,2317.TW,BUY,24,157.14324951171875,3771.43798828125,0.0
2024-05-31,2891.TW,SELL,8123,30.894790649414062,250958.38444519043,0.0
2024-05-31,2330.TW,SELL,309,791.0144653320312,244423.46978759766,0.0
2024-05-31,6415.TW,SELL,10,465.3270568847656,4653.270568847656,0.0
2024-06-03,2317.TW,SELL,1576,161.25454711914062,254137.16625976562,0.0
2024-06-03,2615.TW,SELL,31,74.8093490600586,2319.0898208618164,0.0
2024-06-03,6669.TW,SELL,6,798.516357421875,4791.09814453125,0.0
2024-06-03,2357.TW,BUY,574,439.4271545410156,252231.18670654297,0.0
2024-06-03,3661.TW,BUY,1,2807.9521484375,2807.9521484375,0.0
2024-06-03,6415.TW,BUY,11,464.3411865234375,5107.7530517578125,0.0
2024-06-04,2317.TW,BUY,1589,156.2296142578125,248248.85705566406,0.0
2024-06-04,6415.TW,BUY,2,454.9754943847656,909.9509887695312,0.0
2024-06-04,2615.TW,BUY,26,72.98473358154297,1897.6030731201172,0.0
2024-06-04,3661.TW,SELL,1,2803.0859375,2803.0859375,0.0
2024-06-04,2357.TW,SELL,574,428.20404052734375,245789.1192626953,0.0
2024-06-04,6669.TW,SELL,2,789.1769409179688,1578.3538818359375,0.0
2024-06-05,6669.TW,BUY,10,786.0638427734375,7860.638427734375,0.0
2024-06-05,2317.TW,SELL,1589,160.34092712402344,254781.73320007324,0.0
2024-06-05,2615.TW,SELL,224,80.28321075439453,17983.439208984375,0.0
2024-06-05,2357.TW,BUY,605,421.72918701171875,255146.15814208984,0.0
2024-06-05,3661.TW,BUY,1,2842.017333984375,2842.017333984375,0.0
2024-06-05,6415.TW,BUY,15,455.4684143066406,6832.026214599609,0.0
2024-06-06,3661.TW,BUY,3,2817.68505859375,8453.05517578125,0.0
2024-06-06,6669.TW,SELL,324,815.6385498046875,264266.89013671875,0.0
2024-06-06,6415.TW,BUY,20,451.03204345703125,9020.640869140625,0.0
2024-06-06,3443.TW,BUY,172,1515.5201416015625,260669.46435546875,0.0
2024-06-06,2615.TW,SELL,215,88.31153869628906,18986.98081970215,0.0
2024-06-06,2357.TW,SELL,605,425.6141052246094,257496.53366088867,0.0
2024-06-06,2105.TW,BUY,5621,46.55406188964844,261680.38188171387,0.0
2024-06-07,3443.TW,SELL,172,1574.3753662109375,270792.56298828125,0.0
2024-06-07,6415.TW,SELL,30,484.0584411621094,14521.753234863281,0.0
2024-06-07,2105.TW,BUY,257,45.29584503173828,11641.032173156738,0.0
2024-06-07,2357.TW,BUY,637,417.8442687988281,266166.7992248535,0.0
2024-06-07,2615.TW,BUY,71,87.76414489746094,6231.254287719727,0.0
2024-06-07,3661.TW,BUY,1,2842.017333984375,2842.017333984375,0.0
2024-06-11,2357.TW,SELL,637,415.68597412109375,264791.9655151367,0.0
2024-06-11,2105.TW,SELL,169,44.75660705566406,7563.866592407227,0.0
2024-06-11,6415.TW,SELL,13,475.1856689453125,6177.4136962890625,0.0
2024-06-11,2615.TW,BUY,141,80.4656753540039,11345.66022491455,0.0
2024-06-11,3443.TW,BUY,166,1530.2340087890625,254018.84545898438,0.0
2024-06-11,3661.TW,BUY,5,2603.560546875,13017.802734375,0.0
2024-06-12,2105.TW,BUY,53,44.08256149291992,2336.375759124756,0.0
2024-06-12,6415.TW,SELL,5,477.1573791503906,2385.786895751953,0.0
2024-06-12,2615.TW,BUY,179,75.72166442871094,13554.177932739258,0.0
2024-06-12,3443.TW,SELL,166,1554.7569580078125,258089.65502929688,0.0
2024-06-12,3661.TW,SELL,3,2666.82470703125,8000.47412109375,0.0
2024-06-12,3665.TW,BUY,947,268.2090148925781,253993.93710327148,0.0
2024-06-13,3661.TW,BUY,4,2598.694091796875,10394.7763671875,0.0
2024-06-13,3443.TW,BUY,170,1520.4248046875,258472.216796875,0.0
2024-06-13,2105.TW,BUY,167,43.81294631958008,7316.762035369873,0.0
2024-06-13,6415.TW,SELL,7,493.91705322265625,3457.4193725585938,0.0
2024-06-13,3665.TW,SELL,947,288.1114501953125,272841.54333496094,0.0
2024-06-13,2615.TW,SELL,42,78.41606140136719,3293.474578857422,0.0
2024-06-14,2615.TW,SELL,199,86.22049713134766,17157.878929138184,0.0
2024-06-14,3443.TW,SELL,170,1535.1385498046875,260973.55346679688,0.0
2024-06-14,6415.TW,SELL,8,518.5635986328125,4148.5087890625,0.0
2024-06-14,2105.TW,BUY,124,44.352176666259766,5499.669906616211,0.0
2024-06-14,3661.TW,BUY,4,2588.961181640625,10355.8447265625,0.0
2024-06-14,6669.TW,BUY,306,874.7482299804688,267672.95837402344,0.0
2024-06-17,6669.TW,BUY,10,841.5299072265625,8415.299072265625,0.0
2024-06-17,3443.TW,BUY,176,1510.6156005859375,265868.345703125,0.0
2024-06-17,2615.TW,BUY,101,82.78282165527344,8361.064987182617,0.0
2024-06-17,3661.TW,SELL,4,2671.691162109375,10686.7646484375,0.0
2024-06-17,2105.TW,SELL,6053,44.531925201416016,269551.74324417114,0.0
2024-06-17,6415.TW,SELL,3,517.5777587890625,1552.7332763671875,0.0
2024-06-18,3443.TW,SELL,176,1647.9443359375,290038.203125,0.0
2024-06-18,6669.TW,SELL,316,857.34814453125,270922.013671875,0.0
2024-06-18,2105.TW,BUY,6010,44.93635177612305,270067.4741744995,0.0
2024-06-18,2615.TW,BUY,59,82.50409698486328,4867.741722106934,0.0
2024-06-18,3661.TW,BUY,2,2661.9580078125,5323.916015625,0.0
2024-06-18,3665.TW,BUY,854,316.06964111328125,269923.4735107422,0.0
2024-06-18,6415.TW,BUY,23,502.789794921875,11564.165283203125,0.0
2024-06-19,3443.TW,BUY,171,1584.1845703125,270895.5615234375,0.0
2024-06-19,6415.TW,BUY,9,497.8605041503906,4480.744537353516,0.0
2024-06-19,2105.TW,BUY,94,44.57686233520508,4190.225059509277,0.0
2024-06-19,3661.TW,SELL,1,2715.4892578125,2715.4892578125,0.0
2024-06-19,2615.TW,SELL,19,83.6190185546875,1588.7613525390625,0.0
2024-06-19,3665.TW,SELL,854,323.17767333984375,275993.73303222656,0.0
2024-06-20,2105.TW,SELL,6104,44.711669921875,272920.033203125,0.0
2024-06-20,2615.TW,SELL,38,85.57012939453125,3251.6649169921875,0.0
2024-06-20,3443.TW,SELL,171,1593.9937744140625,272572.9354248047,0.0
2024-06-20,6415.TW,SELL,10,512.6484375,5126.484375,0.0
2024-06-20,3661.TW,BUY,1,2700.889892578125,2700.889892578125,0.0
2024-06-20,3665.TW,BUY,854,322.22991943359375,275184.35119628906,0.0
2024-06-20,6669.TW,BUY,294,934.8574829101562,274848.09997558594,0.0
2024-06-21,6415.TW,SELL,9,509.69085693359375,4587.217712402344,0.0
2024-06-21,3661.TW,BUY,2,2608.427001953125,5216.85400390625,0.0
2024-06-21,2382.TW,BUY,919,292.46563720703125,268775.9205932617,0.0
2024-06-21,2615.TW,SELL,80,85.75595092773438,6860.47607421875,0.0
2024-06-21,6669.TW,SELL,294,885.8209228515625,260431.35131835938,0.0
2024-06-24,2615.TW,BUY,31,82.50409698486328,2557.6270065307617,0.0
2024-06-24,2382.TW,SELL,919,278.27716064453125,255736.71063232422,0.0
2024-06-24,3665.TW,SELL,19,312.7525634765625,5942.2987060546875,0.0
2024-06-24,6415.TW,SELL,5,499.83221435546875,2499.1610717773438,0.0
2024-06-24,6669.TW,BUY,310,843.1117553710938,261364.64416503906,0.0
2024-06-25,6415.TW,BUY,9,492.9311828613281,4436.380645751953,0.0
2024-06-25,6669.TW,BUY,7,824.1298217773438,5768.908752441406,0.0
2024-06-25,2454.TW,BUY,206,1269.2974853515625,261475.28198242188,0.0
2024-06-25,3665.TW,SELL,835,320.33447265625,267479.28466796875,0.0
2024-06-25,3661.TW,BUY,1,2506.231201171875,2506.231201171875,0.0
2024-06-25,2615.TW,SELL,93,85.198486328125,7923.459228515625,0.0
2024-06-26,2454.TW,SELL,206,1287.6265869140625,265251.0769042969,0.0
2024-06-26,6669.TW,SELL,2,819.3843994140625,1638.768798828125,0.0
2024-06-26,2615.TW,BUY,50,82.6899185180664,4134.49592590332,0.0
2024-06-26,3443.TW,BUY,167,1544.94775390625,258006.27490234375,0.0
2024-06-26,3661.TW,BUY,1,2457.566650390625,2457.566650390625,0.0
2024-06-26,6415.TW,BUY,8,478.63616943359375,3829.08935546875,0.0
2024-06-27,6415.TW,BUY,11,459.90478515625,5058.95263671875,0.0
2024-06-27,3661.TW,BUY,1,2384.5693359375,2384.5693359375,0.0
2024-06-27,2382.TW,BUY,906,279.1925354003906,252948.4370727539,0.0
2024-06-27,6669.TW,SELL,315,808.3116455078125,254618.16833496094,0.0
2024-06-27,2615.TW,SELL,71,82.87574005126953,5884.177543640137,0.0
2024-06-28,2382.TW,SELL,906,285.6002197265625,258753.79907226562,0.0
2024-06-28,3443.TW,SELL,167,1574.3753662109375,262920.68615722656,0.0
2024-06-28,2454.TW,BUY,199,1283.0443115234375,255325.81799316406,0.0
2024-06-28,2615.TW,BUY,52,82.31827545166016,4280.550323486328,0.0
2024-06-28,3665.TW,BUY,721,354.45294189453125,255560.57110595703,0.0
2024-06-28,6415.TW,BUY,11,455.4684143066406,5010.152557373047,0.0
2024-07-01,6415.TW,BUY,14,438.2158203125,6135.021484375,0.0
2024-07-01,3665.TW,BUY,7,346.39715576171875,2424.7800903320312,0.0
2024-07-01,3443.TW,BUY,162,1549.8524169921875,251076.09155273438,0.0
2024-07-01,2454.TW,SELL,199,1296.7913818359375,258061.48498535156,0.0
2024-07-01,3661.TW,SELL,3,2428.36767578125,7285.10302734375,0.0
2024-07-01,2615.TW,BUY,53,79.90261840820312,4234.838775634766,0.0
2024-07-02,3665.TW,SELL,728,347.8187561035156,253212.05444335938,0.0
2024-07-02,6415.TW,SELL,1,433.7794494628906,433.7794494628906,0.0
2024-07-02,2615.TW,BUY,6,78.7876968383789,472.72618103027344,0.0
2024-07-02,3443.TW,BUY,3,1510.6156005859375,4531.8468017578125,0.0
2024-07-02,3661.TW,BUY,1,2389.43603515625,2389.43603515625,0.0
2024-07-02,9910.TW,BUY,1911,130.42791748046875,249247.75030517578,0.0
2024-07-03,3661.TW,BUY,2,2404.035400390625,4808.07080078125,0.0
2024-07-03,2317.TW,BUY,1340,190.22109985351562,254896.27380371094,0.0
2024-07-03,2105.TW,BUY,5922,43.04902648925781,254936.33486938477,0.0
2024-07-03,2615.TW,SELL,32,81.38917541503906,2604.45361328125,0.0
2024-07-03,6415.TW,SELL,3,446.10272216796875,1338.3081665039062,0.0
2024-07-03,3443.TW,SELL,165,1569.470703125,258962.666015625,0.0
2024-07-03,9910.TW,SELL,1911,131.34320068359375,250996.85650634766,0.0
2024-07-04,3665.TW,BUY,708,363.4564208984375,257327.14599609375,0.0
2024-07-04,2615.TW,BUY,74,80.27426147460938,5940.295349121094,0.0
2024-07-04,6415.TW,BUY,37,422.9349670410156,15648.593780517578,0.0
2024-07-04,2317.TW,SELL,1340,200.99717712402344,269336.2173461914,0.0
2024-07-04,2105.TW,SELL,5922,42.95915222167969,254404.0994567871,0.0
2024-07-04,3661.TW,SELL,5,2545.1630859375,12725.8154296875,0.0
2024-07-04,9910.TW,BUY,1980,129.97027587890625,257341.14624023438,0.0
2024-07-05,2615.TW,BUY,63,77.76568603515625,4899.238220214844,0.0
2024-07-05,2454.TW,BUY,201,1264.5880126953125,254182.1905517578,0.0
2024-07-05,3661.TW,BUY,2,2457.566650390625,4915.13330078125,0.0
2024-07-05,6415.TW,SELL,8,423.4278869628906,3387.423095703125,0.0
2024-07-05,3665.TW,SELL,12,364.87799072265625,4378.535888671875,0.0
2024-07-05,9910.TW,SELL,1980,129.97027587890625,257341.14624023438,0.0
2024-07-08,2454.TW,SELL,201,1330.1591796875,267361.9951171875,0.0
2024-07-08,3665.TW,SELL,3,363.4564208984375,1090.3692626953125,0.0
2024-07-08,2615.TW,BUY,209,72.46981811523438,15146.191986083984,0.0
2024-07-08,3443.TW,BUY,165,1520.4248046875,250870.0927734375,0.0
2024-07-08,3661.TW,BUY,1,2423.501220703125,2423.501220703125,0.0
2024-07-09,6669.TW,BUY,305,844.6935424804688,257631.53045654297,0.0
2024-07-09,6415.TW,BUY,13,420.47027587890625,5466.113586425781,0.0
2024-07-09,3665.TW,BUY,25,359.19158935546875,8979.789733886719,0.0
2024-07-09,2615.TW,BUY,118,71.72653198242188,8463.730773925781,0.0
2024-07-09,3661.TW,SELL,6,2623.026611328125,15738.15966796875,0.0
2024-07-09,3443.TW,SELL,165,1603.802978515625,264627.4914550781,0.0
2024-07-10,3661.TW,SELL,3,2710.622802734375,8131.868408203125,0.0
2024-07-10,3665.TW,SELL,9,365.82574462890625,3292.4317016601562,0.0
2024-07-10,6415.TW,SELL,2,423.9208068847656,847.8416137695312,0.0
2024-07-10,6669.TW,SELL,305,828.8753051757812,252806.96807861328,0.0
2024-07-10,2615.TW,BUY,72,70.70452117919922,5090.725524902344,0.0
2024-07-10,3443.TW,BUY,164,1574.3753662109375,258197.56005859375,0.0
2024-07-11,3045.TW,BUY,2869,92.90628051757812,266548.11880493164,0.0
2024-07-11,6415.TW,SELL,13,445.1168518066406,5786.519073486328,0.0
2024-07-11,2615.TW,BUY,43,71.81944274902344,3088.236038208008,0.0
2024-07-11,3661.TW,SELL,1,2812.818603515625,2812.818603515625,0.0
2024-07-11,3665.TW,SELL,10,380.989501953125,3809.89501953125,0.0
2024-07-11,3443.TW,SELL,164,1564.566162109375,256588.8505859375,0.0
2024-07-12,2615.TW,SELL,2,70.98326110839844,141.96652221679688,0.0
2024-07-12,3045.TW,SELL,2869,92.90628051757812,266548.11880493164,0.0
2024-07-12,6415.TW,SELL,6,444.6239318847656,2667.7435913085938,0.0
2024-07-12,3665.TW,BUY,20,365.82574462890625,7316.514892578125,0.0
2024-07-12,6669.TW,BUY,341,771.9297485351562,263228.0442504883,0.0
2024-07-15,6415.TW,BUY,21,437.22998046875,9181.82958984375,0.0
2024-07-15,3665.TW,SELL,46,398.0487365722656,18310.24188232422,0.0
2024-07-15,6669.TW,BUY,15,751.365966796875,11270.489501953125,0.0
2024-07-15,2615.TW,SELL,6,72.37690734863281,434.2614440917969,0.0
2024-07-15,3661.TW,SELL,1,2861.4833984375,2861.4833984375,0.0
2024-07-16,6415.TW,SELL,35,467.29876708984375,16355.456848144531,0.0
2024-07-16,6669.TW,SELL,356,778.2569580078125,277059.47705078125,0.0
2024-07-16,2317.TW,BUY,1354,199.5915985107422,270247.0243835449,0.0
2024-07-16,2615.TW,BUY,170,69.77542114257812,11861.821594238281,0.0
2024-07-16,3661.TW,BUY,2,2842.017333984375,5684.03466796875,0.0
2024-07-16,3665.TW,BUY,20,389.99298095703125,7799.859619140625,0.0
2024-07-17,2317.TW,SELL,1354,198.65455627441406,268978.26919555664,0.0
2024-07-17,6415.TW,SELL,24,481.100830078125,11546.419921875,0.0
2024-07-17,2615.TW,BUY,31,68.28886413574219,2116.954788208008,0.0
2024-07-17,3665.TW,BUY,30,368.6689453125,11060.068359375,0.0
2024-07-17,6669.TW,BUY,354,752.94775390625,266543.5048828125,0.0
2024-07-18,6669.TW,BUY,8,719.7295532226562,5757.83642578125,0.0
2024-07-18,6415.TW,BUY,18,455.9613342285156,8207.304016113281,0.0
2024-07-18,2382.TW,BUY,956,272.7848205566406,260782.28845214844,0.0
2024-07-18,3661.TW,SELL,95,2744.68798828125,260745.35888671875,0.0
2024-07-18,2615.TW,SELL,108,68.75341033935547,7425.368316650391,0.0
2024-07-18,3665.TW,SELL,17,369.61663818359375,6283.482849121094,0.0
2024-07-19,2382.TW,SELL,956,271.86944580078125,259907.19018554688,0.0
2024-07-19,3665.TW,SELL,18,371.51214599609375,6687.2186279296875,0.0
2024-07-19,6669.TW,SELL,362,697.583984375,252525.40234375,0.0
2024-07-19,2615.TW,BUY,75,66.05902099609375,4954.426574707031,0.0
2024-07-19,3008.TW,BUY,95,2678.397216796875,254447.73559570312,0.0
2024-07-19,3661.TW,BUY,96,2642.492431640625,253679.2734375,0.0
2024-07-19,6415.TW,BUY,8,440.68048095703125,3525.44384765625,0.0
2024-07-22,3665.TW,SELL,5,367.7212219238281,1838.6061096191406,0.0
2024-07-22,6415.TW,BUY,30,411.5975341796875,12347.926025390625,0.0
2024-07-22,2317.TW,BUY,1394,180.382080078125,251452.61962890625,0.0
2024-07-22,3008.TW,SELL,95,2613.745849609375,248305.85571289062,0.0
2024-07-22,2615.TW,SELL,59,65.96611022949219,3892.000503540039,0.0
2024-07-22,3661.TW,SELL,3,2691.156982421875,8073.470947265625,0.0
2024-07-23,6415.TW,BUY,18,413.0763244628906,7435.373840332031,0.0
2024-07-23,2317.TW,SELL,1394,188.81552124023438,263208.8366088867,0.0
2024-07-23,2615.TW,SELL,44,68.9392318725586,3033.326202392578,0.0
2024-07-23,3661.TW,SELL,93,2749.5546875,255708.5859375,0.0
2024-07-23,3665.TW,SELL,10,385.4971008300781,3854.9710083007812,0.0
2024-07-23,3019.TW,BUY,3210,80.91256713867188,259729.34051513672,0.0
2024-07-23,3443.TW,BUY,185,1402.7144775390625,259502.17834472656,0.0
2024-07-26,3665.TW,BUY,13,370.46514892578125,4816.046936035156,0.0
2024-07-26,3443.TW,SELL,185,1309.527099609375,242262.51342773438,0.0
2024-07-26,3711.TW,BUY,1711,148.4827117919922,254053.91987609863,0.0
2024-07-26,3661.TW,BUY,97,2618.159912109375,253961.51147460938,0.0
2024-07-26,2615.TW,SELL,67,68.66050720214844,4600.253982543945,0.0
2024-07-26,3019.TW,SELL,3210,80.6299819946289,258822.2422027588,0.0
2024-07-26,6415.TW,SELL,16,415.0480651855469,6640.76904296875,0.0
2024-07-29,2615.TW,SELL,11,67.73140716552734,745.0454788208008,0.0
2024-07-29,3665.TW,SELL,5,367.07080078125,1835.35400390625,0.0
2024-07-29,3711.TW,SELL,1711,146.57296752929688,250786.34744262695,0.0
2024-07-29,6415.TW,SELL,24,424.90667724609375,10197.76025390625,0.0
2024-07-29,3037.TW,BUY,1400,178.4353485107422,249809.48791503906,0.0
2024-07-29,3661.TW,BUY,5,2433.234130859375,12166.170654296875,0.0
2024-07-30,3665.TW,BUY,4,379.6782531738281,1518.7130126953125,0.0
2024-07-30,3443.TW,BUY,242,1074.1065673828125,259933.78930664062,0.0
2024-07-30,3037.TW,SELL,1400,180.89991760253906,253259.8846435547,0.0
2024-07-30,2615.TW,SELL,15,70.79743194580078,1061.9614791870117,0.0
2024-07-30,6415.TW,SELL,17,455.4684143066406,7742.963043212891,0.0
2024-07-31,3711.TW,BUY,1822,143.2309112548828,260966.72030639648,0.0
2024-07-31,2615.TW,SELL,68,72.37690734863281,4921.629699707031,0.0
2024-07-31,3443.TW,SELL,242,1128.05712890625,272989.8251953125,0.0
2024-07-31,3661.TW,SELL,102,2550.029296875,260102.98828125,0.0
2024-07-31,3037.TW,BUY,1475,176.95660400390625,261010.99090576172,0.0
2024-07-31,3665.TW,BUY,25,367.55572509765625,9188.893127441406,0.0
2024-07-31,6415.TW,BUY,20,441.17340087890625,8823.468017578125,0.0
2024-08-01,3661.TW,BUY,107,2520.83056640625,269728.87060546875,0.0
2024-08-01,6415.TW,BUY,10,449.55322265625,4495.5322265625,0.0
2024-08-01,3443.TW,BUY,241,1118.2479248046875,269497.7498779297,0.0
2024-08-01,3665.TW,SELL,710,402.4686584472656,285752.7474975586,0.0
2024-08-01,2615.TW,BUY,45,74.04928588867188,3332.2178649902344,0.0
2024-08-01,3711.TW,SELL,1822,146.57296752929688,267055.9468383789,0.0
2024-08-01,3037.TW,BUY,24,180.40699768066406,4329.7679443359375,0.0
2024-08-02,2615.TW,SELL,253,74.04928588867188,18734.469329833984,0.0
2024-08-02,3661.TW,SELL,107,2272.640869140625,243172.57299804688,0.0
2024-08-02,3037.TW,BUY,39,163.64788818359375,6382.267639160156,0.0
2024-08-02,3443.TW,BUY,1,1039.7744140625,1039.7744140625,0.0
2024-08-02,3665.TW,BUY,686,366.5859375,251477.953125,0.0
2024-08-02,6415.TW,BUY,11,411.1046142578125,4522.1507568359375,0.0
2024-08-05,6415.TW,BUY,7,370.1913146972656,2591.3392028808594,0.0
2024-08-05,3037.TW,BUY,19,147.38168334960938,2800.251983642578,0.0
2024-08-05,3019.TW,BUY,3060,74.97834777832031,229433.74420166016,0.0
2024-08-05,3665.TW,SELL,3,335.5522155761719,1006.6566467285156,0.0
2024-08-05,2615.TW,SELL,106,69.68251037597656,7386.346099853516,0.0
2024-08-05,3443.TW,SELL,242,935.7969360351562,226462.8585205078,0.0
2024-08-06,2615.TW,SELL,82,73.95637512207031,6064.422760009766,0.0
2024-08-06,3019.TW,SELL,3060,82.41967010498047,252204.19052124023,0.0
2024-08-06,6415.TW,SELL,6,386.95098876953125,2321.7059326171875,0.0
2024-08-06,3037.TW,BUY,157,138.5092010498047,21745.944564819336,0.0
2024-08-06,3661.TW,BUY,123,1927.1214599609375,237035.9395751953,0.0
2024-08-06,3665.TW,BUY,4,345.250244140625,1381.0009765625,0.0
2024-08-07,6415.TW,BUY,21,395.330810546875,8301.947021484375,0.0
2024-08-07,3665.TW,BUY,8,360.2821960449219,2882.257568359375,0.0
2024-08-07,3019.TW,BUY,2849,87.97711181640625,250646.7915649414,0.0
2024-08-07,3037.TW,SELL,2,146.39585876464844,292.7917175292969,0.0
2024-08-07,2615.TW,SELL,7,78.23023986816406,547.6116790771484,0.0
2024-08-07,3661.TW,SELL,123,2116.913818359375,260380.39965820312,0.0
2024-08-08,3019.TW,SELL,2849,88.54227447509766,252256.93997955322,0.0
2024-08-08,3665.TW,SELL,10,355.9180603027344,3559.1806030273438,0.0
2024-08-08,2317.TW,BUY,1592,153.2076416015625,243906.5654296875,0.0
2024-08-08,2615.TW,BUY,128,73.21309661865234,9371.2763671875,0.0
2024-08-08,3037.TW,BUY,6,141.95960998535156,851.7576599121094,0.0
2024-08-08,6415.TW,BUY,4,382.02166748046875,1528.086669921875,0.0
2024-08-09,6415.TW,BUY,3,387.44390869140625,1162.3317260742188,0.0
2024-08-09,3019.TW,BUY,2768,89.86099243164062,248735.22705078125,0.0
2024-08-09,2615.TW,BUY,135,71.72653198242188,9683.081817626953,0.0
2024-08-09,3665.TW,SELL,17,371.9198303222656,6322.637115478516,0.0
2024-08-09,2317.TW,SELL,1592,157.89288330078125,251365.47021484375,0.0
2024-08-09,3037.TW,SELL,14,145.90293884277344,2042.6411437988281,0.0
2024-08-12,2615.TW,SELL,75,76.65077209472656,5748.807907104492,0.0
2024-08-12,3037.TW,SELL,35,155.76123046875,5451.64306640625,0.0
2024-08-12,6415.TW,SELL,4,408.14703369140625,1632.588134765625,0.0
2024-08-12,3019.TW,BUY,37,92.68680572509766,3429.4118118286133,0.0
2024-08-12,3665.TW,BUY,26,374.3443603515625,9732.953369140625,0.0
2024-08-13,3665.TW,BUY,7,376.76885986328125,2637.3820190429688,0.0
2024-08-13,2615.TW,BUY,204,73.4918212890625,14992.33154296875,0.0
2024-08-13,3037.TW,BUY,33,155.26832580566406,5123.854751586914,0.0
2024-08-13,3019.TW,SELL,208,101.72942352294922,21159.720092773438,0.0
2024-08-13,6415.TW,SELL,4,417.019775390625,1668.0791015625,0.0
2024-08-14,3019.TW,SELL,68,105.02621459960938,7141.7825927734375,0.0
2024-08-14,3037.TW,SELL,13,157.23997497558594,2044.1196746826172,0.0
2024-08-14,3665.TW,SELL,1,379.1933898925781,379.1933898925781,0.0
2024-08-14,2615.TW,BUY,84,72.19108581542969,6064.051208496094,0.0
2024-08-14,6415.TW,BUY,8,414.06219482421875,3312.49755859375,0.0
2024-08-15,6415.TW,BUY,17,405.6823425292969,6896.599822998047,0.0
2024-08-15,3037.TW,BUY,37,154.77540588378906,5726.690017700195,0.0
2024-08-15,3665.TW,BUY,18,371.9198303222656,6694.556945800781,0.0
2024-08-15,2615.TW,SELL,103,74.69966125488281,7694.06510925293,0.0
2024-08-15,3019.TW,SELL,105,110.20687866210938,11571.722259521484,0.0
2024-08-16,3019.TW,SELL,26,113.9746322631836,2963.3404388427734,0.0
2024-08-16,3037.TW,SELL,1726,157.23997497558594,271396.1968078613,0.0
2024-08-16,3665.TW,SELL,22,392.28570556640625,8630.285522460938,0.0
2024-08-16,2615.TW,BUY,64,75.07129669189453,4804.56298828125,0.0
2024-08-16,2912.TW,BUY,1057,258.4427795410156,273174.0179748535,0.0
2024-08-16,6415.TW,BUY,12,407.6540832519531,4891.8489990234375,0.0
2024-08-19,3019.TW,BUY,17,114.91657257080078,1953.5817337036133,0.0
2024-08-19,3037.TW,BUY,1776,156.254150390625,277507.37109375,0.0
2024-08-19,2615.TW,BUY,117,73.86347198486328,8642.026222229004,0.0
2024-08-19,6669.TW,BUY,454,610.5836791992188,277204.9903564453,0.0
2024-08-19,3665.TW,SELL,16,407.8025817871094,6524.84130859375,0.0
2024-08-19,2912.TW,SELL,1057,257.51312255859375,272191.3705444336,0.0
2024-08-19,6415.TW,SELL,670,427.8642578125,286669.052734375,0.0
2024-08-20,3019.TW,SELL,3,115.38754272460938,346.1626281738281,0.0
2024-08-20,3037.TW,SELL,1776,155.76123046875,276631.9453125,0.0
2024-08-20,3665.TW,SELL,6,412.6516418457031,2475.9098510742188,0.0
2024-08-20,6669.TW,SELL,454,613.7473754882812,278641.3084716797,0.0
2024-08-20,2615.TW,BUY,25,73.58473205566406,1839.6183013916016,0.0
2024-08-20,6415.TW,BUY,646,430.82183837890625,278310.90759277344,0.0
2024-08-20,6505.TW,BUY,4958,56.1461296081543,278372.510597229,0.0
2024-08-21,6669.TW,BUY,469,597.9291381835938,280428.76580810547,0.0
2024-08-21,3665.TW,BUY,20,404.40826416015625,8088.165283203125,0.0
2024-08-21,3037.TW,BUY,1861,150.83209228515625,280698.5237426758,0.0
2024-08-21,6505.TW,SELL,4958,56.1461296081543,278372.510597229,0.0
2024-08-21,3019.TW,SELL,56,119.1552963256836,6672.696594238281,0.0
2024-08-21,2615.TW,SELL,25,74.69966125488281,1867.4915313720703,0.0
2024-08-21,6415.TW,SELL,646,437.22998046875,282450.5673828125,0.0
2024-08-22,3037.TW,SELL,1861,159.21165466308594,296292.88932800293,0.0
2024-08-22,3665.TW,SELL,694,411.1968994140625,285370.6481933594,0.0
2024-08-22,2317.TW,BUY,1658,168.20042419433594,278876.303314209,0.0
2024-08-22,2615.TW,BUY,9,74.04928588867188,666.4435729980469,0.0
2024-08-22,3019.TW,BUY,196,109.26493072509766,21415.92642211914,0.0
2024-08-22,3443.TW,BUY,242,1152.5802001953125,278924.4084472656,0.0
2024-08-22,6669.TW,BUY,3,590.02001953125,1770.06005859375,0.0
2024-08-23,6415.TW,BUY,576,488.98773193359375,281656.93359375,0.0
2024-08-23,3443.TW,BUY,7,1128.05712890625,7896.39990234375,0.0
2024-08-23,2887.TW,BUY,15980,17.641475677490234,281910.78132629395,0.0
2024-08-23,3019.TW,SELL,89,114.44560241699219,10185.658615112305,0.0
2024-08-23,6669.TW,SELL,472,605.8382568359375,285955.6572265625,0.0
2024-08-23,2317.TW,SELL,1658,168.66896057128906,279653.13662719727,0.0
2024-08-23,2615.TW,BUY,49,73.86347198486328,3619.310127258301,0.0
2024-08-26,2615.TW,SELL,71,74.235107421875,5270.692626953125,0.0
2024-08-26,2887.TW,SELL,15980,18.18708610534668,290629.63596343994,0.0
2024-08-26,3019.TW,BUY,104,108.322998046875,11265.591796875,0.0
2024-08-26,3443.TW,BUY,1,1108.438720703125,1108.438720703125,0.0
2024-08-26,3665.TW,BUY,664,418.4704284667969,277864.3645019531,0.0
2024-08-26,6415.TW,BUY,12,472.72100830078125,5672.652099609375,0.0
2024-08-27,3443.TW,BUY,6,1113.3433837890625,6680.060302734375,0.0
2024-08-27,2887.TW,BUY,16326,17.45960235595703,285045.4680633545,0.0
2024-08-27,2615.TW,BUY,173,72.74855041503906,12585.499221801758,0.0
2024-08-27,3665.TW,SELL,38,455.322998046875,17302.27392578125,0.0
2024-08-27,3019.TW,SELL,56,113.503662109375,6356.205078125,0.0
2024-08-27,6415.TW,SELL,588,475.1856689453125,279409.17333984375,0.0
2024-08-28,2615.TW,SELL,39,72.5627212524414,2829.946128845215,0.0
2024-08-28,3019.TW,SELL,52,114.44560241699219,5951.171325683594,0.0
2024-08-28,2887.TW,BUY,52,17.186798095703125,893.7135009765625,0.0
2024-08-28,3665.TW,BUY,17,437.3816223144531,7435.487579345703,0.0
2024-08-29,6415.TW,BUY,614,458.9189453125,281776.232421875,0.0
2024-08-29,3665.TW,BUY,15,428.1684875488281,6422.527313232422,0.0
2024-08-29,2887.TW,BUY,467,16.732120513916016,7813.900279998779,0.0
2024-08-29,3019.TW,SELL,122,120.56820678710938,14709.321228027344,0.0
2024-08-29,2615.TW,SELL,49,73.58473205566406,3605.651870727539,0.0
2024-08-29,3443.TW,SELL,256,1083.915771484375,277482.4375,0.0
2024-08-30,2615.TW,SELL,134,77.02240753173828,10321.00260925293,0.0
2024-08-30,3665.TW,SELL,14,441.7457580566406,6184.440612792969,0.0
2024-08-30,6415.TW,SELL,614,464.8341064453125,285408.1413574219,0.0
2024-08-30,2887.TW,BUY,76,16.823057174682617,1278.552345275879,0.0
2024-08-30,3019.TW,BUY,140,114.91657257080078,16088.32015991211,0.0
2024-08-30,3661.TW,BUY,110,2579.22802734375,283715.0830078125,0.0
2024-09-02,3661.TW,SELL,110,2550.029296875,280503.22265625,0.0
2024-09-02,6415.TW,BUY,652,428.3572082519531,279288.89978027344,0.0
2024-09-02,3665.TW,BUY,13,425.2590637207031,5528.367828369141,0.0
2024-09-02,3019.TW,SELL,25,113.9746322631836,2849.36580657959,0.0
2024-09-02,2887.TW,SELL,437,16.959457397460938,7411.28288269043,0.0
2024-09-02,2615.TW,BUY,88,73.86347198486328,6499.985534667969,0.0
2024-09-03,3661.TW,BUY,112,2496.498291015625,279607.80859375,0.0
2024-09-03,3019.TW,SELL,18,114.91657257080078,2068.498306274414,0.0
2024-09-03,6415.TW,SELL,652,436.2441101074219,284431.15979003906,0.0
2024-09-03,2615.TW,BUY,3,73.86347198486328,221.59041595458984,0.0
2024-09-03,2887.TW,BUY,190,16.777587890625,3187.74169921875,0.0
2024-09-03,3665.TW,BUY,9,419.9251403808594,3779.3262634277344,0.0
2024-09-04,6415.TW,BUY,666,404.6965026855469,269527.8707885742,0.0
2024-09-04,3665.TW,BUY,2,403.4384765625,806.876953125,0.0
2024-09-04,3661.TW,BUY,3,2331.03857421875,6993.11572265625,0.0
2024-09-04,2887.TW,SELL,16674,16.504783630371094,275200.7622528076,0.0
2024-09-04,2615.TW,SELL,97,73.12018585205078,7092.658027648926,0.0
2024-09-04,3019.TW,BUY,25,109.73590850830078,2743.3977127075195,0.0
2024-09-05,3019.TW,SELL,22,111.14881134033203,2445.2738494873047,0.0
2024-09-05,6415.TW,SELL,22,420.47027587890625,9250.346069335938,0.0
2024-09-05,2615.TW,BUY,11,73.21309661865234,805.3440628051758,0.0
2024-09-05,3661.TW,BUY,3,2277.50732421875,6832.52197265625,0.0
2024-09-05,3665.TW,BUY,10,399.55926513671875,3995.5926513671875,0.0
2024-09-06,3665.TW,SELL,13,407.31768798828125,5295.129943847656,0.0
2024-09-06,6415.TW,BUY,11,414.06219482421875,4554.684143066406,0.0
2024-09-06,3019.TW,BUY,78,107.8520278930664,8412.45817565918,0.0
2024-09-06,3661.TW,SELL,4,2365.103759765625,9460.4150390625,0.0
2024-09-06,2615.TW,BUY,32,72.65563201904297,2324.980224609375,0.0
2024-09-09,2615.TW,BUY,68,69.86833190917969,4751.046569824219,0.0
2024-09-09,3019.TW,SELL,74,108.7939682006836,8050.753646850586,0.0
2024-09-09,3665.TW,SELL,2,400.529052734375,801.05810546875,0.0
2024-09-09,6415.TW,SELL,5,408.14703369140625,2040.7351684570312,0.0
2024-09-09,3661.TW,BUY,3,2262.90771484375,6788.72314453125,0.0
2024-09-10,3665.TW,BUY,15,385.4971008300781,5782.456512451172,0.0
2024-09-10,3008.TW,BUY,106,2454.36181640625,260162.3525390625,0.0
2024-09-10,3019.TW,BUY,4,106.91008758544922,427.6403503417969,0.0
2024-09-10,3661.TW,SELL,1,2253.1748046875,2253.1748046875,0.0
2024-09-10,2615.TW,SELL,3801,68.84632110595703,261684.86652374268,0.0
2024-09-10,6415.TW,SELL,7,406.17529296875,2843.22705078125,0.0
2024-09-11,3008.TW,SELL,106,2524.6201171875,267609.732421875,0.0
2024-09-11,3665.TW,SELL,3,389.3763122558594,1168.1289367675781,0.0
2024-09-11,6415.TW,SELL,643,409.13287353515625,263072.43768310547,0.0
2024-09-11,2454.TW,BUY,253,1039.7723388671875,263062.40173339844,0.0
2024-09-11,2887.TW,BUY,15644,16.823057174682617,263179.90644073486,0.0
2024-09-11,3019.TW,BUY,16,106.91008758544922,1710.5614013671875,0.0
2024-09-11,3661.TW,BUY,2,2223.97607421875,4447.9521484375,0.0
2024-09-12,6415.TW,BUY,650,418.99151611328125,272344.4854736328,0.0
2024-09-12,3019.TW,BUY,32,109.26493072509766,3496.477783203125,0.0
2024-09-12,3008.TW,BUY,107,2533.988037109375,271136.7199707031,0.0
2024-09-12,3661.TW,SELL,118,2393.443603515625,282426.34521484375,0.0
2024-09-12,3665.TW,SELL,8,408.2875061035156,3266.300048828125,0.0
2024-09-12,2454.TW,SELL,253,1081.92529296875,273727.09912109375,0.0
2024-09-12,2887.TW,BUY,728,16.641183853149414,12114.781845092773,0.0
2024-09-13,3665.TW,BUY,17,400.044189453125,6800.751220703125,0.0
2024-09-13,2887.TW,SELL,16372,17.05039405822754,279149.05152130127,0.0
2024-09-13,3008.TW,SELL,107,2533.988037109375,271136.7199707031,0.0
2024-09-13,3019.TW,SELL,129,115.85851287841797,14945.748161315918,0.0
2024-09-13,2454.TW,BUY,260,1053.8233642578125,273994.07470703125,0.0
2024-09-13,3661.TW,BUY,117,2329.552978515625,272557.6984863281,0.0
2024-09-13,6415.TW,BUY,28,403.71063232421875,11303.897705078125,0.0
2024-09-16,3008.TW,BUY,110,2459.045654296875,270495.02197265625,0.0
2024-09-16,3019.TW,BUY,63,111.61978149414062,7032.046234130859,0.0
2024-09-16,2887.TW,BUY,15805,17.141328811645508,270918.70186805725,0.0
2024-09-16,6415.TW,BUY,19,388.4297790527344,7380.165802001953,0.0
2024-09-16,3661.TW,SELL,117,2359.041015625,276007.798828125,0.0
2024-09-16,2454.TW,SELL,260,1058.5069580078125,275211.80908203125,0.0
2024-09-16,3665.TW,SELL,8,400.529052734375,3204.232421875,0.0
2024-09-18,3008.TW,SELL,110,2346.6318359375,258129.501953125,0.0
2024-09-18,3665.TW,SELL,11,397.134765625,4368.482421875,0.0
2024-09-18,6415.TW,SELL,20,390.4015197753906,7808.0303955078125,0.0
2024-09-18,2887.TW,BUY,167,16.550247192382812,2763.8912811279297,0.0
2024-09-18,3019.TW,BUY,34,107.38105773925781,3650.9559631347656,0.0
2024-09-18,3661.TW,BUY,118,2221.43017578125,262128.7607421875,0.0
2024-09-19,3019.TW,SELL,30,113.0326919555664,3390.980758666992,0.0
2024-09-19,6415.TW,SELL,15,415.0480651855469,6225.720977783203,0.0
2024-09-19,2887.TW,BUY,319,16.8685245513916,5381.059331893921,0.0
2024-09-19,3665.TW,BUY,15,403.92340087890625,6058.851013183594,0.0
2024-09-20,3661.TW,BUY,2,2285.321044921875,4570.64208984375,0.0
2024-09-20,3019.TW,BUY,39,111.61978149414062,4353.171478271484,0.0
2024-09-20,3008.TW,BUY,114,2407.522705078125,274457.58837890625,0.0
2024-09-20,3665.TW,SELL,680,421.86474609375,286868.02734375,0.0
2024-09-20,6415.TW,SELL,10,422.9349670410156,4229.349670410156,0.0
2024-09-20,2887.TW,BUY,327,16.59571647644043,5426.7992877960205,0.0
2024-09-23,3008.TW,SELL,114,2463.7294921875,280865.162109375,0.0
2024-09-23,3019.TW,SELL,65,116.80044555664062,7592.028961181641,0.0
2024-09-23,6415.TW,SELL,9,436.2441101074219,3926.196990966797,0.0
2024-09-23,2887.TW,BUY,263,16.641183853149414,4376.631353378296,0.0
2024-09-23,3661.TW,BUY,4,2260.74755859375,9042.990234375,0.0
2024-09-23,3665.TW,BUY,642,437.3816223144531,280799.0015258789,0.0
2024-09-24,3019.TW,BUY,7,115.85851287841797,811.0095901489258,0.0
2024-09-24,3661.TW,BUY,6,2147.71044921875,12886.2626953125,0.0
2024-09-24,3008.TW,BUY,114,2444.993896484375,278729.30419921875,0.0
2024-09-24,2887.TW,SELL,16881,16.732120513916016,282454.92639541626,0.0
2024-09-24,3665.TW,SELL,17,447.07965087890625,7600.354064941406,0.0
2024-09-24,6415.TW,SELL,6,438.708740234375,2632.25244140625,0.0
2024-09-25,3008.TW,SELL,114,2468.413330078125,281399.11962890625,0.0
2024-09-25,3019.TW,SELL,132,123.864990234375,16350.1787109375,0.0
2024-09-25,3045.TW,BUY,2636,107.16417694091797,282484.77041625977,0.0
2024-09-25,3661.TW,BUY,3,2123.136962890625,6369.410888671875,0.0
2024-09-25,3665.TW,BUY,8,446.10986328125,3568.87890625,0.0
2024-09-25,6415.TW,BUY,14,433.2865295410156,6066.011413574219,0.0
2024-09-26,3661.TW,BUY,7,1965.8675537109375,13761.072875976562,0.0
2024-09-26,3019.TW,BUY,184,112.09075927734375,20624.69970703125,0.0
2024-09-26,3008.TW,BUY,112,2444.993896484375,273839.31640625,0.0
2024-09-26,6415.TW,SELL,40,452.01788330078125,18080.71533203125,0.0
2024-09-26,3045.TW,SELL,2636,108.08403778076172,284909.5235900879,0.0
2024-09-26,3665.TW,SELL,18,449.019287109375,8082.34716796875,0.0
2024-09-27,3008.TW,SELL,112,2444.993896484375,273839.31640625,0.0
2024-09-27,6415.TW,SELL,29,477.6502990722656,13851.858673095703,0.0
2024-09-27,2357.TW,BUY,547,507.98675537109375,277868.7551879883,0.0
2024-09-27,3019.TW,BUY,103,108.322998046875,11157.268798828125,0.0
2024-09-27,3665.TW,BUY,3,449.5041809082031,1348.5125427246094,0.0
2024-09-30,6669.TW,BUY,502,542.5653686523438,272367.81506347656,0.0
2024-09-30,6415.TW,BUY,9,461.3835754394531,4152.452178955078,0.0
2024-09-30,2615.TW,BUY,2995,91.05182647705078,272700.2202987671,0.0
2024-09-30,3019.TW,SELL,28,107.38105773925781,3006.6696166992188,0.0
2024-09-30,2357.TW,SELL,547,494.5716247558594,270530.6787414551,0.0
2024-09-30,3665.TW,SELL,618,447.07965087890625,276295.22424316406,0.0
2024-10-01,2615.TW,SELL,15,92.16674041748047,1382.501106262207,0.0
2024-10-01,6415.TW,SELL,11,473.2139587402344,5205.353546142578,0.0
2024-10-01,6669.TW,SELL,502,555.2199096679688,278720.3946533203,0.0
2024-10-01,3019.TW,BUY,19,107.38105773925781,2040.2400970458984,0.0
2024-10-01,3443.TW,BUY,264,1039.7744140625,274500.4453125,0.0
2024-10-01,3661.TW,BUY,5,1892.1475830078125,9460.737915039062,0.0
2024-10-04,6669.TW,BUY,492,547.310791015625,269276.9091796875,0.0
2024-10-04,3665.TW,BUY,644,418.4704284667969,269494.9559326172,0.0
2024-10-04,2615.TW,BUY,269,82.9686508178711,22318.567070007324,0.0
2024-10-04,6415.TW,SELL,580,499.83221435546875,289902.6843261719,0.0
2024-10-04,3443.TW,SELL,264,1020.156005859375,269321.185546875,0.0
2024-10-04,3019.TW,SELL,25,106.43911743164062,2660.9779357910156,0.0
2024-10-07,3019.TW,SELL,49,108.7939682006836,5330.904441833496,0.0
2024-10-07,3665.TW,SELL,32,441.2608337402344,14120.3466796875,0.0
2024-10-07,2615.TW,BUY,145,79.62388610839844,11545.463485717773,0.0
2024-10-07,3661.TW,BUY,2,1833.17138671875,3666.3427734375,0.0
2024-10-07,6669.TW,BUY,9,539.4016723632812,4854.615051269531,0.0
2024-10-08,3665.TW,BUY,11,431.077880859375,4741.856689453125,0.0
2024-10-08,3019.TW,BUY,40,106.43911743164062,4257.564697265625,0.0
2024-10-08,6415.TW,BUY,498,539.2667236328125,268554.8283691406,0.0
2024-10-08,2615.TW,SELL,12,79.43807220458984,953.2568664550781,0.0
2024-10-08,6669.TW,SELL,501,552.0562744140625,276580.1934814453,0.0
2024-10-09,3661.TW,SELL,1,1823.3421630859375,1823.3421630859375,0.0
2024-10-09,3665.TW,SELL,5,430.5929870605469,2152.9649353027344,0.0
2024-10-09,6415.TW,SELL,7,542.2243041992188,3795.5701293945312,0.0
2024-10-09,2615.TW,BUY,72,77.11531829833984,5552.302917480469,0.0
2024-10-09,3019.TW,BUY,23,104.55523681640625,2404.7704467773438,0.0
2024-10-11,5871.TW,BUY,1999,132.06338500976562,263994.7066345215,0.0
2024-10-11,3019.TW,BUY,161,97.4906997680664,15696.002662658691,0.0
2024-10-11,6415.TW,BUY,14,522.5070190429688,7315.0982666015625,0.0
2024-10-11,3661.TW,SELL,6,1882.318115234375,11293.90869140625,0.0
2024-10-11,2615.TW,SELL,31,77.11531829833984,2390.574867248535,0.0
2024-10-11,3665.TW,SELL,618,442.2306213378906,273298.5239868164,0.0
2024-10-14,3019.TW,SELL,37,99.37457275390625,3676.8591918945312,0.0
2024-10-14,5871.TW,SELL,1999,135.97315979003906,271810.3464202881,0.0
2024-10-14,2615.TW,BUY,62,76.18621826171875,4723.5455322265625,0.0
2024-10-14,3665.TW,BUY,598,443.6853332519531,265323.82928466797,0.0
2024-10-14,6415.TW,BUY,8,516.5918579101562,4132.73486328125,0.0
2024-10-15,3661.TW,SELL,2,1906.8916015625,3813.783203125,0.0
2024-10-15,3665.TW,SELL,598,452.89849853515625,270833.30212402344,0.0
2024-10-15,2615.TW,BUY,24,75.35002136230469,1808.4005126953125,0.0
2024-10-15,3019.TW,BUY,41,97.4906997680664,3997.1186904907227,0.0
2024-10-15,5871.TW,BUY,1970,134.23548889160156,264443.9131164551,0.0
2024-10-15,6415.TW,BUY,9,505.7474060058594,4551.726654052734,0.0
2024-10-16,6505.TW,BUY,5699,46.6290283203125,265738.83239746094,0.0
2024-10-16,3019.TW,BUY,40,96.54875946044922,3861.9503784179688,0.0
2024-10-16,2615.TW,SELL,30,76.37203216552734,2291.1609649658203,0.0
2024-10-16,5871.TW,SELL,1970,134.66989135742188,265299.6859741211,0.0
2024-10-16,6415.TW,SELL,2,510.67669677734375,1021.3533935546875,0.0
2024-10-17,2615.TW,SELL,135,80.27426147460938,10837.025299072266,0.0
2024-10-17,6505.TW,SELL,5699,47.489871978759766,270644.7804069519,0.0
2024-10-17,3019.TW,BUY,1,97.4906997680664,97.4906997680664,0.0
2024-10-17,3661.TW,BUY,4,1877.403564453125,7509.6142578125,0.0
2024-10-17,3665.TW,BUY,595,450.9588623046875,268320.52307128906,0.0
2024-10-17,6415.TW,BUY,8,507.7191162109375,4061.7529296875,0.0
2024-10-18,6415.TW,BUY,3,500.8180847167969,1502.4542541503906,0.0
2024-10-18,3661.TW,BUY,2,1847.9154052734375,3695.830810546875,0.0
2024-10-18,3019.TW,BUY,5,96.54875946044922,482.7437973022461,0.0
2024-10-18,2049.TW,BUY,1122,237.30072021484375,266251.4080810547,0.0
2024-10-18,3665.TW,SELL,595,456.7776794433594,271782.7192687988,0.0
2024-10-18,2615.TW,BUY,17,79.25225067138672,1347.2882614135742,0.0
2024-10-21,2049.TW,SELL,1122,239.7572479248047,269007.63217163086,0.0
2024-10-21,3661.TW,SELL,2,1946.2088623046875,3892.417724609375,0.0
2024-10-21,6415.TW,SELL,17,537.2949829101562,9134.014709472656,0.0
2024-10-21,2615.TW,BUY,25,81.66790771484375,2041.6976928710938,0.0
2024-10-21,3019.TW,BUY,38,98.90360260009766,3758.336898803711,0.0
2024-10-21,6505.TW,BUY,5864,47.15509796142578,276517.4944458008,0.0
2024-10-22,6415.TW,BUY,8,531.3798217773438,4251.03857421875,0.0
2024-10-22,2615.TW,BUY,22,81.38917541503906,1790.5618591308594,0.0
2024-10-22,2049.TW,BUY,1161,238.77462768554688,277217.3427429199,0.0
2024-10-22,3661.TW,SELL,4,2010.099609375,8040.3984375,0.0
2024-10-22,3019.TW,SELL,5,99.37457275390625,496.87286376953125,0.0
2024-10-22,6505.TW,SELL,5864,46.82032775878906,274554.40197753906,0.0
2024-10-23,2615.TW,SELL,35,81.48208618164062,2851.873016357422,0.0
2024-10-23,3019.TW,SELL,25,99.37457275390625,2484.3643188476562,0.0
2024-10-23,2049.TW,BUY,9,234.84417724609375,2113.5975952148438,0.0
2024-10-23,6415.TW,BUY,5,521.521240234375,2607.606201171875,0.0
2024-10-24,3019.TW,SELL,16,97.961669921875,1567.38671875,0.0
2024-10-24,2615.TW,SELL,2,79.90261840820312,159.80523681640625,0.0
2024-10-24,2049.TW,BUY,6,228.94851684570312,1373.6911010742188,0.0
2024-10-25,3665.TW,BUY,598,455.322998046875,272283.15283203125,0.0
2024-10-25,3661.TW,BUY,9,1847.9154052734375,16631.238647460938,0.0
2024-10-25,2615.TW,BUY,2,80.73880767822266,161.4776153564453,0.0
2024-10-25,2049.TW,SELL,1176,232.87896728515625,273865.66552734375,0.0
2024-10-25,3019.TW,SELL,85,102.20039367675781,8687.033462524414,0.0
2024-10-25,6415.TW,SELL,12,528.4222412109375,6341.06689453125,0.0
2024-10-28,3019.TW,BUY,78,98.90360260009766,7714.481002807617,0.0
2024-10-28,3665.TW,SELL,3,455.80792236328125,1367.4237670898438,0.0
2024-10-28,6415.TW,BUY,6,520.5353393554688,3123.2120361328125,0.0
2024-10-28,2615.TW,SELL,77,82.31827545166016,6338.507209777832,0.0
2024-10-28,3661.TW,SELL,2,1862.6595458984375,3725.319091796875,0.0
2024-10-29,6415.TW,BUY,2,506.7332458496094,1013.4664916992188,0.0
2024-10-29,3665.TW,BUY,10,438.3514099121094,4383.514099121094,0.0
2024-10-29,2615.TW,BUY,34,79.62388610839844,2707.212127685547,0.0
2024-10-29,3019.TW,SELL,10,97.01972198486328,970.1972198486328,0.0
2024-10-29,3661.TW,SELL,3,1867.5740966796875,5602.7222900390625,0.0
2024-10-30,3661.TW,SELL,8,2005.184814453125,16041.478515625,0.0
2024-10-30,3665.TW,SELL,14,457.2626037597656,6401.676452636719,0.0
2024-10-30,2615.TW,BUY,64,79.62388610839844,5095.9287109375,0.0
2024-10-30,3019.TW,BUY,66,96.54875946044922,6372.218124389648,0.0
2024-10-30,6415.TW,BUY,18,498.8463439941406,8979.234191894531,0.0
2024-11-01,6415.TW,BUY,16,494.9029235839844,7918.44677734375,0.0
2024-11-01,3443.TW,BUY,238,1157.4847412109375,275481.3684082031,0.0
2024-11-01,3665.TW,BUY,15,454.83807373046875,6822.571105957031,0.0
2024-11-01,3019.TW,SELL,9,98.90360260009766,890.1324234008789,0.0
2024-11-01,2615.TW,SELL,241,87.521240234375,21092.618896484375,0.0
2024-11-01,3661.TW,SELL,134,1995.3555908203125,267377.6491699219,0.0
2024-11-04,3443.TW,SELL,238,1211.4351806640625,288321.5729980469,0.0
2024-11-04,3665.TW,SELL,12,466.4757385253906,5597.7088623046875,0.0
2024-11-04,6415.TW,SELL,2,499.83221435546875,999.6644287109375,0.0
2024-11-04,2049.TW,BUY,1211,228.94851684570312,277256.6539001465,0.0
2024-11-04,2615.TW,BUY,172,83.43319702148438,14350.509887695312,0.0
2024-11-04,3019.TW,BUY,42,97.961669921875,4114.39013671875,0.0
2024-11-05,6415.TW,BUY,36,475.6785888671875,17124.42919921875,0.0
2024-11-05,3665.TW,BUY,6,468.4153747558594,2810.4922485351562,0.0
2024-11-05,3443.TW,BUY,236,1191.8167724609375,281268.75830078125,0.0
2024-11-05,2615.TW,SELL,128,87.98578643798828,11262.1806640625,0.0
2024-11-05,2049.TW,SELL,1211,238.2833251953125,288561.10681152344,0.0
2024-11-05,3019.TW,SELL,15,99.84555053710938,1497.6832580566406,0.0
2024-11-06,3443.TW,SELL,236,1231.0535888671875,290528.64697265625,0.0
2024-11-06,6415.TW,SELL,8,488.98773193359375,3911.90185546875,0.0
2024-11-06,2615.TW,BUY,81,86.96377563476562,7044.065826416016,0.0
2024-11-06,3019.TW,BUY,25,100.31651306152344,2507.912826538086,0.0
2024-11-06,3661.TW,BUY,120,2368.870361328125,284264.443359375,0.0
2024-11-07,2615.TW,BUY,68,85.29139709472656,5799.815002441406,0.0
2024-11-07,6415.TW,SELL,3,491.452392578125,1474.357177734375,0.0
2024-11-07,2912.TW,BUY,1122,254.2593536376953,285278.99478149414,0.0
2024-11-07,3019.TW,SELL,24,101.25845336914062,2430.202880859375,0.0
2024-11-07,3665.TW,SELL,600,479.08319091796875,287449.91455078125,0.0
2024-11-08,2615.TW,SELL,85,87.05668640136719,7399.818344116211,0.0
2024-11-08,2912.TW,SELL,1122,253.7945098876953,284757.44009399414,0.0
2024-11-08,3661.TW,SELL,1,2378.69970703125,2378.69970703125,0.0
2024-11-08,3019.TW,BUY,39,99.37457275390625,3875.6083374023438,0.0
2024-11-08,3037.TW,BUY,1655,171.53453063964844,283889.64820861816,0.0
2024-11-08,6415.TW,BUY,15,476.6644592285156,7149.966888427734,0.0
2024-11-11,2615.TW,SELL,1,87.61415100097656,87.61415100097656,0.0
2024-11-11,3019.TW,SELL,63,102.20039367675781,6438.624801635742,0.0
2024-11-11,6415.TW,SELL,2,481.100830078125,962.20166015625,0.0
2024-11-11,3037.TW,BUY,44,168.08412170410156,7395.701354980469,0.0
2024-11-12,3665.TW,BUY,501,553.7581176757812,277432.8169555664,0.0
2024-11-12,3661.TW,BUY,2,2275.49169921875,4550.9833984375,0.0
2024-11-12,2615.TW,BUY,12,84.82685089111328,1017.9222106933594,0.0
2024-11-12,3037.TW,SELL,1699,165.1266326904297,280550.14894104004,0.0
2024-11-12,6415.TW,SELL,2,469.2705078125,938.541015625,0.0
2024-11-12,3019.TW,SELL,28,100.31651306152344,2808.8623657226562,0.0
2024-11-13,2615.TW,SELL,6,84.17647552490234,505.05885314941406,0.0
2024-11-13,3019.TW,SELL,26,100.31651306152344,2608.2293395996094,0.0
2024-11-13,3665.TW,SELL,1,548.9090576171875,548.9090576171875,0.0
2024-11-13,3661.TW,BUY,1,2250.918212890625,2250.918212890625,0.0
2024-11-13,6415.TW,BUY,6,459.90478515625,2759.4287109375,0.0
2024-11-14,3665.TW,SELL,11,556.66748046875,6123.34228515625,0.0
2024-11-14,2615.TW,SELL,3,83.43319702148438,250.29959106445312,0.0
2024-11-14,3661.TW,SELL,2,2265.662353515625,4531.32470703125,0.0
2024-11-14,3019.TW,BUY,39,97.961669921875,3820.505126953125,0.0
2024-11-14,6415.TW,BUY,18,442.6521911621094,7967.739440917969,0.0
2024-11-15,3661.TW,BUY,2,2265.662353515625,4531.32470703125,0.0
2024-11-15,2615.TW,BUY,46,84.08357238769531,3867.8443298339844,0.0
2024-11-15,3019.TW,SELL,19,100.78748321533203,1914.9621810913086,0.0
2024-11-15,3665.TW,SELL,8,578.003173828125,4624.025390625,0.0
2024-11-15,6415.TW,SELL,8,458.4259948730469,3667.407958984375,0.0
2024-11-18,3665.TW,BUY,14,544.06005859375,7616.8408203125,0.0
2024-11-18,3443.TW,BUY,232,1157.4847412109375,268536.4599609375,0.0
2024-11-18,6415.TW,BUY,13,434.2723693847656,5645.540802001953,0.0
2024-11-18,3019.TW,SELL,2760,97.4906997680664,269074.3313598633,0.0
2024-11-18,2615.TW,SELL,117,84.45520782470703,9881.259315490723,0.0
2024-11-18,3661.TW,SELL,2,2231.259521484375,4462.51904296875,0.0
2024-11-19,6415.TW,BUY,23,435.25823974609375,10010.939514160156,0.0
2024-11-19,3037.TW,BUY,1780,157.23997497558594,279887.15545654297,0.0
2024-11-19,3443.TW,SELL,232,1221.2445068359375,283328.7255859375,0.0
2024-11-19,3665.TW,SELL,15,582.8522338867188,8742.783508300781,0.0
2024-11-19,2615.TW,BUY,38,86.68505096435547,3294.031936645508,0.0
2024-11-20,2615.TW,SELL,60,88.07869720458984,5284.721832275391,0.0
2024-11-20,3037.TW,SELL,1780,155.26832580566406,276377.61993408203,0.0
2024-11-20,3019.TW,BUY,2744,101.72942352294922,279145.53814697266,0.0
2024-11-20,3661.TW,BUY,1,2290.235595703125,2290.235595703125,0.0
2024-11-21,6669.TW,BUY,441,643.802001953125,283916.6828613281,0.0
2024-11-21,6415.TW,BUY,25,424.90667724609375,10622.666931152344,0.0
2024-11-21,3661.TW,BUY,4,2260.74755859375,9042.990234375,0.0
2024-11-21,3665.TW,SELL,24,622.6141357421875,14942.7392578125,0.0
2024-11-21,3019.TW,SELL,2744,105.49717712402344,289484.2540283203,0.0
2024-11-21,2615.TW,BUY,21,89.00779724121094,1869.1637420654297,0.0
2024-11-22,3661.TW,SELL,2,2314.808837890625,4629.61767578125,0.0
2024-11-22,6415.TW,SELL,2,429.83599853515625,859.6719970703125,0.0
2024-11-22,6669.TW,SELL,441,673.856689453125,297170.8000488281,0.0
2024-11-22,2615.TW,BUY,104,86.96377563476562,9044.232666015625,0.0
2024-11-22,3443.TW,BUY,234,1221.2445068359375,285771.2145996094,0.0
2024-11-22,3665.TW,BUY,10,613.8859252929688,6138.8592529296875,0.0
2024-11-25,3661.TW,BUY,2,2275.49169921875,4550.9833984375,0.0
2024-11-25,3665.TW,BUY,2,609.0369262695312,1218.0738525390625,0.0
2024-11-25,2615.TW,BUY,92,84.2693862915039,7752.783538818359,0.0
2024-11-25,6415.TW,SELL,10,434.7652893066406,4347.652893066406,0.0
2024-11-25,3443.TW,SELL,234,1250.6719970703125,292657.2473144531,0.0
2024-11-25,2105.TW,BUY,6326,45.11609649658203,285404.42643737793,0.0
2024-11-26,2105.TW,SELL,6326,45.205970764160156,285972.97105407715,0.0
2024-11-26,2615.TW,SELL,2,83.34028625488281,166.68057250976562,0.0
2024-11-26,6415.TW,SELL,2,431.3147888183594,862.6295776367188,0.0
2024-11-26,3443.TW,BUY,235,1196.721435546875,281229.5373535156,0.0
2024-11-26,3661.TW,BUY,2,2211.60107421875,4423.2021484375,0.0
2024-11-26,3665.TW,BUY,1,601.2784423828125,601.2784423828125,0.0
2024-11-27,3661.TW,BUY,1,2123.136962890625,2123.136962890625,0.0
2024-11-27,3443.TW,BUY,1,1157.4847412109375,1157.4847412109375,0.0
2024-11-27,3019.TW,BUY,2765,98.90360260009766,273468.46118927,0.0
2024-11-27,6415.TW,SELL,654,422.4420471191406,276277.09881591797,0.0
2024-11-27,3665.TW,SELL,14,600.3087158203125,8404.322021484375,0.0
2024-11-27,2615.TW,BUY,99,78.50897216796875,7772.388244628906,0.0
2024-11-28,2615.TW,SELL,22,77.85859680175781,1712.8891296386719,0.0
2024-11-28,3019.TW,SELL,26,98.4326400756836,2559.2486419677734,0.0
2024-11-28,3443.TW,BUY,3,1128.05712890625,3384.17138671875,0.0
2024-11-28,3665.TW,BUY,5,585.7616577148438,2928.8082885742188,0.0
2024-11-29,2615.TW,BUY,146,77.11531829833984,11258.836471557617,0.0
2024-11-29,9904.TW,BUY,7560,36.80241394042969,278226.24938964844,0.0
2024-11-29,3665.TW,SELL,17,627.4631958007812,10666.874328613281,0.0
2024-11-29,6669.TW,BUY,454,612.1655883789062,277923.17712402344,0.0
2024-11-29,3443.TW,SELL,239,1167.2938232421875,278983.2237548828,0.0
2024-11-29,3019.TW,SELL,2739,101.25845336914062,277346.9037780762,0.0
2024-11-29,3661.TW,SELL,1,2177.198486328125,2177.198486328125,0.0
2024-12-02,3661.TW,SELL,127,2226.344970703125,282745.8112792969,0.0
2024-12-02,6669.TW,SELL,454,618.4927978515625,280795.7302246094,0.0
2024-12-02,9904.TW,SELL,7560,38.78685760498047,293228.64349365234,0.0
2024-12-02,2615.TW,BUY,59,77.4869613647461,4571.7307205200195,0.0
2024-12-02,3019.TW,BUY,2780,102.20039367675781,284117.0944213867,0.0
2024-12-02,3443.TW,BUY,246,1152.5802001953125,283534.7292480469,0.0
2024-12-02,3665.TW,BUY,3,637.1612548828125,1911.4837646484375,0.0
2024-12-02,6415.TW,BUY,692,410.1187438964844,283802.1707763672,0.0
2024-12-03,6415.TW,BUY,10,414.06219482421875,4140.6219482421875,0.0
2024-12-03,3661.TW,BUY,135,2152.625,290604.375,0.0
2024-12-03,3665.TW,SELL,1,652.6781005859375,652.6781005859375,0.0
2024-12-03,3019.TW,SELL,36,105.96814727783203,3814.853302001953,0.0
2024-12-03,2615.TW,SELL,33,79.99552154541016,2639.852210998535,0.0
2024-12-03,3443.TW,SELL,246,1167.2938232421875,287154.2805175781,0.0
2024-12-04,3661.TW,SELL,135,2304.979736328125,311172.2644042969,0.0
2024-12-04,3665.TW,SELL,18,706.9871215820312,12725.768188476562,0.0
2024-12-04,2615.TW,BUY,135,80.18135070800781,10824.482345581055,0.0
2024-12-04,3019.TW,BUY,46,108.322998046875,4982.85791015625,0.0
2024-12-04,6415.TW,BUY,14,421.9490966796875,5907.287353515625,0.0
2024-12-04,6505.TW,BUY,7851,38.498836517333984,302254.3654975891,0.0
2024-12-05,3661.TW,BUY,117,2531.054443359375,296133.3698730469,0.0
2024-12-05,6669.TW,BUY,404,735.5477294921875,297161.28271484375,0.0
2024-12-05,2615.TW,BUY,37,78.23023986816406,2894.5188751220703,0.0
2024-12-05,1301.TW,BUY,7528,39.557464599609375,297788.5935058594,0.0
2024-12-05,6505.TW,SELL,7851,37.9727668762207,298124.19274520874,0.0
2024-12-05,6415.TW,SELL,716,415.0480651855469,297174.41467285156,0.0
2024-12-05,3665.TW,SELL,2,699.2286987304688,1398.4573974609375,0.0
2024-12-05,3019.TW,SELL,2790,107.38105773925781,299593.1510925293,0.0
2024-12-06,1301.TW,SELL,7528,39.21561050415039,295215.11587524414,0.0
2024-12-06,6669.TW,SELL,14,762.438720703125,10674.14208984375,0.0
2024-12-06,2615.TW,BUY,13,78.04441833496094,1014.5774383544922,0.0
2024-12-06,3019.TW,BUY,2889,103.142333984375,297978.2028808594,0.0
2024-12-06,3661.TW,BUY,1,2516.310302734375,2516.310302734375,0.0
2024-12-06,3665.TW,BUY,7,688.5608520507812,4819.925964355469,0.0
2024-12-09,6415.TW,BUY,757,405.6823425292969,307101.53329467773,0.0
2024-12-09,5871.TW,BUY,2923,105.12939453125,307293.22021484375,0.0
2024-12-09,3665.TW,BUY,18,682.7420654296875,12289.357177734375,0.0
2024-12-09,2615.TW,BUY,23,79.99552154541016,1839.8969955444336,0.0
2024-12-09,3661.TW,SELL,118,2629.347900390625,310263.05224609375,0.0
2024-12-09,3019.TW,SELL,2889,109.73590850830078,317027.03968048096,0.0
2024-12-10,5871.TW,SELL,2923,106.86708068847656,312372.476852417,0.0
2024-12-10,6415.TW,SELL,757,439.2016906738281,332475.6798400879,0.0
2024-12-10,2615.TW,BUY,95,78.50897216796875,7458.352355957031,0.0
2024-12-10,3019.TW,BUY,2866,107.8520278930664,309103.9119415283,0.0
2024-12-10,3661.TW,BUY,118,2599.85986328125,306783.4638671875,0.0
2024-12-10,3665.TW,BUY,17,661.4063720703125,11243.908325195312,0.0
2024-12-10,6669.TW,BUY,11,770.3478393554688,8473.826232910156,0.0
2024-12-11,9904.TW,BUY,8308,37.65933609008789,312873.7642364502,0.0
2024-12-11,3665.TW,BUY,3,665.2855834960938,1995.8567504882812,0.0
2024-12-11,2615.TW,BUY,125,77.02240753173828,9627.800941467285,0.0
2024-12-11,6669.TW,SELL,3,784.5842895507812,2353.7528686523438,0.0
2024-12-11,3661.TW,SELL,118,2629.347900390625,310263.05224609375,0.0
2024-12-11,3019.TW,SELL,2866,112.56172180175781,322601.8946838379,0.0
2024-12-11,2105.TW,BUY,6907,45.29584503173828,312858.4016342163,0.0
2024-12-12,2105.TW,SELL,6907,45.565460205078125,314720.6336364746,0.0
2024-12-12,3665.TW,SELL,4,674.983642578125,2699.9345703125,0.0
2024-12-12,9904.TW,SELL,8308,39.01236343383789,324114.7154083252,0.0
2024-12-12,2615.TW,BUY,89,75.90748596191406,6755.766250610352,0.0
2024-12-12,3019.TW,BUY,2788,113.0326919555664,315135.14517211914,0.0
2024-12-12,3661.TW,BUY,116,2698.153076171875,312985.7568359375,0.0
2024-12-12,6669.TW,BUY,6,779.8388061523438,4679.0328369140625,0.0
2024-12-13,3661.TW,SELL,116,2850.508056640625,330658.9345703125,0.0
2024-12-13,6669.TW,BUY,4,795.6570434570312,3182.628173828125,0.0
2024-12-13,3665.TW,BUY,10,681.772216796875,6817.72216796875,0.0
2024-12-13,3019.TW,SELL,91,120.56820678710938,10971.706817626953,0.0
2024-12-13,2105.TW,BUY,7221,45.026222229003906,325134.3507156372,0.0
2024-12-13,2615.TW,BUY,106,76.37203216552734,8095.435409545898,0.0
2024-12-16,3231.TW,BUY,3248,99.33868408203125,322652.0458984375,0.0
2024-12-16,2105.TW,SELL,7221,45.11609649658203,325783.33280181885,0.0
2024-12-16,3019.TW,SELL,92,123.864990234375,11395.5791015625,0.0
2024-12-16,2615.TW,BUY,106,73.95637512207031,7839.375762939453,0.0
2024-12-16,3665.TW,BUY,11,661.4063720703125,7275.4700927734375,0.0
2024-12-17,2615.TW,BUY,17,76.37203216552734,1298.3245468139648,0.0
2024-12-17,3665.TW,BUY,23,655.5875244140625,15078.513061523438,0.0
2024-12-17,2105.TW,BUY,7527,44.44205093383789,334515.3173789978,0.0
2024-12-17,3019.TW,SELL,148,136.11019897460938,20144.309448242188,0.0
2024-12-17,3231.TW,SELL,3248,101.20420837402344,328711.2687988281,0.0
2024-12-17,6669.TW,SELL,3,824.1298217773438,2472.3894653320312,0.0
2024-12-18,2105.TW,SELL,7527,45.205970764160156,340265.3419418335,0.0
2024-12-18,3019.TW,SELL,221,149.29734802246094,32994.71391296387,0.0
2024-12-18,6669.TW,SELL,405,811.4752197265625,328647.4639892578,0.0
2024-12-18,2615.TW,BUY,34,75.6287612915039,2571.377883911133,0.0
2024-12-18,3443.TW,BUY,238,1402.7144775390625,333846.0456542969,0.0
2024-12-18,3661.TW,BUY,101,3282.99853515625,331582.85205078125,0.0
2024-12-18,3665.TW,BUY,55,590.6106567382812,32483.58612060547,0.0
2024-12-19,3661.TW,BUY,1,3287.91357421875,3287.91357421875,0.0
2024-12-19,3443.TW,BUY,8,1363.477783203125,10907.822265625,0.0
2024-12-19,3019.TW,SELL,64,154.948974609375,9916.734375,0.0
2024-12-19,3665.TW,SELL,16,611.9463500976562,9791.1416015625,0.0
2024-12-19,2615.TW,BUY,69,75.07129669189453,5179.919471740723,0.0
2024-12-20,2615.TW,SELL,4483,76.46495056152344,342792.37336730957,0.0
2024-12-20,3019.TW,SELL,16,154.0070343017578,2464.112548828125,0.0
2024-12-20,3443.TW,BUY,4,1324.240966796875,5296.9638671875,0.0
2024-12-20,3661.TW,BUY,2,3179.790771484375,6359.58154296875,0.0
2024-12-20,3665.TW,BUY,3,601.2784423828125,1803.8353271484375,0.0
2024-12-20,9904.TW,BUY,9513,34.908172607421875,332081.4460144043,0.0
2024-12-23,3443.TW,BUY,3,1329.1455078125,3987.4365234375,0.0
2024-12-23,6669.TW,BUY,401,838.3662719726562,336184.87506103516,0.0
2024-12-23,3665.TW,BUY,14,594.4898681640625,8322.858154296875,0.0
2024-12-23,9904.TW,SELL,9513,35.58469009399414,338517.15686416626,0.0
2024-12-23,3019.TW,SELL,36,158.71673583984375,5713.802490234375,0.0
2024-12-23,3661.TW,SELL,1,3258.425537109375,3258.425537109375,0.0
2024-12-24,3019.TW,SELL,47,158.71673583984375,7459.686584472656,0.0
2024-12-24,3665.TW,SELL,2,582.8522338867188,1165.7044677734375,0.0
2024-12-24,3443.TW,BUY,1,1294.8134765625,1294.8134765625,0.0
2024-12-24,6669.TW,BUY,9,801.984375,7217.859375,0.0
2024-12-25,9904.TW,BUY,9692,34.592464447021484,335270.1654205322,0.0
2024-12-25,3661.TW,BUY,2,3165.046630859375,6330.09326171875,0.0
2024-12-25,3665.TW,BUY,20,573.1541748046875,11463.08349609375,0.0
2024-12-25,6669.TW,SELL,410,817.8025512695312,335299.0460205078,0.0
2024-12-25,3019.TW,SELL,149,174.25872802734375,25964.55047607422,0.0
2024-12-25,3443.TW,BUY,4,1294.8134765625,5179.25390625,0.0
2024-12-26,3443.TW,SELL,258,1319.33642578125,340388.7978515625,0.0
2024-12-26,3665.TW,SELL,10,583.822021484375,5838.22021484375,0.0
2024-12-26,9904.TW,SELL,9692,34.41206359863281,333521.7203979492,0.0
2024-12-26,2049.TW,BUY,1066,314.43572998046875,335188.4881591797,0.0
2024-12-26,3019.TW,BUY,53,169.5490264892578,8986.098403930664,0.0
2024-12-26,3661.TW,BUY,1,3145.38818359375,3145.38818359375,0.0
2024-12-26,6669.TW,BUY,412,813.0570678710938,334979.5119628906,0.0
2024-12-27,2615.TW,BUY,4494,75.25711822509766,338205.48930358887,0.0
2024-12-27,3665.TW,BUY,6,582.8522338867188,3497.1134033203125,0.0
2024-12-27,2049.TW,BUY,23,310.5052795410156,7141.621429443359,0.0
2024-12-27,3019.TW,SELL,4,171.43292236328125,685.731689453125,0.0
2024-12-27,3661.TW,SELL,3,3268.2548828125,9804.7646484375,0.0
2024-12-27,6669.TW,SELL,412,820.9661865234375,338238.06884765625,0.0
2024-12-30,2049.TW,SELL,1089,311.9792175292969,339745.3678894043,0.0
2024-12-30,2615.TW,SELL,4494,74.79257202148438,336117.8186645508,0.0
2024-12-30,3665.TW,SELL,7,583.822021484375,4086.754150390625,0.0
2024-12-30,3019.TW,BUY,13,168.6071014404297,2191.892318725586,0.0
2024-12-30,3443.TW,BUY,257,1299.718017578125,334027.5305175781,0.0
2024-12-30,3661.TW,BUY,2,3160.132080078125,6320.26416015625,0.0
2024-12-30,6669.TW,BUY,415,806.729736328125,334792.8405761719,0.0
2024-12-31,9904.TW,BUY,10351,33.28453826904297,344528.25562286377,0.0
2024-12-31,3665.TW,BUY,7,593.5200805664062,4154.640563964844,0.0
2024-12-31,2885.TW,BUY,11706,29.432409286499023,344535.78310775757,0.0
2024-12-31,3661.TW,BUY,1,3224.022705078125,3224.022705078125,0.0
2024-12-31,3443.TW,SELL,257,1334.050048828125,342850.8625488281,0.0
2024-12-31,3019.TW,SELL,46,177.55552673339844,8167.554229736328,0.0
2024-12-31,6669.TW,SELL,415,828.8753051757812,343983.2516479492,0.0
2025-01-02,2885.TW,SELL,11706,29.90852165222168,350109.154460907,0.0
2025-01-02,3665.TW,SELL,3,586.7314453125,1760.1943359375,0.0
2025-01-02,9904.TW,SELL,10351,34.09635543823242,352931.3751411438,0.0
2025-01-02,2049.TW,BUY,1118,303.1357116699219,338905.72564697266,0.0
2025-01-02,3019.TW,BUY,81,167.6651611328125,13580.878051757812,0.0
2025-01-02,3443.TW,BUY,268,1260.481201171875,337808.9619140625,0.0
2025-01-02,3661.TW,BUY,5,3047.094482421875,15235.472412109375,0.0
2025-01-03,3661.TW,BUY,1,2943.88671875,2943.88671875,0.0
2025-01-03,3019.TW,BUY,74,157.77479553222656,11675.334869384766,0.0
2025-01-03,3443.TW,SELL,3,1245.7674560546875,3737.3023681640625,0.0
2025-01-03,2049.TW,SELL,8,297.7313232421875,2381.8505859375,0.0
2025-01-03,3665.TW,SELL,14,586.7314453125,8214.240234375,0.0
2025-01-06,3019.TW,SELL,40,166.7232208251953,6668.9288330078125,0.0
2025-01-06,3443.TW,SELL,265,1314.431884765625,348324.4494628906,0.0
2025-01-06,3665.TW,SELL,1,609.0369262695312,609.0369262695312,0.0
2025-01-06,2049.TW,BUY,42,297.2400207519531,12484.080871582031,0.0
2025-01-06,2308.TW,BUY,837,409.0464782714844,342371.9023132324,0.0
2025-01-07,3665.TW,BUY,3,606.1275024414062,1818.3825073242188,0.0
2025-01-07,3443.TW,BUY,260,1314.431884765625,341752.2900390625,0.0
2025-01-07,3019.TW,BUY,84,160.12965393066406,13450.890930175781,0.0
2025-01-07,3661.TW,SELL,4,3145.38818359375,12581.552734375,0.0
2025-01-07,2308.TW,SELL,837,422.24151611328125,353416.1489868164,0.0
2025-01-07,2049.TW,BUY,27,290.36175537109375,7839.767395019531,0.0
2025-01-08,2049.TW,SELL,16,292.8182678222656,4685.09228515625,0.0
2025-01-08,3019.TW,SELL,43,162.4844970703125,6986.8333740234375,0.0
2025-01-08,3665.TW,SELL,17,620.674560546875,10551.467529296875,0.0
2025-01-08,3443.TW,BUY,9,1265.3857421875,11388.4716796875,0.0
2025-01-08,3661.TW,BUY,4,3022.521240234375,12090.0849609375,0.0
2025-01-09,2049.TW,BUY,34,276.60516357421875,9404.575561523438,0.0
2025-01-09,3019.TW,BUY,165,146.47152709960938,24167.801971435547,0.0
2025-01-09,9904.TW,BUY,10258,32.29231262207031,331254.54287719727,0.0
2025-01-09,3665.TW,SELL,17,623.583984375,10600.927734375,0.0
2025-01-09,3443.TW,SELL,269,1270.2904052734375,341708.1190185547,0.0
2025-01-09,3661.TW,SELL,4,3047.094482421875,12188.3779296875,0.0
2025-01-10,2049.TW,SELL,32,280.0443115234375,8961.41796875,0.0
2025-01-10,3019.TW,SELL,47,147.41346740722656,6928.432968139648,0.0
2025-01-10,9904.TW,SELL,10258,32.066810607910156,328941.3432159424,0.0
2025-01-10,3443.TW,BUY,261,1245.7674560546875,325145.30603027344,0.0
2025-01-10,3661.TW,BUY,4,2894.739990234375,11578.9599609375,0.0
2025-01-10,3665.TW,BUY,11,601.2784423828125,6614.0628662109375,0.0
2025-01-13,3665.TW,BUY,8,575.0938110351562,4600.75048828125,0.0
2025-01-13,3661.TW,BUY,3,2747.2998046875,8241.8994140625,0.0
2025-01-13,3443.TW,BUY,12,1157.4847412109375,13889.81689453125,0.0
2025-01-13,2049.TW,SELL,35,280.0443115234375,9801.550903320312,0.0
2025-01-13,3019.TW,SELL,95,149.29734802246094,14183.248062133789,0.0
2025-01-14,2049.TW,SELL,4,282.5008544921875,1130.00341796875,0.0
2025-01-14,3443.TW,SELL,273,1182.0076904296875,322688.0994873047,0.0
2025-01-14,3661.TW,SELL,2,2796.446533203125,5592.89306640625,0.0
2025-01-14,3019.TW,BUY,19,148.8263702392578,2827.7010345458984,0.0
2025-01-14,3665.TW,BUY,12,566.3656005859375,6796.38720703125,0.0
2025-01-14,6669.TW,BUY,412,771.9297485351562,318035.0563964844,0.0
2025-01-15,6669.TW,BUY,10,737.1295776367188,7371.2957763671875,0.0
2025-01-15,2049.TW,BUY,6,275.1312561035156,1650.7875366210938,0.0
2025-01-15,3665.TW,BUY,30,525.6337890625,15769.013671875,0.0
2025-01-15,3019.TW,SELL,70,150.71026611328125,10549.718627929688,0.0
2025-01-15,3661.TW,SELL,5,2870.16650390625,14350.83251953125,0.0
2025-01-16,2049.TW,SELL,33,289.8704528808594,9565.72494506836,0.0
2025-01-16,3665.TW,SELL,1,539.2109985351562,539.2109985351562,0.0
2025-01-16,6669.TW,SELL,422,757.6932983398438,319746.57189941406,0.0
2025-01-16,2382.TW,BUY,1339,238.00021362304688,318682.28604125977,0.0
2025-01-16,3019.TW,BUY,33,151.65219116210938,5004.522308349609,0.0
2025-01-16,3661.TW,BUY,3,2870.16650390625,8610.49951171875,0.0
2025-01-17,3443.TW,BUY,262,1201.6260986328125,314826.0378417969,0.0
2025-01-17,3019.TW,BUY,58,146.0005645751953,8468.032745361328,0.0
2025-01-17,2049.TW,BUY,13,283.48345947265625,3685.2849731445312,0.0
2025-01-17,3661.TW,SELL,1,2855.422607421875,2855.422607421875,0.0
2025-01-17,2382.TW,SELL,1339,238.4578857421875,319295.10900878906,0.0
2025-01-17,3665.TW,SELL,12,544.06005859375,6528.720703125,0.0
2025-01-20,3443.TW,SELL,262,1299.718017578125,340526.12060546875,0.0
2025-01-20,3661.TW,SELL,110,3110.985107421875,342208.36181640625,0.0
2025-01-20,3665.TW,SELL,17,598.3690795898438,10172.274353027344,0.0
2025-01-20,1301.TW,BUY,9338,36.04124450683594,336553.141204834,0.0
2025-01-20,2049.TW,BUY,54,288.3965148925781,15573.411804199219,0.0
2025-01-20,3019.TW,BUY,39,153.0651092529297,5969.539260864258,0.0
2025-01-20,6669.TW,BUY,434,775.0933227539062,336390.5020751953,0.0
2025-01-21,6669.TW,BUY,8,748.2023315429688,5985.61865234375,0.0
2025-01-21,3661.TW,BUY,108,3052.00927734375,329617.001953125,0.0
2025-01-21,3665.TW,SELL,4,593.5200805664062,2374.080322265625,0.0
2025-01-21,2049.TW,SELL,12,286.922607421875,3443.0712890625,0.0
2025-01-21,1301.TW,SELL,9338,35.162193298339844,328344.56101989746,0.0
2025-01-21,3019.TW,SELL,21,152.1231689453125,3194.5865478515625,0.0
2025-01-22,2049.TW,SELL,9,287.90521240234375,2591.1469116210938,0.0
2025-01-22,3661.TW,SELL,1,3076.58251953125,3076.58251953125,0.0
2025-01-22,3665.TW,SELL,25,617.76513671875,15444.12841796875,0.0
2025-01-22,3019.TW,BUY,39,148.8263702392578,5804.228439331055,0.0
2025-01-22,6669.TW,BUY,23,708.65673828125,16299.10498046875,0.0
2025-02-03,6669.TW,BUY,25,639.0565795898438,15976.414489746094,0.0
2025-02-03,3665.TW,BUY,20,565.395751953125,11307.9150390625,0.0
2025-02-03,3019.TW,SELL,126,149.768310546875,18870.80712890625,0.0
2025-02-03,2049.TW,SELL,37,282.5008544921875,10452.531616210938,0.0
2025-02-04,2049.TW,SELL,1108,300.6791687011719,333152.51892089844,0.0
2025-02-04,3661.TW,SELL,107,3189.6201171875,341289.3525390625,0.0
2025-02-04,6669.TW,SELL,490,635.8928833007812,311587.5128173828,0.0
2025-02-04,1301.TW,BUY,9701,33.208736419677734,322157.9520072937,0.0
2025-02-04,3019.TW,BUY,47,150.71026611328125,7083.382507324219,0.0
2025-02-04,3037.TW,BUY,2689,119.7784194946289,322084.1700210571,0.0
2025-02-04,3665.TW,BUY,28,553.7581176757812,15505.227294921875,0.0
2025-02-04,6505.TW,BUY,10145,31.755563735961914,322160.1941013336,0.0
2025-02-05,2049.TW,BUY,1080,309.5226745605469,334284.4885253906,0.0
2025-02-05,3661.TW,BUY,101,3287.91357421875,332079.27099609375,0.0
2025-02-05,1301.TW,BUY,381,33.1599006652832,12633.9221534729,0.0
2025-02-05,3665.TW,SELL,7,581.8823852539062,4073.1766967773438,0.0
2025-02-05,3037.TW,SELL,2689,121.25716400146484,326060.51399993896,0.0
2025-02-05,3019.TW,SELL,121,165.78128051757812,20059.534942626953,0.0
2025-02-05,6505.TW,SELL,10145,32.61640548706055,330893.43366622925,0.0
2025-02-06,3711.TW,BUY,2220,153.73451232910156,341290.61737060547,0.0
2025-02-06,1301.TW,SELL,10082,33.69710159301758,339734.1782608032,0.0
2025-02-06,2049.TW,SELL,1080,318.3661804199219,343835.4748535156,0.0
2025-02-06,3019.TW,SELL,9,170.02001953125,1530.18017578125,0.0
2025-02-06,3665.TW,SELL,7,601.2784423828125,4208.9490966796875,0.0
2025-02-06,3661.TW,BUY,2,3292.828125,6585.65625,0.0
2025-02-06,6669.TW,BUY,508,670.6929931640625,340712.04052734375,0.0
2025-02-07,2049.TW,BUY,1112,319.3487854003906,355115.8493652344,0.0
2025-02-07,1301.TW,BUY,10855,32.72037124633789,355179.6298789978,0.0
2025-02-07,6669.TW,SELL,508,692.8385620117188,351961.9895019531,0.0
2025-02-07,3661.TW,SELL,103,3543.47607421875,364978.03564453125,0.0
2025-02-07,3665.TW,SELL,1,626.493408203125,626.493408203125,0.0
2025-02-07,3019.TW,BUY,20,175.20068359375,3504.013671875,0.0
2025-02-07,3711.TW,SELL,2220,157.07656860351562,348709.9822998047,0.0
2025-02-07,6505.TW,BUY,11068,32.09033203125,355175.794921875,0.0
2025-02-10,3019.TW,BUY,46,171.43292236328125,7885.9144287109375,0.0
2025-02-10,3661.TW,BUY,103,3420.609375,352322.765625,0.0
2025-02-10,2049.TW,BUY,11,316.4009704589844,3480.410675048828,0.0
2025-02-10,2454.TW,BUY,251,1415.3707275390625,355258.0526123047,0.0
2025-02-10,3665.TW,SELL,8,636.1914672851562,5089.53173828125,0.0
2025-02-10,1301.TW,SELL,10855,32.76920700073242,355709.74199295044,0.0
2025-02-10,6505.TW,SELL,11068,32.61640548706055,360998.37593078613,0.0
2025-02-11,6415.TW,BUY,1032,360.82562255859375,372372.04248046875,0.0
2025-02-11,3661.TW,BUY,4,3464.841552734375,13859.3662109375,0.0
2025-02-11,3665.TW,SELL,15,684.681640625,10270.224609375,0.0
2025-02-11,2049.TW,SELL,23,338.50970458984375,7785.723205566406,0.0
2025-02-11,2454.TW,SELL,251,1444.0606689453125,362459.22790527344,0.0
2025-02-11,3019.TW,SELL,25,181.79425048828125,4544.856262207031,0.0
2025-02-12,3019.TW,SELL,60,186.50393676757812,11190.236206054688,0.0
2025-02-12,3661.TW,SELL,2,3518.90283203125,7037.8056640625,0.0
2025-02-12,6415.TW,SELL,1032,348.9952697753906,360163.1184082031,0.0
2025-02-12,2049.TW,BUY,18,331.6314392089844,5969.365905761719,0.0
2025-02-12,3443.TW,BUY,283,1309.527099609375,370596.1691894531,0.0
2025-02-12,3665.TW,BUY,3,677.89306640625,2033.67919921875,0.0
2025-02-13,3665.TW,BUY,6,672.0741577148438,4032.4449462890625,0.0
2025-02-13,2330.TW,BUY,349,1063.0186767578125,370993.51818847656,0.0
2025-02-13,2049.TW,BUY,15,327.70098876953125,4915.514831542969,0.0
2025-02-13,3661.TW,SELL,2,3602.4521484375,7204.904296875,0.0
2025-02-13,3019.TW,SELL,7,187.4458770751953,1312.1211395263672,0.0
2025-02-13,3443.TW,SELL,283,1309.527099609375,370596.1691894531,0.0
2025-02-14,2049.TW,SELL,1133,331.6314392089844,375738.4206237793,0.0
2025-02-14,3665.TW,SELL,9,676.9232177734375,6092.3089599609375,0.0
2025-02-14,2330.TW,BUY,7,1033.76123046875,7236.32861328125,0.0
2025-02-14,3019.TW,BUY,23,183.67811584472656,4224.596664428711,0.0
2025-02-14,6669.TW,BUY,569,646.9656982421875,368123.4822998047,0.0
2025-02-17,6415.TW,BUY,891,414.55511474609375,369368.60723876953,0.0
2025-02-17,3665.TW,BUY,36,638.131103515625,22972.7197265625,0.0
2025-02-17,3661.TW,BUY,1,3528.732177734375,3528.732177734375,0.0
2025-02-17,3019.TW,SELL,62,190.27169799804688,11796.845275878906,0.0
2025-02-17,6669.TW,SELL,569,661.2020263671875,376223.9530029297,0.0
2025-02-17,2330.TW,SELL,356,1058.142578125,376698.7578125,0.0
2025-02-17,2002.TW,BUY,16575,22.29648780822754,369564.28542137146,0.0
2025-02-18,3661.TW,BUY,3,3459.9267578125,10379.7802734375,0.0
2025-02-18,2049.TW,BUY,1038,356.6880187988281,370242.1635131836,0.0
2025-02-18,6415.TW,SELL,891,416.0339050292969,370686.2093811035,0.0
2025-02-18,2308.TW,BUY,969,382.1676940917969,370320.4955749512,0.0
2025-02-18,3019.TW,SELL,5,191.21363830566406,956.0681915283203,0.0
2025-02-18,2002.TW,SELL,16575,21.857385635375977,362286.1669063568,0.0
2025-02-18,3665.TW,SELL,23,665.2855834960938,15301.568420410156,0.0
2025-02-19,2049.TW,SELL,3,352.2662658691406,1056.7987976074219,0.0
2025-02-19,2308.TW,SELL,969,383.14508056640625,371267.58306884766,0.0
2025-02-19,3665.TW,SELL,5,661.4063720703125,3307.0318603515625,0.0
2025-02-19,3019.TW,BUY,9,187.4458770751953,1687.0128936767578,0.0
2025-02-19,3661.TW,BUY,2,3322.316162109375,6644.63232421875,0.0
2025-02-19,6669.TW,BUY,545,669.1111450195312,364665.57403564453,0.0
2025-02-20,6669.TW,BUY,10,658.0383911132812,6580.3839111328125,0.0
2025-02-20,2049.TW,BUY,8,350.301025390625,2802.408203125,0.0
2025-02-20,3661.TW,BUY,3,3248.595947265625,9745.787841796875,0.0
2025-02-20,3019.TW,SELL,63,194.03944396972656,12224.484970092773,0.0
2025-02-20,3665.TW,SELL,8,673.0439453125,5384.3515625,0.0
2025-02-21,3665.TW,BUY,5,671.1044311523438,3355.5221557617188,0.0
2025-02-21,3443.TW,BUY,267,1378.1915283203125,367977.13806152344,0.0
2025-02-21,3019.TW,BUY,33,192.15557861328125,6341.134094238281,0.0
2025-02-21,3661.TW,SELL,4,3391.121337890625,13564.4853515625,0.0
2025-02-21,6669.TW,SELL,555,658.0383911132812,365211.3070678711,0.0
2025-02-21,2049.TW,BUY,1,352.7575988769531,352.7575988769531,0.0
2025-02-24,2049.TW,SELL,9,353.2489013671875,3179.2401123046875,0.0
2025-02-24,3019.TW,SELL,36,194.51043701171875,7002.375732421875,0.0
2025-02-24,3443.TW,SELL,267,1388.000732421875,370596.1955566406,0.0
2025-02-24,3661.TW,SELL,1,3386.206787109375,3386.206787109375,0.0
2025-02-24,3665.TW,BUY,28,634.2517700195312,17759.049560546875,0.0
2025-02-24,6669.TW,BUY,566,645.3838500976562,365287.25915527344,0.0
2025-02-25,3019.TW,SELL,35,191.21363830566406,6692.477340698242,0.0
2025-02-25,3665.TW,SELL,2,614.855712890625,1229.71142578125,0.0
2025-02-25,3661.TW,BUY,1,3248.595947265625,3248.595947265625,0.0
2025-02-25,6669.TW,BUY,10,612.1655883789062,6121.6558837890625,0.0
2025-02-26,6415.TW,BUY,811,442.1592712402344,358591.1689758301,0.0
2025-02-26,3665.TW,BUY,14,609.0369262695312,8526.516967773438,0.0
2025-02-26,3019.TW,SELL,28,197.33624267578125,5525.414794921875,0.0
2025-02-26,6669.TW,SELL,576,640.638427734375,369007.734375,0.0
2025-02-26,2049.TW,BUY,21,339.4923095703125,7129.3385009765625,0.0
2025-02-27,3019.TW,SELL,13,191.21363830566406,2485.777297973633,0.0
2025-02-27,3661.TW,SELL,2,3228.9375,6457.875,0.0
2025-02-27,6415.TW,SELL,811,446.10272216796875,361789.30767822266,0.0
2025-02-27,2049.TW,BUY,65,307.5574645996094,19991.23519897461,0.0
2025-02-27,3443.TW,BUY,262,1314.431884765625,344381.15380859375,0.0
2025-02-27,3665.TW,BUY,9,577.0333862304688,5193.300476074219,0.0
2025-03-03,3661.TW,BUY,4,3022.521240234375,12090.0849609375,0.0
2025-03-03,6669.TW,BUY,549,607.4200439453125,333473.60412597656,0.0
2025-03-03,3019.TW,BUY,17,183.2071533203125,3114.5216064453125,0.0
2025-03-03,3443.TW,SELL,262,1294.8134765625,339241.130859375,0.0
2025-03-03,3665.TW,SELL,15,573.1541748046875,8597.312622070312,0.0
2025-03-03,2049.TW,BUY,5,296.25738525390625,1481.2869262695312,0.0
2025-03-04,2049.TW,SELL,3,295.7660827636719,887.2982482910156,0.0
2025-03-04,6669.TW,SELL,549,612.1655883789062,336078.90802001953,0.0
2025-03-04,3019.TW,BUY,1,182.2652130126953,182.2652130126953,0.0
2025-03-04,3661.TW,BUY,1,2973.374755859375,2973.374755859375,0.0
2025-03-04,3665.TW,BUY,2,568.3051147460938,1136.6102294921875,0.0
2025-03-04,6415.TW,BUY,767,432.7935791015625,331952.67517089844,0.0
2025-03-05,6415.TW,BUY,8,426.385498046875,3411.083984375,0.0
2025-03-05,3019.TW,BUY,71,174.72970581054688,12405.809112548828,0.0
2025-03-05,3665.TW,SELL,18,583.822021484375,10508.79638671875,0.0
2025-03-05,2049.TW,SELL,22,300.1878356933594,6604.132385253906,0.0
2025-03-06,2049.TW,SELL,22,301.6617736816406,6636.559020996094,0.0
2025-03-06,3665.TW,SELL,7,581.8823852539062,4073.1766967773438,0.0
2025-03-06,3019.TW,BUY,17,170.49098205566406,2898.346694946289,0.0
2025-03-06,3661.TW,BUY,3,2840.678466796875,8522.035400390625,0.0
2025-03-06,6415.TW,BUY,1,419.4844055175781,419.4844055175781,0.0
2025-03-07,3665.TW,BUY,19,550.8486938476562,10466.125183105469,0.0
2025-03-07,3443.TW,BUY,251,1265.3857421875,317611.8212890625,0.0
2025-03-07,3019.TW,BUY,23,164.83934020996094,3791.3048248291016,0.0
2025-03-07,6415.TW,SELL,776,414.06219482421875,321312.26318359375,0.0
2025-03-07,3661.TW,SELL,4,2894.739990234375,11578.9599609375,0.0
2025-03-07,2049.TW,BUY,6,293.8008728027344,1762.8052368164062,0.0
2025-03-10,2049.TW,SELL,17,294.2922058105469,5002.967498779297,0.0
2025-03-10,3443.TW,SELL,251,1231.0535888671875,308994.45080566406,0.0
2025-03-10,3665.TW,SELL,23,566.3656005859375,13026.408813476562,0.0
2025-03-10,3019.TW,BUY,54,158.2457733154297,8545.271759033203,0.0
2025-03-10,3661.TW,BUY,2,2806.27587890625,5612.5517578125,0.0
2025-03-10,6415.TW,BUY,785,400.2601318359375,314204.20349121094,0.0
2025-03-11,3665.TW,BUY,26,524.6640014648438,13641.264038085938,0.0
2025-03-11,3443.TW,BUY,257,1186.9122314453125,305036.4434814453,0.0
2025-03-11,3019.TW,BUY,109,145.52960205078125,15862.726623535156,0.0
2025-03-11,6415.TW,SELL,785,407.1611633300781,319621.5132141113,0.0
2025-03-11,3661.TW,SELL,6,2870.16650390625,17220.9990234375,0.0
2025-03-11,2049.TW,BUY,6,283.9747619628906,1703.8485717773438,0.0
2025-03-12,2049.TW,SELL,19,287.41387939453125,5460.863708496094,0.0
2025-03-12,3019.TW,SELL,12,145.52960205078125,1746.355224609375,0.0
2025-03-12,3443.TW,SELL,257,1186.9122314453125,305036.4434814453,0.0
2025-03-12,3661.TW,BUY,2,2806.27587890625,5612.5517578125,0.0
2025-03-12,3665.TW,BUY,8,514.9659423828125,4119.7275390625,0.0
2025-03-12,6669.TW,BUY,492,615.3292236328125,302741.97802734375,0.0
2025-03-13,6415.TW,BUY,763,398.78131103515625,304270.1403198242,0.0
2025-03-13,3019.TW,BUY,8,145.52960205078125,1164.23681640625,0.0
2025-03-13,6669.TW,SELL,492,618.4927978515625,304298.45654296875,0.0
2025-03-13,3665.TW,SELL,7,522.724365234375,3659.070556640625,0.0
2025-03-13,2049.TW,BUY,2,287.90521240234375,575.8104248046875,0.0
2025-03-14,6415.TW,SELL,763,428.3572082519531,326836.54989624023,0.0
2025-03-14,2049.TW,BUY,8,290.36175537109375,2322.89404296875,0.0
2025-03-14,3661.TW,BUY,4,2747.2998046875,10989.19921875,0.0
2025-03-14,3665.TW,BUY,9,522.724365234375,4704.519287109375,0.0
2025-03-14,6669.TW,BUY,509,607.4200439453125,309176.80236816406,0.0
2025-03-17,3661.TW,BUY,2,2717.811767578125,5435.62353515625,0.0
2025-03-17,3019.TW,BUY,39,145.52960205078125,5675.654479980469,0.0
2025-03-17,2002.TW,BUY,13188,23.516206741333008,310131.7345046997,0.0
2025-03-17,6669.TW,SELL,509,604.2564697265625,307566.5430908203,0.0
2025-03-17,2049.TW,SELL,6,292.8182678222656,1756.9096069335938,0.0
2025-03-17,3665.TW,SELL,18,541.1506958007812,9740.712524414062,0.0
2025-03-18,3443.TW,BUY,269,1172.198486328125,315321.3928222656,0.0
2025-03-18,2002.TW,SELL,13188,23.56499481201172,310775.15158081055,0.0
2025-03-18,3661.TW,SELL,3,2835.763916015625,8507.291748046875,0.0
2025-03-18,3665.TW,SELL,10,561.5165405273438,5615.1654052734375,0.0
2025-03-18,2049.TW,BUY,15,294.2922058105469,4414.383087158203,0.0
2025-03-18,3019.TW,BUY,20,146.9425048828125,2938.85009765625,0.0
2025-03-19,3661.TW,SELL,2,2791.531982421875,5583.06396484375,0.0
2025-03-19,2049.TW,BUY,21,279.5530090332031,5870.613189697266,0.0
2025-03-19,3443.TW,SELL,2,1142.7708740234375,2285.541748046875,0.0
2025-03-19,3019.TW,BUY,8,141.7618408203125,1134.0947265625,0.0
2025-03-20,3665.TW,BUY,4,542.1204833984375,2168.48193359375,0.0
2025-03-20,3661.TW,BUY,1,2781.702392578125,2781.702392578125,0.0
2025-03-20,6415.TW,BUY,688,447.0885925292969,307596.95166015625,0.0
2025-03-20,3019.TW,SELL,2,142.7037811279297,285.4075622558594,0.0
2025-03-20,3443.TW,SELL,267,1167.2938232421875,311667.45080566406,0.0
2025-03-21,3665.TW,SELL,37,580.91259765625,21493.76611328125,0.0
2025-03-21,2049.TW,BUY,29,274.1486511230469,7950.310882568359,0.0
2025-03-21,3019.TW,BUY,18,141.7618408203125,2551.713134765625,0.0
2025-03-21,6415.TW,BUY,25,432.3006591796875,10807.516479492188,0.0
2025-03-24,3019.TW,SELL,17,139.406982421875,2369.918701171875,0.0
2025-03-24,3661.TW,SELL,1,2737.470703125,2737.470703125,0.0
2025-03-24,2049.TW,BUY,5,266.2877502441406,1331.4387512207031,0.0
2025-03-24,3665.TW,BUY,4,562.486328125,2249.9453125,0.0
2025-03-24,6415.TW,BUY,3,419.97735595703125,1259.9320678710938,0.0
2025-03-25,3665.TW,BUY,4,570.2447509765625,2280.97900390625,0.0
2025-03-25,2049.TW,BUY,12,268.7442932128906,3224.9315185546875,0.0
2025-03-25,6415.TW,SELL,716,427.371337890625,305997.8779296875,0.0
2025-03-25,3019.TW,SELL,36,144.587646484375,5205.1552734375,0.0
2025-03-25,1303.TW,BUY,9851,31.146770477294922,306826.8359718323,0.0
2025-03-26,1303.TW,SELL,9851,31.292545318603516,308262.86393356323,0.0
2025-03-26,3019.TW,SELL,23,146.9425048828125,3379.6776123046875,0.0
2025-03-26,3661.TW,SELL,1,2840.678466796875,2840.678466796875,0.0
2025-03-26,2049.TW,BUY,2,269.7268981933594,539.4537963867188,0.0
2025-03-26,2615.TW,BUY,3985,77.39405059814453,308415.29163360596,0.0
2025-03-26,3665.TW,BUY,10,562.486328125,5624.86328125,0.0
2025-03-27,6415.TW,BUY,716,423.28631591796875,303073.0021972656,0.0
2025-03-27,3665.TW,BUY,18,535.3318481445312,9635.973266601562,0.0
2025-03-27,3019.TW,SELL,28,146.47152709960938,4101.2027587890625,0.0
2025-03-27,2615.TW,SELL,3985,77.11531829833984,307304.5434188843,0.0
2025-03-27,2049.TW,SELL,4,266.2877502441406,1065.1510009765625,0.0
2025-03-28,3661.TW,SELL,6,2899.654541015625,17397.92724609375,0.0
2025-03-28,2049.TW,BUY,19,256.95294189453125,4882.105895996094,0.0
2025-03-28,3019.TW,BUY,36,141.29086303710938,5086.4710693359375,0.0
2025-03-28,6415.TW,BUY,17,405.9385070800781,6900.954620361328,0.0
2025-03-31,3665.TW,SELL,4,488.7812194824219,1955.1248779296875,0.0
2025-03-31,2049.TW,BUY,2,236.8094024658203,473.6188049316406,0.0
2025-03-31,3019.TW,BUY,22,129.045654296875,2839.00439453125,0.0
2025-03-31,6415.TW,BUY,1,374.2168273925781,374.2168273925781,0.0
2025-04-01,3661.TW,BUY,6,2619.5185546875,15717.111328125,0.0
2025-04-01,2049.TW,BUY,33,237.30072021484375,7830.923767089844,0.0
2025-04-01,3665.TW,SELL,6,509.1471252441406,3054.8827514648438,0.0
2025-04-01,3019.TW,SELL,85,138.4650421142578,11769.528579711914,0.0
2025-04-01,6415.TW,SELL,21,397.01678466796875,8337.352478027344,0.0
2025-04-02,2049.TW,SELL,1193,240.73985290527344,287202.6445159912,0.0
2025-04-02,3019.TW,SELL,12,139.87794494628906,1678.5353393554688,0.0
2025-04-02,6415.TW,SELL,713,404.94720458984375,288727.3568725586,0.0
2025-04-02,2357.TW,BUY,526,540.1830444335938,284136.2813720703,0.0
2025-04-02,2454.TW,BUY,207,1372.3358154296875,284073.5137939453,0.0
2025-04-02,3665.TW,BUY,14,498.479248046875,6978.70947265625,0.0
2025-04-07,6415.TW,BUY,702,364.7994384765625,256089.20581054688,0.0
2025-04-07,2049.TW,BUY,1183,216.66587829589844,256315.73402404785,0.0
2025-04-07,2454.TW,SELL,207,1238.4493408203125,256359.0135498047,0.0
2025-04-07,2357.TW,SELL,526,486.52252197265625,255910.8465576172,0.0
2025-04-07,3019.TW,SELL,2,126.2198486328125,252.439697265625,0.0
2025-04-08,2049.TW,SELL,1183,195.0484161376953,230742.27629089355,0.0
2025-04-08,6415.TW,SELL,38,352.90380859375,13410.3447265625,0.0
2025-04-08,2357.TW,BUY,535,438.2279968261719,234451.97830200195,0.0
2025-04-08,3019.TW,BUY,27,113.9746322631836,3077.315071105957,0.0
2025-04-08,3661.TW,BUY,2,2123.136962890625,4246.27392578125,0.0
2025-04-08,3665.TW,BUY,9,404.40826416015625,3639.6743774414062,0.0
2025-04-09,3019.TW,SELL,8,103.142333984375,825.138671875,0.0
2025-04-09,3665.TW,BUY,1,364.1614074707031,364.1614074707031,0.0
2025-04-09,6415.TW,BUY,1,317.7125549316406,317.7125549316406,0.0
2025-04-10,3019.TW,BUY,5,113.0326919555664,565.163459777832,0.0
2025-04-10,2049.TW,BUY,1202,193.08319091796875,232085.99548339844,0.0
2025-04-10,3665.TW,SELL,1,400.529052734375,400.529052734375,0.0
2025-04-10,2357.TW,SELL,535,433.75628662109375,232059.61334228516,0.0
2025-04-10,6415.TW,SELL,1,349.43426513671875,349.43426513671875,0.0
2025-04-11,3661.TW,BUY,6,2088.734130859375,12532.40478515625,0.0
2025-04-11,2049.TW,BUY,92,187.67881774902344,17266.451232910156,0.0
2025-04-11,2883.TW,BUY,17641,13.774173736572266,242990.19888687134,0.0
2025-04-11,3665.TW,SELL,28,440.291015625,12328.1484375,0.0
2025-04-11,3019.TW,SELL,39,120.56820678710938,4702.160064697266,0.0
2025-04-11,6415.TW,SELL,664,384.1298522949219,255062.22192382812,0.0
2025-04-14,6415.TW,BUY,595,422.2950134277344,251265.53298950195,0.0
2025-04-14,3019.TW,BUY,37,122.45208740234375,4530.727233886719,0.0
2025-04-14,2049.TW,BUY,34,189.15274047851562,6431.193176269531,0.0
2025-04-14,2883.TW,SELL,17641,14.22727108001709,250983.28912258148,0.0
2025-04-14,3661.TW,SELL,2,2191.9423828125,4383.884765625,0.0
2025-04-14,3665.TW,SELL,16,469.3851318359375,7510.162109375,0.0
2025-04-15,2049.TW,SELL,1328,201.92669677734375,268158.6533203125,0.0
2025-04-15,3019.TW,SELL,21,128.57469177246094,2700.0685272216797,0.0
2025-04-15,3661.TW,SELL,114,2319.7236328125,264448.494140625,0.0
2025-04-15,3665.TW,SELL,3,490.7208557128906,1472.1625671386719,0.0
2025-04-15,1216.TW,BUY,3728,70.06251525878906,261193.05688476562,0.0
2025-04-15,6415.TW,BUY,39,411.8863220214844,16063.56655883789,0.0
2025-04-15,6669.TW,BUY,443,588.4381713867188,260678.1099243164,0.0
2025-04-16,3661.TW,BUY,120,2132.96630859375,255955.95703125,0.0
2025-04-16,1216.TW,SELL,3728,71.17462158203125,265338.9892578125,0.0
2025-04-16,6415.TW,SELL,12,413.8689270019531,4966.4271240234375,0.0
2025-04-16,6669.TW,SELL,443,582.1109008789062,257875.12908935547,0.0
2025-04-16,2049.TW,BUY,1351,190.6266632080078,257536.62199401855,0.0
2025-04-16,3019.TW,BUY,56,123.3940200805664,6910.065124511719,0.0
2025-04-16,3665.TW,BUY,14,471.32476806640625,6598.5467529296875,0.0
2025-04-17,3045.TW,BUY,2512,105.32444763183594,264575.0124511719,0.0
2025-04-17,3661.TW,BUY,1,2177.198486328125,2177.198486328125,0.0
2025-04-17,3019.TW,BUY,73,122.45208740234375,8939.002380371094,0.0
2025-04-17,3665.TW,BUY,3,481.5076904296875,1444.5230712890625,0.0
2025-04-17,6415.TW,SELL,622,455.00799560546875,283014.97326660156,0.0
2025-04-17,2615.TW,BUY,3590,73.67765045166016,264502.76512145996,0.0
2025-04-17,2049.TW,SELL,1351,191.1179656982422,258200.3716583252,0.0
2025-04-18,2615.TW,SELL,3590,77.30113983154297,277511.09199523926,0.0
2025-04-18,3019.TW,SELL,13,125.7488784790039,1634.7354202270508,0.0
2025-04-18,3045.TW,SELL,2512,104.40458679199219,262264.3220214844,0.0
2025-04-18,3665.TW,SELL,11,501.3887023925781,5515.275726318359,0.0
2025-04-18,2891.TW,BUY,8043,33.57651901245117,270055.9424171448,0.0
2025-04-18,3661.TW,BUY,3,2167.368896484375,6502.106689453125,0.0
2025-04-18,6415.TW,BUY,636,424.2776184082031,269840.5653076172,0.0
2025-04-21,2049.TW,BUY,1471,176.87010192871094,260175.9199371338,0.0
2025-04-21,3665.TW,BUY,17,468.4153747558594,7963.061370849609,0.0
2025-04-21,3661.TW,BUY,1,2069.07568359375,2069.07568359375,0.0
2025-04-21,6415.TW,SELL,17,420.3124084472656,7145.310943603516,0.0
2025-04-21,2891.TW,SELL,8043,33.165374755859375,266749.10916137695,0.0
2025-04-21,3019.TW,BUY,28,119.62626647949219,3349.5354614257812,0.0
2025-04-22,2049.TW,SELL,1471,175.88748168945312,258730.48556518555,0.0
2025-04-22,3665.TW,SELL,11,466.96063232421875,5136.566955566406,0.0
2025-04-22,6415.TW,SELL,1,411.39068603515625,411.39068603515625,0.0
2025-04-22,2615.TW,BUY,3405,74.69966125488281,254352.34657287598,0.0
2025-04-22,3019.TW,BUY,20,115.85851287841797,2317.1702575683594,0.0
2025-04-22,3661.TW,BUY,4,1960.9527587890625,7843.81103515625,0.0
2025-04-23,2615.TW,BUY,72,75.8145751953125,5458.6494140625,0.0
2025-04-23,6415.TW,BUY,10,419.32110595703125,4193.2110595703125,0.0
2025-04-23,3661.TW,SELL,1,2049.416748046875,2049.416748046875,0.0
2025-04-23,3019.TW,SELL,9,120.56820678710938,1085.1138610839844,0.0
2025-04-23,3665.TW,SELL,13,495.5698547363281,6442.408111572266,0.0
2025-04-24,2615.TW,SELL,3477,76.00039672851562,264253.3794250488,0.0
2025-04-24,3019.TW,SELL,68,126.69081115722656,8614.975158691406,0.0
2025-04-24,3665.TW,SELL,11,515.935791015625,5675.293701171875,0.0
2025-04-24,3661.TW,BUY,1,2073.990234375,2073.990234375,0.0
2025-04-24,6415.TW,BUY,22,412.87762451171875,9083.307739257812,0.0
2025-04-24,6669.TW,BUY,454,590.02001953125,267869.0888671875,0.0
2025-04-25,6415.TW,BUY,10,411.39068603515625,4113.9068603515625,0.0
2025-04-25,3019.TW,BUY,18,127.16178131103516,2288.912063598633,0.0
2025-04-25,2615.TW,BUY,3556,76.37203216552734,271578.94638061523,0.0
2025-04-25,6669.TW,SELL,454,602.6746215820312,273614.2781982422,0.0
2025-04-25,3661.TW,SELL,2,2123.136962890625,4246.27392578125,0.0
2025-04-25,3665.TW,SELL,2,523.6941528320312,1047.3883056640625,0.0
2025-04-28,2615.TW,SELL,3556,76.46495056152344,271909.36419677734,0.0
2025-04-28,3661.TW,SELL,2,2152.625,4305.25,0.0
2025-04-28,2105.TW,BUY,6115,44.3072395324707,270938.76974105835,0.0
2025-04-28,3019.TW,BUY,2,126.69081115722656,253.38162231445312,0.0
2025-04-28,3665.TW,BUY,4,518.8451538085938,2075.380615234375,0.0
2025-04-28,6415.TW,BUY,8,405.44287109375,3243.54296875,0.0
2025-04-29,6415.TW,BUY,3,404.94720458984375,1214.8416137695312,0.0
2025-04-29,3661.TW,BUY,2,2137.880859375,4275.76171875,0.0
2025-04-29,3665.TW,BUY,1,519.81494140625,519.81494140625,0.0
2025-04-29,3019.TW,SELL,39,129.51661682128906,5051.148056030273,0.0
2025-04-29,2105.TW,SELL,6115,44.352176666259766,271213.56031417847,0.0
2025-04-29,2615.TW,BUY,3560,76.37203216552734,271884.43450927734,0.0
2025-04-30,2615.TW,SELL,3560,76.65077209472656,272876.74865722656,0.0
2025-04-30,3665.TW,SELL,7,520.7847900390625,3645.4935302734375,0.0
2025-04-30,3019.TW,BUY,14,127.16178131103516,1780.2649383544922,0.0
2025-04-30,3661.TW,BUY,1,2088.734130859375,2088.734130859375,0.0
2025-04-30,6415.TW,BUY,6,396.5211486816406,2379.1268920898438,0.0
2025-04-30,6669.TW,BUY,444,604.2564697265625,268289.87255859375,0.0
2025-05-02,6415.TW,BUY,20,407.9211120605469,8158.4222412109375,0.0
2025-05-02,3019.TW,BUY,123,127.16178131103516,15640.899101257324,0.0
2025-05-02,2412.TW,BUY,2387,119.11115264892578,284318.32137298584,0.0
2025-05-02,3665.TW,SELL,19,572.1843872070312,10871.503356933594,0.0
2025-05-02,3661.TW,SELL,3,2260.74755859375,6782.24267578125,0.0
2025-05-02,6669.TW,SELL,444,653.2929077148438,290062.0510253906,0.0
2025-05-05,2412.TW,SELL,2387,120.0380859375,286530.9111328125,0.0
2025-05-05,3665.TW,SELL,19,584.7918090820312,11111.044372558594,0.0
2025-05-05,2049.TW,BUY,1374,203.40060424804688,279472.4302368164,0.0
2025-05-05,3019.TW,BUY,157,116.80044555664062,18337.669952392578,0.0
2025-05-05,6415.TW,BUY,4,398.5037536621094,1594.0150146484375,0.0
2025-05-06,3008.TW,BUY,138,2022.6649169921875,279127.7585449219,0.0
2025-05-06,2049.TW,BUY,16,201.92669677734375,3230.8271484375,0.0
2025-05-06,3665.TW,BUY,7,578.9730224609375,4052.8111572265625,0.0
2025-05-06,3661.TW,SELL,125,2236.17431640625,279521.78955078125,0.0
2025-05-06,3019.TW,SELL,8,117.74238586425781,941.9390869140625,0.0
2025-05-06,6415.TW,SELL,19,411.39068603515625,7816.423034667969,0.0
2025-05-07,2049.TW,SELL,4,201.92669677734375,807.706787109375,0.0
2025-05-07,3008.TW,SELL,138,2013.0787353515625,277804.8654785156,0.0
2025-05-07,6415.TW,SELL,6,413.8689270019531,2483.2135620117188,0.0
2025-05-07,3019.TW,BUY,2,117.27142333984375,234.5428466796875,0.0
2025-05-07,3037.TW,BUY,3124,89.61200714111328,279947.9103088379,0.0
2025-05-07,3665.TW,BUY,5,571.214599609375,2856.072998046875,0.0
2025-05-08,6415.TW,BUY,16,406.4341735839844,6502.94677734375,0.0
2025-05-08,2615.TW,BUY,3585,78.50897216796875,281454.66522216797,0.0
2025-05-08,3019.TW,BUY,3,117.74238586425781,353.22715759277344,0.0
2025-05-08,3665.TW,SELL,11,586.7314453125,6454.0458984375,0.0
2025-05-08,3037.TW,SELL,3124,91.28791809082031,285183.45611572266,0.0
2025-05-08,2049.TW,BUY,14,200.94407653808594,2813.217071533203,0.0
2025-05-09,2615.TW,SELL,3585,80.46007537841797,288449.3702316284,0.0
2025-05-09,3019.TW,SELL,94,125.27789306640625,11776.121948242188,0.0
2025-05-09,2049.TW,BUY,7,204.38320922851562,1430.6824645996094,0.0
2025-05-09,3661.TW,BUY,127,2260.74755859375,287114.93994140625,0.0
2025-05-09,3665.TW,BUY,4,595.4596557617188,2381.838623046875,0.0
2025-05-09,6415.TW,BUY,23,401.9732971191406,9245.385833740234,0.0
2025-05-12,6415.TW,BUY,41,395.52984619140625,16216.723693847656,0.0
2025-05-12,2049.TW,SELL,44,219.6136932373047,9663.002502441406,0.0
2025-05-12,3019.TW,SELL,18,131.4005126953125,2365.209228515625,0.0
2025-05-12,3661.TW,SELL,127,2486.822265625,315826.427734375,0.0
2025-05-12,1216.TW,BUY,4022,74.41825103759766,299310.2056732178,0.0
2025-05-12,3665.TW,BUY,21,593.5200805664062,12463.921691894531,0.0
2025-05-13,6415.TW,BUY,11,396.5211486816406,4361.732635498047,0.0
2025-05-13,3665.TW,BUY,8,593.5200805664062,4748.16064453125,0.0
2025-05-13,3019.TW,BUY,12,132.81341552734375,1593.760986328125,0.0
2025-05-13,2049.TW,SELL,89,238.77462768554688,21250.941864013672,0.0
2025-05-13,1216.TW,BUY,148,72.93544006347656,10794.445129394531,0.0
2025-05-14,1216.TW,SELL,4170,72.7500991821289,303367.91358947754,0.0
2025-05-14,3665.TW,SELL,22,623.583984375,13718.84765625,0.0
2025-05-14,2049.TW,BUY,14,237.30072021484375,3322.2100830078125,0.0
2025-05-14,3019.TW,BUY,3,133.2843780517578,399.85313415527344,0.0
2025-05-14,3661.TW,BUY,112,2707.982666015625,303294.05859375,0.0
2025-05-14,6415.TW,BUY,19,388.5907287597656,7383.223846435547,0.0
2025-05-15,3665.TW,BUY,18,596.4295043945312,10735.731079101562,0.0
2025-05-15,6415.TW,SELL,10,390.5733337402344,3905.7333374023438,0.0
2025-05-15,3661.TW,BUY,1,2673.579833984375,2673.579833984375,0.0
2025-05-15,2049.TW,SELL,18,238.77462768554688,4297.943298339844,0.0
2025-05-15,3019.TW,SELL,33,134.226318359375,4429.468505859375,0.0
2025-05-16,3661.TW,SELL,113,2683.4091796875,303225.2373046875,0.0
2025-05-16,3665.TW,SELL,6,602.248291015625,3613.48974609375,0.0
2025-05-16,2049.TW,BUY,2,237.79202270507812,475.58404541015625,0.0
2025-05-16,3019.TW,BUY,10,133.2843780517578,1332.8437805175781,0.0
2025-05-16,6415.TW,BUY,10,384.6255187988281,3846.2551879882812,0.0
2025-05-16,6505.TW,BUY,8031,37.68581771850586,302654.80209732056,0.0
2025-05-19,3019.TW,BUY,15,128.57469177246094,1928.620376586914,0.0
2025-05-19,2474.TW,BUY,1513,194.1405792236328,293734.69636535645,0.0
2025-05-19,3665.TW,BUY,4,579.94287109375,2319.771484375,0.0
2025-05-19,6415.TW,SELL,11,378.67767333984375,4165.454406738281,0.0
2025-05-19,6505.TW,SELL,8031,36.585853576660156,293820.9900741577,0.0
2025-05-20,3019.TW,BUY,4,128.1037139892578,512.4148559570312,0.0
2025-05-20,2615.TW,BUY,2817,104.0592269897461,293134.84243011475,0.0
2025-05-20,2049.TW,BUY,25,226.00067138671875,5650.016784667969,0.0
2025-05-20,3665.TW,SELL,3,581.8823852539062,1745.6471557617188,0.0
2025-05-20,2474.TW,SELL,1513,194.5973663330078,294425.8152618408,0.0
2025-05-20,6415.TW,SELL,8,382.1472473144531,3057.177978515625,0.0
2025-05-21,6415.TW,BUY,7,384.1298522949219,2688.908966064453,0.0
2025-05-21,2615.TW,SELL,2817,106.84652709960938,300986.6668395996,0.0
2025-05-21,3665.TW,SELL,6,598.3690795898438,3590.2144775390625,0.0
2025-05-21,2049.TW,BUY,5,228.4571990966797,1142.2859954833984,0.0
2025-05-21,3019.TW,BUY,25,128.57469177246094,3214.3672943115234,0.0
2025-05-21,3661.TW,BUY,101,2929.142578125,295843.400390625,0.0
2025-05-22,6415.TW,BUY,10,376.695068359375,3766.95068359375,0.0
2025-05-22,3661.TW,BUY,2,2850.508056640625,5701.01611328125,0.0
2025-05-22,2049.TW,BUY,3,226.4919891357422,679.4759674072266,0.0
2025-05-22,3019.TW,SELL,64,131.4005126953125,8409.6328125,0.0
2025-05-22,3665.TW,SELL,3,598.3690795898438,1795.1072387695312,0.0
2025-05-23,2049.TW,SELL,2,226.4919891357422,452.9839782714844,0.0
2025-05-23,3661.TW,SELL,2,2919.313232421875,5838.62646484375,0.0
2025-05-23,3665.TW,SELL,7,606.1275024414062,4242.892517089844,0.0
2025-05-23,6415.TW,SELL,784,367.2777099609375,287945.724609375,0.0
2025-05-23,2615.TW,BUY,2512,117.53117370605469,295238.3083496094,0.0
2025-05-23,3019.TW,BUY,38,129.045654296875,4903.73486328125,0.0
2025-05-26,2615.TW,BUY,141,108.70472717285156,15327.36653137207,0.0
2025-05-26,3661.TW,BUY,1,2806.27587890625,2806.27587890625,0.0
2025-05-26,3019.TW,SELL,53,129.045654296875,6839.419677734375,0.0
2025-05-26,2049.TW,SELL,16,224.0354461669922,3584.567138671875,0.0
2025-05-26,3665.TW,SELL,15,610.9765625,9164.6484375,0.0
2025-05-27,2049.TW,SELL,2,223.0528564453125,446.105712890625,0.0
2025-05-27,2615.TW,SELL,38,109.63382720947266,4166.085433959961,0.0
2025-05-27,3019.TW,BUY,37,126.2198486328125,4670.1343994140625,0.0
2025-05-27,3665.TW,BUY,3,603.2180786132812,1809.6542358398438,0.0
2025-05-28,2049.TW,SELL,6,219.6136932373047,1317.6821594238281,0.0
2025-05-28,3661.TW,SELL,2,2806.27587890625,5612.5517578125,0.0
2025-05-28,3665.TW,SELL,6,598.3690795898438,3590.2144775390625,0.0
2025-05-28,2615.TW,BUY,72,104.52377319335938,7525.711669921875,0.0
2025-05-28,3019.TW,BUY,22,122.45208740234375,2693.9459228515625,0.0
2025-05-29,3661.TW,BUY,2,2762.0439453125,5524.087890625,0.0
2025-05-29,2882.TW,BUY,5155,54.761749267578125,282296.81747436523,0.0
2025-05-29,2615.TW,BUY,126,100.34282684326172,12643.196182250977,0.0
2025-05-29,3019.TW,SELL,58,126.2198486328125,7320.751220703125,0.0
2025-05-29,3665.TW,SELL,469,625.5236206054688,293370.57806396484,0.0
2025-06-02,2615.TW,SELL,81,102.2010269165039,8278.283180236816,0.0
2025-06-02,2882.TW,SELL,5155,55.31119918823242,285129.23181533813,0.0
2025-06-02,2049.TW,BUY,30,213.22671508789062,6396.801452636719,0.0
2025-06-02,3019.TW,BUY,18,123.864990234375,2229.56982421875,0.0
2025-06-02,3661.TW,BUY,2,2673.579833984375,5347.15966796875,0.0
2025-06-02,3665.TW,BUY,451,618.7349853515625,279049.4783935547,0.0
2025-06-03,3019.TW,BUY,25,123.3940200805664,3084.85050201416,0.0
2025-06-03,3661.TW,BUY,1,2673.579833984375,2673.579833984375,0.0
2025-06-03,6505.TW,BUY,8201,34.29026794433594,281214.487411499,0.0
2025-06-03,2049.TW,BUY,3,214.20933532714844,642.6280059814453,0.0
2025-06-03,2615.TW,SELL,30,104.0592269897461,3121.776809692383,0.0
2025-06-03,3665.TW,SELL,451,629.40283203125,283860.67724609375,0.0
2025-06-04,2049.TW,SELL,1312,221.08763122558594,290066.97216796875,0.0
2025-06-04,3019.TW,SELL,68,129.9875946044922,8839.156433105469,0.0
2025-06-04,3661.TW,SELL,1,2757.129150390625,2757.129150390625,0.0
2025-06-04,6505.TW,SELL,8201,34.86416244506836,285920.9962120056,0.0
2025-06-04,2105.TW,BUY,6755,42.554725646972656,287457.1717453003,0.0
2025-06-04,2615.TW,BUY,123,101.7364730834961,12513.58618927002,0.0
2025-06-04,3665.TW,BUY,470,610.9765625,287158.984375,0.0
2025-06-05,3037.TW,BUY,2813,101.54055786132812,285633.589263916,0.0
2025-06-05,2615.TW,BUY,131,96.62642669677734,12658.061897277832,0.0
2025-06-05,3665.TW,SELL,12,623.583984375,7483.0078125,0.0
2025-06-05,2105.TW,SELL,6755,42.95915222167969,290189.0732574463,0.0
2025-06-05,3019.TW,SELL,13,129.9875946044922,1689.8387298583984,0.0
2025-06-06,3037.TW,SELL,2813,101.54055786132812,285633.589263916,0.0
2025-06-06,3661.TW,SELL,2,2747.2998046875,5494.599609375,0.0
2025-06-06,2049.TW,BUY,1291,217.6484832763672,280984.19190979004,0.0
2025-06-06,2615.TW,BUY,23,94.30367279052734,2168.984474182129,0.0
2025-06-06,3019.TW,BUY,20,126.69081115722656,2533.8162231445312,0.0
2025-06-06,3665.TW,BUY,11,598.3690795898438,6582.059875488281,0.0
2025-06-09,3661.TW,BUY,2,2678.49462890625,5356.9892578125,0.0
2025-06-09,3037.TW,BUY,2834,98.58306884765625,279384.4171142578,0.0
2025-06-09,2615.TW,BUY,28,92.91002655029297,2601.480743408203,0.0
2025-06-09,3665.TW,SELL,8,605.15771484375,4841.26171875,0.0
2025-06-09,3019.TW,SELL,2218,129.045654296875,286223.26123046875,0.0
2025-06-09,2049.TW,BUY,16,213.71803283691406,3419.488525390625,0.0
2025-06-10,3037.TW,SELL,2834,105.48387908935547,298941.3133392334,0.0
2025-06-10,3665.TW,SELL,10,635.2216186523438,6352.2161865234375,0.0
2025-06-10,2049.TW,BUY,47,211.7528076171875,9952.381958007812,0.0
2025-06-10,2615.TW,BUY,49,93.83912658691406,4598.117202758789,0.0
2025-06-10,2882.TW,BUY,4744,60.439388275146484,286724.4579772949,0.0
2025-06-10,3661.TW,BUY,1,2707.982666015625,2707.982666015625,0.0
2025-06-11,3665.TW,BUY,6,647.8290405273438,3886.9742431640625,0.0
2025-06-11,3019.TW,BUY,2230,132.81341552734375,296173.91662597656,0.0
2025-06-11,2883.TW,BUY,20114,14.725679397583008,296192.3154029846,0.0
2025-06-11,3661.TW,BUY,1,2791.531982421875,2791.531982421875,0.0
2025-06-11,2615.TW,SELL,63,98.94917297363281,6233.797897338867,0.0
2025-06-11,2049.TW,SELL,1354,216.66587829589844,293365.5992126465,0.0
2025-06-11,2882.TW,SELL,4744,62.63718795776367,297150.81967163086,0.0
2025-06-12,2883.TW,SELL,20114,14.952227592468262,300749.1057949066,0.0
2025-06-12,3019.TW,SELL,2230,141.29086303710938,315078.6245727539,0.0
2025-06-12,3665.TW,SELL,11,671.1044311523438,7382.148742675781,0.0
2025-06-12,2615.TW,BUY,152,95.23277282714844,14475.381469726562,0.0
2025-06-12,2882.TW,BUY,4775,62.728759765625,299529.8278808594,0.0
2025-06-12,3661.TW,BUY,3,2732.555908203125,8197.667724609375,0.0
2025-06-12,6415.TW,BUY,784,381.651611328125,299214.86328125,0.0
2025-06-13,3443.TW,BUY,275,1090.0340576171875,299759.36584472656,0.0
2025-06-13,3661.TW,BUY,6,2590.030517578125,15540.18310546875,0.0
2025-06-13,3019.TW,BUY,2237,134.226318359375,300264.2741699219,0.0
2025-06-13,6415.TW,SELL,784,376.1994323730469,294940.35498046875,0.0
2025-06-13,3665.TW,SELL,35,729.2926635742188,25525.243225097656,0.0
2025-06-13,2882.TW,SELL,4775,63.1866340637207,301716.17765426636,0.0
2025-06-13,2615.TW,BUY,55,93.83912658691406,5161.151962280273,0.0
2025-06-16,2615.TW,SELL,20,94.30367279052734,1886.0734558105469,0.0
2025-06-16,3443.TW,SELL,275,1065.1474609375,292915.5517578125,0.0
2025-06-16,3665.TW,SELL,8,742.869873046875,5942.958984375,0.0
2025-06-16,2882.TW,BUY,4867,61.629859924316406,299952.52825164795,0.0
2025-06-16,3019.TW,BUY,13,133.2843780517578,1732.6969146728516,0.0
2025-06-17,3019.TW,BUY,55,131.4005126953125,7227.0281982421875,0.0
2025-06-17,2882.TW,BUY,168,60.1646614074707,10107.663116455078,0.0
2025-06-17,2615.TW,BUY,32,94.30367279052734,3017.717529296875,0.0
2025-06-17,3661.TW,SELL,6,2766.95849609375,16601.7509765625,0.0
2025-06-17,3665.TW,SELL,4,757.4169311523438,3029.667724609375,0.0
2025-06-18,2615.TW,SELL,23,95.69732666015625,2201.0385131835938,0.0
2025-06-18,2882.TW,SELL,5035,61.629859924316406,310306.3447189331,0.0
2025-06-18,3019.TW,BUY,25,130.92953491210938,3273.2383728027344,0.0
2025-06-18,3443.TW,BUY,287,1060.1700439453125,304268.8026123047,0.0
2025-06-18,3661.TW,BUY,1,2757.129150390625,2757.129150390625,0.0
2025-06-18,3665.TW,BUY,1,761.2962036132812,761.2962036132812,0.0
2025-06-19,2882.TW,BUY,4988,60.62253189086914,302385.1890716553,0.0
2025-06-19,3019.TW,BUY,22,128.57469177246094,2828.6432189941406,0.0
2025-06-19,3665.TW,BUY,4,746.7490844726562,2986.996337890625,0.0
2025-06-19,2615.TW,BUY,72,92.72419738769531,6676.1422119140625,0.0
2025-06-19,3443.TW,SELL,287,1060.1700439453125,304268.8026123047,0.0
2025-06-19,3661.TW,SELL,3,2821.02001953125,8463.06005859375,0.0
2025-06-20,2615.TW,SELL,16,92.63128662109375,1482.1005859375,0.0
2025-06-20,3019.TW,SELL,2352,129.9875946044922,305730.8225097656,0.0
2025-06-20,2882.TW,BUY,16,60.07308578491211,961.1693725585938,0.0
2025-06-20,3661.TW,BUY,2,2752.21435546875,5504.4287109375,0.0
2025-06-20,3665.TW,BUY,1,741.900146484375,741.900146484375,0.0
2025-06-20,9910.TW,BUY,2760,108.9140396118164,300602.7493286133,0.0
2025-06-23,9910.TW,BUY,79,105.57018280029297,8340.044441223145,0.0
2025-06-23,2615.TW,BUY,70,90.40145111083984,6328.101577758789,0.0
2025-06-23,3019.TW,BUY,2357,127.16178131103516,299720.31855010986,0.0
2025-06-23,3661.TW,SELL,2,2781.702392578125,5563.40478515625,0.0
2025-06-23,2882.TW,SELL,5004,60.34781265258789,301980.4545135498,0.0
2025-06-23,3665.TW,SELL,11,760.3263549804688,8363.589904785156,0.0
2025-06-24,3019.TW,SELL,2357,137.35414123535156,323743.71089172363,0.0
2025-06-24,9910.TW,SELL,2839,109.39173126220703,310563.12505340576,0.0
2025-06-24,2615.TW,BUY,51,91.1724624633789,4649.795585632324,0.0
2025-06-24,2882.TW,BUY,5040,60.89725875854492,306922.1841430664,0.0
2025-06-24,3661.TW,BUY,5,2722.7265625,13613.6328125,0.0
2025-06-24,3665.TW,BUY,3,772.9337768554688,2318.8013305664062,0.0
2025-06-24,6415.TW,BUY,857,357.8603210449219,306686.29513549805,0.0
2025-06-25,3037.TW,BUY,2777,112.38469696044922,312092.3034591675,0.0
2025-06-25,3019.TW,BUY,2296,135.89808654785156,312022.0067138672,0.0
2025-06-25,2882.TW,BUY,85,60.89725875854492,5176.266994476318,0.0
2025-06-25,2615.TW,BUY,32,91.84710693359375,2939.107421875,0.0
2025-06-25,6415.TW,SELL,857,365.29510498046875,313057.9049682617,0.0
2025-06-25,3665.TW,SELL,397,785.541259765625,311859.8801269531,0.0
2025-06-25,3661.TW,SELL,112,2830.849365234375,317055.12890625,0.0
2025-06-25,2357.TW,BUY,498,626.0399780273438,311767.9090576172,0.0
2025-06-26,2882.TW,SELL,5125,61.080406188964844,313037.0817184448,0.0
2025-06-26,3019.TW,SELL,2296,136.86878967285156,314250.7410888672,0.0
2025-06-26,3037.TW,SELL,26,112.38469696044922,2922.0021209716797,0.0
2025-06-26,2357.TW,BUY,15,602.5399780273438,9038.099670410156,0.0
2025-06-26,2615.TW,BUY,33,90.11231994628906,2973.706558227539,0.0
2025-06-26,3661.TW,BUY,109,2830.849365234375,308562.5808105469,0.0
2025-06-26,3665.TW,BUY,397,778.7526245117188,309164.79193115234,0.0
2025-06-27,6669.TW,BUY,376,824.3240966796875,309945.8603515625,0.0
2025-06-27,3037.TW,BUY,37,111.39886474609375,4121.757995605469,0.0
2025-06-27,3019.TW,BUY,2318,133.95668029785156,310511.5849304199,0.0
2025-06-27,3661.TW,SELL,109,2948.80126953125,321419.33837890625,0.0
2025-06-27,2357.TW,BUY,3,601.5999755859375,1804.7999267578125,0.0
2025-06-27,3665.TW,SELL,397,784.5714111328125,311474.85021972656,0.0
2025-06-27,2615.TW,BUY,72,88.66666412353516,6383.999816894531,0.0
2025-06-30,6415.TW,BUY,877,352.4081726074219,309061.967376709,0.0
2025-06-30,2882.TW,BUY,5097,60.63447952270508,309053.9421272278,0.0
2025-06-30,2615.TW,BUY,100,85.77536010742188,8577.536010742188,0.0
2025-06-30,1303.TW,BUY,11650,26.5306339263916,309081.88524246216,0.0
2025-06-30,6669.TW,SELL,376,824.3240966796875,309945.8603515625,0.0
2025-06-30,3019.TW,SELL,2318,132.98599243164062,308261.53045654297,0.0
2025-06-30,2357.TW,SELL,516,605.3599853515625,312365.75244140625,0.0
2025-06-30,3037.TW,SELL,38,112.38469696044922,4270.61848449707,0.0
2025-07-01,6669.TW,BUY,389,798.2584838867188,310522.5502319336,0.0
2025-07-01,3037.TW,BUY,62,110.41303253173828,6845.608016967773,0.0
2025-07-01,3019.TW,BUY,2369,131.04458618164062,310444.62466430664,0.0
2025-07-01,3665.TW,BUY,377,822.393798828125,310042.4621582031,0.0
2025-07-01,2882.TW,SELL,5097,61.21379470825195,312006.7116279602,0.0
2025-07-01,2615.TW,SELL,70,87.8956527709961,6152.695693969727,0.0
2025-07-01,1303.TW,SELL,11650,26.822179794311523,312478.39460372925,0.0
2025-07-01,6415.TW,SELL,877,350.92120361328125,307757.89556884766,0.0
2025-07-02,2615.TW,SELL,30,88.66666412353516,2659.9999237060547,0.0
2025-07-02,6669.TW,SELL,389,811.291259765625,315592.3000488281,0.0
2025-07-02,3019.TW,BUY,19,130.07388305664062,2471.403778076172,0.0
2025-07-02,3037.TW,BUY,1,110.41303253173828,110.41303253173828,0.0
2025-07-02,3665.TW,BUY,6,809.7863159179688,4858.7178955078125,0.0
2025-07-02,6415.TW,BUY,895,346.95599365234375,310525.61431884766,0.0
2025-07-03,3661.TW,BUY,101,3120.814697265625,315202.2844238281,0.0
2025-07-03,6669.TW,BUY,394,804.77490234375,317081.3115234375,0.0
2025-07-03,2357.TW,BUY,529,600.6599731445312,317749.12579345703,0.0
2025-07-03,2615.TW,BUY,57,89.24492645263672,5086.960807800293,0.0
2025-07-03,3665.TW,SELL,383,841.7899169921875,322405.5382080078,0.0
2025-07-03,3037.TW,SELL,59,115.3421859741211,6805.1889724731445,0.0
2025-07-03,3019.TW,SELL,2388,131.04458618164062,312934.4718017578,0.0
2025-07-03,6415.TW,SELL,895,352.4081726074219,315405.3144836426,0.0
2025-07-04,3037.TW,SELL,46,116.32801055908203,5351.088485717773,0.0
2025-07-04,3661.TW,SELL,1,3135.55859375,3135.55859375,0.0
2025-07-04,6669.TW,SELL,394,799.8875732421875,315155.7038574219,0.0
2025-07-04,2357.TW,BUY,7,587.5,4112.5,0.0
2025-07-04,2615.TW,BUY,68,86.83551025390625,5904.814697265625,0.0
2025-07-04,3019.TW,BUY,2576,122.30828094482422,315066.1317138672,0.0
2025-07-07,3665.TW,BUY,376,835.001220703125,313960.458984375,0.0
2025-07-07,3037.TW,BUY,62,113.37052154541016,7028.97233581543,0.0
2025-07-07,3019.TW,BUY,22,120.85222625732422,2658.748977661133,0.0
2025-07-07,3661.TW,SELL,1,3165.046630859375,3165.046630859375,0.0
2025-07-07,2357.TW,SELL,536,595.02001953125,318930.73046875,0.0
2025-07-07,2615.TW,SELL,8,86.73912811279297,693.9130249023438,0.0
2025-07-08,3037.TW,SELL,2770,114.35635375976562,316767.0999145508,0.0
2025-07-08,3665.TW,SELL,376,852.457763671875,320524.119140625,0.0
2025-07-08,2615.TW,BUY,48,85.77536010742188,4117.21728515625,0.0
2025-07-08,3019.TW,BUY,26,119.88152313232422,3116.9196014404297,0.0
2025-07-08,3443.TW,BUY,259,1214.4671630859375,314546.9952392578,0.0
2025-07-08,9904.TW,BUY,11424,27.539400100708008,314610.1067504883,0.0
2025-07-09,6415.TW,BUY,939,340.5125427246094,319741.2776184082,0.0
2025-07-09,9904.TW,BUY,338,27.20760154724121,9196.16932296753,0.0
2025-07-09,1303.TW,BUY,11996,26.676408767700195,320010.19957733154,0.0
2025-07-09,3661.TW,SELL,3,3307.572021484375,9922.716064453125,0.0
2025-07-09,3443.TW,SELL,259,1219.4444580078125,315836.11462402344,0.0
2025-07-09,3019.TW,SELL,2624,122.30828094482422,320936.92919921875,0.0
2025-07-09,2615.TW,SELL,36,88.08840942382812,3171.1827392578125,0.0
2025-07-10,9904.TW,BUY,129,26.828399658203125,3460.863555908203,0.0
2025-07-10,3665.TW,BUY,361,883.4915161132812,318940.43731689453,0.0
2025-07-10,2615.TW,BUY,79,85.9681167602539,6791.481224060059,0.0
2025-07-10,9910.TW,BUY,2829,112.73558044433594,318928.95707702637,0.0
2025-07-10,3661.TW,SELL,3,3400.95068359375,10202.85205078125,0.0
2025-07-10,1303.TW,SELL,11996,26.5306339263916,318261.48458099365,0.0
2025-07-10,6415.TW,SELL,939,340.5125427246094,319741.2776184082,0.0
2025-07-11,9904.TW,SELL,11891,26.828399658203125,319016.50033569336,0.0
2025-07-11,9910.TW,SELL,2829,116.55712890625,329740.11767578125,0.0
2025-07-11,2615.TW,BUY,13,85.77536010742188,1115.0796813964844,0.0
2025-07-11,3037.TW,BUY,2581,123.7466049194336,319389.9872970581,0.0
2025-07-11,3661.TW,BUY,1,3371.462646484375,3371.462646484375,0.0
2025-07-11,3665.TW,BUY,6,868.9443969726562,5213.6663818359375,0.0
2025-07-11,6415.TW,BUY,947,337.04296875,319179.69140625,0.0
2025-07-14,3661.TW,BUY,2,3253.5107421875,6507.021484375,0.0
2025-07-14,3665.TW,BUY,3,847.6087036132812,2542.8261108398438,0.0
2025-07-14,3443.TW,BUY,259,1209.48974609375,313257.84423828125,0.0
2025-07-14,9910.TW,BUY,2749,114.16866302490234,313849.65465545654,0.0
2025-07-14,6415.TW,SELL,947,335.06036376953125,317302.1644897461,0.0
2025-07-14,2615.TW,SELL,3724,86.73912811279297,323016.513092041,0.0
2025-07-14,3037.TW,BUY,40,119.7547836303711,4790.191345214844,0.0
2025-07-15,3037.TW,SELL,2621,131.73025512695312,345264.99868774414,0.0
2025-07-15,2889.TW,BUY,21782,14.729645729064941,320841.14327049255,0.0
2025-07-15,3443.TW,BUY,8,1199.53515625,9596.28125,0.0
2025-07-15,3665.TW,BUY,3,858.276611328125,2574.829833984375,0.0
2025-07-15,9910.TW,BUY,97,112.73558044433594,10935.351303100586,0.0
2025-07-16,6669.TW,BUY,401,816.1785888671875,327287.6141357422,0.0
2025-07-16,3665.TW,BUY,10,855.3671264648438,8553.671264648438,0.0
2025-07-16,3037.TW,BUY,2426,135.22311401367188,328051.27459716797,0.0
2025-07-16,2615.TW,BUY,3648,89.91957092285156,328026.5947265625,0.0
2025-07-16,2357.TW,BUY,549,596.9000244140625,327698.1134033203,0.0
2025-07-16,3661.TW,SELL,96,3538.5615234375,339701.90625,0.0
2025-07-16,3443.TW,SELL,267,1229.3990478515625,328249.5457763672,0.0
2025-07-16,2889.TW,SELL,21782,14.821133613586426,322833.9323711395,0.0
2025-07-16,9910.TW,SELL,2846,114.64635467529297,326283.5254058838,0.0
2025-07-17,2357.TW,SELL,549,601.5999755859375,330278.3865966797,0.0
2025-07-17,3665.TW,SELL,3,854.5121459960938,2563.5364379882812,0.0
2025-07-17,2615.TW,BUY,11,88.95580291748047,978.5138320922852,0.0
2025-07-17,3037.TW,BUY,17,133.22718811035156,2264.8621978759766,0.0
2025-07-17,3661.TW,BUY,88,3690.916259765625,324800.630859375,0.0
2025-07-17,6669.TW,BUY,5,799.8875732421875,3999.4378662109375,0.0
2025-07-18,3665.TW,BUY,4,863.4339599609375,3453.73583984375,0.0
2025-07-18,9910.TW,BUY,2886,115.1240463256836,332247.99769592285,0.0
2025-07-18,2887.TW,BUY,20299,16.368377685546875,332261.698638916,0.0
2025-07-18,3037.TW,BUY,60,132.72821044921875,7963.692626953125,0.0
2025-07-18,3661.TW,SELL,2,3862.9296875,7725.859375,0.0
2025-07-18,2615.TW,SELL,3659,88.5702896118164,324078.68968963623,0.0
2025-07-18,6669.TW,SELL,406,843.8732299804688,342612.5313720703,0.0
2025-07-21,3443.TW,BUY,276,1189.58056640625,328324.236328125,0.0
2025-07-21,3661.TW,BUY,2,3715.489501953125,7430.97900390625,0.0
2025-07-21,2887.TW,BUY,230,16.004636764526367,3681.0664558410645,0.0
2025-07-21,2889.TW,BUY,21898,15.004110336303711,328560.00814437866,0.0
2025-07-21,9910.TW,SELL,2886,115.60173797607422,333626.6157989502,0.0
2025-07-21,3665.TW,SELL,384,860.4600219726562,330416.6484375,0.0
2025-07-21,3037.TW,SELL,2503,133.22718811035156,333467.65184020996,0.0
2025-07-21,2615.TW,BUY,3733,87.99203491210938,328474.2663269043,0.0
2025-07-22,3443.TW,BUY,1,1164.69384765625,1164.69384765625,0.0
2025-07-22,2887.TW,SELL,20529,15.731829643249512,322958.7307462692,0.0
2025-07-22,2889.TW,SELL,21898,14.821133613586426,324553.18387031555,0.0
2025-07-22,2615.TW,BUY,10,86.25724792480469,862.5724792480469,0.0
2025-07-22,3037.TW,BUY,2518,128.23741149902344,322901.802154541,0.0
2025-07-22,3665.TW,BUY,398,810.8943481445312,322735.95056152344,0.0
2025-07-23,6669.TW,BUY,413,796.62939453125,329007.93994140625,0.0
2025-07-23,3665.TW,BUY,4,818.8248901367188,3275.299560546875,0.0
2025-07-23,2615.TW,BUY,5,87.8956527709961,439.47826385498047,0.0
2025-07-23,3443.TW,SELL,277,1189.58056640625,329513.81689453125,0.0
2025-07-23,3037.TW,SELL,8,131.2312774658203,1049.8502197265625,0.0
2025-07-23,3661.TW,SELL,1,3759.7216796875,3759.7216796875,0.0
2025-07-24,3037.TW,BUY,36,132.22923278808594,4760.252380371094,0.0
2025-07-24,3661.TW,SELL,87,3907.161865234375,339923.0822753906,0.0
2025-07-24,3665.TW,SELL,3,842.6163940429688,2527.8491821289062,0.0
2025-07-24,6669.TW,SELL,413,817.8076782226562,337754.57110595703,0.0
2025-07-24,2615.TW,BUY,57,88.47391510009766,5043.013160705566,0.0
2025-07-24,2889.TW,BUY,22506,14.958366394042969,336652.99406433105,0.0
2025-07-24,3443.TW,BUY,284,1184.6031494140625,336427.29443359375,0.0
2025-07-25,3665.TW,BUY,7,825.7640380859375,5780.3482666015625,0.0
2025-07-25,3661.TW,BUY,87,3818.69775390625,332226.70458984375,0.0
2025-07-25,3037.TW,BUY,19,130.7322998046875,2483.9136962890625,0.0
2025-07-25,2615.TW,SELL,7,88.28115844726562,617.9681091308594,0.0
2025-07-25,3443.TW,SELL,284,1219.4444580078125,346322.22607421875,0.0
2025-07-25,2889.TW,BUY,261,14.729645729064941,3844.4375352859497,0.0
2025-07-28,2615.TW,BUY,42,88.18478393554688,3703.7609252929688,0.0
2025-07-28,3665.TW,SELL,17,868.3905639648438,14762.639587402344,0.0
2025-07-28,2887.TW,BUY,22846,14.82247543334961,338634.2737503052,0.0
2025-07-28,3037.TW,SELL,14,132.72821044921875,1858.1949462890625,0.0
2025-07-28,3661.TW,SELL,87,3813.783203125,331799.138671875,0.0
2025-07-28,2889.TW,BUY,585,14.500924110412598,8483.04060459137,0.0
2025-07-29,2889.TW,BUY,634,14.20549201965332,9006.281940460205,0.0
2025-07-29,3661.TW,BUY,90,3749.89208984375,337490.2880859375,0.0
2025-07-29,2615.TW,BUY,58,87.41376495361328,5069.99836730957,0.0
2025-07-29,1303.TW,BUY,9550,35.6777458190918,340722.47257232666,0.0
2025-07-29,3665.TW,SELL,389,880.2863159179688,342431.37689208984,0.0
2025-07-29,3037.TW,SELL,2551,139.7139129638672,356410.1919708252,0.0
2025-07-29,2887.TW,SELL,22846,14.731539726257324,336556.7565860748,0.0
2025-07-29,1301.TW,BUY,8865,38.43533706665039,340729.2630958557,0.0
2025-07-30,3661.TW,BUY,5,3686.00146484375,18430.00732421875,0.0
2025-07-30,1301.TW,SELL,8865,42.24915313720703,374538.74256134033,0.0
2025-07-30,1303.TW,SELL,9550,38.51405715942383,367809.24587249756,0.0
2025-07-30,2615.TW,BUY,128,87.22101593017578,11164.2900390625,0.0
2025-07-30,2889.TW,BUY,902,14.109509468078613,12726.77754020691,0.0
2025-07-30,3037.TW,BUY,2478,141.70982360839844,351156.9429016113,0.0
2025-07-30,3665.TW,BUY,403,870.3731689453125,350760.38708496094,0.0
2025-07-31,3037.TW,BUY,87,137.21902465820312,11938.055145263672,0.0
2025-07-31,2889.TW,BUY,315,13.965534210205078,4399.1432762146,0.0
2025-07-31,2615.TW,BUY,91,85.4862289428711,7779.2468338012695,0.0
2025-07-31,3665.TW,SELL,403,903.0864868164062,363943.8541870117,0.0
2025-07-31,3661.TW,SELL,3,3818.69775390625,11456.09326171875,0.0
2025-07-31,1303.TW,BUY,8636,40.75324630737305,351945.03511047363,0.0
2025-08-04,1303.TW,BUY,507,37.46910095214844,18996.834182739258,0.0
2025-08-04,3037.TW,SELL,23,134.72413635253906,3098.6551361083984,0.0
2025-08-04,3665.TW,BUY,406,842.6163940429688,342102.2559814453,0.0
2025-08-04,2615.TW,SELL,105,85.38985443115234,8965.934715270996,0.0
2025-08-04,2889.TW,SELL,25203,13.965534210205078,351973.3586997986,0.0
2025-08-05,3661.TW,BUY,1,3686.00146484375,3686.00146484375,0.0
2025-08-05,3037.TW,BUY,3,135.22311401367188,405.6693420410156,0.0
2025-08-05,2615.TW,BUY,9,85.58261108398438,770.2434997558594,0.0
2025-08-05,1301.TW,BUY,9277,37.098026275634766,344158.3897590637,0.0
2025-08-05,3665.TW,SELL,406,877.3123779296875,356188.8254394531,0.0
2025-08-05,1303.TW,BUY,254,36.62318420410156,9302.288787841797,0.0
2025-08-06,1301.TW,SELL,9277,38.03909683227539,352888.7013130188,0.0
2025-08-06,1303.TW,SELL,114,37.12078094482422,4231.769027709961,0.0
2025-08-06,2615.TW,BUY,51,84.61884307861328,4315.560997009277,0.0
2025-08-06,3019.TW,BUY,2327,148.03184509277344,344470.1035308838,0.0
2025-08-06,3037.TW,BUY,31,133.72616577148438,4145.511138916016,0.0
2025-08-06,3661.TW,BUY,1,3646.684326171875,3646.684326171875,0.0
2025-08-07,3019.TW,BUY,83,142.6929931640625,11843.518432617188,0.0
2025-08-07,2317.TW,BUY,1821,188.87535095214844,343942.0140838623,0.0
2025-08-07,1303.TW,BUY,20,36.97150421142578,739.4300842285156,0.0
2025-08-07,2615.TW,SELL,12,84.71521759033203,1016.5826110839844,0.0
2025-08-07,3661.TW,SELL,94,3700.74560546875,347870.0869140625,0.0
2025-08-07,3037.TW,SELL,2576,135.7220916748047,349620.1081542969,0.0
2025-08-07,1301.TW,BUY,9089,37.84097671508789,343936.63736343384,0.0
2025-08-08,2317.TW,BUY,7,188.87535095214844,1322.127456665039,0.0
2025-08-08,1303.TW,BUY,126,36.62318420410156,4614.521209716797,0.0
2025-08-08,3037.TW,BUY,2525,136.7200469970703,345218.11866760254,0.0
2025-08-08,3019.TW,SELL,2410,147.54649353027344,355587.049407959,0.0
2025-08-08,2615.TW,SELL,4060,85.77536010742188,348247.9620361328,0.0
2025-08-08,1301.TW,BUY,195,37.197086334228516,7253.431835174561,0.0
2025-08-08,6505.TW,BUY,8998,38.377777099609375,345323.23834228516,0.0
2025-08-11,2317.TW,BUY,32,192.27413940429688,6152.7724609375,0.0
2025-08-11,2615.TW,BUY,4212,84.90796661376953,357632.35537719727,0.0
2025-08-11,6505.TW,SELL,8998,38.91555404663086,350162.1553115845,0.0
2025-08-11,3019.TW,BUY,2448,146.09043884277344,357629.3942871094,0.0
2025-08-11,1303.TW,SELL,410,39.65852737426758,16259.996223449707,0.0
2025-08-11,1301.TW,SELL,9284,38.088626861572266,353614.8117828369,0.0
2025-08-11,3037.TW,SELL,10,142.20880126953125,1422.0880126953125,0.0
2025-08-12,1303.TW,SELL,254,41.20108413696289,10465.075370788574,0.0
2025-08-12,2615.TW,SELL,4212,86.83551025390625,365751.1691894531,0.0
2025-08-12,3019.TW,SELL,25,149.00254821777344,3725.063705444336,0.0
2025-08-12,2317.TW,BUY,27,191.3030548095703,5165.182479858398,0.0
2025-08-12,3037.TW,BUY,98,138.21697998046875,13545.264038085938,0.0
2025-08-12,3665.TW,BUY,377,955.6260986328125,360271.0391845703,0.0
2025-08-13,3037.TW,BUY,91,137.71800231933594,12532.33821105957,0.0
2025-08-13,2357.TW,BUY,619,601.5999755859375,372390.3848876953,0.0
2025-08-13,2317.TW,BUY,45,192.75967407226562,8674.185333251953,0.0
2025-08-13,1303.TW,BUY,20,42.39531326293945,847.9062652587891,0.0
2025-08-13,1301.TW,BUY,9567,38.93063735961914,372449.4076194763,0.0
2025-08-13,3665.TW,SELL,377,980.408935546875,369614.1687011719,0.0
2025-08-13,3019.TW,SELL,2423,163.56304931640625,396313.26849365234,0.0
2025-08-14,1301.TW,SELL,9567,38.93063735961914,372449.4076194763,0.0
2025-08-14,2317.TW,SELL,15,193.7307586669922,2905.961380004883,0.0
2025-08-14,2357.TW,SELL,619,602.5399780273438,372972.2463989258,0.0
2025-08-14,3037.TW,SELL,7,137.71800231933594,964.0260162353516,0.0
2025-08-14,1303.TW,BUY,155,41.549400329589844,6440.157051086426,0.0
2025-08-14,2308.TW,BUY,557,666.5147705078125,371248.72717285156,0.0
2025-08-14,3019.TW,BUY,2384,155.79745483398438,371421.13232421875,0.0
2025-08-15,6669.TW,BUY,347,1089.8671875,378183.9140625,0.0
2025-08-15,3037.TW,BUY,103,135.22311401367188,13927.980743408203,0.0
2025-08-15,2327.TW,BUY,2794,135.52755737304688,378663.99530029297,0.0
2025-08-15,1303.TW,SELL,81,42.74363327026367,3462.2342948913574,0.0
2025-08-15,2317.TW,SELL,34,201.0138702392578,6834.471588134766,0.0
2025-08-15,2308.TW,SELL,557,682.4315795898438,380114.38983154297,0.0
2025-08-15,3019.TW,SELL,2384,159.6802520751953,380677.7209472656,0.0
2025-08-18,6505.TW,BUY,9648,40.52888870239258,391022.7182006836,0.0
2025-08-18,3019.TW,BUY,2448,159.6802520751953,390897.2570800781,0.0
2025-08-18,2327.TW,BUY,91,135.52755737304688,12333.007720947266,0.0
2025-08-18,3665.TW,BUY,403,968.51318359375,390310.81298828125,0.0
2025-08-18,3037.TW,SELL,2800,141.70982360839844,396787.5061035156,0.0
2025-08-18,2317.TW,SELL,1883,203.92710876464844,383994.745803833,0.0
2025-08-18,1303.TW,SELL,364,46.02777862548828,16754.111419677734,0.0
2025-08-18,6669.TW,SELL,347,1115.9327392578125,387228.66052246094,0.0
2025-08-19,2327.TW,SELL,2885,135.52755737304688,390997.00302124023,0.0
2025-08-19,6505.TW,SELL,9648,39.893333435058594,384890.8809814453,0.0
2025-08-19,1301.TW,BUY,9718,38.83157730102539,377365.26821136475,0.0
2025-08-19,1303.TW,BUY,501,41.947479248046875,21015.687103271484,0.0
2025-08-19,2317.TW,BUY,1868,201.98495483398438,377307.8956298828,0.0
2025-08-19,3019.TW,BUY,4,153.85604858398438,615.4241943359375,0.0
2025-08-20,3037.TW,BUY,2751,133.22718811035156,366507.99449157715,0.0
2025-08-20,2317.TW,BUY,15,194.70184326171875,2920.5276489257812,0.0
2025-08-20,1303.TW,BUY,44,40.554203033447266,1784.3849334716797,0.0
2025-08-20,2308.TW,BUY,589,621.7488403320312,366210.0669555664,0.0
2025-08-20,3019.TW,SELL,2452,149.97325134277344,367734.41229248047,0.0
2025-08-20,1301.TW,SELL,5,37.74191665649414,188.7095832824707,0.0
2025-08-20,3665.TW,SELL,403,916.9649047851562,369536.85662841797,0.0
2025-08-21,1301.TW,SELL,9713,40.168888092041016,390160.4100379944,0.0
2025-08-21,1303.TW,SELL,41,42.09675598144531,1725.9669952392578,0.0
2025-08-21,2308.TW,SELL,589,644.6292114257812,379686.60552978516,0.0
2025-08-21,2317.TW,BUY,10,200.04278564453125,2000.4278564453125,0.0
2025-08-21,2327.TW,BUY,2795,135.52755737304688,378799.522857666,0.0
2025-08-21,3037.TW,BUY,92,133.22718811035156,12256.901306152344,0.0
2025-08-21,3231.TW,BUY,3522,107.55582427978516,378811.6131134033,0.0
2025-08-22,6669.TW,BUY,389,967.6847534179688,376429.36907958984,0.0
2025-08-22,3661.TW,BUY,103,3627.025634765625,373583.6403808594,0.0
2025-08-22,3019.TW,BUY,2494,150.94393920898438,376454.18438720703,0.0
2025-08-22,2317.TW,BUY,22,196.6439971923828,4326.167938232422,0.0
2025-08-22,2327.TW,SELL,2795,135.52755737304688,378799.522857666,0.0
2025-08-22,3231.TW,SELL,3522,108.03813171386719,380510.29989624023,0.0
2025-08-22,3037.TW,SELL,2843,134.72413635253906,383020.71965026855,0.0
2025-08-22,1303.TW,BUY,207,40.902523040771484,8466.822269439697,0.0
2025-08-25,2317.TW,BUY,28,201.49940490722656,5641.983337402344,0.0
2025-08-25,6505.TW,BUY,9282,42.19111251831055,391617.9063949585,0.0
2025-08-25,1303.TW,BUY,42,42.34555435180664,1778.513282775879,0.0
2025-08-25,3665.TW,BUY,425,920.93017578125,391395.32470703125,0.0
2025-08-25,6669.TW,SELL,389,993.7503051757812,386568.8687133789,0.0
2025-08-25,3661.TW,SELL,103,3828.52685546875,394338.26611328125,0.0
2025-08-25,3019.TW,SELL,2494,159.6802520751953,398242.5486755371,0.0
2025-08-25,1301.TW,BUY,9883,39.62405776977539,391604.5629386902,0.0
2025-08-26,1301.TW,SELL,9883,40.36701202392578,398947.1798324585,0.0
2025-08-26,1303.TW,SELL,275,44.186668395996094,12151.333808898926,0.0
2025-08-26,3665.TW,SELL,425,926.8780517578125,393923.1719970703,0.0
2025-08-26,2317.TW,BUY,10,202.95603942871094,2029.5603942871094,0.0
2025-08-26,2886.TW,BUY,10269,38.61083221435547,396494.6360092163,0.0
2025-08-26,2891.TW,BUY,9790,40.497711181640625,396472.5924682617,0.0
2025-08-26,6505.TW,BUY,248,41.60444259643555,10317.901763916016,0.0
2025-08-27,6669.TW,BUY,406,972.5720825195312,394864.2655029297,0.0
2025-08-27,6505.TW,BUY,136,40.91999816894531,5565.1197509765625,0.0
2025-08-27,2317.TW,BUY,5,201.98495483398438,1009.9247741699219,0.0
2025-08-27,2891.TW,SELL,9790,40.25665283203125,394112.63122558594,0.0
2025-08-27,2886.TW,SELL,10269,38.803646087646484,398474.64167404175,0.0
2025-08-27,1303.TW,SELL,112,44.63450241088867,4999.064270019531,0.0
2025-08-27,1301.TW,BUY,9982,39.62405776977539,395527.34465789795,0.0
2025-08-28,2317.TW,SELL,22,200.04278564453125,4400.9412841796875,0.0
2025-08-28,6669.TW,SELL,406,969.3139038085938,393541.44494628906,0.0
2025-08-28,1301.TW,BUY,19,38.73251724243164,735.9178276062012,0.0
2025-08-28,1303.TW,BUY,191,42.793392181396484,8173.5379066467285,0.0
2025-08-28,3019.TW,BUY,2433,159.1949005126953,387321.1929473877,0.0
2025-08-28,6505.TW,BUY,56,39.844444274902344,2231.2888793945312,0.0
2025-08-29,6505.TW,BUY,106,39.25777816772461,4161.324485778809,0.0
2025-08-29,3443.TW,BUY,291,1323.96826171875,385274.76416015625,0.0
2025-08-29,2317.TW,BUY,16,197.61508178710938,3161.84130859375,0.0
2025-08-29,3037.TW,BUY,2675,144.2047119140625,385747.6043701172,0.0
2025-08-29,1303.TW,SELL,78,42.992435455322266,3353.4099655151367,0.0
2025-08-29,1301.TW,SELL,10001,38.583927154541016,385877.8554725647,0.0
2025-08-29,3019.TW,SELL,2433,160.1656036376953,389682.9136505127,0.0
2025-09-01,6669.TW,BUY,408,923.6990966796875,376869.2314453125,0.0
2025-09-01,3037.TW,BUY,134,134.22515869140625,17986.171264648438,0.0
2025-09-01,3019.TW,BUY,2435,154.82675170898438,377003.14041137695,0.0
2025-09-01,3665.TW,BUY,389,967.5218505859375,376365.9998779297,0.0
2025-09-01,3443.TW,SELL,291,1328.945556640625,386723.1569824219,0.0
2025-09-01,2317.TW,SELL,1952,192.75967407226562,376266.8837890625,0.0
2025-09-01,1303.TW,SELL,59,42.29579544067383,2495.451930999756,0.0
2025-09-01,6505.TW,SELL,9828,38.96444320678711,382942.5478363037,0.0
2025-09-02,3019.TW,SELL,30,153.85604858398438,4615.681457519531,0.0
2025-09-02,6669.TW,SELL,408,939.9900512695312,383515.94091796875,0.0
2025-09-02,1303.TW,BUY,404,39.708290100097656,16042.149200439453,0.0
2025-09-02,3037.TW,BUY,21,130.7322998046875,2745.3782958984375,0.0
2025-09-02,3443.TW,BUY,283,1304.0589599609375,369048.6856689453,0.0
2025-09-03,2308.TW,BUY,553,676.4627685546875,374083.9110107422,0.0
2025-09-03,3665.TW,BUY,1,958.6000366210938,958.6000366210938,0.0
2025-09-03,1303.TW,BUY,258,39.11117172241211,10090.682304382324,0.0
2025-09-03,6415.TW,BUY,1263,296.3995666503906,374352.65267944336,0.0
2025-09-03,3037.TW,SELL,2830,132.22923278808594,374208.7287902832,0.0
2025-09-03,3019.TW,SELL,102,162.5923614501953,16584.420867919922,0.0
2025-09-03,3443.TW,SELL,283,1304.0589599609375,369048.6856689453,0.0
2025-09-04,2308.TW,SELL,553,687.405517578125,380135.2512207031,0.0
2025-09-04,3665.TW,SELL,29,1050.792236328125,30472.974853515625,0.0
2025-09-04,6415.TW,SELL,1263,293.9212951660156,371222.59579467773,0.0
2025-09-04,1303.TW,BUY,240,38.713096618652344,9291.143188476562,0.0
2025-09-04,3019.TW,BUY,84,159.1949005126953,13372.371643066406,0.0
2025-09-04,3443.TW,BUY,293,1294.1043701171875,379172.58044433594,0.0
2025-09-04,3661.TW,BUY,99,3820.1416015625,378194.0185546875,0.0
2025-09-05,3665.TW,BUY,2,1065.661865234375,2131.32373046875,0.0
2025-09-05,3037.TW,BUY,2892,133.72616577148438,386736.0714111328,0.0
2025-09-05,1303.TW,BUY,292,38.265254974365234,11173.454452514648,0.0
2025-09-05,3661.TW,SELL,99,3939.2109375,389981.8828125,0.0
2025-09-05,3443.TW,SELL,293,1338.9002685546875,392297.77868652344,0.0
2025-09-05,3019.TW,SELL,8,162.5923614501953,1300.7388916015625,0.0
2025-09-05,1301.TW,BUY,10331,37.44473648071289,386841.5725822449,0.0
2025-09-08,1301.TW,SELL,10331,37.791446685791016,390423.435710907,0.0
2025-09-08,3019.TW,SELL,38,166.47515869140625,6326.0560302734375,0.0
2025-09-08,3665.TW,SELL,1,1075.5750732421875,1075.5750732421875,0.0
2025-09-08,1303.TW,BUY,89,38.21549606323242,3401.1791496276855,0.0
2025-09-08,2308.TW,BUY,539,722.2235107421875,389278.47229003906,0.0
2025-09-08,3037.TW,BUY,33,133.22718811035156,4396.497207641602,0.0
2025-09-09,3661.TW,BUY,102,3884.637451171875,396233.02001953125,0.0
2025-09-09,3665.TW,BUY,5,1080.5316162109375,5402.6580810546875,0.0
2025-09-09,3019.TW,BUY,76,164.04840087890625,12467.678466796875,0.0
2025-09-09,6669.TW,BUY,404,980.7175903320312,396209.9064941406,0.0
2025-09-09,3037.TW,SELL,2925,134.72413635253906,394068.09883117676,0.0
2025-09-09,1303.TW,BUY,112,38.464298248291016,4308.001403808594,0.0
2025-09-09,2308.TW,SELL,539,779.9217529296875,420377.82482910156,0.0
2025-09-10,3661.TW,SELL,102,3909.443603515625,398763.24755859375,0.0
2025-09-10,3665.TW,SELL,6,1125.1407470703125,6750.844482421875,0.0
2025-09-10,6669.TW,SELL,404,1078.4635009765625,435699.25439453125,0.0
2025-09-10,1303.TW,BUY,379,38.016456604003906,14408.23705291748,0.0
2025-09-10,3019.TW,BUY,89,162.1070098876953,14427.523880004883,0.0
2025-09-10,3443.TW,BUY,294,1378.7188720703125,405343.3483886719,0.0
2025-09-10,6415.TW,BUY,1423,285.4952087402344,406259.6820373535,0.0
2025-09-11,1303.TW,BUY,114,37.22030258178711,4243.1144943237305,0.0
2025-09-11,6415.TW,BUY,10,280.5386962890625,2805.386962890625,0.0
2025-09-11,3034.TW,BUY,1008,398.8256530761719,402016.25830078125,0.0
2025-09-11,3665.TW,SELL,1,1115.2275390625,1115.2275390625,0.0
2025-09-11,3443.TW,SELL,294,1383.6961669921875,406806.6730957031,0.0
2025-09-11,3019.TW,SELL,3,160.6509552001953,481.95286560058594,0.0
2025-09-12,1303.TW,SELL,105,37.46910095214844,3934.255599975586,0.0
2025-09-12,3019.TW,SELL,31,162.1070098876953,5025.317306518555,0.0
2025-09-12,3034.TW,SELL,1008,399.304443359375,402498.87890625,0.0
2025-09-12,6415.TW,SELL,1433,277.5647888183594,397750.342376709,0.0
2025-09-12,3661.TW,BUY,106,3760.60693359375,398624.3349609375,0.0
2025-09-12,3665.TW,BUY,7,1090.4447021484375,7633.1129150390625,0.0
2025-09-12,6669.TW,BUY,379,1055.656005859375,400093.6262207031,0.0
2025-09-15,3037.TW,BUY,2792,141.70982360839844,395653.82751464844,0.0
2025-09-15,3661.TW,BUY,1,3696.11083984375,3696.11083984375,0.0
2025-09-15,3019.TW,BUY,51,156.76815795898438,7995.176055908203,0.0
2025-09-15,3665.TW,SELL,3,1085.4881591796875,3256.4644775390625,0.0
2025-09-15,1303.TW,SELL,97,37.319820404052734,3620.0225791931152,0.0
2025-09-15,6669.TW,SELL,379,1049.1396484375,397623.9267578125,0.0
2025-09-16,3037.TW,SELL,2792,151.68939208984375,423516.78271484375,0.0
2025-09-16,3665.TW,SELL,364,1105.314453125,402334.4609375,0.0
2025-09-16,1303.TW,BUY,333,36.57342529296875,12178.950622558594,0.0
2025-09-16,2327.TW,BUY,2694,148.4349365234375,399883.7189941406,0.0
2025-09-16,3019.TW,BUY,35,156.28280639648438,5469.898223876953,0.0
2025-09-16,3443.TW,BUY,305,1309.0362548828125,399256.0577392578,0.0
2025-09-16,3661.TW,BUY,2,3651.4599609375,7302.919921875,0.0
2025-09-17,3665.TW,BUY,370,1090.4447021484375,403464.5397949219,0.0
2025-09-17,3443.TW,BUY,9,1284.149658203125,11557.346923828125,0.0
2025-09-17,3037.TW,BUY,2744,147.19859313964844,403912.9395751953,0.0
2025-09-17,3019.TW,BUY,83,152.88534545898438,12689.483673095703,0.0
2025-09-17,2327.TW,SELL,2694,154.88864135742188,417269.99981689453,0.0
2025-09-17,1303.TW,SELL,169,37.51885986328125,6340.687316894531,0.0
2025-09-17,3661.TW,SELL,109,3730.83935546875,406661.48974609375,0.0
2025-09-18,3037.TW,SELL,2744,148.19654846191406,406651.3289794922,0.0
2025-09-18,3443.TW,SELL,314,1304.0589599609375,409474.5134277344,0.0
2025-09-18,3665.TW,SELL,6,1115.2275390625,6691.365234375,0.0
2025-09-18,1303.TW,BUY,293,36.72270584106445,10759.752811431885,0.0
2025-09-18,2327.TW,BUY,2588,156.8743896484375,405990.92041015625,0.0
2025-09-18,3019.TW,BUY,6,153.37069702148438,920.2241821289062,0.0
2025-09-18,3661.TW,BUY,110,3691.149658203125,406026.46240234375,0.0
2025-09-19,3443.TW,BUY,328,1284.149658203125,421201.087890625,0.0
2025-09-19,3665.TW,BUY,17,1105.314453125,18790.345703125,0.0
2025-09-19,3019.TW,BUY,24,157.7388458251953,3785.7322998046875,0.0
2025-09-19,6415.TW,BUY,1526,276.0778503417969,421294.79962158203,0.0
2025-09-19,3661.TW,SELL,110,3720.9169921875,409300.869140625,0.0
2025-09-19,1303.TW,SELL,11058,39.0614128112793,431941.10286712646,0.0
2025-09-19,2357.TW,BUY,671,627.9199829101562,421334.30853271484,0.0
2025-09-19,2327.TW,SELL,2588,172.2639617919922,445819.1331176758,0.0
2025-09-22,2357.TW,SELL,671,642.9600219726562,431426.17474365234,0.0
2025-09-22,3019.TW,SELL,20,160.1656036376953,3203.3120727539062,0.0
2025-09-22,3443.TW,SELL,328,1294.1043701171875,424466.2333984375,0.0
2025-09-22,6415.TW,SELL,1526,272.6082763671875,416000.2297363281,0.0
2025-09-22,2327.TW,BUY,2396,177.2283477783203,424639.12127685547,0.0
2025-09-22,2454.TW,BUY,310,1370.0958251953125,424729.7058105469,0.0
2025-09-22,3665.TW,BUY,1,1110.27099609375,1110.27099609375,0.0
2025-09-22,6669.TW,BUY,417,1018.186767578125,424583.8820800781,0.0
2025-09-23,2327.TW,SELL,2396,174.74615478515625,418691.7868652344,0.0
2025-09-23,6669.TW,SELL,417,1023.0741577148438,426621.92376708984,0.0
2025-09-23,1303.TW,BUY,10545,39.608768463134766,417674.4634437561,0.0
2025-09-23,2308.TW,BUY,470,888.3547973632812,417526.7547607422,0.0
2025-09-23,2454.TW,BUY,1,1340.841064453125,1340.841064453125,0.0
2025-09-23,3019.TW,BUY,13,156.76815795898438,2037.9860534667969,0.0
2025-09-23,3665.TW,BUY,6,1075.5750732421875,6453.450439453125,0.0
2025-09-24,6669.TW,BUY,411,1003.5249633789062,412448.75994873047,0.0
2025-09-24,2454.TW,BUY,7,1296.958984375,9078.712890625,0.0
2025-09-24,1303.TW,BUY,200,38.41453170776367,7682.906341552734,0.0
2025-09-24,3037.TW,BUY,2634,156.67916870117188,412692.9303588867,0.0
2025-09-24,3019.TW,SELL,2664,156.28280639648438,416337.3962402344,0.0
2025-09-24,2308.TW,SELL,470,886.3651733398438,416591.63146972656,0.0
2025-09-24,3665.TW,SELL,8,1085.4881591796875,8683.9052734375,0.0
2025-09-25,1303.TW,SELL,630,40.703487396240234,25643.197059631348,0.0
2025-09-25,2454.TW,SELL,318,1311.5863037109375,417084.4445800781,0.0
2025-09-25,3037.TW,SELL,2634,156.67916870117188,412692.9303588867,0.0
2025-09-25,6669.TW,SELL,411,1008.4122314453125,414457.42712402344,0.0
2025-09-25,2308.TW,BUY,468,879.401611328125,411559.9541015625,0.0
2025-09-25,2327.TW,BUY,2446,168.29246520996094,411643.36990356445,0.0
2025-09-25,3661.TW,BUY,123,3343.864013671875,411295.2736816406,0.0
2025-09-25,3665.TW,BUY,36,989.3307495117188,35615.906982421875,0.0
2025-09-26,3037.TW,BUY,2693,148.69552612304688,400437.05184936523,0.0
2025-09-26,2308.TW,BUY,6,843.5888671875,5061.533203125,0.0
2025-09-26,1303.TW,BUY,49,39.40972900390625,1931.0767211914062,0.0
2025-09-26,2327.TW,SELL,16,164.81739807128906,2637.078369140625,0.0
2025-09-26,3661.TW,SELL,123,3249.600830078125,399700.9020996094,0.0
2025-09-26,3665.TW,SELL,6,975.452392578125,5852.71435546875,0.0
2025-09-30,2308.TW,BUY,6,849.5576782226562,5097.3460693359375,0.0
2025-09-30,2327.TW,SELL,14,168.7888946533203,2363.0445251464844,0.0
2025-09-30,3037.TW,SELL,2693,151.19041442871094,407155.78605651855,0.0
2025-09-30,3665.TW,SELL,11,1021.0527954101562,11231.580749511719,0.0
2025-09-30,1303.TW,BUY,224,39.26045227050781,8794.34130859375,0.0
2025-09-30,3019.TW,BUY,2650,153.85604858398438,407718.5287475586,0.0
2025-10-01,3661.TW,BUY,121,3368.670166015625,407609.0900878906,0.0
2025-10-01,3019.TW,BUY,37,152.39999389648438,5638.799774169922,0.0
2025-10-01,2327.TW,BUY,10,168.7888946533203,1687.8889465332031,0.0
2025-10-01,1303.TW,BUY,42,39.26045227050781,1648.9389953613281,0.0
2025-10-01,3665.TW,SELL,2,1030.9659423828125,2061.931884765625,0.0
2025-10-01,2308.TW,SELL,480,866.46923828125,415905.234375,0.0
2025-10-02,2327.TW,SELL,43,169.28533935546875,7279.269592285156,0.0
2025-10-02,3019.TW,SELL,14,150.94393920898438,2113.2151489257812,0.0
2025-10-02,1303.TW,BUY,59,38.464298248291016,2269.39359664917,0.0
2025-10-02,3661.TW,BUY,2,3259.5234375,6519.046875,0.0
2025-10-03,3661.TW,BUY,1,3284.329345703125,3284.329345703125,0.0
2025-10-03,1303.TW,BUY,165,38.36477279663086,6330.187511444092,0.0
2025-10-03,3019.TW,BUY,43,150.45860290527344,6469.719924926758,0.0
2025-10-03,2327.TW,SELL,38,174.2497100830078,6621.488983154297,0.0
2025-10-03,3665.TW,SELL,9,1050.792236328125,9457.130126953125,0.0
2025-10-07,1303.TW,SELL,10654,41.2508430480957,439486.4818344116,0.0
2025-10-07,2327.TW,SELL,33,183.1855926513672,6045.124557495117,0.0
2025-10-07,3019.TW,SELL,2716,156.28280639648438,424464.10217285156,0.0
2025-10-07,3661.TW,SELL,1,3433.166015625,3433.166015625,0.0
2025-10-07,2308.TW,BUY,431,981.8657836914062,423184.1527709961,0.0
2025-10-07,2912.TW,BUY,1785,237.2946014404297,423570.863571167,0.0
2025-10-07,3665.TW,BUY,26,1021.0527954101562,26547.372680664062,0.0
2025-10-08,3661.TW,BUY,1,3418.282470703125,3418.282470703125,0.0
2025-10-08,6669.TW,BUY,379,1119.19091796875,424173.35791015625,0.0
2025-10-08,3231.TW,BUY,2928,145.17623901367188,425076.02783203125,0.0
2025-10-08,3665.TW,SELL,8,1045.835693359375,8366.685546875,0.0
2025-10-08,2912.TW,SELL,1785,236.8132781982422,422711.7015838623,0.0
2025-10-08,2327.TW,SELL,2312,184.17848205566406,425820.6505126953,0.0
2025-10-08,2308.TW,BUY,4,975.8970336914062,3903.588134765625,0.0
2025-10-09,6415.TW,BUY,1746,246.83441162109375,430972.8826904297,0.0
2025-10-09,6669.TW,BUY,13,1098.0126953125,14274.1650390625,0.0
2025-10-09,2327.TW,BUY,2366,182.19271850585938,431067.9719848633,0.0
2025-10-09,3019.TW,BUY,2784,154.82675170898438,431037.6767578125,0.0
2025-10-09,3661.TW,SELL,124,3487.739501953125,432479.6982421875,0.0
2025-10-09,3231.TW,SELL,2928,145.65855407714844,426488.2463378906,0.0
2025-10-09,2308.TW,SELL,435,993.8034057617188,432304.48150634766,0.0
2025-10-09,3665.TW,SELL,13,1095.4012451171875,14240.216186523438,0.0
2025-10-13,3231.TW,BUY,3012,140.3531036376953,422743.5481567383,0.0
2025-10-13,3019.TW,SELL,2784,149.48789978027344,416174.31298828125,0.0
2025-10-13,3665.TW,SELL,4,1085.4881591796875,4341.95263671875,0.0
2025-10-13,6669.TW,SELL,392,1117.5618896484375,438084.2607421875,0.0
2025-10-13,1303.TW,BUY,10139,41.69868087768555,422782.92541885376,0.0
2025-10-13,2327.TW,BUY,26,176.73190307617188,4595.029479980469,0.0
2025-10-13,6415.TW,BUY,38,236.92138671875,9003.0126953125,0.0
2025-10-14,2308.TW,BUY,418,986.8397827148438,412499.0291748047,0.0
2025-10-14,1303.TW,BUY,181,40.0068473815918,7241.239376068115,0.0
2025-10-14,2327.TW,BUY,25,170.77464294433594,4269.366073608398,0.0
2025-10-14,3665.TW,SELL,19,1115.2275390625,21189.3232421875,0.0
2025-10-14,6415.TW,SELL,1784,232.46051025390625,414709.55029296875,0.0
2025-10-14,3231.TW,BUY,89,133.118408203125,11847.538330078125,0.0
2025-10-15,3231.TW,SELL,3101,133.118408203125,412800.1838378906,0.0
2025-10-15,3019.TW,BUY,2982,141.2369384765625,421168.5505371094,0.0
2025-10-15,3661.TW,BUY,137,3056.11328125,418687.51953125,0.0
2025-10-15,2327.TW,BUY,7,173.75328063964844,1216.272964477539,0.0
2025-10-15,2308.TW,SELL,418,1009.7201538085938,422063.0242919922,0.0
2025-10-15,3665.TW,SELL,12,1174.7064208984375,14096.47705078125,0.0
2025-10-15,1303.TW,BUY,131,40.30540466308594,5280.008010864258,0.0
2025-10-16,1303.TW,SELL,20,41.2508430480957,825.0168609619141,0.0
2025-10-16,2327.TW,SELL,10,178.22122192382812,1782.2122192382812,0.0
2025-10-16,3019.TW,SELL,7,144.6343994140625,1012.4407958984375,0.0
2025-10-16,3665.TW,SELL,3,1209.40234375,3628.20703125,0.0
2025-10-16,3661.TW,BUY,3,3070.996826171875,9212.990478515625,0.0
2025-10-17,6669.TW,BUY,354,1233.2279052734375,436562.6784667969,0.0
2025-10-17,3661.TW,BUY,2,3061.074462890625,6122.14892578125,0.0
2025-10-17,3231.TW,BUY,3321,131.67147827148438,437280.9793395996,0.0
2025-10-17,2308.TW,BUY,440,993.8034057617188,437273.49853515625,0.0
2025-10-17,2327.TW,SELL,2414,183.1855926513672,442210.0206604004,0.0
2025-10-17,3019.TW,SELL,2975,142.2076416015625,423067.73376464844,0.0
2025-10-17,1303.TW,SELL,10431,41.74843978881836,435477.9754371643,0.0
2025-10-17,3665.TW,SELL,15,1283.7508544921875,19256.262817382812,0.0
2025-10-20,2327.TW,BUY,2303,194.60366821289062,448172.2478942871,0.0
2025-10-20,3019.TW,BUY,3099,144.6343994140625,448222.0037841797,0.0
2025-10-20,1303.TW,BUY,10713,41.847957611083984,448317.1698875427,0.0
2025-10-20,3665.TW,BUY,10,1278.7943115234375,12787.943115234375,0.0
2025-10-20,3661.TW,SELL,3,3209.9111328125,9629.7333984375,0.0
2025-10-20,3231.TW,SELL,3321,136.97691345214844,454900.32957458496,0.0
2025-10-20,2308.TW,SELL,440,1009.7201538085938,444276.86767578125,0.0
2025-10-20,6669.TW,SELL,354,1264.1807861328125,447519.9982910156,0.0
2025-10-21,2327.TW,SELL,59,203.53955078125,12008.83349609375,0.0
2025-10-21,3019.TW,SELL,3099,147.06114196777344,455742.4789581299,0.0
2025-10-21,3661.TW,SELL,2,3328.98046875,6657.9609375,0.0
2025-10-21,1303.TW,BUY,244,41.69868087768555,10174.478134155273,0.0
2025-10-21,2615.TW,BUY,6093,74.98116302490234,456860.22631073,0.0
2025-10-21,3665.TW,BUY,7,1278.7943115234375,8951.560180664062,0.0
2025-10-22,6669.TW,BUY,345,1324.4573974609375,456937.80212402344,0.0
2025-10-22,3661.TW,BUY,6,3195.02734375,19170.1640625,0.0
2025-10-22,2308.TW,BUY,451,1014.6941528320312,457627.0629272461,0.0
2025-10-22,3665.TW,SELL,8,1308.53369140625,10468.26953125,0.0
2025-10-22,2327.TW,SELL,2244,206.5181884765625,463426.81494140625,0.0
2025-10-22,1303.TW,SELL,95,42.146514892578125,4003.918914794922,0.0
2025-10-22,2615.TW,SELL,6093,75.0775375366211,457447.4362106323,0.0
2025-10-23,1303.TW,SELL,10862,43.19147491455078,469145.8005218506,0.0
2025-10-23,3665.TW,SELL,2,1318.44677734375,2636.8935546875,0.0
2025-10-23,6669.TW,SELL,345,1337.490234375,461434.130859375,0.0
2025-10-23,2308.TW,BUY,5,1004.7461547851562,5023.730773925781,0.0
2025-10-23,3019.TW,BUY,3182,144.1490478515625,458682.2702636719,0.0
2025-10-23,3443.TW,BUY,285,1607.67578125,458187.59765625,0.0
2025-10-23,3661.TW,BUY,3,3125.5703125,9376.7109375,0.0
2025-10-27,6669.TW,BUY,352,1321.19921875,465062.125,0.0
2025-10-27,3661.TW,BUY,7,3041.2294921875,21288.6064453125,0.0
2025-10-27,1303.TW,BUY,10885,42.793392181396484,465806.07389450073,0.0
2025-10-27,3019.TW,SELL,25,147.54649353027344,3688.662338256836,0.0
2025-10-27,3443.TW,SELL,285,1592.7437744140625,453931.9757080078,0.0
2025-10-27,2308.TW,SELL,456,1064.43408203125,485381.94140625,0.0
2025-10-27,3665.TW,SELL,4,1358.099365234375,5432.3974609375,0.0
2025-10-28,3661.TW,BUY,1,3041.2294921875,3041.2294921875,0.0
2025-10-28,2327.TW,BUY,1922,244.24746704101562,469443.63165283203,0.0
2025-10-28,1303.TW,BUY,296,41.99723815917969,12431.182495117188,0.0
2025-10-28,3443.TW,BUY,318,1473.2879638671875,468505.5725097656,0.0
2025-10-28,3665.TW,SELL,16,1432.4478759765625,22919.166015625,0.0
2025-10-28,3019.TW,SELL,3157,147.06114196777344,464272.02519226074,0.0
2025-10-28,6669.TW,SELL,352,1330.9737548828125,468502.76171875,0.0
2025-10-29,3661.TW,SELL,154,3224.794677734375,496618.38037109375,0.0
2025-10-29,1303.TW,BUY,210,41.74843978881836,8767.172355651855,0.0
2025-10-29,2327.TW,BUY,13,245.73678588867188,3194.5782165527344,0.0
2025-10-29,3019.TW,BUY,3223,147.54649353027344,475542.3486480713,0.0
2025-10-29,3443.TW,BUY,7,1463.3333740234375,10243.333618164062,0.0
2025-10-29,3665.TW,BUY,1,1447.3175048828125,1447.3175048828125,0.0
2025-10-30,3443.TW,BUY,2,1433.4693603515625,2866.938720703125,0.0
2025-10-30,2308.TW,BUY,466,1004.7461547851562,468211.7081298828,0.0
2025-10-30,3665.TW,BUY,9,1387.8387451171875,12490.548706054688,0.0
2025-10-30,2327.TW,SELL,38,247.22608947753906,9394.591400146484,0.0
2025-10-30,1303.TW,SELL,11391,41.74843978881836,475556.47763442993,0.0
2025-10-30,3019.TW,SELL,2,145.60508728027344,291.2101745605469,0.0
2025-10-31,2308.TW,SELL,466,989.82421875,461258.0859375,0.0
2025-10-31,2327.TW,SELL,1897,247.22608947753906,468987.8917388916,0.0
2025-10-31,3019.TW,SELL,88,152.39999389648438,13411.199462890625,0.0
2025-10-31,3443.TW,SELL,14,1523.061279296875,21322.85791015625,0.0
2025-10-31,1303.TW,BUY,11563,41.300601959228516,477558.8604545593,0.0
2025-10-31,3231.TW,BUY,3289,145.17623901367188,477484.6501159668,0.0
2025-10-31,3665.TW,BUY,8,1382.8822021484375,11063.0576171875,0.0
2025-11-03,3661.TW,BUY,139,3423.24365234375,475830.86767578125,0.0
2025-11-03,3019.TW,BUY,99,147.54649353027344,14607.10285949707,0.0
2025-11-03,2308.TW,BUY,487,977.8865966796875,476230.7725830078,0.0
2025-11-03,3443.TW,SELL,313,1572.83447265625,492297.18994140625,0.0
2025-11-03,3665.TW,SELL,15,1442.3609619140625,21635.414428710938,0.0
2025-11-03,3231.TW,SELL,3289,138.42385864257812,455276.07107543945,0.0
2025-11-03,1303.TW,BUY,27,41.15132141113281,1111.085678100586,0.0
2025-11-04,3037.TW,BUY,2772,168.15567016601562,466127.5177001953,0.0
2025-11-04,1303.TW,SELL,11590,41.15132141113281,476943.8151550293,0.0
2025-11-04,2308.TW,SELL,7,969.92822265625,6789.49755859375,0.0
2025-11-04,3661.TW,SELL,139,3418.282470703125,475141.2634277344,0.0
2025-11-04,2327.TW,BUY,1972,236.30445861816406,465992.39239501953,0.0
2025-11-04,3019.TW,BUY,102,139.7808837890625,14257.650146484375,0.0
2025-11-04,3665.TW,BUY,10,1368.012451171875,13680.12451171875,0.0
2025-11-05,3443.TW,BUY,288,1597.7210693359375,460143.66796875,0.0
2025-11-05,2327.TW,BUY,13,231.83651733398438,3013.874725341797,0.0
2025-11-05,3037.TW,BUY,63,162.40084838867188,10231.253448486328,0.0
2025-11-05,3019.TW,SELL,52,140.2662353515625,7293.84423828125,0.0
2025-11-05,2308.TW,SELL,480,961.9698486328125,461745.52734375,0.0
2025-11-05,3665.TW,SELL,3,1363.055908203125,4089.167724609375,0.0
2025-11-06,2327.TW,SELL,12,238.2902069091797,2859.4824829101562,0.0
2025-11-06,3037.TW,SELL,2835,163.88623046875,464617.46337890625,0.0
2025-11-06,3443.TW,SELL,16,1727.131591796875,27634.10546875,0.0
2025-11-06,2884.TW,BUY,16367,28.732873916625977,470270.94739341736,0.0
2025-11-06,3019.TW,BUY,94,139.2955322265625,13093.780029296875,0.0
2025-11-06,3665.TW,BUY,9,1358.099365234375,12222.894287109375,0.0
2025-11-07,3711.TW,BUY,2068,226.43035888671875,468257.9821777344,0.0
2025-11-07,3661.TW,BUY,132,3537.351806640625,466930.4384765625,0.0
2025-11-07,3443.TW,BUY,1,1712.1995849609375,1712.1995849609375,0.0
2025-11-07,2327.TW,BUY,38,232.8293914794922,8847.516876220703,0.0
2025-11-07,3665.TW,SELL,13,1402.70849609375,18235.21044921875,0.0
2025-11-07,3019.TW,SELL,3376,137.83949279785156,465346.1276855469,0.0
2025-11-07,2884.TW,SELL,16367,28.397096633911133,464775.2806072235,0.0
2025-11-10,3443.TW,SELL,14,1881.4285888671875,26340.000244140625,0.0
2025-11-10,3665.TW,SELL,13,1521.666015625,19781.658203125,0.0
2025-11-10,3711.TW,SELL,2068,226.43035888671875,468257.9821777344,0.0
2025-11-10,2327.TW,BUY,124,228.3614501953125,28316.81982421875,0.0
2025-11-10,2884.TW,BUY,17230,28.30116081237793,487629.0007972717,0.0
2025-11-11,3661.TW,BUY,3,3606.808837890625,10820.426513671875,0.0
2025-11-11,3665.TW,SELL,2,1536.5357666015625,3073.071533203125,0.0
2025-11-11,2327.TW,BUY,5,228.85789489746094,1144.2894744873047,0.0
2025-11-11,2884.TW,SELL,294,28.924745559692383,8503.87519454956,0.0
2025-11-11,3443.TW,SELL,2,1901.337890625,3802.67578125,0.0
2025-11-12,2327.TW,SELL,32,228.85789489746094,7323.45263671875,0.0
2025-11-12,2884.TW,SELL,16936,28.972713470458984,490681.87533569336,0.0
2025-11-12,3661.TW,BUY,3,3492.70068359375,10478.10205078125,0.0
2025-11-12,3665.TW,BUY,6,1486.9700927734375,8921.820556640625,0.0
2025-11-12,6669.TW,BUY,324,1485.73828125,481379.203125,0.0
2025-11-13,3443.TW,BUY,6,1866.49658203125,11198.9794921875,0.0
2025-11-13,6669.TW,BUY,14,1453.15625,20344.1875,0.0
2025-11-13,3661.TW,BUY,2,3497.662109375,6995.32421875,0.0
2025-11-13,2884.TW,BUY,17045,28.87677764892578,492204.67502593994,0.0
2025-11-13,3665.TW,SELL,15,1591.0579833984375,23865.869750976562,0.0
2025-11-13,2327.TW,SELL,2108,241.76527404785156,509641.1976928711,0.0
2025-11-14,2884.TW,SELL,278,28.780841827392578,8001.074028015137,0.0
2025-11-14,3443.TW,SELL,6,1871.4739990234375,11228.843994140625,0.0
2025-11-14,3661.TW,SELL,140,3482.7783203125,487588.96484375,0.0
2025-11-14,6669.TW,SELL,338,1394.5086669921875,471343.9294433594,0.0
2025-11-14,2327.TW,BUY,2081,231.83651733398438,482451.7925720215,0.0
2025-11-14,3665.TW,BUY,11,1506.79638671875,16574.76025390625,0.0
2025-11-14,3711.TW,BUY,2188,220.4846954345703,482420.51361083984,0.0
2025-11-17,2327.TW,BUY,93,224.88638305664062,20914.433624267578,0.0
2025-11-17,3711.TW,SELL,2188,218.00733947753906,477000.05877685547,0.0
2025-11-17,2884.TW,BUY,110,28.972713470458984,3186.9984817504883,0.0
2025-11-17,2317.TW,BUY,2133,229.17523193359375,488830.76971435547,0.0
2025-11-17,3443.TW,SELL,4,1931.2017822265625,7724.80712890625,0.0
2025-11-17,3665.TW,SELL,17,1610.88427734375,27385.03271484375,0.0
2025-11-18,2317.TW,SELL,2133,223.34873962402344,476402.861618042,0.0
2025-11-18,2327.TW,SELL,64,227.3685760498047,14551.5888671875,0.0
2025-11-18,2884.TW,SELL,16877,28.684904098510742,484115.1264705658,0.0
2025-11-18,3443.TW,BUY,4,1861.519287109375,7446.0771484375,0.0
2025-11-18,3661.TW,BUY,148,3224.794677734375,477269.6123046875,0.0
2025-11-18,3665.TW,BUY,5,1556.362060546875,7781.810302734375,0.0
2025-11-18,6669.TW,BUY,356,1345.6356201171875,479046.28076171875,0.0
2025-11-19,3711.TW,BUY,2325,207.60244750976562,482675.6904602051,0.0
2025-11-19,2327.TW,BUY,50,223.39706420898438,11169.853210449219,0.0
2025-11-19,1303.TW,BUY,9016,53.541500091552734,482730.16482543945,0.0
2025-11-19,6669.TW,SELL,356,1352.152099609375,481366.1474609375,0.0
2025-11-19,3443.TW,SELL,2,1891.3831787109375,3782.766357421875,0.0
2025-11-19,3661.TW,SELL,148,3294.251953125,487549.2890625,0.0
2025-11-20,1303.TW,SELL,42,56.32804870605469,2365.778045654297,0.0
2025-11-20,3443.TW,SELL,255,1956.0885009765625,498802.56774902344,0.0
2025-11-20,3665.TW,SELL,5,1665.406494140625,8327.032470703125,0.0
2025-11-20,3711.TW,SELL,2325,220.4846954345703,512626.916885376,0.0
2025-11-20,2327.TW,BUY,48,228.85789489746094,10985.178955078125,0.0
2025-11-20,2884.TW,BUY,17448,28.972713470458984,505515.90463256836,0.0
2025-11-20,3661.TW,BUY,165,3051.15185546875,503440.05615234375,0.0
2025-11-21,3665.TW,BUY,4,1591.0579833984375,6364.23193359375,0.0
2025-11-21,3443.TW,BUY,265,1841.6099853515625,488026.64611816406,0.0
2025-11-21,3037.TW,BUY,3067,159.67303466796875,489717.19732666016,0.0
2025-11-21,2884.TW,SELL,17448,28.828807830810547,503005.0390319824,0.0
2025-11-21,2327.TW,SELL,2208,227.3685760498047,502029.81591796875,0.0
2025-11-21,1303.TW,BUY,399,52.24774932861328,20846.8519821167,0.0
2025-11-24,1303.TW,SELL,206,54.53669738769531,11234.559661865234,0.0
2025-11-24,3037.TW,SELL,3067,163.6648712158203,501960.1600189209,0.0
2025-11-24,3443.TW,SELL,265,1971.0203857421875,522320.4022216797,0.0
2025-11-24,2327.TW,BUY,2165,230.84364318847656,499776.48750305176,0.0
2025-11-24,3661.TW,BUY,4,2946.96630859375,11787.865234375,0.0
2025-11-24,3665.TW,BUY,16,1546.4488525390625,24743.181640625,0.0
2025-11-24,6669.TW,BUY,380,1313.0537109375,498960.41015625,0.0
2025-11-25,2884.TW,BUY,17166,28.87677764892578,495698.76512145996,0.0
2025-11-25,2327.TW,BUY,19,226.87213134765625,4310.570495605469,0.0
2025-11-25,1303.TW,BUY,338,52.148231506347656,17626.102249145508,0.0
2025-11-25,6669.TW,SELL,380,1358.66845703125,516294.013671875,0.0
2025-11-26,2327.TW,SELL,2184,230.34719848632812,503078.2814941406,0.0
2025-11-26,2884.TW,SELL,128,29.260522842407227,3745.346923828125,0.0
2025-11-26,3661.TW,SELL,169,3085.880615234375,521513.8239746094,0.0
2025-11-26,1303.TW,BUY,298,50.85447311401367,15154.632987976074,0.0
2025-11-26,3443.TW,BUY,230,2160.15869140625,496836.4990234375,0.0
2025-11-26,3665.TW,BUY,12,1486.9700927734375,17843.64111328125,0.0
2025-11-26,6505.TW,BUY,10157,49.08444595336914,498550.71754837036,0.0
2025-11-27,3443.TW,BUY,11,2125.3173828125,23378.4912109375,0.0
2025-11-27,2884.TW,BUY,545,29.16458511352539,15894.698886871338,0.0
2025-11-27,2615.TW,BUY,6536,78.45072937011719,512753.96716308594,0.0
2025-11-27,1303.TW,SELL,635,55.929969787597656,35515.53081512451,0.0
2025-11-27,6505.TW,SELL,10157,50.844444274902344,516427.0205001831,0.0
2025-11-28,1303.TW,SELL,186,58.71651840209961,10921.272422790527,0.0
2025-11-28,3443.TW,SELL,241,2249.75048828125,542189.8676757812,0.0
2025-11-28,3665.TW,SELL,5,1596.0145263671875,7980.0726318359375,0.0
2025-11-28,2327.TW,BUY,2260,233.32583618164062,527316.3897705078,0.0
2025-11-28,2615.TW,BUY,253,77.6797103881836,19652.96672821045,0.0
2025-11-28,2884.TW,BUY,530,29.11661720275879,15431.807117462158,0.0
2025-12-01,3665.TW,BUY,3,1586.1014404296875,4758.3043212890625,0.0
2025-12-01,3443.TW,BUY,243,2175.0908203125,528547.0693359375,0.0
2025-12-01,2327.TW,BUY,67,227.3685760498047,15233.694595336914,0.0
2025-12-01,2615.TW,SELL,6789,78.25796508789062,531293.3249816895,0.0
2025-12-01,1303.TW,SELL,278,60.806427001953125,16904.18670654297,0.0
2025-12-01,2884.TW,SELL,54,29.308488845825195,1582.6583976745605,0.0
2025-12-02,1303.TW,SELL,430,64.090576171875,27558.94775390625,0.0
2025-12-02,2884.TW,SELL,18059,29.596298217773438,534479.5495147705,0.0
2025-12-02,2327.TW,BUY,20,225.87925720214844,4517.585144042969,0.0
2025-12-02,3037.TW,BUY,2711,195.59947204589844,530270.1687164307,0.0
2025-12-02,3443.TW,BUY,2,2160.15869140625,4320.3173828125,0.0
2025-12-02,3665.TW,BUY,15,1521.666015625,22824.990234375,0.0
2025-12-03,3665.TW,BUY,6,1511.7529296875,9070.517578125,0.0
2025-12-03,3661.TW,BUY,169,3165.260009765625,534928.9416503906,0.0
2025-12-03,2884.TW,BUY,18394,29.16458511352539,536453.378578186,0.0
2025-12-03,3443.TW,BUY,6,2135.272216796875,12811.63330078125,0.0
2025-12-03,2327.TW,SELL,2347,230.84364318847656,541790.0305633545,0.0
2025-12-03,1303.TW,SELL,312,67.37471008300781,21020.909545898438,0.0
2025-12-03,3037.TW,SELL,2711,196.09844970703125,531622.8971557617,0.0
2025-12-04,2884.TW,SELL,18394,29.548330307006836,543511.9876670837,0.0
2025-12-04,3443.TW,SELL,1,2115.36279296875,2115.36279296875,0.0
2025-12-04,3661.TW,SELL,1,3145.415283203125,3145.415283203125,0.0
2025-12-04,3665.TW,SELL,5,1516.70947265625,7583.54736328125,0.0
2025-12-04,1303.TW,BUY,433,63.09537887573242,27320.29905319214,0.0
2025-12-04,6669.TW,BUY,357,1480.8509521484375,528663.7899169922,0.0
2025-12-05,6505.TW,BUY,10661,50.35555648803711,536840.5877189636,0.0
2025-12-05,3665.TW,BUY,6,1511.7529296875,9070.517578125,0.0
2025-12-05,3661.TW,BUY,3,3130.531494140625,9391.594482421875,0.0
2025-12-05,2308.TW,BUY,551,973.9074096679688,536622.9827270508,0.0
2025-12-05,6669.TW,SELL,357,1526.4656982421875,544948.2542724609,0.0
2025-12-05,3443.TW,SELL,250,2209.931884765625,552482.9711914062,0.0
2025-12-05,1303.TW,BUY,113,63.09537887573242,7129.777812957764,0.0
2025-12-08,1303.TW,SELL,30,63.09537887573242,1892.8613662719727,0.0
2025-12-08,2308.TW,SELL,551,973.9074096679688,536622.9827270508,0.0
2025-12-08,6505.TW,SELL,10661,50.35555648803711,536840.5877189636,0.0
2025-12-08,3443.TW,BUY,249,2145.226806640625,534161.4748535156,0.0
2025-12-08,3661.TW,BUY,1,3095.802978515625,3095.802978515625,0.0
2025-12-08,3665.TW,BUY,1,1501.83984375,1501.83984375,0.0
2025-12-08,6415.TW,BUY,2671,200.24317932128906,534849.5319671631,0.0
2025-12-09,6669.TW,BUY,362,1472.7054443359375,533119.3708496094,0.0
2025-12-09,3665.TW,BUY,10,1457.230712890625,14572.30712890625,0.0
2025-12-09,3443.TW,BUY,4,2105.408203125,8421.6328125,0.0
2025-12-09,6415.TW,SELL,2671,202.2257843017578,540145.0698699951,0.0
2025-12-09,3661.TW,SELL,8,3234.71728515625,25877.73828125,0.0
2025-12-09,1303.TW,BUY,153,61.80162048339844,9455.647933959961,0.0
2025-12-10,3443.TW,SELL,1,2150.2041015625,2150.2041015625,0.0
2025-12-10,3661.TW,SELL,164,3343.864013671875,548393.6982421875,0.0
2025-12-10,3665.TW,SELL,8,1511.7529296875,12094.0234375,0.0
2025-12-10,6669.TW,SELL,362,1474.33447265625,533709.0791015625,0.0
2025-12-10,1301.TW,BUY,13752,39.42593765258789,542185.4945983887,0.0
2025-12-10,1303.TW,BUY,242,61.10498809814453,14787.407119750977,0.0
2025-12-10,6505.TW,BUY,11124,48.74222183227539,542208.4756622314,0.0
2025-12-11,6505.TW,BUY,208,47.56888961791992,9894.329040527344,0.0
2025-12-11,3661.TW,BUY,164,3269.44580078125,536189.111328125,0.0
2025-12-11,3037.TW,BUY,2400,224.54022216796875,538896.533203125,0.0
2025-12-11,2327.TW,BUY,2300,234.31871032714844,538933.0337524414,0.0
2025-12-11,1301.TW,SELL,13752,39.475467681884766,542866.6315612793,0.0
2025-12-11,3665.TW,SELL,358,1521.666015625,544756.43359375,0.0
2025-12-11,3443.TW,SELL,252,2175.0908203125,548122.88671875,0.0
2025-12-11,1303.TW,BUY,169,59.6121940612793,10074.460796356201,0.0
2025-12-12,3661.TW,BUY,4,3195.02734375,12780.109375,0.0
2025-12-12,6669.TW,BUY,376,1435.236083984375,539648.767578125,0.0
2025-12-12,3037.TW,BUY,4,224.54022216796875,898.160888671875,0.0
2025-12-12,3665.TW,BUY,354,1521.666015625,538669.76953125,0.0
2025-12-12,2327.TW,SELL,2300,235.80801391601562,542358.4320068359,0.0
2025-12-12,1303.TW,SELL,165,60.806427001953125,10033.060455322266,0.0
2025-12-12,6505.TW,SELL,11332,47.715553283691406,540712.649810791,0.0
2025-12-15,1303.TW,SELL,102,60.20930862426758,6141.349479675293,0.0
2025-12-15,3037.TW,SELL,14,221.04736328125,3094.6630859375,0.0
2025-12-15,3661.TW,SELL,1,3145.415283203125,3145.415283203125,0.0
2025-12-15,6669.TW,SELL,376,1397.766845703125,525560.333984375,0.0
2025-12-15,3443.TW,BUY,241,2190.022705078125,527795.4719238281,0.0
2025-12-15,3665.TW,BUY,7,1462.187255859375,10235.310791015625,0.0
2025-12-16,3661.TW,BUY,1,2991.6171875,2991.6171875,0.0
2025-12-16,3665.TW,SELL,8,1427.4913330078125,11419.9306640625,0.0
2025-12-16,3443.TW,BUY,9,2010.8389892578125,18097.550903320312,0.0
2025-12-16,1303.TW,SELL,65,57.92036056518555,3764.8234367370605,0.0
2025-12-16,3037.TW,SELL,28,213.5626983642578,5979.755554199219,0.0
2025-12-17,3661.TW,SELL,9,3175.1826171875,28576.6435546875,0.0
2025-12-17,1303.TW,BUY,173,57.12420654296875,9882.487731933594,0.0
2025-12-17,3037.TW,BUY,36,211.56678771972656,7616.404357910156,0.0
2025-12-17,3443.TW,BUY,3,2000.8843994140625,6002.6531982421875,0.0
2025-12-17,3665.TW,BUY,3,1422.53466796875,4267.60400390625,0.0
2025-12-18,3661.TW,BUY,1,3145.415283203125,3145.415283203125,0.0
2025-12-18,1303.TW,SELL,43,57.12420654296875,2456.3408813476562,0.0
2025-12-18,3443.TW,SELL,253,2010.8389892578125,508742.26428222656,0.0
2025-12-18,3665.TW,SELL,3,1427.4913330078125,4282.4739990234375,0.0
2025-12-18,3037.TW,BUY,46,206.57699584960938,9502.541809082031,0.0
2025-12-18,6415.TW,BUY,2592,194.791015625,504898.3125,0.0
2025-12-19,6415.TW,BUY,77,192.31275939941406,14808.082473754883,0.0
2025-12-19,3443.TW,BUY,252,2035.7255859375,513002.84765625,0.0
2025-12-19,2207.TW,BUY,921,557.261474609375,513237.8181152344,0.0
2025-12-19,3665.TW,BUY,6,1427.4913330078125,8564.947998046875,0.0
2025-12-19,3037.TW,SELL,2444,214.56065368652344,524386.2376098633,0.0
2025-12-19,1303.TW,SELL,227,59.6121940612793,13531.9680519104,0.0
2025-12-19,3661.TW,SELL,160,3190.066162109375,510410.5859375,0.0
2025-12-22,1303.TW,SELL,28,60.10979080200195,1683.0741424560547,0.0
2025-12-22,3665.TW,SELL,7,1462.187255859375,10235.310791015625,0.0
2025-12-22,6415.TW,SELL,2669,198.2605743408203,529157.4729156494,0.0
2025-12-22,2207.TW,BUY,24,545.7517700195312,13098.04248046875,0.0
2025-12-22,3443.TW,BUY,5,2000.8843994140625,10004.421997070312,0.0
2025-12-22,6669.TW,BUY,372,1384.7340087890625,515121.05126953125,0.0
2025-12-23,6415.TW,BUY,2650,193.30406188964844,512255.76400756836,0.0
2025-12-23,3037.TW,BUY,2382,215.05963134765625,512272.0418701172,0.0
2025-12-23,1303.TW,BUY,169,58.517478942871094,9889.453941345215,0.0
2025-12-23,2207.TW,BUY,2,540.9560546875,1081.912109375,0.0
2025-12-23,3665.TW,SELL,352,1447.3175048828125,509455.76171875,0.0
2025-12-23,3443.TW,SELL,3,2015.8162841796875,6047.4488525390625,0.0
2025-12-23,6669.TW,SELL,372,1386.3631591796875,515727.09521484375,0.0
2025-12-24,2207.TW,SELL,2,539.0377807617188,1078.0755615234375,0.0
2025-12-24,3037.TW,SELL,2382,216.5565643310547,515837.73623657227,0.0
2025-12-24,3443.TW,SELL,2,2015.8162841796875,4031.632568359375,0.0
2025-12-24,1303.TW,BUY,63,57.820838928222656,3642.7128524780273,0.0
2025-12-24,3661.TW,BUY,161,3155.337646484375,508009.3610839844,0.0
2025-12-24,6415.TW,BUY,28,190.33013916015625,5329.243896484375,0.0
2025-12-26,3665.TW,BUY,335,1531.5792236328125,513079.0399169922,0.0
2025-12-26,6415.TW,BUY,23,190.33013916015625,4377.593200683594,0.0
2025-12-26,2887.TW,BUY,25958,19.809978485107422,514227.42151641846,0.0
2025-12-26,2207.TW,BUY,10,538.0786743164062,5380.7867431640625,0.0
2025-12-26,1303.TW,BUY,169,57.223724365234375,9670.80941772461,0.0
2025-12-26,3661.TW,SELL,161,3190.066162109375,513600.6520996094,0.0
2025-12-26,3443.TW,SELL,252,2105.408203125,530562.8671875,0.0
2025-12-29,1303.TW,SELL,202,58.41796112060547,11800.428146362305,0.0
2025-12-29,2207.TW,SELL,3,539.0377807617188,1617.1133422851562,0.0
2025-12-29,6415.TW,SELL,2701,190.8258056640625,515420.5010986328,0.0
2025-12-29,2887.TW,BUY,201,19.61764907836914,3943.1474647521973,0.0
2025-12-29,3443.TW,BUY,250,2045.6802978515625,511420.0744628906,0.0
2025-12-29,3665.TW,BUY,8,1491.9266357421875,11935.4130859375,0.0
2025-12-30,6415.TW,BUY,2696,189.83448791503906,511793.7794189453,0.0
2025-12-30,2207.TW,BUY,7,533.282958984375,3732.980712890625,0.0
2025-12-30,2887.TW,SELL,26159,19.761898040771484,516951.49084854126,0.0
2025-12-30,1303.TW,BUY,38,58.01987838745117,2204.7553787231445,0.0
2025-12-31,1303.TW,SELL,162,59.91075134277344,9705.541717529297,0.0
2025-12-31,3443.TW,SELL,250,2115.36279296875,528840.6982421875,0.0
2025-12-31,6415.TW,SELL,2696,189.83448791503906,511793.7794189453,0.0
2025-12-31,2207.TW,BUY,24,527.528076171875,12660.673828125,0.0
2025-12-31,2887.TW,BUY,26449,19.61764907836914,518867.2004737854,0.0
2025-12-31,3661.TW,BUY,148,3482.7783203125,515451.19140625,0.0
2025-12-31,3665.TW,BUY,1,1506.79638671875,1506.79638671875,0.0
2026-01-02,2207.TW,BUY,3,523.6915283203125,1571.0745849609375,0.0
2026-01-02,6505.TW,BUY,11338,45.5644416809082,516609.6397781372,0.0
2026-01-02,1303.TW,BUY,447,56.72612762451172,25356.57904815674,0.0
2026-01-02,6415.TW,BUY,2809,183.8866729736328,516537.66438293457,0.0
2026-01-02,3661.TW,SELL,148,3606.808837890625,533807.7080078125,0.0
2026-01-02,3665.TW,SELL,3,1511.7529296875,4535.2587890625,0.0
2026-01-02,2887.TW,SELL,26449,19.61764907836914,518867.2004737854,0.0
2026-01-05,3661.TW,BUY,143,3621.692626953125,517902.0456542969,0.0
2026-01-05,3443.TW,BUY,225,2309.478515625,519632.666015625,0.0
2026-01-05,2207.TW,BUY,2,526.5689697265625,1053.137939453125,0.0
2026-01-05,5871.TW,BUY,5422,96.00205993652344,520523.1689758301,0.0
2026-01-05,6505.TW,SELL,11338,46.0533332824707,522152.69275665283,0.0
2026-01-05,6415.TW,SELL,2809,186.36492919921875,523499.08612060547,0.0
2026-01-05,3665.TW,SELL,341,1561.318603515625,532409.6437988281,0.0
2026-01-05,1303.TW,BUY,300,55.33285140991211,16599.855422973633,0.0
2026-01-06,1303.TW,SELL,218,58.617000579833984,12778.506126403809,0.0
2026-01-06,3443.TW,SELL,225,2473.730224609375,556589.3005371094,0.0
2026-01-06,3661.TW,SELL,143,3706.033447265625,529962.7829589844,0.0
2026-01-06,5871.TW,SELL,5422,98.33220672607422,533157.2248687744,0.0
2026-01-06,2207.TW,BUY,38,524.650634765625,19936.72412109375,0.0
2026-01-06,3037.TW,BUY,2341,230.0289764404297,538497.8338470459,0.0
2026-01-06,6505.TW,BUY,11746,45.85778045654297,538645.4892425537,0.0
2026-01-06,9910.TW,BUY,5294,101.74864196777344,538657.3105773926,0.0
2026-01-07,3037.TW,BUY,90,225.53817749023438,20298.435974121094,0.0
2026-01-07,3661.TW,BUY,150,3651.4599609375,547718.994140625,0.0
2026-01-07,2207.TW,BUY,25,521.7732543945312,13044.331359863281,0.0
2026-01-07,3665.TW,BUY,386,1417.578125,547185.15625,0.0
2026-01-07,6505.TW,SELL,11746,46.63999938964844,547833.4328308105,0.0
2026-01-07,1303.TW,SELL,672,64.38912963867188,43269.4951171875,0.0
2026-01-07,9910.TW,SELL,5294,101.74864196777344,538657.3105773926,0.0
2026-01-08,1303.TW,SELL,297,66.6780776977539,19803.38907623291,0.0
2026-01-08,3037.TW,SELL,2431,227.0351104736328,551922.3535614014,0.0
2026-01-08,3661.TW,SELL,150,3572.080322265625,535812.0483398438,0.0
2026-01-08,2207.TW,BUY,9,516.9775390625,4652.7978515625,0.0
2026-01-08,3443.TW,BUY,224,2438.888916015625,546311.1171875,0.0
2026-01-08,3665.TW,BUY,6,1397.7518310546875,8386.510986328125,0.0
2026-01-08,6415.TW,BUY,2501,219.0779266357422,547913.8945159912,0.0
2026-01-09,6669.TW,BUY,395,1381.475830078125,545682.9528808594,0.0
2026-01-09,3661.TW,BUY,154,3542.31298828125,545516.2001953125,0.0
2026-01-09,3443.TW,BUY,7,2354.2744140625,16479.9208984375,0.0
2026-01-09,1303.TW,BUY,640,61.60258483886719,39425.654296875,0.0
2026-01-09,3665.TW,SELL,6,1412.62158203125,8475.7294921875,0.0
2026-01-09,2207.TW,SELL,1060,521.7732543945312,553079.6496582031,0.0
2026-01-09,6415.TW,SELL,2501,234.44313049316406,586342.2693634033,0.0
2026-01-12,1303.TW,SELL,321,64.38912963867188,20668.910614013672,0.0
2026-01-12,3443.TW,SELL,231,2423.95703125,559934.07421875,0.0
2026-01-12,3661.TW,SELL,154,3601.84765625,554684.5390625,0.0
2026-01-12,2207.TW,BUY,1061,517.9366455078125,549530.7808837891,0.0
2026-01-12,3008.TW,BUY,227,2414.877197265625,548177.1237792969,0.0
2026-01-12,3665.TW,BUY,11,1382.8822021484375,15211.704223632812,0.0
2026-01-12,6669.TW,BUY,17,1334.2320556640625,22681.944946289062,0.0
2026-01-13,3443.TW,BUY,224,2409.02490234375,539621.578125,0.0
2026-01-13,6415.TW,BUY,2388,226.0170440673828,539728.7012329102,0.0
2026-01-13,3661.TW,BUY,148,3646.498779296875,539681.8193359375,0.0
2026-01-13,1303.TW,BUY,182,61.90114212036133,11266.007865905762,0.0
2026-01-13,6669.TW,SELL,412,1270.6971435546875,523527.22314453125,0.0
2026-01-13,3665.TW,SELL,14,1407.6650390625,19707.310546875,0.0
2026-01-13,2207.TW,SELL,1061,518.8958129882812,550548.4575805664,0.0
2026-01-13,3008.TW,SELL,227,2356.687255859375,534968.0070800781,0.0
2026-01-14,1303.TW,SELL,194,63.09537887573242,12240.50350189209,0.0
2026-01-14,3443.TW,SELL,1,2409.02490234375,2409.02490234375,0.0
2026-01-14,3665.TW,SELL,383,1482.0135498046875,567611.1895751953,0.0
2026-01-14,2303.TW,BUY,10133,53.09137725830078,537974.9257583618,0.0
2026-01-14,3661.TW,BUY,8,3433.166015625,27465.328125,0.0
2026-01-14,6415.TW,BUY,67,219.0779266357422,14678.221084594727,0.0
2026-01-15,6415.TW,BUY,149,209.16490173339844,31165.570358276367,0.0
2026-01-15,3665.TW,BUY,373,1457.230712890625,543547.0559082031,0.0
2026-01-15,2327.TW,BUY,2005,271.5515441894531,544460.8460998535,0.0
2026-01-15,3661.TW,BUY,9,3294.251953125,29648.267578125,0.0
2026-01-15,2303.TW,SELL,10133,53.77960205078125,544948.7075805664,0.0
2026-01-15,1303.TW,SELL,675,69.36510467529297,46821.445655822754,0.0
2026-01-15,3443.TW,SELL,223,2493.639404296875,556081.5871582031,0.0
2026-01-16,1303.TW,SELL,317,73.4454116821289,23282.195503234863,0.0
2026-01-16,2327.TW,SELL,2005,280.98388671875,563372.6928710938,0.0
2026-01-16,6415.TW,SELL,2604,215.1127166748047,560153.5142211914,0.0
2026-01-16,3443.TW,BUY,221,2498.61669921875,552194.2905273438,0.0
2026-01-16,3661.TW,BUY,1,3314.0966796875,3314.0966796875,0.0
2026-01-16,3665.TW,BUY,25,1387.8387451171875,34695.96862792969,0.0
2026-01-16,6669.TW,BUY,444,1246.2607421875,553339.76953125,0.0
2026-01-19,6669.TW,BUY,20,1212.049560546875,24240.9912109375,0.0
2026-01-19,3665.TW,BUY,34,1303.5771484375,44321.623046875,0.0
2026-01-19,2207.TW,BUY,1083,519.8549194335938,563002.877746582,0.0
2026-01-19,3443.TW,SELL,221,2682.77783203125,592893.9008789062,0.0
2026-01-19,1303.TW,SELL,406,79.01850128173828,32081.511520385742,0.0
2026-01-19,3661.TW,SELL,1,3408.360107421875,3408.360107421875,0.0
2026-01-20,2207.TW,SELL,1083,516.9775390625,559886.6748046875,0.0
2026-01-20,3665.TW,SELL,13,1328.3599853515625,17268.679809570312,0.0
2026-01-20,6669.TW,SELL,464,1195.758544921875,554831.96484375,0.0
2026-01-20,1303.TW,BUY,207,76.03291320800781,15738.813034057617,0.0
2026-01-20,2327.TW,BUY,1940,287.43756103515625,557628.8684082031,0.0
2026-01-20,6415.TW,BUY,2232,249.80831909179688,557572.1682128906,0.0
2026-01-21,1303.TW,BUY,137,73.34588623046875,10048.386413574219,0.0
2026-01-21,3665.TW,BUY,6,1288.7073974609375,7732.244384765625,0.0
2026-01-21,3443.TW,BUY,209,2613.09521484375,546136.8999023438,0.0
2026-01-21,6415.TW,SELL,173,266.1648254394531,46046.51480102539,0.0
2026-01-21,3661.TW,SELL,165,3214.872314453125,530453.9318847656,0.0
2026-01-21,2327.TW,BUY,49,275.5230407714844,13500.628997802734,0.0
2026-01-22,3443.TW,BUY,11,2563.322021484375,28196.542236328125,0.0
2026-01-22,1303.TW,SELL,170,77.42619323730469,13162.452850341797,0.0
2026-01-22,2327.TW,SELL,1989,293.8912658691406,584549.7278137207,0.0
2026-01-22,3665.TW,SELL,24,1407.6650390625,33783.9609375,0.0
2026-01-22,2303.TW,BUY,8508,66.46253967285156,565463.2875366211,0.0
2026-01-22,6415.TW,BUY,147,256.2518005371094,37669.01467895508,0.0
2026-01-23,2327.TW,BUY,1958,289.4233093261719,566690.8396606445,0.0
2026-01-23,3665.TW,BUY,10,1377.9256591796875,13779.256591796875,0.0
2026-01-23,2303.TW,BUY,388,63.70965576171875,24719.346435546875,0.0
2026-01-23,1303.TW,BUY,84,76.72954559326172,6445.281829833984,0.0
2026-01-23,6415.TW,SELL,49,262.69525146484375,12872.067321777344,0.0
2026-01-23,3443.TW,SELL,220,2712.641845703125,596781.2060546875,0.0
2026-01-26,1303.TW,SELL,236,81.30744934082031,19188.558044433594,0.0
2026-01-26,2303.TW,SELL,8896,68.13394165039062,606119.544921875,0.0
2026-01-26,2327.TW,SELL,1958,284.95538330078125,557942.6405029297,0.0
2026-01-26,3665.TW,SELL,1,1417.578125,1417.578125,0.0
2026-01-26,3037.TW,BUY,1749,332.31951904296875,581226.8388061523,0.0
2026-01-26,3443.TW,BUY,222,2608.117919921875,579002.1782226562,0.0
2026-01-26,6415.TW,BUY,86,259.2257080078125,22293.410888671875,0.0
2026-01-27,3665.TW,BUY,12,1407.6650390625,16891.98046875,0.0
2026-01-27,3443.TW,BUY,9,2573.276611328125,23159.489501953125,0.0
2026-01-27,3661.TW,BUY,174,3403.398681640625,592191.3706054688,0.0
2026-01-27,6415.TW,SELL,156,284.99957275390625,44459.933349609375,0.0
2026-01-27,3037.TW,SELL,1749,353.276611328125,617880.7932128906,0.0
2026-01-27,1303.TW,BUY,360,79.21753692626953,28518.31329345703,0.0
2026-01-28,1303.TW,SELL,75,80.11321258544922,6008.490943908691,0.0
2026-01-28,3443.TW,SELL,231,2568.29931640625,593277.1420898438,0.0
2026-01-28,3661.TW,SELL,174,3343.864013671875,581832.3383789062,0.0
2026-01-28,3665.TW,SELL,5,1427.4913330078125,7137.4566650390625,0.0
2026-01-28,2303.TW,BUY,7983,74.62288665771484,595714.5041885376,0.0
2026-01-28,2327.TW,BUY,2101,283.466064453125,595562.2014160156,0.0
2026-01-28,6415.TW,BUY,3,284.99957275390625,854.9987182617188,0.0
2026-01-29,3037.TW,BUY,1670,343.7960205078125,574139.3542480469,0.0
2026-01-29,3665.TW,BUY,7,1353.142822265625,9471.999755859375,0.0
2026-01-29,2303.TW,BUY,554,67.24907684326172,37255.98857116699,0.0
2026-01-29,6415.TW,SELL,2090,296.89520263671875,620510.9735107422,0.0
2026-01-29,2327.TW,SELL,14,275.026611328125,3850.37255859375,0.0
2026-01-29,1303.TW,BUY,46,76.72954559326172,3529.559097290039,0.0
2026-01-30,2327.TW,SELL,2087,275.5230407714844,575016.5860900879,0.0
2026-01-30,3037.TW,SELL,1670,377.7265319824219,630803.3084106445,0.0
2026-01-30,1303.TW,BUY,42,75.53531646728516,3172.4832916259766,0.0
2026-01-30,2303.TW,BUY,727,61.35003662109375,44601.476623535156,0.0
2026-01-30,3443.TW,BUY,217,2608.117919921875,565961.5886230469,0.0
2026-01-30,3665.TW,BUY,17,1288.7073974609375,21908.025756835938,0.0
2026-01-30,6415.TW,BUY,2044,278.0604553222656,568355.5706787109,0.0
2026-02-02,3037.TW,BUY,1553,364.2541198730469,565686.6481628418,0.0
2026-02-02,2327.TW,BUY,2209,256.1619873046875,565861.8299560547,0.0
2026-02-02,2303.TW,BUY,219,59.67864227294922,13069.622657775879,0.0
2026-02-02,3443.TW,SELL,217,2672.8232421875,580002.6435546875,0.0
2026-02-02,6415.TW,SELL,72,286.982177734375,20662.716796875,0.0
2026-02-02,3665.TW,SELL,441,1313.490234375,579249.193359375,0.0
2026-02-02,1303.TW,BUY,531,70.26078033447266,37308.47435760498,0.0
2026-02-03,2303.TW,BUY,261,59.77695846557617,15601.78615951538,0.0
2026-02-03,6415.TW,BUY,13,293.4256286621094,3814.533172607422,0.0
2026-02-03,6505.TW,BUY,12219,47.66666793823242,582439.015537262,0.0
2026-02-03,3037.TW,SELL,1553,384.2132568359375,596683.1878662109,0.0
2026-02-03,1303.TW,SELL,38,72.64925384521484,2760.671646118164,0.0
2026-02-03,2327.TW,SELL,8,264.6014099121094,2116.811279296875,0.0
2026-02-04,1303.TW,SELL,363,77.2271499633789,28033.455436706543,0.0
2026-02-04,2303.TW,SELL,16,60.7601318359375,972.162109375,0.0
2026-02-04,2327.TW,SELL,2201,265.0978698730469,583480.4115905762,0.0
2026-02-04,6505.TW,SELL,12219,48.69333267211914,594983.8319206238,0.0
2026-02-04,3443.TW,BUY,234,2518.526123046875,589335.1127929688,0.0
2026-02-04,3665.TW,BUY,444,1328.3599853515625,589791.8334960938,0.0
2026-02-04,6415.TW,BUY,89,284.99957275390625,25364.961975097656,0.0
2026-02-05,6415.TW,BUY,9,270.62567138671875,2435.6310424804688,0.0
2026-02-05,3443.TW,BUY,8,2329.3876953125,18635.1015625,0.0
2026-02-05,3037.TW,BUY,1546,364.75311279296875,563908.3123779297,0.0
2026-02-05,2303.TW,SELL,401,60.465179443359375,24246.53695678711,0.0
2026-02-05,1303.TW,SELL,48,74.14204406738281,3558.818115234375,0.0
2026-02-05,3665.TW,SELL,444,1249.054931640625,554580.3896484375,0.0
2026-02-06,2303.TW,SELL,178,60.85845184326172,10832.804428100586,0.0
2026-02-06,3443.TW,SELL,242,2364.22900390625,572143.4189453125,0.0
2026-02-06,6415.TW,SELL,22,270.1300354003906,5942.860778808594,0.0
2026-02-06,1303.TW,BUY,6,73.1468505859375,438.881103515625,0.0
2026-02-06,2327.TW,BUY,2256,246.7296600341797,556622.1130371094,0.0
2026-02-06,3037.TW,BUY,94,339.3052062988281,31894.689392089844,0.0
2026-02-09,3665.TW,BUY,453,1244.0982666015625,563576.5147705078,0.0
2026-02-09,6415.TW,BUY,84,263.19091796875,22108.037109375,0.0
2026-02-09,2303.TW,BUY,56,61.35003662109375,3435.60205078125,0.0
2026-02-09,3037.TW,SELL,12,346.7898864746094,4161.4786376953125,0.0
2026-02-09,2327.TW,SELL,2256,248.21896362304688,559981.9819335938,0.0
2026-02-09,1303.TW,SELL,337,77.62522888183594,26159.70213317871,0.0
2026-02-10,3037.TW,SELL,73,370.7408447265625,27064.081665039062,0.0
2026-02-10,3665.TW,SELL,453,1368.012451171875,619709.6403808594,0.0
2026-02-10,1301.TW,BUY,12823,44.97330856323242,576692.7357063293,0.0
2026-02-10,1303.TW,BUY,684,72.45021057128906,49555.94403076172,0.0
2026-02-10,2303.TW,BUY,195,61.35003662109375,11963.257141113281,0.0
2026-02-10,6415.TW,BUY,37,264.1822204589844,9774.742156982422,0.0
2026-02-11,3443.TW,BUY,241,2463.775634765625,593769.9279785156,0.0
2026-02-11,3037.TW,BUY,60,368.2459411621094,22094.756469726562,0.0
2026-02-11,2303.TW,BUY,233,61.74330520629883,14386.190113067627,0.0
2026-02-11,6415.TW,SELL,40,277.5647888183594,11102.591552734375,0.0
2026-02-11,1303.TW,SELL,375,78.42138671875,29408.02001953125,0.0
2026-02-11,1301.TW,SELL,12823,46.06296920776367,590665.4541511536,0.0
2026-02-23,1303.TW,SELL,219,83.19831848144531,18220.431747436523,0.0
2026-02-23,3037.TW,SELL,101,404.6713562011719,40871.80697631836,0.0
2026-02-23,2303.TW,BUY,120,62.824798583984375,7538.975830078125,0.0
2026-02-23,3443.TW,BUY,18,2359.251708984375,42466.53076171875,0.0
2026-02-23,6415.TW,BUY,30,282.0256652832031,8460.769958496094,0.0
2026-02-24,2303.TW,BUY,32,66.36421966552734,2123.655029296875,0.0
2026-02-24,3443.TW,SELL,259,2488.662109375,644563.486328125,0.0
2026-02-24,6415.TW,BUY,126,282.52130126953125,35597.68395996094,0.0
2026-02-24,1303.TW,SELL,179,90.36373138427734,16175.107917785645,0.0
2026-02-24,3037.TW,SELL,55,445.0885925292969,24479.872589111328,0.0
2026-02-24,3665.TW,BUY,505,1283.7508544921875,648294.1815185547,0.0
2026-02-25,1303.TW,SELL,227,94.44402313232422,21438.793251037598,0.0
2026-02-25,3037.TW,SELL,23,457.56304931640625,10523.950134277344,0.0
2026-02-25,3665.TW,SELL,505,1333.3165283203125,673324.8468017578,0.0
2026-02-25,2049.TW,BUY,2938,223.6937713623047,657212.3002624512,0.0
2026-02-25,2303.TW,BUY,422,64.39787292480469,27175.902374267578,0.0
2026-02-25,6415.TW,BUY,78,276.573486328125,21572.73193359375,0.0
2026-02-26,6415.TW,BUY,5,278.55609130859375,1392.7804565429688,0.0
2026-02-26,2303.TW,BUY,108,64.299560546875,6944.3525390625,0.0
2026-02-26,1303.TW,BUY,301,91.35892486572266,27499.03638458252,0.0
2026-02-26,3037.TW,SELL,56,480.51605224609375,26908.89892578125,0.0
2026-02-26,2049.TW,SELL,2938,228.66473388671875,671816.9881591797,0.0
2026-02-26,1301.TW,BUY,12976,51.11503601074219,663268.7072753906,0.0
2026-03-02,1301.TW,SELL,12976,50.22349548339844,651700.0773925781,0.0
2026-03-02,2303.TW,SELL,36,63.414703369140625,2282.9293212890625,0.0
2026-03-02,3037.TW,SELL,22,480.01708984375,10560.3759765625,0.0
2026-03-02,1303.TW,BUY,58,89.0699691772461,5166.058212280273,0.0
2026-03-02,3443.TW,BUY,247,2633.004638671875,650352.1457519531,0.0
2026-03-02,6415.TW,BUY,27,270.62567138671875,7306.893127441406,0.0
2026-03-03,1303.TW,BUY,7,84.59159088134766,592.1411361694336,0.0
2026-03-03,3443.TW,SELL,247,2478.70751953125,612240.7573242188,0.0
2026-03-03,6415.TW,BUY,58,251.29527282714844,14575.12582397461,0.0
2026-03-03,2303.TW,SELL,211,61.546669006347656,12986.347160339355,0.0
2026-03-03,3037.TW,SELL,17,462.0538635253906,7854.915679931641,0.0
2026-03-03,2308.TW,BUY,464,1333.029541015625,618525.70703125,0.0
2026-03-04,2303.TW,SELL,10068,58.990421295166016,593915.5615997314,0.0
2026-03-04,2308.TW,SELL,464,1248.4716796875,579290.859375,0.0
2026-03-04,6415.TW,SELL,14,235.93008422851562,3303.0211791992188,0.0
2026-03-04,1303.TW,BUY,5,78.91898345947266,394.5949172973633,0.0
2026-03-04,3037.TW,BUY,49,416.1478576660156,20391.245025634766,0.0
2026-03-04,3443.TW,BUY,254,2269.659912109375,576493.6176757812,0.0
2026-03-04,3711.TW,BUY,1782,324.5336608886719,578318.9837036133,0.0
2026-03-05,6505.TW,BUY,11110,55.14666748046875,612679.4757080078,0.0
2026-03-05,1303.TW,BUY,141,82.00408935546875,11562.576599121094,0.0
2026-03-05,1301.TW,BUY,13048,46.95451354980469,612662.4927978516,0.0
2026-03-05,3443.TW,SELL,254,2344.31982421875,595457.2353515625,0.0
2026-03-05,3037.TW,SELL,26,449.0804443359375,11676.091552734375,0.0
2026-03-05,3711.TW,SELL,1782,350.29815673828125,624231.3153076172,0.0
2026-03-05,6415.TW,SELL,14,251.29527282714844,3518.133819580078,0.0
2026-03-06,1301.TW,SELL,13048,49.72819519042969,648853.4908447266,0.0
2026-03-06,6505.TW,SELL,11110,60.622222900390625,673512.8964233398,0.0
2026-03-06,1303.TW,BUY,178,81.90457153320312,14579.013732910156,0.0
2026-03-06,3019.TW,BUY,4835,129.58853149414062,626560.5497741699,0.0
2026-03-06,3037.TW,BUY,89,431.1172180175781,38369.43240356445,0.0
2026-03-06,3711.TW,BUY,1848,338.9023132324219,626291.4748535156,0.0
2026-03-06,6415.TW,BUY,65,250.30397033691406,16269.758071899414,0.0
2026-03-09,3037.TW,BUY,25,388.205078125,9705.126953125,0.0
2026-03-09,3665.TW,BUY,363,1581.1448974609375,573955.5977783203,0.0
2026-03-09,3443.TW,BUY,263,2180.068115234375,573357.9143066406,0.0
2026-03-09,6415.TW,SELL,18,230.9735565185547,4157.524017333984,0.0
2026-03-09,3711.TW,SELL,1848,317.1015930175781,586003.7438964844,0.0
2026-03-09,3019.TW,SELL,4835,119.39617919921875,577280.5264282227,0.0
2026-03-09,1303.TW,BUY,134,73.74396514892578,9881.691329956055,0.0
2026-03-10,1303.TW,SELL,21,77.32666778564453,1623.8600234985352,0.0
2026-03-10,3037.TW,SELL,60,423.1335754394531,25388.014526367188,0.0
2026-03-10,3443.TW,SELL,263,2234.818603515625,587757.2927246094,0.0
2026-03-10,6415.TW,SELL,87,250.30397033691406,21776.445419311523,0.0
2026-03-10,1301.TW,BUY,13031,46.06296920776367,600246.5517463684,0.0
2026-03-10,3665.TW,BUY,23,1551.405517578125,35682.326904296875,0.0
2026-03-11,6505.TW,BUY,11210,56.41777801513672,632443.2915496826,0.0
2026-03-11,6415.TW,BUY,37,259.7213439941406,9609.689727783203,0.0
2026-03-11,3665.TW,SELL,1,1640.6236572265625,1640.6236572265625,0.0
2026-03-11,1303.TW,SELL,50,82.00408935546875,4100.2044677734375,0.0
2026-03-11,1301.TW,SELL,13031,46.70685958862305,608637.0872993469,0.0
2026-03-11,3037.TW,SELL,58,465.0477294921875,26972.768310546875,0.0
2026-03-12,3037.TW,SELL,1360,479.0191345214844,651466.0229492188,0.0
2026-03-12,6415.TW,SELL,82,269.6343688964844,22110.01824951172,0.0
2026-03-12,6505.TW,SELL,11210,57.59111404418945,645596.3884353638,0.0
2026-03-12,1303.TW,BUY,517,77.12763214111328,39874.98581695557,0.0
2026-03-12,2327.TW,BUY,2541,249.70828247070312,634508.7457580566,0.0
2026-03-12,3665.TW,BUY,6,1620.79736328125,9724.7841796875,0.0
2026-03-12,3711.TW,BUY,1911,331.9657287597656,634386.5076599121,0.0
2026-03-13,3665.TW,BUY,21,1576.1883544921875,33099.95544433594,0.0
2026-03-13,6505.TW,BUY,11490,56.61333465576172,650487.2151947021,0.0
2026-03-13,3037.TW,BUY,1283,506.9619140625,650432.1357421875,0.0
2026-03-13,6415.TW,SELL,10,277.5647888183594,2775.6478881835938,0.0
2026-03-13,3711.TW,SELL,1911,338.4068603515625,646695.5101318359,0.0
2026-03-13,2327.TW,SELL,2541,256.1619873046875,650907.6097412109,0.0
2026-03-13,1303.TW,SELL,401,83.09880065917969,33322.619064331055,0.0
2026-03-16,1303.TW,SELL,321,88.77140808105469,28495.621994018555,0.0
2026-03-16,3037.TW,SELL,67,547.8781127929688,36707.833557128906,0.0
2026-03-16,3665.TW,SELL,412,1630.7105712890625,671852.7553710938,0.0
2026-03-16,2308.TW,BUY,492,1352.925537109375,665639.3642578125,0.0
2026-03-16,6415.TW,BUY,218,260.2170104980469,56727.30828857422,0.0
2026-03-16,6505.TW,BUY,261,56.71111297607422,14801.600486755371,0.0
2026-03-17,6505.TW,BUY,341,55.44000244140625,18905.04083251953,0.0
2026-03-17,3037.TW,BUY,21,541.890380859375,11379.697998046875,0.0
2026-03-17,1303.TW,BUY,372,85.08918762207031,31653.177795410156,0.0
2026-03-17,6415.TW,SELL,98,272.1126403808594,26667.03875732422,0.0
2026-03-17,2308.TW,SELL,492,1432.5093994140625,704794.6245117188,0.0
2026-03-17,1301.TW,BUY,14570,46.0134391784668,670415.8088302612,0.0
2026-03-18,1301.TW,SELL,14570,46.85544967651367,682683.9017868042,0.0
2026-03-18,3037.TW,SELL,43,578.8147583007812,24889.034606933594,0.0
2026-03-18,6415.TW,SELL,55,286.982177734375,15784.019775390625,0.0
2026-03-18,6505.TW,SELL,12092,55.733333587646484,673927.4697418213,0.0
2026-03-18,1303.TW,BUY,177,85.78582763671875,15184.091491699219,0.0
2026-03-18,3665.TW,BUY,412,1675.3197021484375,690231.7172851562,0.0
2026-03-18,6669.TW,BUY,554,1246.2607421875,690428.451171875,0.0
2026-03-19,6415.TW,BUY,52,278.0604553222656,14459.143676757812,0.0
2026-03-19,6505.TW,BUY,12190,56.124446868896484,684157.0073318481,0.0
2026-03-19,2303.TW,BUY,11854,57.71229553222656,684121.5512390137,0.0
2026-03-19,3037.TW,SELL,15,579.812744140625,8697.191162109375,0.0
2026-03-19,6669.TW,SELL,554,1226.7115478515625,679598.1975097656,0.0
2026-03-19,3665.TW,SELL,412,1705.05908203125,702484.341796875,0.0
2026-03-19,1303.TW,BUY,108,83.7954330444336,9049.906768798828,0.0
2026-03-20,2303.TW,SELL,11854,56.82743835449219,673632.4542541504,0.0
2026-03-20,6415.TW,SELL,111,283.5126037597656,31469.899017333984,0.0
2026-03-20,6505.TW,SELL,69,54.95111083984375,3791.6266479492188,0.0
2026-03-20,1301.TW,BUY,14126,47.15262985229492,666078.0492935181,0.0
2026-03-20,1303.TW,BUY,373,78.02330780029297,29102.693809509277,0.0
2026-03-20,3037.TW,BUY,25,552.867919921875,13821.697998046875,0.0
2026-03-23,3037.TW,BUY,61,497.98028564453125,30376.797424316406,0.0
2026-03-23,1303.TW,BUY,41,73.4454116821289,3011.261878967285,0.0
2026-03-23,1301.TW,BUY,86,44.32941436767578,3812.329635620117,0.0
2026-03-23,6415.TW,SELL,67,276.0778503417969,18497.21597290039,0.0
2026-03-23,6505.TW,SELL,341,53.48444366455078,18238.195289611816,0.0
2026-03-24,1301.TW,SELL,14212,44.62659454345703,634233.1616516113,0.0
2026-03-24,6415.TW,SELL,64,280.0430603027344,17922.755859375,0.0
2026-03-24,6505.TW,SELL,11780,53.875553131103516,634654.0158843994,0.0
2026-03-24,1303.TW,BUY,55,71.9526138305664,3957.3937606811523,0.0
2026-03-24,2327.TW,BUY,2497,248.7154083251953,621042.3745880127,0.0
2026-03-24,3037.TW,BUY,88,459.05999755859375,40397.27978515625,0.0
2026-03-24,3665.TW,BUY,362,1714.97216796875,620819.9248046875,0.0
2026-03-25,6505.TW,BUY,12290,53.28889083862305,654920.4684066772,0.0
2026-03-25,6415.TW,BUY,33,290.9473876953125,9601.263793945312,0.0
2026-03-25,3443.TW,BUY,265,2463.775634765625,652900.5432128906,0.0
2026-03-25,3037.TW,SELL,57,504.96600341796875,28783.06219482422,0.0
2026-03-25,3665.TW,SELL,362,1789.3206787109375,647734.0856933594,0.0
2026-03-25,2327.TW,SELL,2497,258.1477355957031,644594.8957824707,0.0
2026-03-25,1303.TW,BUY,26,75.63483428955078,1966.5056915283203,0.0
2026-03-26,3037.TW,BUY,22,500.97418212890625,11021.432006835938,0.0
2026-03-26,2308.TW,BUY,438,1507.1192626953125,660118.2370605469,0.0
2026-03-26,1303.TW,BUY,212,74.44060516357422,15781.408294677734,0.0
2026-03-26,3661.TW,BUY,217,3041.2294921875,659946.7998046875,0.0
2026-03-26,6415.TW,SELL,20,296.0,5920.0,0.0
2026-03-26,3443.TW,SELL,265,2528.480712890625,670047.3889160156,0.0
2026-03-26,6505.TW,SELL,12290,54.462223052978516,669340.721321106,0.0
2026-03-27,2308.TW,SELL,438,1502.145263671875,657939.6254882812,0.0
2026-03-27,3037.TW,SELL,14,503.9680480957031,7055.552673339844,0.0
2026-03-27,3661.TW,SELL,217,3016.42333984375,654563.8647460938,0.0
2026-03-27,1301.TW,BUY,14147,46.45920944213867,657258.4359779358,0.0
2026-03-27,1303.TW,BUY,30,73.8434829711914,2215.304489135742,0.0
2026-03-27,3443.TW,BUY,268,2448.843505859375,656290.0595703125,0.0
2026-03-27,6415.TW,BUY,12,293.0,3516.0,0.0
2026-03-30,3443.TW,BUY,18,2299.52392578125,41391.4306640625,0.0
2026-03-30,3665.TW,BUY,353,1863.669189453125,657875.2238769531,0.0
2026-03-30,6415.TW,BUY,66,285.5,18843.0,0.0
2026-03-30,3037.TW,BUY,35,492.4915466308594,17237.204132080078,0.0
2026-03-30,1301.TW,SELL,14147,47.7965202331543,676177.3717384338,0.0
2026-03-30,1303.TW,SELL,761,81.0088882446289,61647.7639541626,0.0
2026-03-31,3443.TW,SELL,286,2155.181396484375,616381.8793945312,0.0
2026-03-31,6415.TW,SELL,124,281.0,34844.0,0.0
2026-03-31,1303.TW,BUY,209,73.54492950439453,15370.890266418457,0.0
2026-03-31,3037.TW,BUY,45,443.5916748046875,19961.625366210938,0.0
2026-03-31,3661.TW,BUY,249,2465.727783203125,613966.2180175781,0.0
2026-03-31,3665.TW,BUY,3,1724.88525390625,5174.65576171875,0.0
2026-04-01,6505.TW,BUY,12099,54.462223052978516,658938.4367179871,0.0
2026-04-01,6415.TW,BUY,147,282.5,41527.5,0.0
2026-04-01,1303.TW,BUY,64,78.32186126708984,5012.59912109375,0.0
2026-04-01,3665.TW,SELL,8,1893.4085693359375,15147.2685546875,0.0
2026-04-01,3661.TW,SELL,249,2708.82763671875,674498.0815429688,0.0
2026-04-01,3037.TW,SELL,33,487.50177001953125,16087.558410644531,0.0
2026-04-02,3037.TW,SELL,80,517.939453125,41435.15625,0.0
2026-04-02,3665.TW,SELL,2,1898.3651123046875,3796.730224609375,0.0
2026-04-02,6505.TW,SELL,12099,53.48444366455078,647108.2838973999,0.0
2026-04-02,1303.TW,BUY,169,76.72954559326172,12967.29320526123,0.0
2026-04-02,2308.TW,BUY,462,1422.5614013671875,657223.3674316406,0.0
2026-04-02,6415.TW,BUY,71,274.0,19454.0,0.0
2026-04-07,3711.TW,BUY,1984,348.811767578125,692042.546875,0.0
2026-04-07,3665.TW,BUY,4,1972.713623046875,7890.8544921875,0.0
2026-04-07,6415.TW,BUY,56,281.5,15764.0,0.0
2026-04-07,3037.TW,SELL,41,562.8474731445312,23076.74639892578,0.0
2026-04-07,2308.TW,SELL,462,1507.1192626953125,696289.0993652344,0.0
2026-04-07,1303.TW,BUY,59,80.11321258544922,4726.679542541504,0.0
2026-04-08,3037.TW,SELL,40,618.7330322265625,24749.3212890625,0.0
2026-04-08,3711.TW,SELL,1984,379.5309753417969,752989.455078125,0.0
2026-04-08,6415.TW,SELL,2459,299.5,736470.5,0.0
2026-04-08,1301.TW,BUY,15757,46.75638961791992,736740.4312095642,0.0
2026-04-08,1303.TW,BUY,58,84.69110870361328,4912.08430480957,0.0
2026-04-08,3665.TW,BUY,18,1997.4964599609375,35954.936279296875,0.0
2026-04-08,6505.TW,BUY,13876,53.09333419799805,736723.1053314209,0.0
2026-04-09,6415.TW,BUY,2634,282.0,742788.0,0.0
2026-04-09,1303.TW,BUY,61,84.7906265258789,5172.228218078613,0.0
2026-04-09,6505.TW,BUY,539,51.52888870239258,27774.0710105896,0.0
2026-04-09,1301.TW,SELL,15757,46.95451354980469,739862.2700042725,0.0
2026-04-09,3665.TW,SELL,17,2111.49755859375,35895.45849609375,0.0
2026-04-10,3037.TW,SELL,26,636.6962280273438,16554.101928710938,0.0
2026-04-10,3665.TW,SELL,12,2180.889404296875,26170.6728515625,0.0
2026-04-10,1303.TW,BUY,367,81.20792388916016,29803.308067321777,0.0
2026-04-10,6415.TW,BUY,17,279.5,4751.5,0.0
2026-04-10,6505.TW,BUY,162,50.844444274902344,8236.79997253418,0.0
2026-04-13,1303.TW,SELL,300,85.28822326660156,25586.46697998047,0.0
2026-04-13,6505.TW,SELL,14577,53.875553131103516,785343.937992096,0.0
2026-04-13,3037.TW,BUY,41,624.7207641601562,25613.551330566406,0.0
2026-04-13,3665.TW,BUY,2,2205.67236328125,4411.3447265625,0.0
2026-04-13,4938.TW,BUY,10087,74.64086151123047,752902.3700637817,0.0
2026-04-13,6415.TW,BUY,106,273.0,28938.0,0.0
2026-04-14,3037.TW,BUY,63,595.780029296875,37534.141845703125,0.0
2026-04-14,6415.TW,BUY,46,269.5,12397.0,0.0
2026-04-14,2891.TW,BUY,14755,51.20067596435547,755465.9738540649,0.0
2026-04-14,1303.TW,SELL,298,88.57237243652344,26394.566986083984,0.0
2026-04-14,3665.TW,SELL,9,2275.064208984375,20475.577880859375,0.0
2026-04-14,4938.TW,SELL,10087,75.11932373046875,757728.6184692383,0.0
2026-04-15,3037.TW,SELL,27,616.7371215820312,16651.902282714844,0.0
2026-04-15,3665.TW,SELL,4,2329.58642578125,9318.345703125,0.0
2026-04-15,6415.TW,SELL,2803,275.0,770825.0,0.0
2026-04-15,1303.TW,BUY,166,88.07477569580078,14620.41276550293,0.0
2026-04-15,2891.TW,BUY,287,50.911407470703125,14611.573944091797,0.0
2026-04-15,6505.TW,BUY,14397,53.19111251831055,765792.446926117,0.0
2026-04-16,3665.TW,BUY,1,2374.195556640625,2374.195556640625,0.0
2026-04-16,2615.TW,BUY,10559,74.11376953125,782567.2924804688,0.0
2026-04-16,6505.TW,SELL,14397,53.875553131103516,775646.3384284973,0.0
2026-04-16,2049.TW,BUY,2821,277.3802795410156,782489.7685852051,0.0
2026-04-16,2891.TW,SELL,15042,51.48994827270508,774511.8019180298,0.0
2026-04-16,1303.TW,SELL,6,90.06517028808594,540.3910217285156,0.0
2026-04-16,3037.TW,SELL,26,643.6819458007812,16735.730590820312,0.0
2026-04-17,2049.TW,SELL,2821,289.31060791015625,816145.2249145508,0.0
2026-04-17,2615.TW,SELL,10559,72.57173919677734,766284.994178772,0.0
2026-04-17,3037.TW,SELL,2,641.68603515625,1283.3720703125,0.0
2026-04-17,1303.TW,BUY,234,87.27861785888672,20423.196578979492,0.0
2026-04-17,2327.TW,BUY,2478,314.2452087402344,778699.6272583008,0.0
2026-04-17,3443.TW,BUY,240,3240.238037109375,777657.12890625,0.0
2026-04-17,3665.TW,BUY,3,2344.456298828125,7033.368896484375,0.0
2026-04-20,1303.TW,BUY,538,85.28822326660156,45885.06411743164,0.0
2026-04-20,6505.TW,BUY,15283,52.79999923706055,806942.3883399963,0.0
2026-04-20,1301.TW,BUY,15487,52.10563659667969,806959.9939727783,0.0
2026-04-20,2327.TW,SELL,2478,317.2238464355469,786080.6914672852,0.0
2026-04-20,3443.TW,SELL,240,3563.76416015625,855303.3984375,0.0
2026-04-20,3037.TW,SELL,21,676.614501953125,14208.904541015625,0.0
2026-04-20,3665.TW,SELL,2,2438.630859375,4877.26171875,0.0
2026-04-21,1303.TW,SELL,232,87.97525787353516,20410.259826660156,0.0
2026-04-21,3037.TW,SELL,1192,708.5491333007812,844590.5668945312,0.0
2026-04-21,1301.TW,BUY,336,51.31315612792969,17241.220458984375,0.0
2026-04-21,3008.TW,BUY,309,2621.059326171875,809907.3317871094,0.0
2026-04-21,3665.TW,BUY,7,2403.93505859375,16827.54541015625,0.0
2026-04-21,6505.TW,BUY,384,51.82222366333008,19899.73388671875,0.0
2026-04-22,3711.TW,BUY,1775,460.7882385253906,817899.1233825684,0.0
2026-04-22,3443.TW,BUY,223,3658.333251953125,815808.3151855469,0.0
2026-04-22,3008.TW,BUY,10,2561.6025390625,25616.025390625,0.0
2026-04-22,2327.TW,BUY,2611,313.2523498535156,817901.8854675293,0.0
2026-04-22,1301.TW,SELL,15823,51.4122200012207,813495.5570793152,0.0
2026-04-22,3665.TW,SELL,337,2532.8056640625,853555.5087890625,0.0
2026-04-22,1303.TW,SELL,33,88.97045135498047,2936.0248947143555,0.0
2026-04-22,6505.TW,SELL,15667,51.52888870239258,807303.0993003845,0.0
2026-04-23,2327.TW,BUY,133,292.89837646484375,38955.48406982422,0.0
2026-04-23,3008.TW,BUY,7,2462.507568359375,17237.552978515625,0.0
2026-04-23,2303.TW,BUY,11108,72.36157989501953,803792.429473877,0.0
2026-04-23,3711.TW,SELL,1775,460.29278564453125,817019.694519043,0.0
2026-04-23,1303.TW,BUY,283,84.7906265258789,23995.74730682373,0.0
2026-04-23,2049.TW,BUY,2677,300.2467346191406,803760.5085754395,0.0
2026-04-23,3443.TW,SELL,223,3892.267578125,867975.669921875,0.0
2026-04-24,3665.TW,BUY,294,2740.9814453125,805848.544921875,0.0
2026-04-24,3037.TW,BUY,1022,788.3856201171875,805730.1037597656,0.0
2026-04-24,2049.TW,BUY,84,291.79608154296875,24510.870849609375,0.0
2026-04-24,6505.TW,BUY,15973,50.453330993652344,805891.0559616089,0.0
2026-04-24,2327.TW,SELL,2744,294.8841247558594,809162.0383300781,0.0
2026-04-24,2303.TW,SELL,11108,73.2464370727539,813621.4230041504,0.0
2026-04-24,1303.TW,SELL,52,85.48726654052734,4445.337860107422,0.0
2026-04-24,3008.TW,SELL,326,2497.19091796875,814084.2392578125,0.0
2026-04-27,1303.TW,SELL,122,87.37814331054688,10660.133483886719,0.0
2026-04-27,2049.TW,SELL,2761,293.2873840332031,809766.4673156738,0.0
2026-04-27,3037.TW,SELL,1022,837.2855224609375,855705.8039550781,0.0
2026-04-27,6505.TW,SELL,15973,50.648887634277344,809014.682182312,0.0
2026-04-27,2303.TW,BUY,11375,71.47672271728516,813047.7209091187,0.0
2026-04-27,3443.TW,BUY,206,3937.0634765625,811035.076171875,0.0
2026-04-27,3665.TW,BUY,17,2607.154296875,44321.623046875,0.0
2026-04-27,6415.TW,BUY,1935,420.0,812700.0,0.0
2026-04-28,3037.TW,BUY,1006,823.3141479492188,828254.0328369141,0.0
2026-04-28,6415.TW,BUY,71,413.0,29323.0,0.0
2026-04-28,3008.TW,BUY,324,2556.647705078125,828353.8564453125,0.0
2026-04-28,3665.TW,BUY,6,2607.154296875,15642.92578125,0.0
2026-04-28,2303.TW,SELL,11375,73.83634185791016,839888.388633728,0.0
2026-04-28,1303.TW,SELL,4,89.0699691772461,356.2798767089844,0.0
2026-04-28,3443.TW,SELL,206,4170.99755859375,859225.4970703125,0.0
2026-04-29,1303.TW,SELL,193,91.15988159179688,17593.857147216797,0.0
2026-04-29,3008.TW,SELL,324,2571.511962890625,833169.8759765625,0.0
2026-04-29,3665.TW,SELL,16,2755.851318359375,44093.62109375,0.0
2026-04-29,3037.TW,BUY,30,801.3590698242188,24040.772094726562,0.0
2026-04-29,3443.TW,BUY,202,4101.3154296875,828465.716796875,0.0
2026-04-29,6415.TW,BUY,106,393.0,41658.0,0.0
2026-04-30,3665.TW,BUY,13,2745.938232421875,35697.197021484375,0.0
2026-04-30,3008.TW,BUY,346,2492.236083984375,862313.6850585938,0.0
2026-04-30,2474.TW,BUY,4274,201.81739807128906,862567.5593566895,0.0
2026-04-30,1303.TW,BUY,566,89.16948699951172,50469.92964172363,0.0
2026-04-30,3443.TW,SELL,202,4240.68017578125,856617.3955078125,0.0
2026-04-30,3037.TW,SELL,58,881.1956176757812,51109.34582519531,0.0
2026-04-30,6415.TW,SELL,2112,427.0,901824.0,0.0
2026-05-04,2474.TW,SELL,4274,202.3002166748047,864631.1260681152,0.0
2026-05-04,3008.TW,SELL,346,2551.693115234375,882885.8178710938,0.0
2026-05-04,3037.TW,SELL,10,909.1383666992188,9091.383666992188,0.0
2026-05-04,3665.TW,SELL,12,2914.46142578125,34973.537109375,0.0
2026-05-04,1303.TW,BUY,339,87.97525787353516,29823.612419128418,0.0
2026-05-04,4938.TW,BUY,11323,77.79874420166016,880915.180595398,0.0
2026-05-04,6415.TW,BUY,2025,435.0,880875.0,0.0
2026-05-05,6669.TW,BUY,572,1549.2730712890625,886184.1967773438,0.0
2026-05-05,6415.TW,BUY,10,436.0,4360.0,0.0
2026-05-05,3665.TW,BUY,9,2850.026123046875,25650.235107421875,0.0
2026-05-05,4938.TW,SELL,11323,77.99012756347656,883082.2144012451,0.0
2026-05-05,2308.TW,BUY,412,2153.738037109375,887340.0712890625,0.0
2026-05-05,1303.TW,SELL,10013,93.54834747314453,936699.6032485962,0.0
2026-05-05,3037.TW,BUY,16,901.1547241210938,14418.4755859375,0.0
2026-05-06,2308.TW,SELL,412,2198.50390625,905783.609375,0.0
2026-05-06,6669.TW,SELL,572,1619.3243408203125,926253.5229492188,0.0
2026-05-06,1303.TW,BUY,9399,93.34931182861328,877390.1818771362,0.0
2026-05-06,2474.TW,BUY,4337,202.3002166748047,877376.0397186279,0.0
2026-05-06,3037.TW,BUY,40,856.2467041015625,34249.8681640625,0.0
2026-05-06,3665.TW,BUY,11,2721.1552734375,29932.7080078125,0.0
2026-05-06,6415.TW,BUY,34,424.0,14416.0,0.0
2026-05-07,2474.TW,BUY,77,198.92050170898438,15316.878631591797,0.0
2026-05-07,1303.TW,BUY,373,89.86612701416016,33520.06537628174,0.0
2026-05-07,6415.TW,SELL,1,424.5,424.5,0.0
2026-05-07,3665.TW,SELL,4,2755.851318359375,11023.4052734375,0.0
2026-05-07,3037.TW,SELL,42,894.1690673828125,37555.100830078125,0.0
2026-05-08,1303.TW,SELL,50,88.1742935180664,4408.71467590332,0.0
2026-05-08,2474.TW,SELL,4414,197.95486450195312,873772.7719116211,0.0
2026-05-08,3665.TW,SELL,318,2726.11181640625,866903.5576171875,0.0
2026-05-08,6415.TW,SELL,54,425.5,22977.0,0.0
2026-05-08,2303.TW,BUY,9550,89.76375579833984,857243.8678741455,0.0
2026-05-08,3037.TW,BUY,68,816.3284301757812,55510.333251953125,0.0
2026-05-08,3443.TW,BUY,165,5186.3720703125,855751.3916015625,0.0
2026-05-11,3037.TW,BUY,12,859.2405395507812,10310.886474609375,0.0
2026-05-11,3008.TW,BUY,362,2521.964599609375,912951.1850585938,0.0
2026-05-11,2330.TW,BUY,410,2222.5107421875,911229.404296875,0.0
2026-05-11,2303.TW,SELL,9550,93.40149688720703,891984.2952728271,0.0
2026-05-11,6415.TW,SELL,64,468.0,29952.0,0.0
2026-05-11,3443.TW,SELL,165,5704.013671875,941162.255859375,0.0
2026-05-11,1303.TW,BUY,304,91.06036376953125,27682.3505859375,0.0
2026-05-12,3665.TW,BUY,339,2750.894775390625,932553.3288574219,0.0
2026-05-12,3037.TW,BUY,7,873.2119750976562,6112.483825683594,0.0
2026-05-12,2454.TW,BUY,253,3678.024169921875,930540.1149902344,0.0
2026-05-12,3443.TW,BUY,168,5544.7392578125,931516.1953125,0.0
2026-05-12,6415.TW,SELL,1950,476.5,929175.0,0.0
2026-05-12,3008.TW,SELL,362,2769.70166015625,1002632.0009765625,0.0
2026-05-12,2330.TW,SELL,410,2242.399169921875,919383.6596679688,0.0
2026-05-12,1303.TW,BUY,508,88.67189025878906,45045.320251464844,0.0
2026-05-13,1303.TW,SELL,133,86.08438873291016,11449.22370147705,0.0
2026-05-13,2454.TW,SELL,253,3474.24169921875,878983.1499023438,0.0
2026-05-13,3037.TW,SELL,1069,890.1771850585938,951599.4108276367,0.0
2026-05-13,2303.TW,BUY,9255,96.74429321289062,895368.4336853027,0.0
2026-05-13,3665.TW,BUY,22,2478.283447265625,54522.23583984375,0.0
2026-05-13,6415.TW,BUY,1915,467.5,895262.5,0.0
2026-05-14,3443.TW,BUY,9,5051.984375,45467.859375,0.0
2026-05-14,3665.TW,BUY,41,2230.455078125,91448.658203125,0.0
2026-05-14,2454.TW,BUY,265,3384.7763671875,896965.7373046875,0.0
2026-05-14,3037.TW,BUY,1020,879.19970703125,896783.701171875,0.0
2026-05-14,1303.TW,BUY,172,84.89015197753906,14601.106140136719,0.0
2026-05-14,6415.TW,SELL,1915,503.0,963245.0,0.0
2026-05-14,2303.TW,SELL,9255,106.18275451660156,982721.3930511475,0.0
2026-05-15,1303.TW,SELL,10573,84.89015197753906,897543.5768585205,0.0
2026-05-15,2454.TW,SELL,1,3240.637451171875,3240.637451171875,0.0
2026-05-15,3037.TW,BUY,26,819.3223266601562,21302.380493164062,0.0
2026-05-15,3665.TW,BUY,10,2076.801513671875,20768.01513671875,0.0
2026-05-15,6415.TW,BUY,1831,468.0,856908.0,0.0
2026-05-18,3665.TW,BUY,21,2007.40966796875,42155.60302734375,0.0
2026-05-18,3443.TW,BUY,7,4718.50341796875,33029.52392578125,0.0
2026-05-18,3037.TW,BUY,23,814.33251953125,18729.64794921875,0.0
2026-05-18,2308.TW,BUY,433,2009.4923095703125,870110.1700439453,0.0
2026-05-18,6415.TW,SELL,137,514.0,70418.0,0.0
2026-05-18,2454.TW,SELL,264,3379.805908203125,892268.759765625,0.0
2026-05-19,2308.TW,SELL,433,1905.03857421875,824881.7026367188,0.0
2026-05-19,3037.TW,SELL,42,816.3284301757812,34285.79406738281,0.0
2026-05-19,3665.TW,SELL,8,1972.713623046875,15781.708984375,0.0
2026-05-19,2454.TW,BUY,267,3136.26123046875,837381.7485351562,0.0
2026-05-19,3443.TW,BUY,4,4444.75048828125,17779.001953125,0.0
2026-05-19,6415.TW,BUY,45,482.0,21690.0,0.0
2026-05-20,3037.TW,BUY,14,821.3182373046875,11498.455322265625,0.0
2026-05-20,2303.TW,BUY,8055,106.18275451660156,855302.0876312256,0.0
2026-05-20,3665.TW,BUY,14,1947.9307861328125,27271.031005859375,0.0
2026-05-20,3443.TW,SELL,2,4584.11572265625,9168.2314453125,0.0
2026-05-20,2454.TW,SELL,267,3210.815673828125,857287.7849121094,0.0
2026-05-20,6415.TW,SELL,52,507.0,26364.0,0.0
2026-05-21,3037.TW,SELL,6,903.150634765625,5418.90380859375,0.0
2026-05-21,3443.TW,SELL,1,5042.029296875,5042.029296875,0.0
2026-05-21,3665.TW,SELL,2,2136.2802734375,4272.560546875,0.0
2026-05-21,6415.TW,SELL,8,557.0,4456.0,0.0
2026-05-21,2303.TW,BUY,147,114.04814910888672,16765.077919006348,0.0
2026-05-22,3037.TW,SELL,48,968.017822265625,46464.85546875,0.0
2026-05-22,3665.TW,SELL,4,2205.67236328125,8822.689453125,0.0
2026-05-22,2303.TW,BUY,329,112.08179473876953,36874.910469055176,0.0
2026-05-22,3443.TW,BUY,1,5116.689453125,5116.689453125,0.0
2026-05-22,6415.TW,BUY,22,562.0,12364.0,0.0
2026-05-25,3443.TW,BUY,6,5285.91845703125,31715.5107421875,0.0
2026-05-25,3037.TW,BUY,43,987.9769287109375,42483.00793457031,0.0
2026-05-25,2303.TW,SELL,251,122.8967056274414,30847.073112487793,0.0
2026-05-25,3665.TW,SELL,3,2364.282470703125,7092.847412109375,0.0
2026-05-25,6415.TW,SELL,55,618.0,33990.0,0.0
2026-05-26,2303.TW,SELL,8280,128.30416870117188,1062358.5168457031,0.0
2026-05-26,3037.TW,SELL,1030,1082.7828369140625,1115266.3220214844,0.0
2026-05-26,2327.TW,BUY,1582,656.2909545898438,1038252.2901611328,0.0
2026-05-26,3008.TW,BUY,286,3631.8271484375,1038702.564453125,0.0
2026-05-26,3443.TW,BUY,5,5261.03173828125,26305.15869140625,0.0
2026-05-26,3665.TW,BUY,32,2245.324951171875,71850.3984375,0.0
2026-05-26,6415.TW,BUY,3,630.0,1890.0,0.0
2026-05-27,3661.TW,BUY,231,4465.1005859375,1031438.2353515625,0.0
2026-05-27,3665.TW,BUY,30,2096.6279296875,62898.837890625,0.0
2026-05-27,3443.TW,BUY,6,5076.87060546875,30461.2236328125,0.0
2026-05-27,2327.TW,SELL,1582,696.0059814453125,1101081.4626464844,0.0
2026-05-27,6415.TW,SELL,96,665.0,63840.0,0.0
2026-05-27,3008.TW,SELL,286,3473.275390625,993356.76171875,0.0
2026-05-27,3037.TW,BUY,958,1077.7930908203125,1032525.7810058594,0.0
2026-05-28,3037.TW,SELL,2,1022.9054565429688,2045.8109130859375,0.0
2026-05-28,3661.TW,SELL,231,4266.6513671875,985596.4658203125,0.0
2026-05-28,3665.TW,SELL,26,2096.6279296875,54512.326171875,0.0
2026-05-28,2303.TW,BUY,7009,139.61065673828125,978531.0930786133,0.0
2026-05-28,3443.TW,BUY,11,4569.18359375,50261.01953125,0.0
2026-05-28,6415.TW,BUY,25,620.0,15500.0,0.0
2026-05-29,6415.TW,BUY,58,600.0,34800.0,0.0
2026-05-29,3665.TW,BUY,9,2066.888427734375,18601.995849609375,0.0
2026-05-29,2454.TW,BUY,229,4284.40087890625,981127.8012695312,0.0
2026-05-29,2303.TW,SELL,7009,142.06858825683594,995758.7350921631,0.0
2026-05-29,3443.TW,SELL,3,4648.82080078125,13946.46240234375,0.0
2026-05-29,3037.TW,SELL,956,1052.8441162109375,1006518.9750976562,0.0
2026-05-29,2327.TW,BUY,1340,732.7423706054688,981874.7766113281,0.0
2026-06-01,3443.TW,BUY,7,4633.88916015625,32437.22412109375,0.0
2026-06-01,3665.TW,BUY,6,2101.58447265625,12609.5068359375,0.0
2026-06-01,3037.TW,BUY,965,1047.8543701171875,1011179.4671630859,0.0
2026-06-01,6415.TW,BUY,33,606.0,19998.0,0.0
2026-06-01,2454.TW,SELL,229,4527.94580078125,1036899.5883789062,0.0
2026-06-01,2327.TW,SELL,1340,784.3719482421875,1051058.4106445312,0.0
2026-06-01,2303.TW,BUY,7048,143.54335021972656,1011693.5323486328,0.0
2026-06-02,3443.TW,SELL,1,4514.43310546875,4514.43310546875,0.0
2026-06-02,3665.TW,SELL,481,2175.932861328125,1046623.7062988281,0.0
2026-06-02,2303.TW,BUY,22,139.11907958984375,3060.6197509765625,0.0
2026-06-02,3037.TW,BUY,45,973.0076293945312,43785.343322753906,0.0
2026-06-02,3711.TW,BUY,1682,584.6560668945312,983391.5045166016,0.0
2026-06-02,6415.TW,BUY,32,578.0,18496.0,0.0
2026-06-03,2454.TW,BUY,219,4518.00537109375,989443.1762695312,0.0
2026-06-03,2327.TW,BUY,1219,814.158203125,992458.849609375,0.0
2026-06-03,2303.TW,BUY,668,128.30416870117188,85707.18469238281,0.0
2026-06-03,6415.TW,SELL,44,599.0,26356.0,0.0
2026-06-03,3443.TW,SELL,1,4584.11572265625,4584.11572265625,0.0
2026-06-03,3037.TW,SELL,1010,997.95654296875,1007936.1083984375,0.0
2026-06-03,3711.TW,SELL,1682,612.4024658203125,1030060.9475097656,0.0
2026-06-04,2303.TW,SELL,69,122.8967056274414,8479.872688293457,0.0
2026-06-04,2454.TW,SELL,219,4403.6884765625,964407.7763671875,0.0
2026-06-04,3443.TW,SELL,1,4380.04541015625,4380.04541015625,0.0
2026-06-04,6415.TW,SELL,4,570.0,2280.0,0.0
2026-06-04,2327.TW,BUY,58,737.706787109375,42786.99365234375,0.0
2026-06-04,3661.TW,BUY,218,4306.34130859375,938782.4052734375,0.0
2026-06-05,3443.TW,BUY,3,4390.0,13170.0,0.0
2026-06-05,3661.TW,BUY,8,4251.76806640625,34014.14453125,0.0
2026-06-05,3037.TW,BUY,1032,931.0934448242188,960888.4350585938,0.0
2026-06-05,2454.TW,BUY,224,4274.46044921875,957479.140625,0.0
2026-06-05,6415.TW,SELL,2,582.0,1164.0,0.0
2026-06-05,2327.TW,SELL,1277,763.5215454101562,975017.0134887695,0.0
2026-06-05,2303.TW,SELL,7669,129.28733825683594,991504.5970916748,0.0
2026-06-08,3037.TW,SELL,25,909.1383666992188,22728.45916748047,0.0
2026-06-08,3443.TW,SELL,3,4255.0,12765.0,0.0
2026-06-08,3661.TW,SELL,226,4137.65966796875,935111.0849609375,0.0
2026-06-08,2303.TW,BUY,7699,118.9640121459961,915903.9295120239,0.0
2026-06-08,2454.TW,BUY,2,4045.82666015625,8091.6533203125,0.0
2026-06-08,6415.TW,BUY,96,524.0,50304.0,0.0
2026-06-09,6415.TW,BUY,70,528.0,36960.0,0.0
2026-06-09,3443.TW,BUY,7,4310.0,30170.0,0.0
2026-06-09,2474.TW,BUY,4516,212.4393768310547,959376.225769043,0.0
2026-06-09,2454.TW,SELL,226,4448.4208984375,1005343.123046875,0.0
2026-06-09,2303.TW,SELL,46,125.35464477539062,5766.313659667969,0.0
2026-06-09,3037.TW,SELL,15,967.0198364257812,14505.297546386719,0.0
2026-06-10,2303.TW,SELL,15,116.5060806274414,1747.591209411621,0.0
2026-06-10,2474.TW,SELL,10,197.4720458984375,1974.720458984375,0.0
2026-06-10,3037.TW,SELL,992,882.1935424804688,875135.994140625,0.0
2026-06-10,3443.TW,SELL,1,4025.0,4025.0,0.0
2026-06-10,6415.TW,SELL,10,492.5,4925.0,0.0
2026-06-10,2454.TW,BUY,215,4130.32177734375,888019.1821289062,0.0
2026-06-11,3037.TW,BUY,1052,852.2548828125,896572.13671875,0.0
2026-06-11,6415.TW,BUY,57,481.0,27417.0,0.0
2026-06-11,3665.TW,BUY,418,2141.237060546875,895037.0913085938,0.0
2026-06-11,2454.TW,BUY,5,4060.737548828125,20303.687744140625,0.0
2026-06-11,3443.TW,SELL,221,4105.0,907205.0,0.0
2026-06-11,2474.TW,SELL,4506,198.43768310546875,894160.2000732422,0.0
2026-06-11,2303.TW,SELL,7638,122.8967056274414,938685.0375823975,0.0
2026-06-11,2357.TW,BUY,1217,736.9600219726562,896880.3467407227,0.0
2026-06-12,6415.TW,BUY,37,487.0,18019.0,0.0
2026-06-12,3008.TW,BUY,232,3983.614013671875,924198.451171875,0.0
2026-06-12,2327.TW,BUY,1083,855.0,925965.0,0.0
2026-06-12,2474.TW,BUY,4666,198.43768310546875,925910.2293701172,0.0
2026-06-12,3037.TW,SELL,1052,900.1567993164062,946964.9528808594,0.0
2026-06-12,2454.TW,SELL,220,4155.17333984375,914138.134765625,0.0
2026-06-12,2357.TW,SELL,1217,737.9000244140625,898024.3297119141,0.0
2026-06-12,3665.TW,SELL,14,2289.933837890625,32059.07373046875,0.0
2026-06-15,3037.TW,BUY,1022,958.0382690429688,979115.1109619141,0.0
2026-06-15,2327.TW,SELL,41,940.0,38540.0,0.0
2026-06-15,2474.TW,SELL,4666,200.85177612304688,937174.3873901367,0.0
2026-06-15,3008.TW,SELL,232,4379.99365234375,1016158.52734375,0.0
2026-06-15,6415.TW,SELL,70,535.0,37450.0,0.0
2026-06-15,2308.TW,BUY,445,2198.50390625,978334.23828125,0.0
2026-06-15,3665.TW,BUY,32,2245.324951171875,71850.3984375,0.0
2026-06-16,3665.TW,BUY,37,2101.58447265625,77758.62548828125,0.0
2026-06-16,9910.TW,BUY,12754,78.0,994812.0,0.0
2026-06-16,2303.TW,BUY,7176,138.6274871826172,994790.8480224609,0.0
2026-06-16,2327.TW,BUY,5,950.0,4750.0,0.0
2026-06-16,6415.TW,SELL,140,588.0,82320.0,0.0
2026-06-16,3037.TW,SELL,1022,978.995361328125,1000533.2592773438,0.0
2026-06-16,2308.TW,SELL,445,2218.39990234375,987187.9565429688,0.0
2026-06-17,2303.TW,SELL,64,137.64431762695312,8809.236328125,0.0
2026-06-17,2327.TW,SELL,1047,984.0,1030248.0,0.0
2026-06-17,3665.TW,SELL,1,2071.844970703125,2071.844970703125,0.0
2026-06-17,2308.TW,BUY,454,2155.0,978370.0,0.0
2026-06-17,6415.TW,BUY,20,572.0,11440.0,0.0
2026-06-17,9910.TW,BUY,694,72.80000305175781,50523.20211791992,0.0
2026-06-18,9910.TW,BUY,411,72.5999984741211,29838.59937286377,0.0
2026-06-18,3665.TW,BUY,11,2081.758056640625,22899.338623046875,0.0
2026-06-18,3443.TW,BUY,207,4860.0,1006020.0,0.0
2026-06-18,3037.TW,BUY,1041,966.0219116210938,1005628.8099975586,0.0
2026-06-18,6415.TW,SELL,112,629.0,70448.0,0.0
2026-06-18,2308.TW,SELL,454,2150.0,976100.0,0.0
2026-06-18,2303.TW,SELL,7112,143.05177307128906,1017384.2100830078,0.0
2026-06-22,3037.TW,SELL,1041,1002.9462890625,1044067.0869140625,0.0
2026-06-22,6415.TW,SELL,102,673.0,68646.0,0.0
2026-06-22,2327.TW,BUY,946,1065.0,1007490.0,0.0
2026-06-22,3443.TW,BUY,4,4755.0,19020.0,0.0
2026-06-22,3665.TW,BUY,27,1972.713623046875,53263.267822265625,0.0
2026-06-22,9910.TW,BUY,395,70.69999694824219,27926.498794555664,0.0
2026-06-23,6415.TW,BUY,41,645.0,26445.0,0.0
2026-06-23,3037.TW,BUY,1021,972.0096435546875,992421.8460693359,0.0
2026-06-23,2327.TW,BUY,27,1020.0,27540.0,0.0
2026-06-23,9910.TW,SELL,352,71.4000015258789,25132.800537109375,0.0
2026-06-23,3443.TW,SELL,211,4725.0,996975.0,0.0
2026-06-23,3665.TW,SELL,10,1982.6268310546875,19826.268310546875,0.0
2026-06-24,2327.TW,SELL,41,1050.0,43050.0,0.0
2026-06-24,3665.TW,SELL,8,1987.5833740234375,15900.6669921875,0.0
2026-06-24,9910.TW,SELL,13902,71.80000305175781,998163.6424255371,0.0
2026-06-24,2308.TW,BUY,489,2000.0,978000.0,0.0
2026-06-24,3037.TW,BUY,32,929.0975341796875,29731.12109375,0.0
2026-06-24,6415.TW,BUY,80,605.0,48400.0,0.0
2026-06-25,9910.TW,BUY,14393,69.80000305175781,1004631.4439239502,0.0
2026-06-25,3665.TW,BUY,35,1903.32177734375,66616.26220703125,0.0
2026-06-25,3443.TW,BUY,207,4850.0,1003950.0,0.0
2026-06-25,1303.TW,BUY,6513,154.25526428222656,1004664.5362701416,0.0
2026-06-25,2308.TW,SELL,489,1980.0,968220.0,0.0
2026-06-25,3037.TW,SELL,1053,1017.9156494140625,1071865.1788330078,0.0
2026-06-25,2327.TW,SELL,39,1125.0,43875.0,0.0
2026-06-25,6415.TW,SELL,1618,615.0,995070.0,0.0
2026-06-26,2327.TW,BUY,43,1015.0,43645.0,0.0
2026-06-26,2303.TW,BUY,5895,161.240478515625,950512.6208496094,0.0
2026-06-26,3443.TW,BUY,8,4420.0,35360.0,0.0
2026-06-26,3665.TW,SELL,11,1838.8863525390625,20227.749877929688,0.0
2026-06-26,1303.TW,SELL,6513,147.2888946533203,959292.5708770752,0.0
2026-06-26,9910.TW,SELL,14393,69.5,1000313.5,0.0
2026-06-26,6415.TW,BUY,1661,572.0,950092.0,0.0
2026-06-29,3443.TW,BUY,3,4420.0,13260.0,0.0
2026-06-29,3665.TW,BUY,2,1863.669189453125,3727.33837890625,0.0
2026-06-29,3008.TW,BUY,222,4340.35546875,963558.9140625,0.0
2026-06-29,2303.TW,SELL,5895,161.240478515625,950512.6208496094,0.0
2026-06-29,2327.TW,SELL,7,1040.0,7280.0,0.0
2026-06-29,6415.TW,SELL,45,598.0,26910.0,0.0
2026-06-30,2327.TW,SELL,929,1140.0,1059060.0,0.0
2026-06-30,3443.TW,SELL,218,4845.0,1056210.0,0.0
2026-06-30,2303.TW,BUY,6202,161.73207092285156,1003062.3038635254,0.0
2026-06-30,3008.TW,BUY,13,4251.169921875,55265.208984375,0.0
2026-06-30,3665.TW,BUY,10,1898.3651123046875,18983.651123046875,0.0
2026-06-30,6415.TW,BUY,61,598.0,36478.0,0.0
2026-06-30,9910.TW,BUY,14330,70.0,1003100.0,0.0
2026-07-01,9910.TW,BUY,368,69.0,25392.0,0.0
2026-07-01,6415.TW,BUY,47,588.0,27636.0,0.0
2026-07-01,3037.TW,BUY,977,1037.874755859375,1014003.6364746094,0.0
2026-07-01,2882.TW,BUY,10675,95.0,1014125.0,0.0
2026-07-01,2303.TW,SELL,6202,166.15635681152344,1030501.7249450684,0.0
2026-07-01,3665.TW,SELL,528,1992.5399169921875,1052061.076171875,0.0
2026-07-01,3008.TW,SELL,235,4290.80810546875,1008339.9047851562,0.0
2026-07-01,2327.TW,BUY,889,1140.0,1013460.0,0.0
2026-07-02,3008.TW,BUY,232,4256.125,987421.0,0.0
2026-07-02,3037.TW,BUY,35,976.9994506835938,34194.98077392578,0.0
2026-07-02,2327.TW,BUY,48,1055.0,50640.0,0.0
2026-07-02,9910.TW,BUY,175,66.5,11637.5,0.0
2026-07-02,6415.TW,SELL,1724,624.0,1075776.0,0.0
2026-07-02,2882.TW,SELL,10675,93.5,998112.5,0.0
2026-07-02,2303.TW,BUY,6078,162.71524047851562,988983.231628418,0.0
2026-07-03,2303.TW,SELL,6078,167.631103515625,1018861.8471679688,0.0
2026-07-03,3037.TW,SELL,1012,967.0198364257812,978624.0744628906,0.0
2026-07-03,9910.TW,SELL,14873,68.5999984741211,1020287.777305603,0.0
2026-07-03,2327.TW,BUY,14,1045.0,14630.0,0.0
2026-07-03,3008.TW,BUY,5,4191.71337890625,20958.56689453125,0.0
2026-07-03,3443.TW,BUY,197,5040.0,992880.0,0.0
2026-07-03,3665.TW,BUY,502,1977.6702880859375,992790.4846191406,0.0
2026-07-03,6415.TW,BUY,1643,605.0,994015.0,0.0
2026-07-06,3037.TW,BUY,1052,917.0,964684.0,0.0
2026-07-06,2327.TW,BUY,9,1005.0,9045.0,0.0
2026-07-06,2303.TW,BUY,5913,163.2068328857422,965042.0028533936,0.0
2026-07-06,1303.TW,BUY,5242,184.11111450195312,965110.4622192383,0.0
2026-07-06,3665.TW,SELL,2,1928.1046142578125,3856.209228515625,0.0
2026-07-06,3443.TW,SELL,197,4605.0,907185.0,0.0
2026-07-06,3008.TW,SELL,237,4097.5732421875,971124.8583984375,0.0
2026-07-06,6415.TW,SELL,1643,620.0,1018660.0,0.0
2026-07-07,3665.TW,SELL,500,1962.800537109375,981400.2685546875,0.0
2026-07-07,1303.TW,BUY,196,165.6999969482422,32477.19940185547,0.0
2026-07-07,2327.TW,BUY,35,905.0,31675.0,0.0
2026-07-07,3037.TW,BUY,20,840.0,16800.0,0.0
2026-07-07,6415.TW,BUY,1609,560.0,901040.0,0.0
2026-07-08,6415.TW,BUY,80,551.0,44080.0,0.0
2026-07-08,3665.TW,BUY,494,1883.4954833984375,930446.7687988281,0.0
2026-07-08,3443.TW,BUY,211,4400.0,928400.0,0.0
2026-07-08,2303.TW,SELL,5913,163.0,963819.0,0.0
2026-07-08,3037.TW,SELL,1072,863.0,925136.0,0.0
2026-07-08,2327.TW,BUY,49,891.0,43659.0,0.0
2026-07-08,1303.TW,SELL,325,182.0,59150.0,0.0
2026-07-09,1303.TW,SELL,63,181.5,11434.5,0.0
2026-07-09,2327.TW,SELL,26,900.0,23400.0,0.0
2026-07-09,3443.TW,SELL,211,4340.0,915740.0,0.0
2026-07-09,2303.TW,BUY,5875,156.0,916500.0,0.0
2026-07-09,3665.TW,BUY,1,1848.7994384765625,1848.7994384765625,0.0
2026-07-09,6415.TW,BUY,63,523.0,32949.0,0.0
2026-07-13,2303.TW,BUY,86,153.5,13201.0,0.0
2026-07-13,3443.TW,BUY,214,4270.0,913780.0,0.0
2026-07-13,2327.TW,BUY,103,816.0,84048.0,0.0
2026-07-13,6415.TW,SELL,6,524.0,3144.0,0.0
2026-07-13,3665.TW,SELL,495,1848.7994384765625,915155.7220458984,0.0
2026-07-13,1303.TW,SELL,464,199.5,92568.0,0.0
2026-07-14,1303.TW,SELL,340,210.0,71400.0,0.0
2026-07-14,2303.TW,SELL,55,151.0,8305.0,0.0
2026-07-14,2327.TW,BUY,25,778.0,19450.0,0.0
2026-07-14,3443.TW,BUY,7,4020.0,28140.0,0.0
2026-07-14,6415.TW,BUY,61,493.5,30103.5,0.0
2026-07-15,3443.TW,BUY,6,4120.0,24720.0,0.0
2026-07-15,3008.TW,BUY,234,4003.432861328125,936803.2895507812,0.0
2026-07-15,6415.TW,BUY,52,504.0,26208.0,0.0
2026-07-15,2327.TW,BUY,28,798.0,22344.0,0.0
2026-07-15,1303.TW,SELL,127,227.5,28892.5,0.0
2026-07-15,2303.TW,SELL,5906,166.0,980396.0,0.0
2026-07-16,3008.TW,SELL,234,4221.44140625,987817.2890625,0.0
2026-07-16,3443.TW,SELL,227,4185.0,949995.0,0.0
2026-07-16,1303.TW,BUY,81,221.0,17901.0,0.0
2026-07-16,2303.TW,BUY,5802,160.0,928320.0,0.0
2026-07-16,2327.TW,BUY,22,776.0,17072.0,0.0
2026-07-16,3037.TW,BUY,1052,882.0,927864.0,0.0
2026-07-16,6415.TW,BUY,103,473.0,48719.0,0.0
2026-07-17,3037.TW,BUY,5,794.0,3970.0,0.0
2026-07-17,2327.TW,BUY,4,699.0,2796.0,0.0
2026-07-17,1303.TW,BUY,18,199.0,3582.0,0.0
2026-07-17,6415.TW,SELL,33,435.0,14355.0,0.0
2026-07-17,2303.TW,BUY,27,144.0,3888.0,0.0
2026-07-20,1303.TW,SELL,16,186.5,2984.0,0.0
2026-07-20,3037.TW,SELL,12,750.0,9000.0,0.0
2026-07-20,6415.TW,SELL,96,427.5,41040.0,0.0
2026-07-20,2303.TW,BUY,200,130.0,26000.0,0.0
2026-07-20,2327.TW,BUY,44,630.0,27720.0,0.0
2026-07-21,2327.TW,BUY,2,670.0,1340.0,0.0
2026-07-21,1303.TW,BUY,68,195.5,13294.0,0.0
2026-07-21,2303.TW,BUY,178,134.5,23941.0,0.0
2026-07-21,3037.TW,SELL,33,825.0,27225.0,0.0
2026-07-21,6415.TW,SELL,24,461.5,11076.0,0.0
2026-07-22,1303.TW,SELL,21,208.0,4368.0,0.0
2026-07-22,3037.TW,SELL,38,907.0,34466.0,0.0
2026-07-22,2303.TW,BUY,152,139.0,21128.0,0.0
2026-07-22,2327.TW,BUY,11,703.0,7733.0,0.0
2026-07-22,6415.TW,BUY,19,483.5,9186.5,0.0
2026-07-23,2303.TW,SELL,101,138.5,13988.5,0.0
2026-07-23,2327.TW,SELL,12,696.0,8352.0,0.0
2026-07-23,3037.TW,SELL,7,896.0,6272.0,0.0
2026-07-23,6415.TW,SELL,2,474.5,949.0,0.0
2026-07-23,1303.TW,BUY,150,197.0,29550.0,0.0
2026-07-24,3443.TW,BUY,198,4070.0,805860.0,0.0
2026-07-24,2327.TW,BUY,15,642.0,9630.0,0.0
2026-07-24,2303.TW,BUY,65,128.0,8320.0,0.0
2026-07-24,6415.TW,SELL,1826,467.5,853655.0,0.0
2026-07-24,3037.TW,SELL,3,839.0,2517.0,0.0
2026-07-24,1303.TW,BUY,161,177.5,28577.5,0.0
2026-07-27,3037.TW,SELL,21,848.0,17808.0,0.0
2026-07-27,3443.TW,SELL,198,4050.0,801900.0,0.0
2026-07-27,1303.TW,BUY,39,174.0,6786.0,0.0
2026-07-27,2303.TW,BUY,29,126.0,3654.0,0.0
2026-07-27,2327.TW,BUY,20,625.0,12500.0,0.0
2026-07-27,6505.TW,BUY,10274,77.9000015258789,800344.6156768799,0.0
2026-07-28,3037.TW,BUY,12,764.0,9168.0,0.0
2026-07-28,3443.TW,BUY,199,3660.0,728340.0,0.0
2026-07-28,2327.TW,BUY,17,563.0,9571.0,0.0
2026-07-28,6505.TW,SELL,10274,74.5999984741211,766440.3843231201,0.0
2026-07-28,1303.TW,BUY,53,157.0,8321.0,0.0
2026-07-28,2303.TW,BUY,83,113.5,9420.5,0.0
2026-07-29,1303.TW,SELL,1,141.5,141.5,0.0
2026-07-29,2303.TW,SELL,14,102.5,1435.0,0.0
2026-07-29,2327.TW,BUY,1,507.0,507.0,0.0
2026-07-29,3037.TW,BUY,1,688.0,688.0,0.0
2026-07-30,6505.TW,BUY,9356,71.5999984741211,669889.585723877,0.0
2026-07-30,3665.TW,BUY,350,1910.0,668500.0,0.0
2026-07-30,3443.TW,SELL,199,3460.0,688540.0,0.0
2026-07-30,2327.TW,BUY,169,456.5,77148.5,0.0
2026-07-30,2303.TW,SELL,331,110.0,36410.0,0.0
2026-07-30,1303.TW,SELL,31,145.0,4495.0,0.0
2026-07-30,3037.TW,SELL,956,716.0,684496.0,0.0
2026-07-31,1303.TW,SELL,95,159.5,15152.5,0.0
2026-07-31,2303.TW,SELL,125,121.0,15125.0,0.0
2026-07-31,2327.TW,SELL,29,502.0,14558.0,0.0
2026-07-31,3665.TW,SELL,350,2100.0,735000.0,0.0
2026-07-31,3443.TW,BUY,189,3805.0,719145.0,0.0
2026-07-31,6505.TW,BUY,840,70.80000305175781,59472.00256347656,0.0
2026-08-03,6505.TW,BUY,818,67.69999694824219,55378.59750366211,0.0
2026-08-03,3008.TW,BUY,190,3924.156982421875,745589.8266601562,0.0
2026-08-03,2303.TW,BUY,354,118.0,41772.0,0.0
2026-08-03,2327.TW,SELL,88,552.0,48576.0,0.0
2026-08-03,1303.TW,SELL,6,165.0,990.0,0.0
2026-08-03,3443.TW,SELL,189,4185.0,790965.0,0.0
2026-08-04,3008.TW,SELL,190,4315.58154296875,819960.4931640625,0.0
2026-08-04,1303.TW,BUY,3,170.5,511.5,0.0
2026-08-04,2303.TW,BUY,187,118.5,22159.5,0.0
2026-08-04,2327.TW,BUY,12,566.0,6792.0,0.0
2026-08-04,3037.TW,BUY,834,924.0,770616.0,0.0
2026-08-04,6505.TW,BUY,291,68.19999694824219,19846.199111938477,0.0
2026-08-05,6505.TW,BUY,394,67.5999984741211,26634.39939880371,0.0
2026-08-05,2327.TW,BUY,6,578.0,3468.0,0.0
2026-08-05,2303.TW,SELL,24,122.0,2928.0,0.0
2026-08-05,1303.TW,SELL,54,177.0,9558.0,0.0
2026-08-05,3037.TW,SELL,18,969.0,17442.0,0.0
2026-08-06,1303.TW,SELL,49,178.5,8746.5,0.0
2026-08-06,3037.TW,SELL,6,973.0,5838.0,0.0
2026-08-06,2303.TW,BUY,10,121.5,1215.0,0.0
2026-08-06,2327.TW,BUY,16,570.0,9120.0,0.0
2026-08-06,6505.TW,BUY,58,67.0999984741211,3891.7999114990234,0.0
2026-08-07,3665.TW,BUY,358,2200.0,787600.0,0.0
2026-08-07,2327.TW,BUY,75,540.0,40500.0,0.0
2026-08-07,3037.TW,BUY,15,955.0,14325.0,0.0
2026-08-07,6505.TW,SELL,11757,71.0,834747.0,0.0
2026-08-07,1303.TW,SELL,227,188.0,42676.0,0.0
2026-08-07,2303.TW,BUY,302,116.0,35032.0,0.0
2026-08-10,2303.TW,SELL,6794,123.0,835662.0,0.0
2026-08-10,2327.TW,SELL,46,573.0,26358.0,0.0
2026-08-10,3037.TW,SELL,9,992.0,8928.0,0.0
2026-08-10,1303.TW,BUY,187,185.0,34595.0,0.0
2026-08-10,3665.TW,BUY,11,2190.0,24090.0,0.0
2026-08-10,6505.TW,BUY,11740,69.0,810060.0,0.0
2026-08-11,3037.TW,BUY,23,992.0,22816.0,0.0
2026-08-11,3008.TW,BUY,192,4315.58154296875,828591.65625,0.0
2026-08-11,2303.TW,BUY,6769,123.0,832587.0,0.0
2026-08-11,1303.TW,BUY,3,190.0,570.0,0.0
2026-08-11,3665.TW,SELL,369,2200.0,811800.0,0.0
2026-08-11,2327.TW,SELL,64,617.0,39488.0,0.0
2026-08-11,6505.TW,SELL,11740,71.0999984741211,834713.9820861816,0.0
2026-08-12,2303.TW,SELL,6769,123.0,832587.0,0.0
2026-08-12,3008.TW,SELL,192,4543.5,872352.0,0.0
2026-08-12,3037.TW,SELL,2,1000.0,2000.0,0.0
2026-08-12,1303.TW,BUY,50,189.0,9450.0,0.0
2026-08-12,2327.TW,BUY,42,602.0,25284.0,0.0
2026-08-12,3665.TW,BUY,388,2155.0,836140.0,0.0
2026-08-12,6505.TW,BUY,11934,70.19999694824219,837766.7635803223,0.0
2026-08-13,6505.TW,BUY,349,69.80000305175781,24360.201065063477,0.0
2026-08-13,2303.TW,BUY,6886,124.5,857307.0,0.0
2026-08-13,3037.TW,BUY,20,1000.0,20000.0,0.0
2026-08-13,3665.TW,SELL,388,2205.0,855540.0,0.0
2026-08-13,2327.TW,SELL,96,662.0,63552.0,0.0
2026-08-13,1303.TW,BUY,104,189.0,19656.0,0.0
2026-08-14,1303.TW,SELL,367,207.5,76152.5,0.0
2026-08-14,3037.TW,SELL,9,1020.0,9180.0,0.0
2026-08-14,6505.TW,SELL,12283,70.9000015258789,870864.7187423706,0.0
2026-08-14,2303.TW,BUY,263,121.0,31823.0,0.0
2026-08-14,2327.TW,BUY,95,622.0,59090.0,0.0
2026-08-14,3443.TW,BUY,158,5465.0,863470.0,0.0
2026-08-17,3665.TW,BUY,414,2135.0,883890.0,0.0
2026-08-17,2327.TW,BUY,65,608.0,39520.0,0.0
2026-08-17,2303.TW,BUY,136,121.5,16524.0,0.0
2026-08-17,1303.TW,BUY,246,200.5,49323.0,0.0
2026-08-17,3443.TW,SELL,158,5850.0,924300.0,0.0
2026-08-17,3037.TW,SELL,58,1120.0,64960.0,0.0
2026-08-18,3037.TW,SELL,18,1145.0,20610.0,0.0
2026-08-18,3665.TW,SELL,414,2240.0,927360.0,0.0
2026-08-18,1303.TW,BUY,7,200.0,1400.0,0.0
2026-08-18,2303.TW,BUY,147,119.0,17493.0,0.0
2026-08-18,2327.TW,BUY,80,576.0,46080.0,0.0
2026-08-18,3443.TW,BUY,159,5535.0,880065.0,0.0
2026-08-19,3665.TW,BUY,390,2200.0,858000.0,0.0
2026-08-19,3443.TW,BUY,3,5295.0,15885.0,0.0
2026-08-19,1303.TW,BUY,155,187.5,29062.5,0.0
2026-08-19,3037.TW,SELL,772,1130.0,872360.0,0.0
2026-08-19,2327.TW,SELL,45,576.0,25920.0,0.0
2026-08-19,2303.TW,SELL,2,115.5,231.0,0.0
2026-08-20,3443.TW,SELL,8,5630.0,45040.0,0.0
2026-08-20,3665.TW,SELL,390,2250.0,877500.0,0.0
2026-08-20,1303.TW,BUY,86,186.0,15996.0,0.0
2026-08-20,2303.TW,BUY,80,115.5,9240.0,0.0
2026-08-20,2327.TW,BUY,53,562.0,29786.0,0.0
2026-08-20,3037.TW,BUY,760,1140.0,866400.0,0.0
2026-08-21,3661.TW,BUY,235,3671.3046875,862756.6015625,0.0
2026-08-21,3037.TW,BUY,35,1085.0,37975.0,0.0
2026-08-21,2327.TW,BUY,14,554.0,7756.0,0.0
2026-08-21,2303.TW,SELL,7510,116.5,874915.0,0.0
2026-08-21,1303.TW,SELL,170,192.0,32640.0,0.0
2026-08-24,2327.TW,SELL,26,551.0,14326.0,0.0
2026-08-24,3037.TW,SELL,10,1075.0,10750.0,0.0
2026-08-24,3661.TW,SELL,235,3706.033447265625,870917.8601074219,0.0
2026-08-24,1303.TW,BUY,195,180.0,35100.0,0.0
2026-08-24,3008.TW,BUY,156,5385.0,840060.0,0.0
2026-08-24,3443.TW,BUY,3,5365.0,16095.0,0.0
2026-08-25,3665.TW,BUY,419,2075.0,869425.0,0.0
2026-08-25,3037.TW,BUY,9,1095.0,9855.0,0.0
2026-08-25,2327.TW,BUY,67,544.0,36448.0,0.0
2026-08-25,3443.TW,SELL,1,5570.0,5570.0,0.0
2026-08-25,3008.TW,SELL,156,5720.0,892320.0,0.0
2026-08-25,1303.TW,SELL,74,188.5,13949.0,0.0
2026-08-26,1303.TW,SELL,236,207.0,48852.0,0.0
2026-08-26,3037.TW,SELL,13,1160.0,15080.0,0.0
2026-08-26,3443.TW,SELL,9,6125.0,55125.0,0.0
2026-08-26,2327.TW,BUY,89,537.0,47793.0,0.0
2026-08-26,3665.TW,BUY,33,2005.0,66165.0,0.0
2026-08-27,3443.TW,BUY,10,5920.0,59200.0,0.0
2026-08-27,3008.TW,BUY,134,6915.0,926610.0,0.0
2026-08-27,2303.TW,BUY,7865,118.5,932002.5,0.0
2026-08-27,3665.TW,SELL,452,2055.0,928860.0,0.0
2026-08-27,3037.TW,SELL,781,1180.0,921580.0,0.0
2026-08-27,2327.TW,SELL,8,555.0,4440.0,0.0
2026-08-27,1303.TW,SELL,282,227.5,64155.0,0.0
2026-08-28,2303.TW,SELL,7865,130.0,1022450.0,0.0
2026-08-28,2327.TW,SELL,62,597.0,37014.0,0.0
2026-08-28,1303.TW,BUY,282,220.5,62181.0,0.0
2026-08-28,3008.TW,BUY,2,7065.0,14130.0,0.0
2026-08-28,3443.TW,BUY,3,6015.0,18045.0,0.0
2026-08-28,3665.TW,BUY,427,2260.0,965020.0,0.0
2026-08-31,3037.TW,BUY,979,999.0,978021.0,0.0
2026-08-31,2327.TW,BUY,179,545.0,97555.0,0.0
2026-08-31,3665.TW,SELL,427,2170.0,926590.0,0.0
2026-08-31,3008.TW,SELL,9,7650.0,68850.0,0.0
2026-08-31,1303.TW,SELL,342,242.5,82935.0,0.0
2026-09-01,2327.TW,SELL,89,568.0,50552.0,0.0
2026-09-01,1303.TW,BUY,100,234.5,23450.0,0.0
2026-09-01,3037.TW,BUY,20,971.0,19420.0,0.0
2026-09-01,3443.TW,BUY,1,5995.0,5995.0,0.0
2026-09-02,1303.TW,SELL,69,237.5,16387.5,0.0
2026-09-02,3008.TW,SELL,4,7810.0,31240.0,0.0
2026-09-02,3037.TW,SELL,7,973.0,6811.0,0.0
2026-09-02,2327.TW,BUY,81,540.0,43740.0,0.0
2026-09-02,3443.TW,BUY,2,5895.0,11790.0,0.0
2026-09-03,3008.TW,BUY,4,7150.0,28600.0,0.0
2026-09-03,1303.TW,BUY,64,221.0,14144.0,0.0
2026-09-03,2327.TW,SELL,2,511.0,1022.0,0.0
2026-09-03,3037.TW,SELL,3,923.0,2769.0,0.0
2026-09-03,3443.TW,SELL,6,5800.0,34800.0,0.0
2026-09-04,2327.TW,SELL,119,562.0,66878.0,0.0
2026-09-04,3008.TW,SELL,1,7400.0,7400.0,0.0
2026-09-04,1303.TW,BUY,25,225.5,5637.5,0.0
2026-09-04,3037.TW,BUY,50,902.0,45100.0,0.0
2026-09-04,3443.TW,BUY,4,5810.0,23240.0,0.0
2026-09-07,3008.TW,BUY,15,6660.0,99900.0,0.0
2026-09-07,3443.TW,SELL,161,5935.0,955535.0,0.0
2026-09-07,3665.TW,BUY,456,2070.0,943920.0,0.0
2026-09-07,2327.TW,SELL,62,589.0,36518.0,0.0
2026-09-07,1303.TW,SELL,54,230.5,12447.0,0.0
2026-09-07,3037.TW,SELL,43,949.0,40807.0,0.0
2026-09-08,1303.TW,SELL,160,235.0,37600.0,0.0
2026-09-08,3037.TW,SELL,25,954.0,23850.0,0.0
2026-09-08,3665.TW,SELL,456,1935.0,882360.0,0.0
2026-09-08,2327.TW,BUY,29,567.0,16443.0,0.0
2026-09-08,3008.TW,BUY,1,6500.0,6500.0,0.0
2026-09-08,6669.TW,BUY,395,2340.0,924300.0,0.0
2026-09-09,3443.TW,BUY,159,5925.0,942075.0,0.0
2026-09-09,2327.TW,BUY,36,565.0,20340.0,0.0
2026-09-09,1303.TW,BUY,49,236.5,11588.5,0.0
2026-09-09,6669.TW,SELL,395,2325.0,918375.0,0.0
2026-09-09,3037.TW,SELL,21,993.0,20853.0,0.0
2026-09-09,3008.TW,SELL,5,6870.0,34350.0,0.0
2026-09-10,1303.TW,SELL,66,244.0,16104.0,0.0
2026-09-10,3443.TW,SELL,159,6225.0,989775.0,0.0
2026-09-10,2327.TW,BUY,4,572.0,2288.0,0.0
2026-09-10,2615.TW,BUY,8668,110.5,957814.0,0.0
2026-09-10,3008.TW,BUY,5,6720.0,33600.0,0.0
2026-09-10,3037.TW,BUY,13,994.0,12922.0,0.0
2026-09-11,3443.TW,BUY,153,6120.0,936360.0,0.0
2026-09-11,2327.TW,BUY,51,544.0,27744.0,0.0
2026-09-11,1303.TW,BUY,77,234.5,18056.5,0.0
2026-09-11,3037.TW,SELL,3,977.0,2931.0,0.0
2026-09-11,3008.TW,SELL,2,6660.0,13320.0,0.0
2026-09-11,2615.TW,SELL,8668,112.0,970816.0,0.0
2026-09-14,1303.TW,SELL,40,234.0,9360.0,0.0
2026-09-14,2327.TW,SELL,24,545.0,13080.0,0.0
2026-09-14,3037.TW,SELL,5,970.0,4850.0,0.0
2026-09-14,3443.TW,SELL,153,6400.0,979200.0,0.0
2026-09-14,3008.TW,BUY,14,5995.0,83930.0,0.0
2026-09-14,6669.TW,BUY,408,2270.0,926160.0,0.0
2026-09-15,3443.TW,BUY,151,6035.0,911285.0,0.0
2026-09-15,3037.TW,BUY,8,951.0,7608.0,0.0
2026-09-15,2327.TW,BUY,5,537.0,2685.0,0.0
2026-09-15,1303.TW,BUY,175,221.5,38762.5,0.0
2026-09-15,6669.TW,SELL,408,2315.0,944520.0,0.0
2026-09-15,3008.TW,SELL,3,6055.0,18165.0,0.0
2026-09-16,3008.TW,SELL,2,6225.0,12450.0,0.0
2026-09-16,3443.TW,SELL,151,6170.0,931670.0,0.0
2026-09-16,1303.TW,BUY,11,224.0,2464.0,0.0
2026-09-16,2327.TW,BUY,27,536.0,14472.0,0.0
2026-09-16,3037.TW,BUY,4,961.0,3844.0,0.0
2026-09-16,6505.TW,BUY,11544,80.5,929292.0,0.0
2026-09-17,3037.TW,BUY,32,940.0,30080.0,0.0
2026-09-17,3008.TW,BUY,7,6020.0,42140.0,0.0
2026-09-17,6669.TW,BUY,440,2135.0,939400.0,0.0
2026-09-17,6505.TW,SELL,11544,86.19999694824219,995092.7647705078,0.0
2026-09-17,1303.TW,SELL,166,236.0,39176.0,0.0
2026-09-17,2327.TW,BUY,43,529.0,22747.0,0.0
2026-09-18,2327.TW,SELL,12,550.0,6600.0,0.0
2026-09-18,3008.TW,SELL,6,6430.0,38580.0,0.0
2026-09-18,3037.TW,SELL,10,981.0,9810.0,0.0
2026-09-18,6669.TW,SELL,440,2140.0,941600.0,0.0
2026-09-18,1303.TW,BUY,95,238.0,22610.0,0.0
2026-09-18,2615.TW,BUY,8052,120.5,970266.0,0.0
2026-09-21,3443.TW,BUY,128,7615.0,974720.0,0.0
2026-09-21,3008.TW,BUY,2,6400.0,12800.0,0.0
2026-09-21,2615.TW,BUY,283,117.0,33111.0,0.0
2026-09-21,3037.TW,SELL,33,1020.0,33660.0,0.0
2026-09-21,1303.TW,SELL,6,239.5,1437.0,0.0
2026-09-21,2327.TW,SELL,1764,557.0,982548.0,0.0
2026-09-22,2615.TW,SELL,8335,116.5,971027.5,0.0
2026-09-22,3037.TW,SELL,956,1120.0,1070720.0,0.0
2026-09-22,3443.TW,SELL,8,8375.0,67000.0,0.0
2026-09-22,1303.TW,BUY,277,231.5,64125.5,0.0
2026-09-22,3008.TW,BUY,5,6405.0,32025.0,0.0
2026-09-22,3665.TW,BUY,448,2245.0,1005760.0,0.0
2026-09-22,6669.TW,BUY,475,2115.0,1004625.0,0.0
2026-09-23,6669.TW,BUY,2,2105.0,4210.0,0.0
2026-09-23,2615.TW,BUY,8847,113.5,1004134.5,0.0
2026-09-23,3008.TW,BUY,5,6190.0,30950.0,0.0
2026-09-23,3665.TW,SELL,448,2340.0,1048320.0,0.0
2026-09-23,3443.TW,SELL,1,8385.0,8385.0,0.0
2026-09-23,1303.TW,BUY,65,227.5,14787.5,0.0
2026-09-24,1303.TW,SELL,115,238.0,27370.0,0.0
2026-09-24,2615.TW,SELL,8847,115.5,1021828.5,0.0
2026-09-24,6669.TW,SELL,477,2115.0,1008855.0,0.0
2026-09-24,2303.TW,BUY,6643,154.0,1023022.0,0.0
2026-09-24,3008.TW,BUY,1,6245.0,6245.0,0.0
2026-09-24,3037.TW,BUY,863,1185.0,1022655.0,0.0
2026-09-24,3443.TW,BUY,1,8525.0,8525.0,0.0
2026-09-29,3443.TW,BUY,6,7925.0,47550.0,0.0
2026-09-29,3008.TW,BUY,3,6020.0,18060.0,0.0
2026-09-29,2327.TW,BUY,1833,548.0,1004484.0,0.0
2026-09-29,2303.TW,SELL,6643,153.5,1019700.5,0.0
2026-09-29,1303.TW,SELL,230,247.0,56810.0,0.0
2026-09-29,3037.TW,SELL,1,1165.0,1165.0,0.0
2026-09-30,1303.TW,SELL,100,255.5,25550.0,0.0
2026-09-30,3037.TW,SELL,862,1175.0,1012850.0,0.0
2026-09-30,2327.TW,BUY,17,548.0,9316.0,0.0
2026-09-30,3008.TW,BUY,4,5945.0,23780.0,0.0
2026-09-30,6669.TW,BUY,485,2090.0,1013650.0,0.0
2026-10-01,3665.TW,BUY,407,2555.0,1039885.0,0.0
2026-10-01,2327.TW,SELL,1850,602.0,1113700.0,0.0
2026-10-01,3008.TW,SELL,3,6205.0,18615.0,0.0
2026-10-01,6669.TW,SELL,485,2110.0,1023350.0,0.0
2026-10-01,1303.TW,BUY,126,254.0,32004.0,0.0
2026-10-01,3443.TW,BUY,5,7900.0,39500.0,0.0
2026-10-01,6505.TW,BUY,11040,94.19999694824219,1039967.9663085938,0.0
