date,equity,cash,unsettled,n_positions,daily_ret,pnl,gross_long,gross_short,turnover,skipped_unsettled
2019-03-29,100000.0,2452.8751525878906,0.0,5,0.0,0.0,97547.12484741211,0,97547.12484741211,0.0
2019-04-01,100752.99795150757,3078.931468963623,0.0,5,0.007529979515075613,752.9979515075684,97674.06648254395,0,83104.63187789917,0.0
2019-04-02,102310.54539871216,251.27388381958008,0.0,5,0.01545906800663377,1557.5474472045898,102059.27151489258,0,201290.8854446411,0.0
2019-04-03,103439.21936416626,3317.6341667175293,0.0,5,0.01103184389307632,1128.6739654541016,100121.58519744873,0,203309.5306777954,0.0
2019-04-08,104751.6951637268,222.7537727355957,0.0,5,0.012688376880918506,1312.4757995605469,104528.94139099121,0,124089.18224334717,0.0
2019-04-09,105038.68287277222,154.90815353393555,0.0,5,0.0027396951294855754,286.98770904541016,104883.77471923828,0,126596.27684783936,0.0
2019-04-10,105345.5485572815,2688.1494331359863,0.0,5,0.0029214540407076495,306.86568450927734,102657.39912414551,0,82698.51667022705,0.0
2019-04-11,104297.70886230469,379.3983154296875,0.0,5,-0.009946691714335154,-1047.8396949768066,103918.310546875,0,122639.05173873901,0.0
2019-04-12,103226.04187011719,314.2333526611328,0.0,5,-0.01027507702592323,-1071.6669921875,102911.80851745605,0,83966.30558776855,0.0
2019-04-15,104154.69247436523,218.00477409362793,0.0,5,0.008996282211580997,928.6506042480469,103936.6877002716,0,126208.92596626282,0.0
2019-04-16,105077.65525245667,345.89463233947754,0.0,5,0.008861461314559449,922.9627780914307,104731.76062011719,0,85024.684299469,0.0
2019-04-17,105058.5030002594,3265.5950565338135,0.0,5,-0.00018226760153006172,-19.152252197265625,101792.90794372559,0,123290.97853088379,0.0
2019-04-18,105264.67030143738,364.37254905700684,0.0,5,0.00196240471061615,206.16730117797852,104900.29775238037,0,165698.98627853394,0.0
2019-04-19,106086.54783439636,133.4069538116455,0.0,5,0.0078077243827909815,821.8775329589844,105953.14088058472,0,211675.31616592407,0.0
2019-04-22,106071.87235450745,364.40344429016113,0.0,5,-0.00013833497449478038,-14.675479888916016,105707.46891021729,0,127458.08770751953,0.0
2019-04-23,105569.60308265686,215.85945510864258,0.0,5,-0.004735178711392285,-502.26927185058594,105353.74362754822,0,86364.67426872253,0.0
2019-04-24,108040.15205383301,191.95635223388672,0.0,5,0.023402086386947962,2470.5489711761475,107848.19570159912,0,215672.4883003235,0.0
2019-04-25,108570.67826843262,83.56001281738281,0.0,5,0.004910454164626321,530.5262145996094,108487.11825561523,0,173700.61666107178,0.0
2019-04-26,107520.15488052368,171.32645797729492,0.0,5,-0.009675940177066966,-1050.5233879089355,107348.82842254639,0,173579.57844924927,0.0
2019-04-29,103637.26356506348,80.80257797241211,0.0,5,-0.036113148458304156,-3882.891315460205,103556.46098709106,0,85828.89326477051,0.0
2019-04-30,106140.93894577026,3329.9829273223877,0.0,5,0.02415806144027499,2503.675380706787,102810.95601844788,0,166414.9766292572,0.0
2019-05-02,106481.72501754761,3798.8680572509766,0.0,5,0.00321069396184126,340.78607177734375,102682.85696029663,0,127566.63368415833,0.0
2019-05-03,107613.18607711792,84.5119743347168,0.0,5,0.010625870865482723,1131.4610595703125,107528.6741027832,0,168335.90662765503,0.0
2019-05-06,104950.02965164185,213.6967315673828,0.0,5,-0.024747491664893206,-2663.156425476074,104736.33292007446,0,128010.87825393677,0.0
2019-05-07,106760.70026874542,232.0559630393982,0.0,5,0.01725269276353414,1810.6706171035767,106528.64430570602,0,213075.64784288406,0.0
2019-05-08,105887.86251974106,243.07947301864624,0.0,5,-0.0081756465329208,-872.837749004364,105644.78304672241,0,169463.67990493774,0.0
2019-05-09,102834.1268362999,353.78633642196655,0.0,5,-0.028839336358044254,-3053.735683441162,102480.34049987793,0,83554.88868713379,0.0
2019-05-10,103526.63654851913,188.11057424545288,0.0,5,0.006734240213092324,692.5097122192383,103338.52597427368,0,165639.1198387146,0.0
2019-05-13,99525.02913427353,463.5961241722107,0.0,5,-0.038652925929552384,-4001.6074142456055,99061.43301010132,0,121029.4266204834,0.0
2019-05-14,99597.01553487778,149.34386587142944,0.0,5,0.0007232994677863758,71.98640060424805,99447.67166900635,0,159990.21882629395,0.0
2019-05-15,102880.59065771103,773.4429221153259,0.0,5,0.03296860960340098,3283.575122833252,102107.1477355957,0,204838.3945274353,0.0
2019-05-16,101311.63578367233,233.36603307724,0.0,5,-0.015250251422629257,-1568.9548740386963,101078.2697505951,0,161693.35314559937,0.0
2019-05-17,98082.42652845383,1809.4634432792664,0.0,5,-0.03187402148074814,-3229.209255218506,96272.96308517456,0,79241.3883228302,0.0
2019-05-20,97317.26022291183,238.3836236000061,0.0,5,-0.00780125790750108,-765.1663055419922,97078.87659931183,0,117321.74114322662,0.0
2019-05-21,99074.93164777756,191.91393899917603,0.0,5,0.0180612506028186,1757.6714248657227,98883.01770877838,0,81248.60249328613,0.0
2019-05-22,99740.57345628738,623.9141812324524,0.0,5,0.006718569444753797,665.6418085098267,99116.65927505493,0,159935.01437950134,0.0
2019-05-23,97449.00178575516,1920.572693347931,0.0,5,-0.02297532078594411,-2291.5716705322266,95528.42909240723,0,155287.7239189148,0.0
2019-05-24,96202.88762807846,270.57363653182983,0.0,5,-0.012787346559139934,-1246.1141576766968,95932.31399154663,0,76273.96552753448,0.0
2019-05-27,96998.22215223312,2323.978365421295,0.0,5,0.008267262488309557,795.3345241546631,94674.24378681183,0,114729.48446178436,0.0
2019-05-28,96409.30844640732,166.1624789237976,0.0,5,-0.006071386596153694,-588.9137058258057,96243.14596748352,0,75638.5068655014,0.0
2019-05-29,96859.06720876694,2946.3524260520935,0.0,5,0.004665096862608742,449.75876235961914,93912.71478271484,0,152754.23554039001,0.0
2019-05-30,97207.4603896141,2875.4626364707947,0.0,5,0.0035969082801123875,348.39318084716797,94331.99775314331,0,78814.34701919556,0.0
2019-05-31,99926.91246175766,261.0833296775818,0.0,5,0.027975754754252513,2719.4520721435547,99665.82913208008,0,196717.27895736694,0.0
2019-06-03,98184.44305944443,112.22713232040405,0.0,5,-0.0174374386177506,-1742.4694023132324,98072.21592712402,0,119289.98706436157,0.0
2019-06-04,98687.12695837021,3001.7790274620056,0.0,5,0.005119791723230849,502.68389892578125,95685.3479309082,0,155471.8476409912,0.0
2019-06-05,99046.5588812828,81.2916407585144,0.0,5,0.003642135848824779,359.43192291259766,98965.26724052429,0,116549.67806053162,0.0
2019-06-06,97808.8983950615,134.26891088485718,0.0,5,-0.012495744427676425,-1237.6604862213135,97674.62948417664,0,79765.00831794739,0.0
2019-06-10,100667.14331674576,274.447612285614,0.0,5,0.02922274934678737,2858.244921684265,100392.69570446014,0,162144.90413856506,0.0
2019-06-11,101719.20152807236,61.80158281326294,0.0,5,0.010450859899901355,1052.0582113265991,101657.3999452591,0,163943.52031612396,0.0
2019-06-12,102277.59355306625,288.80044651031494,0.0,5,0.005489543926864071,558.3920249938965,101988.79310655594,0,164672.94978284836,0.0
2019-06-13,101066.32451248169,254.53262329101562,0.0,5,-0.011842956003419336,-1211.2690405845642,100811.79188919067,0,81406.54591274261,0.0
2019-06-14,100240.43400382996,64.63321733474731,0.0,5,-0.00817176752628157,-825.8905086517334,100175.80078649521,0,122271.01142835617,0.0
2019-06-17,100610.19636917114,199.84708786010742,0.0,5,0.0036887546329564813,369.7623653411865,100410.34928131104,0,161003.04631376266,0.0
2019-06-18,101075.64845848083,95.72243309020996,0.0,5,0.0046262914307591,465.4520893096924,100979.92602539062,0,121982.92276954651,0.0
2019-06-19,105494.76568412781,532.4674301147461,0.0,5,0.04372088918590733,4419.117225646973,104962.29825401306,0,169880.20777702332,0.0
2019-06-20,106265.8803062439,122.021484375,0.0,5,0.007309505994116838,771.1146221160889,106143.8588218689,0,127727.14979553223,0.0
2019-06-21,108488.1761674881,170.83999633789062,0.0,5,0.020912600119999514,2222.2958612442017,108317.33617115021,0,174060.44142913818,0.0
2019-06-24,109244.88950824738,388.6112060546875,0.0,5,0.006975076616561715,756.7133407592773,108856.27830219269,0,217930.32781410217,0.0
2019-06-25,108790.39835357666,1911.1534843444824,0.0,5,-0.004160296712427902,-454.49115467071533,106879.24486923218,0,215281.03201675415,0.0
2019-06-26,109154.54846954346,2164.410285949707,0.0,5,0.0033472633750570857,364.1501159667969,106990.13818359375,0,131731.77907943726,0.0
2019-06-27,112430.19940948486,315.5196304321289,0.0,5,0.03000929403189634,3275.6509399414062,112114.67977905273,0,222380.4689025879,0.0
2019-06-28,111177.18659210205,202.71853256225586,0.0,5,-0.011144806501847238,-1253.0128173828125,110974.4680595398,0,90006.06476974487,0.0
2019-07-01,113652.55599975586,442.668212890625,0.0,5,0.022265084083623154,2475.3694076538086,113209.88778686523,0,138031.3509864807,0.0
2019-07-02,114297.71279716492,292.67713165283203,0.0,5,0.005676570946723247,645.1567974090576,114005.03566551208,0,183248.28087234497,0.0
2019-07-03,111986.00563430786,586.3753929138184,0.0,5,-0.020225314280430617,-2311.7071628570557,111399.63024139404,0,91618.76195907593,0.0
2019-07-04,113054.64113998413,1217.4671669006348,0.0,5,0.009542580786084276,1068.6355056762695,111837.1739730835,0,134995.75063323975,0.0
2019-07-05,113137.4642829895,228.48144912719727,0.0,5,0.000732593922462943,82.8231430053711,112908.9828338623,0,179655.80099487305,0.0
2019-07-08,111886.77094650269,404.4510383605957,0.0,5,-0.011054634681916475,-1250.6933364868164,111482.31990814209,0,178845.50955200195,0.0
2019-07-09,111542.4139213562,614.1816577911377,0.0,5,-0.003077727797785257,-344.3570251464844,110928.23226356506,0,135483.3856830597,0.0
2019-07-10,113904.17518424988,339.93401527404785,0.0,5,0.021173661030492452,2361.7612628936768,113564.24116897583,0,181626.76403045654,0.0
2019-07-11,115937.7348575592,180.64388465881348,0.0,5,0.017853249628644985,2033.5596733093262,115757.09097290039,0,231354.89181518555,0.0
2019-07-12,113096.88784217834,429.6819610595703,0.0,5,-0.02450321302957248,-2840.8470153808594,112667.20588111877,0,92832.8025302887,0.0
2019-07-15,113615.48990058899,184.06340885162354,0.0,5,0.0045854671008660475,518.6020584106445,113431.42649173737,0,136919.48627758026,0.0
2019-07-16,113870.62195205688,229.0597381591797,0.0,5,0.00224557453997809,255.1320514678955,113641.5622138977,0,183264.89788722992,0.0
2019-07-17,113777.5865688324,238.27654838562012,0.0,5,-0.0008170270929376278,-93.0353832244873,113539.31002044678,0,138073.79237174988,0.0
2019-07-18,112698.94499015808,299.749662399292,0.0,5,-0.00948026418210024,-1078.6415786743164,112399.19532775879,0,136452.5392150879,0.0
2019-07-19,114920.92304801941,635.5820026397705,0.0,5,0.019716050208414826,2221.978057861328,114285.34104537964,0,138966.40072250366,0.0
2019-07-22,113451.19366836548,332.2563648223877,0.0,5,-0.012789049554012055,-1469.7293796539307,113118.93730354309,0,46331.87007141113,0.0
2019-07-23,113679.12022781372,224.4566535949707,0.0,5,0.0020090274247313022,227.9265594482422,113454.66357421875,0,136905.6074848175,0.0
2019-07-24,112602.44427108765,537.1808395385742,0.0,5,-0.009471184810090127,-1076.6759567260742,112065.26343154907,0,860.5855522155762,0.0
2019-07-25,114271.49465560913,220.48367309570312,0.0,5,0.01482250581082667,1669.0503845214844,114051.01098251343,0,182442.22177124023,0.0
2019-07-26,114623.06270694733,397.75078105926514,0.0,5,0.003076603245610432,351.5680513381958,114225.31192588806,0,139548.97507953644,0.0
2019-07-29,114850.4831495285,274.44927883148193,0.0,5,0.0019840722906054875,227.42044258117676,114576.03387069702,0,184479.76630020142,0.0
2019-07-30,112213.27630519867,237.09191989898682,0.0,5,-0.022962087507253592,-2637.206844329834,111976.18438529968,0,135068.37219047546,0.0
2019-07-31,112672.91470623016,82.9210901260376,0.0,5,0.004096114258186123,459.63840103149414,112589.99361610413,0,92601.72127532959,0.0
2019-08-01,112515.56474971771,160.13017559051514,0.0,5,-0.0013965198017882319,-157.34995651245117,112355.4345741272,0,135698.00068855286,0.0
2019-08-02,109987.3319644928,1137.7611865997314,0.0,5,-0.022470071503873923,-2528.2327852249146,108849.57077789307,0,130757.1719045639,0.0
2019-08-05,106101.31919288635,233.36929893493652,0.0,5,-0.03533145774334234,-3886.0127716064453,105867.94989395142,0,86739.41264724731,0.0
2019-08-06,106394.521276474,269.37426567077637,0.0,5,0.0027634160047964595,293.2020835876465,106125.14701080322,0,170521.91132354736,0.0
2019-08-07,106650.69861221313,548.1219749450684,0.0,5,0.0024078057090310967,256.17733573913574,106102.57663726807,0,171051.21569633484,0.0
2019-08-08,108218.78438949585,334.5416679382324,0.0,5,0.014703005209411257,1568.0857772827148,107884.24272155762,0,130114.42295837402,0.0
2019-08-12,112494.2110862732,259.38127517700195,0.0,5,0.039507251175446845,4275.426696777344,112234.82981109619,0,224394.49922943115,0.0
2019-08-13,111921.55140304565,61.02933883666992,0.0,5,-0.005090570240884329,-572.6596832275391,111860.52206420898,0,178761.54983901978,0.0
2019-08-14,111850.51845264435,452.1494722366333,0.0,5,-0.0006346673139430159,-71.03295040130615,111398.36898040771,0,137579.4670267105,0.0
2019-08-15,110377.02615451813,114.75940036773682,0.0,5,-0.013173763684877993,-1473.4922981262207,110262.26675415039,0,133602.59881973267,0.0
2019-08-16,112387.32071781158,174.09076118469238,0.0,5,0.018212979940945617,2010.294563293457,112213.22995662689,0,136686.05650997162,0.0
2019-08-19,112464.9019165039,1912.6509704589844,0.0,5,0.0006903020571789042,77.58119869232178,110552.25094604492,0,89115.20088386536,0.0
2019-08-20,113111.14245223999,154.89239120483398,0.0,5,0.005746153019507094,646.240535736084,112956.25006103516,0,180117.04598617554,0.0
2019-08-21,114631.26752090454,200.0822925567627,0.0,5,0.013439215940254545,1520.1250686645508,114431.18522834778,0,93968.85928916931,0.0
2019-08-22,114561.34490776062,55.38128852844238,0.0,5,-0.0006099785395042856,-69.9226131439209,114505.96361923218,0,139356.26820373535,0.0
2019-08-23,114683.90844917297,412.59726905822754,0.0,5,0.0010698507556019532,122.56354141235352,114271.31118011475,0,137905.74960327148,0.0
2019-08-26,112562.34935188293,319.1567630767822,0.0,5,-0.018499187252850713,-2121.559097290039,112243.19258880615,0,91927.68354797363,0.0
2019-08-27,112945.99897575378,87.77301979064941,0.0,5,0.0034083299263016897,383.6496238708496,112858.22595596313,0,137044.00605773926,0.0
2019-08-28,113473.97223854065,293.6617841720581,0.0,5,0.004674563663828568,527.9732627868652,113180.31045436859,0,226566.5096731186,0.0
2019-08-29,114656.19541168213,155.92362546920776,0.0,5,0.010418452353604613,1182.2231731414795,114500.27178621292,0,139277.26305532455,0.0
2019-08-30,116835.49652433395,253.8703474998474,0.0,5,0.01900726868554181,2179.301112651825,116581.6261768341,0,141853.8929386139,0.0
2019-09-02,118510.0353770256,247.38477277755737,0.0,5,0.014332449491006205,1674.5388526916504,118262.65060424805,0,236518.8156337738,0.0
2019-09-03,117401.24215650558,269.4833903312683,0.0,5,-0.00935611247598167,-1108.7932205200195,117131.75876617432,0,142126.88822937012,0.0
2019-09-04,117505.30828046799,487.051917552948,0.0,5,0.0008864141643720735,104.06612396240234,117018.25636291504,0,95910.18733215332,0.0
2019-09-05,117484.12976408005,334.42890882492065,0.0,5,-0.00018023455023319368,-21.178516387939453,117149.70085525513,0,141692.46133422852,0.0
2019-09-06,117494.54005002975,395.09061765670776,0.0,5,8.861014649896859e-05,10.410285949707031,117099.44943237305,0,94691.33190536499,0.0
2019-09-10,117509.00388669968,212.40703535079956,0.0,5,0.00012310220256850357,14.463836669921875,117296.59685134888,0,188555.9158821106,0.0
2019-09-11,118510.35189771652,223.99860334396362,0.0,5,0.008521457742781458,1001.3480110168457,118286.35329437256,0,96188.20329284668,0.0
2019-09-12,119270.78529310226,285.00808668136597,0.0,5,0.006416598914853022,760.4333953857422,118985.7772064209,0,143349.90743255615,0.0
2019-09-16,117997.40180158615,255.63783884048462,0.0,5,-0.010676407373245933,-1273.3834915161133,117741.76396274567,0,94691.15964603424,0.0
2019-09-17,118387.46925020218,291.61394357681274,0.0,5,0.003305729131832358,390.06744861602783,118095.85530662537,0,95013.62303161621,0.0
2019-09-18,119880.09762907028,403.7229075431824,0.0,5,0.012607992960078862,1492.628378868103,119476.3747215271,0,191972.96540737152,0.0
2019-09-19,119171.17286634445,321.58876752853394,0.0,5,-0.005913615160035746,-708.9247627258301,118849.58409881592,0,95990.57289123535,0.0
2019-09-20,119944.43290662766,186.37993955612183,0.0,5,0.006488650079415237,773.2600402832031,119758.05296707153,0,192044.6677055359,0.0
2019-09-23,121154.70198869705,203.45959424972534,0.0,5,0.010090248065214968,1210.269082069397,120951.24239444733,0,146447.4165611267,0.0
2019-09-24,121493.37151288986,145.73976850509644,0.0,5,0.002795347754843247,338.66952419281006,121347.63174438477,0,194312.42079925537,0.0
2019-09-25,120169.75207853317,228.9216456413269,0.0,5,-0.01089458147283584,-1323.6194343566895,119940.83043289185,0,97282.82735443115,0.0
2019-09-26,120099.09099531174,234.7160439491272,0.0,5,-0.0005880105600555297,-70.66108322143555,119864.37495136261,0,144513.4663286209,0.0
2019-09-27,119038.54905462265,233.7412085533142,0.0,5,-0.008830557599561528,-1060.541940689087,118804.80784606934,0,96787.0318479538,0.0
2019-10-01,119989.9576010704,270.0298628807068,0.0,5,0.007992440717764282,951.4085464477539,119719.9277381897,0,145935.3696784973,0.0
2019-10-02,120548.85835790634,720.5570731163025,0.0,5,0.004657896110723758,558.9007568359375,119828.30128479004,0,96979.87321853638,0.0
2019-10-03,121259.32919836044,538.1501364707947,0.0,5,0.005893633918495844,710.4708404541016,120721.17906188965,0,146748.9638824463,0.0
2019-10-04,124265.85622167587,306.5653510093689,0.0,5,0.02479419145059958,3006.5270233154297,123959.2908706665,0,247686.99695587158,0.0
2019-10-07,126692.39188623428,868.2778267860413,0.0,5,0.019526970145602673,2426.5356645584106,125824.11405944824,0,203694.25663471222,0.0
2019-10-08,126728.70525598526,573.0329079627991,0.0,5,0.00028662628600129025,36.31336975097656,126155.67234802246,0,152666.5843963623,0.0
2019-10-09,125266.86162042618,391.04121255874634,0.0,5,-0.011535221105638538,-1461.843635559082,124875.82040786743,0,152802.33849716187,0.0
2019-10-14,130736.78882455826,1751.3826775550842,0.0,5,0.043666194980653605,5469.92720413208,128985.40614700317,0,207054.92603683472,0.0
2019-10-15,130102.3302025795,437.2042717933655,0.0,5,-0.004852946348790743,-634.4586219787598,129665.12593078613,0,155861.2725830078,0.0
2019-10-16,129098.84297418594,1860.9095330238342,0.0,5,-0.007713061148336475,-1003.4872283935547,127237.93344116211,0,102886.13241577148,0.0
2019-10-17,131420.15767145157,418.14418935775757,0.0,5,0.017980910159898,2321.314697265625,131002.01348209381,0,208087.0158624649,0.0
2019-10-18,132398.75588464737,2914.736605167389,0.0,5,0.007446332667186972,978.5982131958008,129484.01927947998,0,158252.57840824127,0.0
2019-10-21,131851.89337396622,475.9624810218811,0.0,5,-0.0041304203126923955,-546.8625106811523,131375.93089294434,0,104035.66944885254,0.0
2019-10-22,134413.1125664711,2715.011637210846,0.0,5,0.01942497090459372,2561.219192504883,131698.10092926025,0,213376.00955963135,0.0
2019-10-23,133976.86769342422,3447.153078556061,0.0,5,-0.003245552942843566,-436.244873046875,130529.71461486816,0,160657.55992889404,0.0
2019-10-24,138275.04500055313,178.55650758743286,0.0,5,0.032081488253362656,4298.177307128906,138096.4884929657,0,272924.38041496277,0.0
2019-10-25,138163.8170990944,265.9868836402893,0.0,5,-0.0008043960604626754,-111.22790145874023,137897.8302154541,0,220959.32921028137,0.0
2019-10-28,139286.85312891006,588.9079575538635,0.0,5,0.008128293307141377,1123.0360298156738,138697.9451713562,0,168434.80951690674,0.0
2019-10-29,137970.15689706802,568.2366700172424,0.0,5,-0.009453126424095681,-1316.696231842041,137401.92022705078,0,165883.16066741943,0.0
2019-10-30,139208.5631737709,401.17043924331665,0.0,5,0.008975899604338311,1238.4062767028809,138807.3927345276,0,224461.06381225586,0.0
2019-10-31,141228.57750558853,236.45822381973267,0.0,5,0.014510704555553033,2020.014331817627,140992.1192817688,0,281819.526348114,0.0
2019-11-01,143095.45818185806,243.79836511611938,0.0,5,0.013218859166061137,1866.8806762695312,142851.65981674194,0,174382.22176361084,0.0
2019-11-04,143814.8225426674,195.20485925674438,0.0,5,0.00502716417382798,719.3643608093262,143619.61768341064,0,116175.38293457031,0.0
2019-11-05,146133.27084589005,223.40914583206177,0.0,5,0.016121066397970285,2318.4483032226562,145909.86170005798,0,176995.2354412079,0.0
2019-11-06,145663.2141137123,161.7744698524475,0.0,5,-0.0032166304733810547,-470.0567321777344,145501.43964385986,0,175342.03700065613,0.0
2019-11-07,144972.93508386612,589.8437066078186,0.0,5,-0.004738869961411929,-690.2790298461914,144383.0913772583,0,175665.2721786499,0.0
2019-11-08,148195.74979639053,154.0663628578186,0.0,5,0.0222304577793091,3222.814712524414,148041.68343353271,0,239463.1439666748,0.0
2019-11-11,147710.6383805275,357.78552865982056,0.0,5,-0.003273450261087385,-485.1114158630371,147352.85285186768,0,179084.971408844,0.0
2019-11-12,150864.42272043228,1772.0206742286682,0.0,5,0.02135109816383096,3153.784339904785,149092.4020462036,0,240609.53606414795,0.0
2019-11-13,153622.6961236,203.76569986343384,0.0,5,0.01828312701848267,2758.2734031677246,153418.93042373657,0,184510.11282348633,0.0
2019-11-14,154714.889193058,2860.95716714859,0.0,5,0.007109581442179991,1092.1930694580078,151853.93202590942,0,183727.57091522217,0.0
2019-11-15,154963.1715607643,133.4244828224182,0.0,5,0.0016047735870881041,248.28236770629883,154829.7470779419,0,184352.73690795898,0.0
2019-11-18,153462.24729776382,476.6347336769104,0.0,5,-0.00968568368782996,-1500.9242630004883,152985.6125640869,0,124739.61422729492,0.0
2019-11-19,153296.88664102554,313.4142327308655,0.0,5,-0.0010775331369768937,-165.36065673828125,152983.47240829468,0,123805.329662323,0.0
2019-11-20,151864.21195077896,2672.3695549964905,0.0,5,-0.009345752034752408,-1432.674690246582,149191.84239578247,0,60347.64321899414,0.0
2019-11-21,150556.92621660233,3237.3945508003235,0.0,5,-0.008608254159316653,-1307.2857341766357,147319.531665802,0,120887.93546485901,0.0
2019-11-22,150302.20605897903,348.0940442085266,0.0,5,-0.0016918528029512547,-254.72015762329102,149954.1120147705,0,118284.29525756836,0.0
2019-11-25,149764.6097226143,252.46396684646606,0.0,5,-0.003576769433136562,-537.5963363647461,149512.14575576782,0,63545.7653465271,0.0
2019-11-26,151871.29932832718,342.33377504348755,0.0,5,0.014066671756530313,2106.6896057128906,151528.9655532837,0,184212.9069633484,0.0
2019-11-27,154142.3848233223,439.0524334907532,0.0,5,0.014954013727671578,2271.085494995117,153703.33238983154,0,245874.7996826172,0.0
2019-11-28,154252.88617753983,242.39445543289185,0.0,5,0.0007168784519857585,110.5013542175293,154010.49172210693,0,246470.4555168152,0.0
2019-11-29,151853.93235063553,217.14677476882935,0.0,5,-0.015552083895164048,-2398.953826904297,151636.7855758667,0,122359.52688598633,0.0
2019-12-02,151137.83792161942,375.6882939338684,0.0,5,-0.004715679192045075,-716.0944290161133,150762.14962768555,0,123564.40252685547,0.0
2019-12-03,153493.93446016312,2553.5092282295227,0.0,5,0.01558905811373057,2356.096538543701,150940.4252319336,0,182703.43091964722,0.0
2019-12-04,152788.9574856758,315.8818783760071,0.0,5,-0.004592865359577258,-704.9769744873047,152473.0756072998,0,120781.27893066406,0.0
2019-12-05,155018.7662243843,753.632580280304,0.0,5,0.014594043806585688,2229.808738708496,154265.133644104,0,247708.5489501953,0.0
2019-12-06,155885.22444963455,318.3285756111145,0.0,5,0.005589376346835762,866.4582252502441,155566.89587402344,0,249780.77167892456,0.0
2019-12-09,156291.9658856392,351.88027238845825,0.0,5,0.002609236619061761,406.7414360046387,155940.08561325073,0,190142.72023773193,0.0
2019-12-10,157615.04243135452,619.3372235298157,0.0,5,0.008465416236964174,1323.076545715332,156995.7052078247,0,190916.6040611267,0.0
2019-12-11,159753.32013368607,595.48006772995,0.0,5,0.013566457042086144,2138.277702331543,159157.84006595612,0,256398.90390872955,0.0
2019-12-12,160407.48059511185,264.3650212287903,0.0,5,0.004094816063155093,654.1604614257812,160143.11557388306,0,194139.80509662628,0.0
2019-12-13,159390.10694551468,573.2780499458313,0.0,5,-0.0063424326959236055,-1017.373649597168,158816.82889556885,0,192207.2990913391,0.0
2019-12-16,161220.15137147903,581.2545437812805,0.0,5,0.011481543372010794,1830.0444259643555,160638.89682769775,0,321285.77014923096,0.0
2019-12-17,163901.1662106514,478.9092450141907,0.0,5,0.01662952686972008,2681.0148391723633,163422.2569656372,0,326742.1686325073,0.0
2019-12-18,162666.49319124222,241.1495327949524,0.0,5,-0.0075330337663511715,-1234.6730194091797,162425.34365844727,0,132357.51496124268,0.0
2019-12-19,163180.32937765121,465.1647620201111,0.0,5,0.0031588323835376464,513.8361864089966,162715.1646156311,0,197218.46320438385,0.0
2019-12-20,160436.66328573227,273.9107184410095,0.0,5,-0.016813706053805277,-2743.6660919189453,160162.75256729126,0,131168.61882781982,0.0
2019-12-23,159996.22171926498,302.7667098045349,0.0,5,-0.0027452675557261275,-440.44156646728516,159693.45500946045,0,194025.5764350891,0.0
2019-12-24,160979.44945669174,1094.3559737205505,0.0,5,0.00614531847603228,983.2277374267578,159885.0934829712,0,194262.41856384277,0.0
2019-12-25,163509.7683825493,275.3290057182312,0.0,5,0.01571827294973005,2530.318925857544,163234.43937683105,0,261046.7267856598,0.0
2019-12-26,162621.0829463005,282.9845013618469,0.0,5,-0.005435060211018139,-888.6854362487793,162338.09844493866,0,259925.8107290268,0.0
2019-12-27,167014.64542913437,283.9758849143982,0.0,5,0.027017176390865982,4393.562482833862,166730.66954421997,0,333462.3304719925,0.0
2019-12-30,165314.39705610275,393.30710554122925,0.0,5,-0.010180235204301558,-1700.2483730316162,164921.08995056152,0,266537.3397350311,0.0
2019-12-31,165012.4483332634,559.45951795578,0.0,5,-0.0018265119567104637,-301.94872283935547,164452.98881530762,0,198840.89458465576,0.0
2020-01-02,165590.2743525505,853.4383006095886,0.0,5,0.003501711689775755,577.8260192871094,164736.83605194092,0,200025.6224746704,0.0
2020-01-03,167714.94222974777,2950.2684931755066,0.0,5,0.012830873585448321,2124.6678771972656,164764.67373657227,0,266642.66204071045,0.0
2020-01-06,164847.77362012863,3378.0706934928894,0.0,5,-0.017095486970335028,-2867.1686096191406,161469.70292663574,0,132435.17669677734,0.0
2020-01-07,161720.3723063469,522.2866892814636,0.0,5,-0.01897145011487056,-3127.4013137817383,161198.08561706543,0,196918.59496307373,0.0
2020-01-08,158206.71611738205,491.3689646720886,0.0,5,-0.02172673818923032,-3513.6561889648438,157715.34715270996,0,128783.9880065918,0.0
2020-01-09,163232.03359174728,385.4695887565613,0.0,5,0.031764248684845287,5025.317474365234,162846.56400299072,0,131999.91719818115,0.0
2020-01-10,162788.87278699875,388.08042097091675,0.0,5,-0.0027149132127882725,-443.16080474853516,162400.79236602783,0,131973.7974319458,0.0
2020-01-13,163753.7149500847,185.01296949386597,0.0,5,0.005926954014531471,964.8421630859375,163568.70198059082,0,133777.254737854,0.0
2020-01-14,165435.77559614182,414.7554850578308,0.0,5,0.010271893047250069,1682.060646057129,165021.02011108398,0,135265.26093292236,0.0
2020-01-15,163782.5800089836,544.5136790275574,0.0,5,-0.009992975105904245,-1653.1955871582031,163238.06632995605,0,131911.09761047363,0.0
2020-01-16,164740.00379133224,616.5249915122986,0.0,5,0.005845699721521713,957.4237823486328,164123.47879981995,0,197186.490152359,0.0
2020-01-17,165393.2112212181,425.72464895248413,0.0,5,0.003965080823436384,653.2074298858643,164967.48657226562,0,264951.90378952026,0.0
2020-01-20,165923.1262755394,1877.7024931907654,0.0,5,0.0032039710119209364,529.9150543212891,164045.42378234863,0,66211.47235107422,0.0
2020-01-30,156684.40267324448,157.99155569076538,0.0,5,-0.05568074691982772,-9238.723602294922,156526.4111175537,0,251715.26080322266,0.0
2020-01-31,156280.46679067612,474.38019704818726,0.0,5,-0.0025780222898812433,-403.9358825683594,155806.08659362793,0,128024.91622924805,0.0
2020-02-03,152474.50702810287,243.15226125717163,0.0,5,-0.02435339387404689,-3805.959762573242,152231.3547668457,0,124259.54797363281,0.0
2020-02-04,159592.581056118,230.60703992843628,0.0,5,0.046683699240970045,7118.074028015137,159361.97401618958,0,318711.4028110504,0.0
2020-02-05,158255.3813843727,254.36743783950806,0.0,5,-0.008378833545370723,-1337.1996717453003,158001.0139465332,0,255314.08449459076,0.0
2020-02-06,160420.17206430435,391.9555802345276,0.0,5,0.013679096792757806,2164.7906799316406,160028.21648406982,0,196168.12212371826,0.0
2020-02-07,154799.84530496597,575.0795273780823,0.0,5,-0.03503503759543081,-5620.326759338379,154224.7657775879,0,128707.26344299316,0.0
2020-02-10,153665.09922647476,472.2055344581604,0.0,5,-0.00733040834928278,-1134.746078491211,153192.8936920166,0,124128.46209716797,0.0
2020-02-11,158055.6125779152,2558.0841794013977,0.0,5,0.028571961841313165,4390.51335144043,155497.5283985138,0,190405.29628181458,0.0
2020-02-12,161348.40615701675,276.3583664894104,0.0,5,0.020833132878962823,3292.7935791015625,161072.04779052734,0,192261.9081249237,0.0
2020-02-13,161555.86923074722,465.6970200538635,0.0,5,0.001285808014295231,207.46307373046875,161090.17221069336,0,195993.6050415039,0.0
2020-02-14,164659.61906290054,199.29353666305542,0.0,5,0.019211619156468407,3103.7498321533203,164460.3255262375,0,264575.65091991425,0.0
2020-02-17,162907.8328385353,462.18124055862427,0.0,5,-0.010638833214451027,-1751.7862243652344,162445.65159797668,0,198813.8188905716,0.0
2020-02-18,162076.47666215897,438.26699113845825,0.0,5,-0.0051032302246653005,-831.3561763763428,161638.2096710205,0,131619.86861801147,0.0
2020-02-19,167340.78161668777,443.03503465652466,0.0,5,0.03248037631951983,5264.304954528809,166897.74658203125,0,202619.73128509521,0.0
2020-02-20,169503.0498661995,834.0320363044739,0.0,5,0.01292134665932565,2162.2682495117188,168669.01782989502,0,337729.032661438,0.0
2020-02-21,170415.8541417122,484.87560510635376,0.0,5,0.005385179064525625,912.8042755126953,169930.97853660583,0,273003.16827201843,0.0
2020-02-24,169060.715944767,1711.868731021881,0.0,5,-0.007951949093998656,-1355.1381969451904,167348.84721374512,0,335924.68755340576,0.0
2020-02-25,170611.52429437637,330.2938714027405,0.0,5,0.009173085189796648,1550.808349609375,170281.23042297363,0,272824.9373474121,0.0
2020-02-26,168368.4628891945,473.2184739112854,0.0,5,-0.013147185774576742,-2243.0614051818848,167895.2444152832,0,269373.33530807495,0.0
2020-02-27,162898.7812333107,436.3418869972229,0.0,5,-0.03248637875540539,-5469.681655883789,162462.43934631348,0,133724.41842651367,0.0
2020-03-02,163750.6350312233,374.51628732681274,0.0,5,0.005229344206649111,851.8537979125977,163376.11874389648,0,197917.6689529419,0.0
2020-03-03,167219.20556879044,293.93825006484985,0.0,5,0.021182028008048803,3468.5705375671387,166925.2673187256,0,268645.2826652527,0.0
2020-03-04,166537.9546570778,351.9977021217346,0.0,5,-0.00407399921196494,-681.2509117126465,166185.95695495605,0,202629.00442886353,0.0
2020-03-05,169835.0267853737,166.56649827957153,0.0,5,0.019797721997276696,3297.0721282958984,169668.46028709412,0,271291.81346702576,0.0
2020-03-06,169022.79021787643,132.15684938430786,0.0,5,-0.004782503249601722,-812.2365674972534,168890.63336849213,0,203610.7868232727,0.0
2020-03-09,162213.9187579155,657.0597033500671,0.0,5,-0.04028374783769728,-6808.8714599609375,161556.85905456543,0,196040.13640499115,0.0
2020-03-10,167313.7110095024,413.8412127494812,0.0,5,0.03143868473578859,5099.792251586914,166899.86979675293,0,269750.52561950684,0.0
2020-03-11,164286.40880918503,444.00497007369995,0.0,5,-0.01809356915253313,-3027.302200317383,163842.40383911133,0,198118.62228393555,0.0
2020-03-12,148844.087123394,394.9501414299011,0.0,5,-0.09399634332336604,-15442.321685791016,148449.1369819641,0,869.9034614562988,0.0
2020-03-13,141240.67103528976,288.2658839225769,0.0,5,-0.05108309127389721,-7603.416088104248,140952.4051513672,0,114716.76230621338,0.0
2020-03-16,128082.11805677414,240.69317960739136,0.0,5,-0.093164050284269,-13158.552978515625,127841.42487716675,0,51837.89359664917,0.0
2020-03-17,120037.5044093132,392.8309760093689,0.0,5,-0.06280824965663867,-8044.6136474609375,119644.67343330383,0,99044.50487327576,0.0
2020-03-18,113640.39931440353,173.77948713302612,0.0,5,-0.0532925532431624,-6397.105094909668,113466.61982727051,0,48317.78371620178,0.0
2020-03-19,104258.48562860489,388.51144552230835,0.0,5,-0.08255790847621136,-9381.913685798645,103869.97418308258,0,44456.622747421265,0.0
2020-03-20,114269.93437719345,312.76363706588745,0.0,5,0.09602526536067169,10011.448748588562,113957.17074012756,0,227838.5936717987,0.0
2020-03-23,111842.10359334946,242.18070650100708,0.0,5,-0.021246452945618888,-2427.830783843994,111599.92288684845,0,223129.26284313202,0.0
2020-03-24,119607.64068746567,183.8543257713318,0.0,5,0.06943303858403094,7765.537094116211,119423.78636169434,0,238789.246342659,0.0
2020-03-25,123078.85293912888,141.63084745407104,0.0,5,0.02902165975109794,3471.212251663208,122937.2220916748,0,99846.83199882507,0.0
2020-03-26,123894.95059156418,69.20988321304321,0.0,5,0.006630689455961347,816.0976524353027,123825.74070835114,0,198583.33263874054,0.0
2020-03-27,124131.90604639053,292.9708390235901,0.0,5,0.0019125513485009904,236.95545482635498,123838.93520736694,0,150150.80249023438,0.0
2020-03-30,122555.6842751503,241.8288140296936,0.0,5,-0.01269795833676457,-1576.2217712402344,122313.8554611206,0,98713.45212173462,0.0
2020-03-31,123314.4720416069,193.24840784072876,0.0,5,0.006191371464689066,758.787766456604,123121.22363376617,0,246193.86686134338,0.0
2020-04-01,123827.15127038956,1101.1678414344788,0.0,5,0.004157494414845919,512.6792287826538,122725.98342895508,0,148640.11951446533,0.0
2020-04-06,127008.61766290665,56.63667917251587,0.0,5,0.025692801295008616,3181.46639251709,126951.98098373413,0,204005.8240623474,0.0
2020-04-07,131138.1251282692,427.6604104042053,0.0,5,0.03251360058356556,4129.507465362549,130710.46471786499,0,261791.95316696167,0.0
2020-04-08,132090.69713449478,651.1118836402893,0.0,5,0.007263883064470011,952.5720062255859,131439.5852508545,0,106581.55941390991,0.0
2020-04-09,132221.4398598671,2553.9678826332092,0.0,5,0.0009897951044894882,130.74272537231445,129667.47197723389,0,156517.30852890015,0.0
2020-04-10,132942.33795404434,506.8971657752991,0.0,5,0.005452202720990451,720.8980941772461,132435.44078826904,0,163088.05695343018,0.0
2020-04-13,132818.78384637833,569.3507103919983,0.0,5,-0.00092938118561392,-123.55410766601562,132249.43313598633,0,264561.31981658936,0.0
2020-04-14,135878.42847681046,139.41626119613647,0.0,5,0.02303623434747748,3059.644630432129,135739.01221561432,0,271048.0899820328,0.0
2020-04-15,136377.8883562088,553.7122392654419,0.0,5,0.0036757849277273547,499.45987939834595,135824.17611694336,0,218020.54957914352,0.0
2020-04-16,136362.20445728302,1372.618000984192,0.0,5,-0.00011500323927016165,-15.68389892578125,134989.58645629883,0,56181.412841796875,0.0
2020-04-17,138936.63917255402,422.97349643707275,0.0,5,0.0188793861577492,2574.434715270996,138513.66567611694,0,167342.13942337036,0.0
2020-04-20,140229.0058107376,332.5317134857178,0.0,5,0.009301841802712207,1292.3666381835938,139896.4740972519,0,224502.80816936493,0.0
2020-04-21,138032.5854358673,305.64223289489746,0.0,5,-0.015663095963432405,-2196.4203748703003,137726.9432029724,0,275426.996925354,0.0
2020-04-22,140268.08841514587,299.53753662109375,0.0,5,0.016195472773472108,2235.5029792785645,139968.55087852478,0,225438.8683834076,0.0
2020-04-23,140476.64957809448,519.3041229248047,0.0,5,0.0014868753492336406,208.5611629486084,139957.34545516968,0,169470.53022384644,0.0
2020-04-24,139566.94551467896,490.84768295288086,0.0,5,-0.006475838270258549,-909.7040634155273,139076.09783172607,0,168458.70936965942,0.0
2020-04-27,145185.6822013855,567.4979362487793,0.0,5,0.04025836250830328,5618.736686706543,144618.18426513672,0,233576.99143981934,0.0
2020-04-28,148624.29570770264,112.51860046386719,0.0,5,0.023684246643188134,3438.6135063171387,148511.77710723877,0,180962.56173324585,0.0
2020-04-29,152273.27885055542,400.36079025268555,0.0,5,0.024551727061026263,3648.983142852783,151872.91806030273,0,244445.41355514526,0.0
2020-04-30,152773.3581047058,318.34629917144775,0.0,5,0.003284090668600914,500.0792541503906,152455.01180553436,0,124807.67745494843,0.0
2020-05-04,152269.38192653656,3229.6539602279663,0.0,5,-0.0032988485978284743,-503.9761781692505,149039.7279663086,0,179641.28013420105,0.0
2020-05-05,151674.66581630707,325.2142095565796,0.0,5,-0.0039056841415198162,-594.7161102294922,151349.4516067505,0,181038.05181121826,0.0
2020-05-06,150451.34073638916,597.8001937866211,0.0,5,-0.008065454262476957,-1223.3250799179077,149853.54054260254,0,61763.32640171051,0.0
2020-05-07,152435.22039031982,687.6315383911133,0.0,5,0.013186187934387972,1983.879653930664,151747.5888519287,0,183332.35188293457,0.0
2020-05-08,154770.52611541748,520.2341842651367,0.0,5,0.015319987855286765,2335.3057250976562,154250.29193115234,0,187322.5147857666,0.0
2020-05-11,156211.3178024292,338.7396011352539,0.0,5,0.009309212310470993,1440.7916870117188,155872.57820129395,0,127535.2527923584,0.0
2020-05-12,154102.8369140625,370.62163162231445,0.0,5,-0.013497619238021064,-2108.480888366699,153732.2152824402,0,186553.81344985962,0.0
2020-05-13,154415.32196235657,303.4338035583496,0.0,5,0.00202776960211537,312.4850482940674,154111.88815879822,0,124629.61846160889,0.0
2020-05-14,151139.01884651184,202.14035606384277,0.0,5,-0.021217474239009992,-3276.3031158447266,150936.878490448,0,242741.189119339,0.0
2020-05-15,151267.0836315155,1446.5984172821045,0.0,5,0.0008473310597161277,128.0647850036621,149820.4852142334,0,181476.63082122803,0.0
2020-05-18,148872.24069023132,2554.575819015503,0.0,5,-0.015831884133616136,-2394.8429412841797,146317.66487121582,0,180921.73182678223,0.0
2020-05-19,150874.73183631897,2881.674379348755,0.0,5,0.013451071447593499,2002.4911460876465,147993.05745697021,0,122590.73579025269,0.0
2020-05-20,152074.6478023529,645.3886585235596,0.0,5,0.007953061135085981,1199.9159660339355,151429.25914382935,0,240403.35990142822,0.0
2020-05-21,152363.9294834137,685.5283527374268,0.0,5,0.0019022347593187217,289.281681060791,151678.40113067627,0,123777.96992492676,0.0
2020-05-22,147005.8555393219,2393.9847354888916,0.0,5,-0.03516628878146044,-5358.073944091797,144611.870803833,0,176391.83040618896,0.0
2020-05-25,149455.17399787903,302.6192569732666,0.0,5,0.01666136664809237,2449.318458557129,149152.55474090576,0,178792.3475189209,0.0
2020-05-26,151361.8831424713,293.9630603790283,0.0,5,0.012757732593582594,1906.7091445922852,151067.92008209229,0,123420.81632232666,0.0
2020-05-27,152298.3365497589,3220.445405960083,0.0,5,0.006186850928685539,936.4534072875977,149077.89114379883,0,182345.6866455078,0.0
2020-05-28,151677.0681476593,3375.7133350372314,0.0,5,-0.004079285540302902,-621.2684020996094,148301.35481262207,0,121603.03504943848,0.0
2020-05-29,151832.79496192932,204.3987636566162,0.0,5,0.0010266997916812404,155.72681427001953,151628.3961982727,0,120081.2363243103,0.0
2020-06-01,155704.79506778717,719.9898157119751,0.0,5,0.025501737663649715,3872.000105857849,154984.8052520752,0,249228.8319272995,0.0
2020-06-02,158270.0713739395,378.0629358291626,0.0,5,0.01647525565950314,2565.2763061523438,157892.00843811035,0,315442.0899963379,0.0
2020-06-03,165601.74337100983,440.69529819488525,0.0,5,0.04632380546381398,7331.6719970703125,165161.04807281494,0,330384.7285079956,0.0
2020-06-04,166130.24587535858,378.6633405685425,0.0,5,0.00319140664579054,528.5025043487549,165751.58253479004,0,199710.76445960999,0.0
2020-06-05,165700.5107831955,794.0665693283081,0.0,5,-0.002586736026897185,-429.73509216308594,164906.4442138672,0,133955.47604370117,0.0
2020-06-08,168085.79011058807,402.46113109588623,0.0,5,0.014395123564305168,2385.279327392578,167683.3289794922,0,201704.9103088379,0.0
2020-06-09,169048.78205394745,564.9599714279175,0.0,5,0.005729169269607981,962.991943359375,168483.82208251953,0,137537.9337158203,0.0
2020-06-10,171218.07782268524,535.4343214035034,0.0,5,0.012832365559696912,2169.295768737793,170682.64350128174,0,207466.81903076172,0.0
2020-06-11,167734.68815135956,401.9166593551636,0.0,5,-0.02034475398639335,-3483.3896713256836,167332.7714920044,0,135559.4748764038,0.0
2020-06-12,167178.35875606537,831.5786657333374,0.0,5,-0.003316722387155635,-556.3293952941895,166346.78009033203,0,136121.70823287964,0.0
2020-06-15,167655.0217847824,394.12890338897705,0.0,5,0.002851224478238601,476.663028717041,167260.89288139343,0,268615.5053730011,0.0
2020-06-16,173298.61580467224,423.8290205001831,0.0,5,0.033661944389202114,5643.5940198898315,172874.78678417206,0,209390.42288780212,0.0
2020-06-17,173731.72990989685,2251.6747550964355,0.0,5,0.0024992358029725104,433.1141052246094,171480.05515480042,0,207643.3521718979,0.0
2020-06-18,174716.87910842896,3062.6703033447266,0.0,5,0.005670519708996347,985.1491985321045,171654.20880508423,0,210960.24728775024,0.0
2020-06-19,172685.30445480347,308.4928436279297,0.0,5,-0.011627809883009044,-2031.5746536254883,172376.81161117554,0,136954.94876098633,0.0
2020-06-22,174400.15956497192,3712.7940559387207,0.0,5,0.009930521393135106,1714.855110168457,170687.3655090332,0,276288.5666847229,0.0
2020-06-23,174755.5005378723,660.9975109100342,0.0,5,0.002037503714370281,355.3409729003906,174094.50302696228,0,143148.0631160736,0.0
2020-06-24,175960.54774093628,931.5136814117432,0.0,5,0.006895618159972194,1205.0472030639648,175029.03405952454,0,141397.73834228516,0.0
2020-06-29,174708.0535106659,916.4789028167725,0.0,5,-0.0071180400740421534,-1252.4942302703857,173791.57460784912,0,210007.11828231812,0.0
2020-06-30,176051.83082389832,676.082971572876,0.0,5,0.007691559067999121,1343.7773132324219,175375.74785232544,0,213220.67318344116,0.0
2020-07-01,178596.13784980774,548.3276996612549,0.0,5,0.01445203389253269,2544.307025909424,178047.81015014648,0,285850.78589630127,0.0
2020-07-02,181623.5720386505,682.42041015625,0.0,5,0.016951285874886812,3027.4341888427734,180941.15162849426,0,220430.5726337433,0.0
2020-07-03,182833.7938709259,1010.467248916626,0.0,5,0.0066633522218022545,1210.2218322753906,181823.32662200928,0,219052.59455299377,0.0
2020-07-06,186368.5325717926,293.9424304962158,0.0,5,0.01933307090571068,3534.738700866699,186074.5901412964,0,152075.00943756104,0.0
2020-07-07,188546.7006855011,618.7159557342529,0.0,5,0.011687424285907522,2178.168113708496,187927.98472976685,0,226729.8780708313,0.0
2020-07-08,189483.39160728455,640.9149417877197,0.0,5,0.004967951803865667,936.6909217834473,188842.47666549683,0,153932.62298202515,0.0
2020-07-09,188024.18649291992,694.1708297729492,0.0,5,-0.007700965778514868,-1459.205114364624,187330.01566314697,0,228063.08286857605,0.0
2020-07-10,180962.13233566284,1820.3163986206055,0.0,5,-0.037559285797112096,-7062.05415725708,179141.81593704224,0,218718.96628570557,0.0
2020-07-13,185259.89101791382,2952.0133934020996,0.0,5,0.023749491823400692,4297.758682250977,182307.87762451172,0,224769.50595474243,0.0
2020-07-14,181995.87775802612,975.3340187072754,0.0,5,-0.017618564072090948,-3264.0132598876953,181020.54373931885,0,217713.15090179443,0.0
2020-07-15,178546.65308380127,292.1096725463867,0.0,5,-0.01895221318589857,-3449.2246742248535,178254.54341125488,0,75247.15257644653,0.0
2020-07-16,176050.6598854065,1126.268955230713,0.0,5,-0.01397950146521798,-2495.9931983947754,174924.39093017578,0,72547.09879684448,0.0
2020-07-17,174734.60330581665,687.0593605041504,0.0,5,-0.0074754424689261745,-1316.0565795898438,174047.5439453125,0,141097.14892578125,0.0
2020-07-20,176694.78158950806,724.9885292053223,0.0,5,0.011218031498092751,1960.1782836914062,175969.79306030273,0,144935.02352905273,0.0
2020-07-21,184420.34860992432,656.9214019775391,0.0,5,0.04372266657180668,7725.56702041626,183763.42720794678,0,223213.38000106812,0.0
2020-07-22,187857.12483978271,304.2492389678955,0.0,5,0.018635558688416154,3436.7762298583984,187552.87560081482,0,301804.3436870575,0.0
2020-07-23,187687.83480644226,1262.1735973358154,0.0,5,-0.0009011637620071067,-169.2900333404541,186425.66120910645,0,150653.61503219604,0.0
2020-07-24,184151.35743808746,1124.4588537216187,0.0,5,-0.01884233664905277,-3536.4773683547974,183026.89858436584,0,219711.78823566437,0.0
2020-07-27,185613.34975147247,519.1440591812134,0.0,5,0.007939079753330303,1461.9923133850098,185094.20569229126,0,225422.29562568665,0.0
2020-07-28,181311.22045230865,998.8512048721313,0.0,5,-0.023177908835351424,-4302.129299163818,180312.36924743652,0,146814.54431915283,0.0
2020-07-29,186110.38144779205,1696.8243799209595,0.0,5,0.02646918918482344,4799.160995483398,184413.5570678711,0,77757.40438842773,0.0
2020-07-30,186245.93125247955,970.9789724349976,0.0,5,0.0007283301642446727,135.5498046875,185274.95228004456,0,147921.09223365784,0.0
2020-07-31,189563.64054203033,816.9808778762817,0.0,5,0.017813593388266824,3317.7092895507812,188746.65966415405,0,229203.38159751892,0.0
2020-08-03,188982.3764886856,667.967999458313,0.0,5,-0.0030663267052831733,-581.2640533447266,188314.4084892273,0,229267.31044769287,0.0
2020-08-04,192201.80232334137,2512.814465522766,0.0,5,0.017035587627127313,3219.4258346557617,189688.9878578186,0,231248.0351638794,0.0
2020-08-05,194577.90680599213,1248.0651693344116,0.0,5,0.012362550475220946,2376.104482650757,193329.84163665771,0,308915.26471138,0.0
2020-08-06,195330.22331142426,523.8716802597046,0.0,5,0.0038664025005790137,752.3165054321289,194806.35163116455,0,236031.30591583252,0.0
2020-08-07,194599.56568050385,955.4760808944702,0.0,5,-0.003740627633213145,-730.6576309204102,193644.08959960938,0,233928.62588500977,0.0
2020-08-10,194950.2152776718,445.8324499130249,0.0,5,0.0018019032876139818,350.64959716796875,194504.3828277588,0,235051.80122375488,0.0
2020-08-11,194234.20014095306,997.4823141098022,0.0,5,-0.0036728101874569097,-716.01513671875,193236.71782684326,0,156690.95932769775,0.0
2020-08-12,188395.82473659515,936.5598134994507,0.0,5,-0.030058431522981488,-5838.37540435791,187459.2649230957,0,79377.03675842285,0.0
2020-08-13,189972.58991909027,1311.4336462020874,0.0,5,0.008369427426003995,1576.7651824951172,188661.15627288818,0,228547.7886428833,0.0
2020-08-14,192679.18285274506,767.5229139328003,0.0,5,0.014247281330467265,2706.592933654785,191911.65993881226,0,156453.8334312439,0.0
2020-08-17,193550.2413187027,575.6308069229126,0.0,5,0.004520771019790759,871.0584659576416,192974.61051177979,0,233387.41155815125,0.0
2020-08-18,189534.48132419586,2195.2661447525024,0.0,5,-0.020747894537080036,-4015.759994506836,187339.21517944336,0,231046.4206161499,0.0
2020-08-19,191809.3643503189,266.90324115753174,0.0,5,0.012002475804030022,2274.883026123047,191542.46110916138,0,306444.15703201294,0.0
2020-08-20,182079.23201274872,554.4947214126587,0.0,5,-0.05072814025804895,-9730.13233757019,181524.73729133606,0,148186.8210105896,0.0
2020-08-21,185644.38832759857,3167.7719354629517,0.0,5,0.019580246881754304,3565.1563148498535,182476.61639213562,0,147939.61823272705,0.0
2020-08-24,188278.86521434784,209.15423488616943,0.0,5,0.014190985843861359,2634.4768867492676,188069.71097946167,0,227336.35574150085,0.0
2020-08-25,189124.11968898773,792.7020120620728,0.0,5,0.0044893752343238,845.2544746398926,188331.41767692566,0,226872.9784526825,0.0
2020-08-26,189296.88714122772,1153.4025220870972,0.0,5,0.0009135135831648267,172.76745223999023,188143.48461914062,0,152461.30915260315,0.0
2020-08-27,185099.85236644745,846.0458326339722,0.0,5,-0.0221717051884166,-4197.034774780273,184253.80653381348,0,76372.09292602539,0.0
2020-08-28,183045.82101726532,1385.8221426010132,0.0,5,-0.011096882698294674,-2054.031349182129,181659.9988746643,0,149378.68963241577,0.0
2020-08-31,179364.67187404633,649.0206670761108,0.0,5,-0.020110533650870788,-3681.149143218994,178715.65120697021,0,216092.0259628296,0.0
2020-09-01,184844.70990657806,312.18663692474365,0.0,5,0.030552493839923756,5480.038032531738,184532.52326965332,0,223182.48100280762,0.0
2020-09-02,185509.72510433197,689.0907125473022,0.0,5,0.003597696672466455,665.0151977539062,184820.63439178467,0,224755.86450958252,0.0
2020-09-03,189459.59991168976,539.3184823989868,0.0,5,0.021292009381914445,3949.874807357788,188920.28142929077,0,230563.3997478485,0.0
2020-09-04,188807.36473560333,404.95107650756836,0.0,5,-0.0034426082203827812,-652.2351760864258,188402.41365909576,0,227965.48244190216,0.0
2020-09-07,181387.97894859314,653.5695476531982,0.0,5,-0.03929606134485242,-7419.385787010193,180734.40940093994,0,150257.5267047882,0.0
2020-09-08,178576.4583721161,360.01385593414307,0.0,5,-0.015500038055299425,-2811.520576477051,178216.44451618195,0,76979.6298494339,0.0
2020-09-09,176074.06556224823,998.9355726242065,0.0,5,-0.014013005032574855,-2502.392809867859,175075.12998962402,0,216613.09160804749,0.0
2020-09-10,176127.16079235077,225.5575475692749,0.0,5,0.0003015505431365195,53.09523010253906,175901.6032447815,0,213048.11697769165,0.0
2020-09-11,176473.65415859222,370.5973768234253,0.0,5,0.0019672909316352793,346.4933662414551,176103.0567817688,0,142126.95830917358,0.0
2020-09-14,181082.37060832977,372.15899181365967,0.0,5,0.026115606160655558,4608.716449737549,180710.2116165161,0,222893.23503112793,0.0
2020-09-15,181271.1625699997,539.4806280136108,0.0,5,0.0010425750504352571,188.79196166992188,180731.68194198608,0,217652.00302505493,0.0
2020-09-16,181362.90723896027,440.8659734725952,0.0,5,0.0005061183900398891,91.74466896057129,180922.04126548767,0,219244.00217819214,0.0
2020-09-17,180415.84688091278,664.006064414978,0.0,5,-0.005221907679278992,-947.0603580474854,179751.8408164978,0,217272.15210723877,0.0
2020-09-18,178923.5203847885,303.1894407272339,0.0,5,-0.008271593221571671,-1492.3264961242676,178620.33094406128,0,216108.057056427,0.0
2020-09-21,177677.03271389008,362.83270168304443,0.0,5,-0.006966594823407113,-1246.4876708984375,177314.20001220703,0,216435.76350021362,0.0
2020-09-22,175815.27936458588,522.2509050369263,0.0,5,-0.010478300548288355,-1861.7533493041992,175293.02845954895,0,282476.7260379791,0.0
2020-09-23,178629.70219516754,373.79598331451416,0.0,5,0.016007839823440007,2814.422830581665,178255.90621185303,0,286219.6877937317,0.0
2020-09-24,174454.9233570099,163.32034301757812,0.0,5,-0.023371134737695365,-4174.778838157654,174291.6030139923,0,280216.25278759,0.0
2020-09-25,172937.93306159973,305.857816696167,0.0,5,-0.00869560036609418,-1516.9902954101562,172632.07524490356,0,208987.2259197235,0.0
2020-09-28,177913.73998069763,617.1344203948975,0.0,5,0.02877221226719273,4975.8069190979,177296.60556030273,0,222270.4172897339,0.0
2020-09-29,178720.90517997742,772.1175346374512,0.0,5,0.004536834532101741,807.1651992797852,177948.78764533997,0,285778.6716861725,0.0
2020-09-30,181125.51288223267,423.1567211151123,0.0,5,0.013454540753549349,2404.607702255249,180702.35616111755,0,289282.4766368866,0.0
2020-10-05,188111.01716041565,876.9458255767822,0.0,5,0.03856720219599841,6985.504278182983,187234.07133483887,0,374921.9317741394,0.0
2020-10-06,190360.1711215973,1893.1242332458496,0.0,5,0.011956524371263377,2249.1539611816406,188467.04688835144,0,154025.768491745,0.0
2020-10-07,191220.83007621765,62.96560096740723,0.0,5,0.00452121339011935,860.6589546203613,191157.86447525024,0,305528.6129207611,0.0
2020-10-08,191658.12949943542,415.9159059524536,0.0,5,0.0022868817327248436,437.29942321777344,191242.21359348297,0,230755.43964099884,0.0
2020-10-12,190909.2023639679,796.4347229003906,0.0,5,-0.003907619976379562,-748.9271354675293,190112.7676410675,0,306058.96824359894,0.0
2020-10-13,192106.00971794128,402.56816482543945,0.0,5,0.00626898724185998,1196.8073539733887,191703.44155311584,0,235872.54999160767,0.0
2020-10-14,194286.870054245,1389.383692741394,0.0,5,0.011352379550779057,2180.860336303711,192897.4863615036,0,310504.28043842316,0.0
2020-10-15,194658.59147834778,826.9376611709595,0.0,5,0.0019132606542016095,371.7214241027832,193831.65381717682,0,234787.5173816681,0.0
2020-10-16,192909.95363426208,459.90760231018066,0.0,5,-0.008983101289316564,-1748.6378440856934,192450.0460319519,0,155995.92947292328,0.0
2020-10-19,192894.08286857605,619.3456363677979,0.0,5,-8.227033072705225e-05,-15.870765686035156,192274.73723220825,0,156671.14964294434,0.0
2020-10-20,198650.8757724762,887.1685581207275,0.0,5,0.02984432087438571,5756.7929039001465,197763.70721435547,0,240041.5820159912,0.0
2020-10-21,202109.74219703674,340.4434108734131,0.0,5,0.017411785430647475,3458.866424560547,201769.29878616333,0,402991.87242507935,0.0
2020-10-22,206731.48380851746,731.4356784820557,0.0,5,0.02286748556126006,4621.741611480713,206000.0481300354,0,412391.08852767944,0.0
2020-10-23,207622.20203208923,662.3227214813232,0.0,5,0.004308575583953145,890.7182235717773,206959.8793106079,0,332585.4109840393,0.0
2020-10-26,209061.2380886078,1005.881010055542,0.0,5,0.006931031664408227,1439.0360565185547,208055.35707855225,0,251416.06182861328,0.0
2020-10-27,208970.27478599548,182.24933242797852,0.0,5,-0.00043510362534904257,-90.96330261230469,208788.0254535675,0,336864.97892189026,0.0
2020-10-28,206360.8435573578,485.8583278656006,0.0,5,-0.012487092871510064,-2609.4312286376953,205874.9852294922,0,335374.14982795715,0.0
2020-10-29,203277.98662376404,2376.7005252838135,0.0,5,-0.014939156481674654,-3082.85693359375,200901.28609848022,0,248376.90892410278,0.0
2020-10-30,200523.07351493835,421.9372339248657,0.0,5,-0.013552441927342618,-2754.9131088256836,200101.1362810135,0,161096.03572177887,0.0
2020-11-02,198403.50869083405,588.8207120895386,0.0,5,-0.01057017921653991,-2119.564824104309,197814.6879787445,0,165812.38377189636,0.0
2020-11-03,201675.1255426407,529.7534914016724,0.0,5,0.016489712673905865,3271.6168518066406,201145.372051239,0,162812.72280693054,0.0
2020-11-04,209251.93406772614,979.3597383499146,0.0,5,0.037569375522632065,7576.808525085449,208272.57432937622,0,333384.5550689697,0.0
2020-11-05,215087.13241672516,301.7688150405884,0.0,5,0.027885994817665072,5835.198348999023,214785.36360168457,0,345282.93644332886,0.0
2020-11-06,217219.41151332855,528.6253442764282,0.0,5,0.009913559554423523,2132.2790966033936,216690.78616905212,0,261797.6399307251,0.0
2020-11-09,221442.3232679367,504.73140239715576,0.0,5,0.019440766021728395,4222.911754608154,220937.59186553955,0,267976.4977054596,0.0
2020-11-10,220755.93803310394,179.53014278411865,0.0,5,-0.003099611784700529,-686.3852348327637,220576.40789031982,0,352547.41872024536,0.0
2020-11-11,225652.24726200104,3174.438401222229,0.0,5,0.022179739637005147,4896.309228897095,222477.8088607788,0,271389.7271747589,0.0
2020-11-12,225228.70465183258,260.80460262298584,0.0,5,-0.001876970494677499,-423.54261016845703,224967.9000492096,0,268948.800699234,0.0
2020-11-13,226708.22784900665,737.3893728256226,0.0,5,0.0065689815135294705,1479.5231971740723,225970.83847618103,0,183995.85681915283,0.0
2020-11-16,232864.95743083954,1508.9681730270386,0.0,5,0.027157062803796483,6156.729581832886,231355.9892578125,0,277820.4385108948,0.0
2020-11-17,237938.82994365692,487.0736994743347,0.0,5,0.021788905332930097,5073.872512817383,237451.7562441826,0,381005.0076327324,0.0
2020-11-18,243551.29610538483,189.76321458816528,0.0,5,0.023587853075754506,5612.466161727905,243361.53289079666,0,390826.9358816147,0.0
2020-11-19,245689.4072394371,706.516496181488,0.0,5,0.008778894500841128,2138.1111340522766,244982.89074325562,0,393825.17290592194,0.0
2020-11-20,247139.30977392197,2533.5034041404724,0.0,5,0.005901363639466473,1449.9025344848633,244605.8063697815,0,296126.41247558594,0.0
2020-11-23,253019.4373049736,1439.775462627411,0.0,5,0.023792765045878905,5880.127531051636,251579.6618423462,0,307930.95353126526,0.0
2020-11-24,251949.27038145065,867.3019976615906,0.0,5,-0.0042295838411537945,-1070.1669235229492,251081.96838378906,0,401093.34675598145,0.0
2020-11-25,253297.2958483696,3502.1818041801453,0.0,5,0.005350384483662207,1348.0254669189453,249795.11404418945,0,309421.91929626465,0.0
2020-11-26,255063.17927122116,2940.6636271476746,0.0,5,0.006971584188994573,1765.8834228515625,252122.5156440735,0,306389.84770584106,0.0
2020-11-27,256425.94951963425,522.1018214225769,0.0,5,0.005342873292440098,1362.770248413086,255903.84769821167,0,309277.6695175171,0.0
2020-11-30,251388.0100016594,1486.0281710624695,0.0,5,-0.019646761676860303,-5037.9395179748535,249901.98183059692,0,205763.12853622437,0.0
2020-12-01,251118.15489912033,754.6715140342712,0.0,5,-0.0010734605144345766,-269.8551025390625,250363.48338508606,0,206405.6387615204,0.0
2020-12-02,249879.27731657028,153.0772566795349,0.0,5,-0.004933444907827322,-1238.8775825500488,249726.20005989075,0,204978.3810005188,0.0
2020-12-03,251709.46907567978,162.12949514389038,0.0,5,0.007324303874910232,1830.191759109497,251547.3395805359,0,305775.92221832275,0.0
2020-12-04,248407.37601804733,684.3026900291443,0.0,5,-0.013118668398762634,-3302.0930576324463,247723.0733280182,0,202148.94522857666,0.0
2020-12-07,249696.54046201706,1077.259063243866,0.0,5,0.005189718858734871,1289.1644439697266,248619.2813987732,0,201874.6766796112,0.0
2020-12-08,255483.58581876755,391.6807827949524,0.0,5,0.02317631372081741,5787.045356750488,255091.9050359726,0,306714.6826543808,0.0
2020-12-09,261202.50636148453,1081.53999376297,0.0,5,0.022384688724283786,5718.92054271698,260120.96636772156,0,317708.9606895447,0.0
2020-12-10,257878.79858255386,2331.2156167030334,0.0,5,-0.0127246396875339,-3323.707778930664,255547.58296585083,0,207837.8990497589,0.0
2020-12-11,252882.19071435928,2943.6219277381897,0.0,5,-0.019375799389708348,-4996.60786819458,249938.5687866211,0,106267.0630493164,0.0
2020-12-14,255899.57331705093,1599.3172059059143,0.0,5,0.011931969563249822,3017.3826026916504,254300.25611114502,0,412281.02683639526,0.0
2020-12-15,255335.58223581314,2353.4285893440247,0.0,5,-0.002203954754309123,-563.991081237793,252982.15364646912,0,407695.03879356384,0.0
2020-12-16,266594.5330834389,552.8056721687317,0.0,5,0.04409471938473364,11258.950847625732,266041.72741127014,0,321418.32640838623,0.0
2020-12-17,269579.5554070473,857.7249684333801,0.0,5,0.011196862475323588,2985.0223236083984,268721.8304386139,0,429951.64472961426,0.0
2020-12-18,272460.1235909462,1523.8083291053772,0.0,5,0.010685410396012562,2880.568183898926,270936.3152618408,0,435717.87404060364,0.0
2020-12-21,272893.01413965225,421.22763299942017,0.0,5,0.0015888216704913471,432.8905487060547,272471.78650665283,0,326745.53858184814,0.0
2020-12-22,266973.4528679848,1159.8138852119446,0.0,5,-0.02169187544184681,-5919.5612716674805,265813.6389827728,0,426274.1799221039,0.0
2020-12-23,274134.62005090714,1258.3169808387756,0.0,5,0.026823517866637836,7161.167182922363,272876.30307006836,0,545851.1092357635,0.0
2020-12-24,279186.8611893654,417.83568811416626,0.0,5,0.018429781461094086,5052.241138458252,278769.0255012512,0,447982.86658477783,0.0
2020-12-25,282590.3533272743,980.183901309967,0.0,5,0.012190731767998342,3403.4921379089355,281610.16942596436,0,342559.0604476929,0.0
2020-12-28,283989.87520837784,2507.80779504776,0.0,5,0.004952475782082688,1399.5218811035156,281482.0674133301,0,340579.6050338745,0.0
2020-12-29,283887.90073633194,501.5115075111389,0.0,5,-0.00035907784378252927,-101.97447204589844,283386.3892288208,0,343744.782951355,0.0
2020-12-30,287453.35190439224,503.01808977127075,0.0,5,0.01255936289927262,3565.4511680603027,286950.333814621,0,230536.79250144958,0.0
2020-12-31,291719.8569149971,1690.727545261383,0.0,5,0.014842425674771453,4266.505010604858,290029.1293697357,0,353693.0985660553,0.0
2021-01-04,299104.9930443764,231.47143030166626,0.0,5,0.02531584996468439,7385.1361293792725,298873.5216140747,0,367259.6883430481,0.0
2021-01-05,300797.7537713051,1777.4553780555725,0.0,5,0.005659419823451639,1692.760726928711,299020.2983932495,0,599586.5807342529,0.0
2021-01-06,287840.91284418106,758.4644093513489,0.0,5,-0.043074925808704756,-12956.840927124023,287082.4484348297,0,123302.77668952942,0.0
2021-01-07,287739.2849984169,1577.3918290138245,0.0,5,-0.0003530694950900637,-101.62784576416016,286161.8931694031,0,237417.83732795715,0.0
2021-01-08,301400.70539331436,1729.553925037384,0.0,5,0.04747846786014165,13661.420394897461,299671.151468277,0,368658.0987071991,0.0
2021-01-11,306528.9706196785,2530.5090413093567,0.0,5,0.017014775130243853,5128.265226364136,303998.46157836914,0,368118.1072769165,0.0
2021-01-12,303358.47460985184,931.9943432807922,0.0,5,-0.010343218141558363,-3170.49600982666,302426.48026657104,0,367991.22079849243,0.0
2021-01-13,303955.6024594307,1093.4741940498352,0.0,5,0.001968390203526793,597.1278495788574,302862.12826538086,0,245651.88861846924,0.0
2021-01-14,299147.3488507271,1187.1477398872375,0.0,5,-0.01581893398179879,-4808.253608703613,297960.20111083984,0,240715.87502288818,0.0
2021-01-15,295227.38907289505,1977.451931476593,0.0,5,-0.013103775757638658,-3919.9597778320312,293249.93714141846,0,124313.7558670044,0.0
2021-01-18,294352.11352968216,2366.906681537628,0.0,5,-0.002964750479152789,-875.2755432128906,291985.20684814453,0,239387.26846313477,0.0
2021-01-19,295538.8426194191,308.50831842422485,0.0,5,0.004031664918272337,1186.7290897369385,295230.3343009949,0,357681.1955432892,0.0
2021-01-20,286841.75111818314,633.0203957557678,0.0,5,-0.029427913516043902,-8697.091501235962,286208.73072242737,0,346542.8669204712,0.0
2021-01-21,291442.1513791084,244.29818964004517,0.0,5,0.016038112453963693,4600.400260925293,291197.8531894684,0,236536.23569488525,0.0
2021-01-22,297796.25334978104,750.8093342781067,0.0,5,0.02180227513626609,6354.101970672607,297045.44401550293,0,478389.2883358002,0.0
2021-01-25,298925.04894304276,625.4980034828186,0.0,5,0.0037904962892056915,1128.7955932617188,298299.55093955994,0,478297.24428367615,0.0
2021-01-26,289312.92988443375,1410.069929599762,0.0,5,-0.03215561590638227,-9612.119058609009,287902.859954834,0,236179.4500389099,0.0
2021-01-27,293114.92542886734,615.9800057411194,0.0,5,0.013141464316690943,3801.9955444335938,292498.9454231262,0,468687.083026886,0.0
2021-01-28,286726.3436322212,769.0861973762512,0.0,5,-0.021795484441124113,-6388.581796646118,285957.25743484497,0,348335.74622917175,0.0
2021-01-29,281474.32390642166,1208.0638279914856,0.0,5,-0.018317185854872964,-5252.019725799561,280266.2600784302,0,450469.389755249,0.0
2021-02-01,282633.63794374466,326.3311791419983,0.0,5,0.004118720390668518,1159.314037322998,282307.30676460266,0,343636.5823497772,0.0
2021-02-02,291398.80740594864,597.4567742347717,0.0,5,0.03101247794131501,8765.16946220398,290801.35063171387,0,352202.3045196533,0.0
2021-02-03,292467.433825016,428.70270013809204,0.0,5,0.0036672298990527707,1068.6264190673828,292038.73112487793,0,355959.28592681885,0.0
2021-02-04,289956.34086084366,987.8341012001038,0.0,5,-0.00858588914099323,-2511.0929641723633,288968.50675964355,0,352927.8946304321,0.0
2021-02-05,293955.92362451553,463.3408646583557,0.0,5,0.013793741332911003,3999.582763671875,293492.5827598572,0,473217.4437675476,0.0
2021-02-17,303748.5756268501,200.4431347846985,0.0,5,0.03331333446725582,9792.652002334595,303548.13249206543,0,494073.57031822205,0.0
2021-02-18,302860.2122731209,449.64972734451294,0.0,5,-0.002924666731015657,-888.363353729248,302410.56254577637,0,363651.22105789185,0.0
2021-02-19,300995.4390950203,515.9361672401428,0.0,5,-0.006157207525229191,-1864.773178100586,300479.50292778015,0,365794.06652641296,0.0
2021-02-22,305690.8849835396,323.9699673652649,0.0,5,0.015599724376677448,4695.445888519287,305366.9150161743,0,491405.3544025421,0.0
2021-02-23,306598.7632718086,479.26627016067505,0.0,5,0.0029699226665458323,907.878288269043,306119.49700164795,0,371186.04582977295,0.0
2021-02-24,306967.8934483528,720.7157025337219,0.0,5,0.0012039519422879508,369.13017654418945,306247.1777458191,0,371755.37885284424,0.0
2021-02-25,315165.6261525154,3393.143723011017,0.0,5,0.02670550529592064,8197.732704162598,311772.4824295044,0,626217.3928794861,0.0
2021-02-26,302528.45504045486,1399.8851857185364,0.0,5,-0.04009692067733661,-12637.171112060547,301128.5698547363,0,248364.87061309814,0.0
2021-03-02,302515.40415239334,379.4979214668274,0.0,5,-4.3139373649303536e-05,-13.050888061523438,302135.9062309265,0,371257.2904930115,0.0
2021-03-03,306377.6727719307,448.20842599868774,0.0,5,0.012767180006449275,3862.2686195373535,305929.464345932,0,250193.50045204163,0.0
2021-03-04,297208.01064538956,522.8729844093323,0.0,5,-0.02992927664597511,-9169.662126541138,296685.1376609802,0,239909.22008514404,0.0
2021-03-05,293089.92620134354,797.6644520759583,0.0,5,-0.013855899896855317,-4118.0844440460205,292292.2617492676,0,122443.3346195221,0.0
2021-03-08,288772.6964650154,136.67248582839966,0.0,5,-0.014730051599802563,-4317.229736328125,288636.023979187,0,232230.16959381104,0.0
2021-03-09,292610.02144670486,842.0494999885559,0.0,5,0.013288392665455229,3837.324981689453,291767.9719467163,0,471444.51655578613,0.0
2021-03-10,299064.8356862068,542.3230748176575,0.0,5,0.022059443513207322,6454.814239501953,298522.51261138916,0,363093.1824798584,0.0
2021-03-11,310403.50553941727,453.0286946296692,0.0,5,0.03791375146861986,11338.66985321045,309950.4768447876,0,376009.4963760376,0.0
2021-03-12,309384.34723329544,516.2410264015198,0.0,5,-0.003283333750856765,-1019.1583061218262,308868.1062068939,0,371440.03336143494,0.0
2021-03-15,309121.33487558365,1588.7709946632385,0.0,5,-0.0008501152694497804,-263.012357711792,307532.5638809204,0,375086.50021362305,0.0
2021-03-16,311551.05918741226,682.3062043190002,0.0,5,0.007860099054005865,2429.7243118286133,310868.75298309326,0,502083.7745742798,0.0
2021-03-17,312301.0721039772,342.76928091049194,0.0,5,0.0024073515221585406,750.0129165649414,311958.3028230667,0,498678.09766864777,0.0
2021-03-18,313777.2710251808,234.08389139175415,0.0,5,0.004726845512435851,1476.1989212036133,313543.18713378906,0,378526.98569202423,0.0
2021-03-19,306801.60983514786,1073.4164299964905,0.0,5,-0.022231250744331854,-6975.661190032959,305728.19340515137,0,370257.9432411194,0.0
2021-03-22,305582.21141290665,557.3699593544006,0.0,5,-0.003974550273371902,-1219.398422241211,305024.84145355225,0,372688.6491317749,0.0
2021-03-23,305377.217859745,908.0153679847717,0.0,5,-0.0006708294707791218,-204.9935531616211,304469.20249176025,0,368121.2731704712,0.0
2021-03-24,306478.3743195534,1126.725088596344,0.0,5,0.003605889357188641,1101.1564598083496,305351.64923095703,0,370013.3691444397,0.0
2021-03-25,308980.53798532486,558.5151181221008,0.0,5,0.008164242163339663,2502.1636657714844,308422.02286720276,0,371405.82172584534,0.0
2021-03-26,319056.08814287186,1084.9871907234192,0.0,5,0.03260901228033175,10075.550157546997,317971.10095214844,0,509292.69814682007,0.0
2021-03-29,321377.83985185623,2112.141487598419,0.0,5,0.007276939056385379,2321.751708984375,319265.6983642578,0,513700.6760253906,0.0
2021-03-30,324309.14783525467,158.8115315437317,0.0,5,0.009121064429176817,2931.3079833984375,324150.33630371094,0,646347.3426513672,0.0
2021-03-31,325002.0699543953,332.153160572052,0.0,5,0.0021366098482447082,692.922119140625,324669.91679382324,0,649513.1752166748,0.0
2021-04-01,323910.4371037483,792.3190999031067,0.0,5,-0.0033588489168704383,-1091.6328506469727,323118.1180038452,0,391202.50187683105,0.0
2021-04-07,326678.2032170296,2546.064827442169,0.0,5,0.008544850045677066,2767.76611328125,324132.1383895874,0,400500.3634338379,0.0
2021-04-08,331182.0537724495,496.86832761764526,0.0,5,0.01378681072403154,4503.850555419922,330685.18544483185,0,659321.1743898392,0.0
2021-04-09,323250.5077137947,2273.0525784492493,0.0,5,-0.023949202465253228,-7931.546058654785,320977.45513534546,0,395894.70374393463,0.0
2021-04-12,320428.89591646194,1077.9136395454407,0.0,5,-0.008728870427114677,-2821.6117973327637,319350.9822769165,0,399230.2247238159,0.0
2021-04-13,313394.60199022293,873.9478688240051,0.0,5,-0.021952745260754858,-7034.293926239014,312520.6541213989,0,510064.3102455139,0.0
2021-04-14,309060.834839344,769.4013752937317,0.0,5,-0.01382846776350699,-4333.767150878906,308291.4334640503,0,257003.68836975098,0.0
2021-04-15,304818.97066545486,354.17085313796997,0.0,5,-0.01372501364041856,-4241.86417388916,304464.7998123169,0,254330.5884475708,0.0
2021-04-16,308817.79531145096,1278.3765950202942,0.0,5,0.013118686928396128,3998.8246459960938,307539.41871643066,0,497695.96309661865,0.0
2021-04-19,301756.1910176277,1256.8360981941223,0.0,5,-0.022866571813652814,-7061.604293823242,300499.3549194336,0,246571.35470581055,0.0
2021-04-20,307685.56609392166,856.9279713630676,0.0,5,0.019649555677045072,5929.375076293945,306828.6381225586,0,490724.22535705566,0.0
2021-04-21,302130.37764787674,1395.545494556427,0.0,5,-0.01805475803291079,-5555.188446044922,300734.8321533203,0,361915.5412902832,0.0
2021-04-22,299870.13951921463,660.17573595047,0.0,5,-0.007481002560081329,-2260.2381286621094,299209.96378326416,0,369318.2183303833,0.0
2021-04-23,298058.95592546463,299.9475350379944,0.0,5,-0.006039893123916507,-1811.18359375,297759.00839042664,0,369421.6474971771,0.0
2021-04-26,309371.92669916153,589.7587914466858,0.0,5,0.03795548011154515,11312.9707736969,308782.16790771484,0,496455.7349014282,0.0
2021-04-27,318319.72117090225,455.996572971344,0.0,5,0.02892245126184867,8947.794471740723,317863.7245979309,0,635593.6869773865,0.0
2021-04-28,316025.85400629044,359.00636529922485,0.0,5,-0.0072061735797395166,-2293.8671646118164,315666.8476409912,0,128712.99074935913,0.0
2021-04-29,315486.1972298622,595.2919716835022,0.0,5,-0.0017076348962812293,-539.6567764282227,314890.9052581787,0,261335.25471496582,0.0
2021-05-03,307577.95106744766,468.3189072608948,0.0,5,-0.02506685310436141,-7908.246162414551,307109.63216018677,0,250834.72829055786,0.0
2021-05-04,298143.78896188736,190.7329182624817,0.0,5,-0.03067242652738633,-9434.162105560303,297953.0560436249,0,484916.45438194275,0.0
2021-05-05,305274.8824620247,368.89302492141724,0.0,5,0.023918303060973534,7131.093500137329,304905.9894371033,0,489343.79527664185,0.0
2021-05-06,312909.49396944046,299.0503659248352,0.0,5,0.02500897370213706,7634.6115074157715,312610.4436035156,0,385610.79106903076,0.0
2021-05-07,329378.188267231,238.54352235794067,0.0,5,0.05263085529580924,16468.694297790527,329139.64474487305,0,529800.2585525513,0.0
2021-05-10,333900.4462361336,1091.3190350532532,0.0,5,0.013729682565481793,4522.257968902588,332809.1272010803,0,285983.0458984375,0.0
2021-05-11,310880.5035748482,798.6384930610657,0.0,5,-0.06894253338315626,-23019.9426612854,310081.8650817871,0,131734.75567626953,0.0
2021-05-12,293780.94026613235,711.9655079841614,0.0,5,-0.05500365288940967,-17099.56330871582,293068.9747581482,0,244177.05945968628,0.0
2021-05-13,285046.6275486946,910.7601971626282,0.0,5,-0.029730699035565245,-8734.312717437744,284135.867351532,0,124168.88261795044,0.0
2021-05-14,288598.4638695717,319.0792336463928,0.0,5,0.01246054496915705,3551.836320877075,288279.3846359253,0,238207.3532962799,0.0
2021-05-17,274610.27347803116,164.59540796279907,0.0,5,-0.0484693861636849,-13988.190391540527,274445.67807006836,0,334086.62007141113,0.0
2021-05-18,297991.2504353523,183.95427751541138,0.0,5,0.08514239711862648,23380.976957321167,297807.2961578369,0,357310.3333568573,0.0
2021-05-19,307265.36352586746,285.5888657569885,0.0,5,0.031122098642044183,9274.113090515137,306979.7746601105,0,374743.7412433624,0.0
2021-05-20,307263.19320344925,633.4687905311584,0.0,5,-7.063348739677622e-06,-2.1703224182128906,306629.7244129181,0,261169.93670654297,0.0
2021-05-21,326294.66723299026,172.80874300003052,0.0,5,0.06193867163562161,19031.474029541016,326121.85848999023,0,394746.2873516083,0.0
2021-05-24,333357.58715486526,118.17828035354614,0.0,5,0.02164583314146462,7062.919921875,333239.4088745117,0,405251.8466796875,0.0
2021-05-25,327084.1390309334,195.68268632888794,0.0,5,-0.018818975075606925,-6273.448123931885,326888.4563446045,0,400324.0957069397,0.0
2021-05-26,332747.23377656937,338.1887192726135,0.0,5,0.01731387759251879,5663.094745635986,332409.04505729675,0,269953.12416267395,0.0
2021-05-27,337727.2935910225,188.98088693618774,0.0,5,0.01496649501163727,4980.059814453125,337538.3127040863,0,277478.5982437134,0.0
2021-05-28,352380.0908360481,171.92404222488403,0.0,5,0.04338647637632076,14652.797245025635,352208.16679382324,0,422543.4611301422,0.0
2021-05-31,353466.847679615,227.3425793647766,0.0,5,0.0030840472314666023,1086.7568435668945,353239.50510025024,0,150193.35719680786,0.0
2021-06-01,362316.7849545479,1198.7210125923157,0.0,5,0.02503753133576625,8849.937274932861,361118.06394195557,0,436974.0171203613,0.0
2021-06-02,365345.4414181709,398.1538052558899,0.0,5,0.008359139265389004,3028.656463623047,364947.28761291504,0,444270.77950286865,0.0
2021-06-03,368081.1277127266,908.0317196846008,0.0,5,0.007487944242403843,2735.686294555664,367173.095993042,0,587824.7800140381,0.0
2021-06-04,362047.78706789017,328.17977571487427,0.0,5,-0.016391333840797273,-6033.340644836426,361719.6072921753,0,294840.2003631592,0.0
2021-06-07,368143.9521431923,449.99344301223755,0.0,5,0.016838012254329904,6096.165075302124,367693.95870018005,0,451129.9241256714,0.0
2021-06-08,376404.54273843765,381.40740633010864,0.0,5,0.02243847969566093,8260.590595245361,376023.13533210754,0,308701.50968170166,0.0
2021-06-09,365918.86663866043,836.507351398468,0.0,5,-0.027857464268340904,-10485.676099777222,365082.35928726196,0,153397.50588989258,0.0
2021-06-10,369751.7569184303,93.03880548477173,0.0,5,0.0104746998015679,3832.8902797698975,369658.71811294556,0,446639.2354068756,0.0
2021-06-11,375897.0619454384,742.6210923194885,0.0,5,0.016620083372216987,6145.305027008057,375154.4408531189,0,452892.29180145264,0.0
2021-06-15,393863.7035279274,928.3659558296204,0.0,5,0.047796706602343475,17966.641582489014,392935.3375720978,0,479451.0228061676,0.0
2021-06-16,396364.92661714554,820.1029629707336,0.0,5,0.006350478774292068,2501.2230892181396,395544.8236541748,0,323821.8070602417,0.0
2021-06-17,402198.0865139961,80.68114709854126,0.0,5,0.014716639907155438,5833.159896850586,402117.4053668976,0,486303.65985298157,0.0
2021-06-18,405400.22694444656,227.61915636062622,0.0,5,0.00796160036017235,3202.1404304504395,405172.60778808594,0,489633.25082588196,0.0
2021-06-21,410009.7250790596,158.5411400794983,0.0,5,0.011370240636902063,4609.498134613037,409851.1839389801,0,337835.551984787,0.0
2021-06-22,413666.6136250496,476.89249086380005,0.0,5,0.008919028799341033,3656.8885459899902,413189.7211341858,0,171055.22567939758,0.0
2021-06-23,410518.1136021614,153.9446702003479,0.0,5,-0.007611201675903234,-3148.5000228881836,410364.16893196106,0,509671.014547348,0.0
2021-06-24,417218.3470673561,541.6145157814026,0.0,5,0.016321407614398264,6700.233465194702,416676.7325515747,0,337961.01679992676,0.0
2021-06-25,429829.59268045425,436.38020944595337,0.0,5,0.030226967969513074,12611.245613098145,429393.2124710083,0,357951.7611312866,0.0
2021-06-28,446027.56059885025,616.3211579322815,0.0,5,0.037684627103927504,16197.967918395996,445411.23944091797,0,539030.8743438721,0.0
2021-06-29,439459.85718393326,622.7675957679749,0.0,5,-0.014724882485062096,-6567.703414916992,438837.0895881653,0,353131.1904640198,0.0
2021-06-30,454727.1072869301,793.5628838539124,0.0,5,0.03474094357748547,15267.250102996826,453933.5444030762,0,552491.1304016113,0.0
2021-07-01,454658.616045475,1003.7586045265198,0.0,5,-0.0001506205378072334,-68.49124145507812,453654.8574409485,0,372060.2910041809,0.0
2021-07-02,458125.8430275917,471.623526096344,0.0,5,0.0076260008273325575,3467.226982116699,457654.21950149536,0,374120.7250289917,0.0
2021-07-05,462529.7190117836,1129.5518136024475,0.0,5,0.00961280847002266,4403.8759841918945,461400.16719818115,0,384439.4165382385,0.0
2021-07-06,461181.1295952797,921.5465111732483,0.0,5,-0.0029156816547598607,-1348.5894165039062,460259.58308410645,0,190620.61696624756,0.0
2021-07-07,453534.4456810951,324.09466791152954,0.0,5,-0.01658065220685656,-7646.68391418457,453210.3510131836,0,196927.44317626953,0.0
2021-07-08,465521.54300165176,388.0742402076721,0.0,5,0.026430401118827884,11987.09732055664,465133.4687614441,0,382235.6615562439,0.0
2021-07-09,453399.13995981216,1761.961660861969,0.0,5,-0.026040477017830743,-12122.4030418396,451637.1782989502,0,373981.0341491699,0.0
2021-07-12,462617.3766541481,376.4768395423889,0.0,5,0.020331394309995865,9218.236694335938,462240.8998146057,0,375945.75496292114,0.0
2021-07-13,445845.1965622902,583.4010300636292,0.0,5,-0.0362549721179124,-16772.18009185791,445261.79553222656,0,189824.03720474243,0.0
2021-07-14,448264.64678812027,265.160276889801,0.0,5,0.005426659846254678,2419.450225830078,447999.48651123047,0,366882.1128234863,0.0
2021-07-15,460112.41465997696,397.2368664741516,0.0,5,0.02643029727360302,11847.76787185669,459715.1777935028,0,371430.99748802185,0.0
2021-07-16,462292.60113191605,619.2578167915344,0.0,5,0.0047383778452276815,2180.186471939087,461673.3433151245,0,376629.91801452637,0.0
2021-07-19,464653.184738636,103.21962785720825,0.0,5,0.005106254352633233,2360.5836067199707,464549.9651107788,0,374198.4342536926,0.0
2021-07-20,455919.70661211014,363.0107045173645,0.0,5,-0.018795691955578397,-8733.478126525879,455556.6959075928,0,550516.347076416,0.0
2021-07-21,454630.048058033,1041.5258831977844,0.0,5,-0.002828696666043351,-1289.6585540771484,453588.5221748352,0,740945.8320198059,0.0
2021-07-22,468452.8114171028,457.5056462287903,0.0,5,0.030404420953067612,13822.763359069824,467995.305770874,0,570220.2732887268,0.0
2021-07-23,472644.85128831863,1118.622871875763,0.0,5,0.0089486918832542,4192.03987121582,471526.2284164429,0,569913.2652511597,0.0
2021-07-26,468109.0224080086,460.49294328689575,0.0,5,-0.009596695844557357,-4535.828880310059,467648.5294647217,0,394218.28215026855,0.0
2021-07-27,452775.5547719002,774.7808308601379,0.0,5,-0.03275618905448818,-15333.467636108398,452000.77394104004,0,185179.23796081543,0.0
2021-07-28,457170.20838975906,838.2135701179504,0.0,5,0.009706031104247392,4394.653617858887,456331.9948196411,0,560854.3573913574,0.0
2021-07-29,473862.3319478035,576.3218846321106,0.0,5,0.03651183574895933,16692.123558044434,473286.0100631714,0,761751.1576766968,0.0
2021-07-30,470980.6645054817,823.8504643440247,0.0,5,-0.006081233404809261,-2881.6674423217773,470156.8140411377,0,753106.6996307373,0.0
2021-08-02,478025.3710408211,565.0024342536926,0.0,5,0.014957528124293962,7044.7065353393555,477460.3686065674,0,583787.9585189819,0.0
2021-08-03,482366.5539326668,849.7353482246399,0.0,5,0.009081490554347482,4341.182891845703,481516.81858444214,0,586731.977016449,0.0
2021-08-04,484687.36742830276,844.0361828804016,0.0,5,0.004811306830282414,2320.8134956359863,483843.33124542236,0,590152.4231643677,0.0
2021-08-05,483663.84585237503,676.9688611030579,0.0,5,-0.0021117149831207938,-1023.5215759277344,482986.876991272,0,391555.7355194092,0.0
2021-08-06,478629.3012356758,740.0511517524719,0.0,5,-0.010409181211026186,-5034.544616699219,477889.25008392334,0,203271.71131896973,0.0
2021-08-09,480566.70032930374,477.3451657295227,0.0,5,0.004047807120513003,1937.3990936279297,480089.3551635742,0,582931.0509719849,0.0
2021-08-10,475897.81696748734,707.8532872200012,0.0,5,-0.009715370121602507,-4668.883361816406,475189.96368026733,0,385445.2573814392,0.0
2021-08-11,469004.24914216995,353.0899624824524,0.0,5,-0.014485394930459083,-6893.567825317383,468651.1591796875,0,193164.362285614,0.0
2021-08-12,483416.1182141304,340.7895550727844,0.0,5,0.030728653521413518,14411.86907196045,483075.3286590576,0,580683.4242019653,0.0
2021-08-13,460514.4093823433,897.3010220527649,0.0,5,-0.047374731559204575,-22901.70883178711,459617.1083602905,0,555448.4892654419,0.0
2021-08-16,457512.67897844315,1290.8783345222473,0.0,5,-0.006518211684029995,-3001.7304039001465,456221.8006439209,0,369218.89335250854,0.0
2021-08-17,454172.2862172127,1157.2087483406067,0.0,5,-0.0073012025998691055,-3340.3927612304688,453015.07746887207,0,369465.8987426758,0.0
2021-08-18,463914.66056871414,213.712486743927,0.0,5,0.021450834071460978,9742.374351501465,463700.9480819702,0,557569.1794891357,0.0
2021-08-19,443036.275452137,368.31841707229614,0.0,5,-0.04500479698352766,-20878.38511657715,442667.9570350647,0,3377.9324836730957,0.0
2021-08-20,450865.43524599075,770.3013911247253,0.0,5,0.017671599883923195,7829.15979385376,450095.133854866,0,362577.95623493195,0.0
2021-08-23,472507.77691984177,214.97551488876343,0.0,5,0.04800177609987566,21642.341673851013,472292.801404953,0,566180.9532337189,0.0
2021-08-24,472661.4165816307,395.8010268211365,0.0,5,0.000325157953569466,153.63966178894043,472265.61555480957,0,570554.8244438171,0.0
2021-08-25,489972.1167464256,2427.698796749115,0.0,5,0.03662389092384344,17310.700164794922,487544.4179496765,0,587105.3986778259,0.0
2021-08-26,489208.04346609116,256.513436794281,0.0,5,-0.001559421963454155,-764.0732803344727,488951.5300292969,0,391673.52809524536,0.0
2021-08-27,489376.0544219017,1481.1610808372498,0.0,5,0.0003434345736021971,168.01095581054688,487894.89334106445,0,204817.07382202148,0.0
2021-08-30,491790.9760146141,689.9215559959412,0.0,5,0.004934695048708804,2414.9215927124023,491101.05445861816,0,400078.99826812744,0.0
2021-08-31,494768.43522787094,324.17460012435913,0.0,5,0.006054318518378787,2977.459213256836,494444.2606277466,0,596812.5382461548,0.0
2021-09-01,496443.04681921005,366.3462920188904,0.0,5,0.0033846370788950253,1674.6115913391113,496076.70052719116,0,606265.8248977661,0.0
2021-09-02,497126.58074712753,1834.459406375885,0.0,5,0.001376862728357242,683.5339279174805,495292.12134075165,0,793269.3426122665,0.0
2021-09-03,499738.8346171379,161.68606615066528,0.0,5,0.005254705684987648,2612.253870010376,499577.14855098724,0,610316.1024971008,0.0
2021-09-06,493665.68331480026,748.0341238975525,0.0,5,-0.012152650307816204,-6073.1513023376465,492917.6491909027,0,599103.960694313,0.0
2021-09-07,502168.2103037834,146.61167287826538,0.0,5,0.01722324900505856,8502.526988983154,502021.59863090515,0,610063.483543396,0.0
2021-09-08,496386.9563384056,252.11948156356812,0.0,5,-0.011512584521988112,-5781.253965377808,496134.83685684204,0,406712.50899124146,0.0
2021-09-09,501237.6044707298,652.085343837738,0.0,5,0.009771908931904605,4850.648132324219,500585.5191268921,0,407815.0096244812,0.0
2021-09-10,508762.61296606064,1722.9763312339783,0.0,5,0.015012857032697502,7525.008495330811,507039.63663482666,0,406844.8010826111,0.0
2021-09-13,506236.16245031357,289.2915778160095,0.0,5,-0.004965872985473463,-2526.4505157470703,505946.87087249756,0,407440.5961074829,0.0
2021-09-14,499024.01628637314,865.6150107383728,0.0,5,-0.014246604053396283,-7212.14616394043,498158.40127563477,0,204497.6675491333,0.0
2021-09-15,497021.548596859,666.4123301506042,0.0,5,-0.004012768171792747,-2002.4676895141602,496355.1362667084,0,199754.55399894714,0.0
2021-09-16,496475.087035656,1797.6620020866394,0.0,5,-0.0010994725736654942,-546.4615612030029,494677.42503356934,0,603096.4537734985,0.0
2021-09-17,493444.99275159836,1285.6637644767761,0.0,5,-0.00610321517268797,-3030.094284057617,492159.3289871216,0,209716.12073516846,0.0
2021-09-22,485542.53194379807,809.3683276176453,0.0,5,-0.016014876883710505,-7902.460807800293,484733.1636161804,0,586357.0497398376,0.0
2021-09-23,494819.04365491867,299.6876883506775,0.0,5,0.019105456475632332,9276.511711120605,494519.355966568,0,597377.6233882904,0.0
2021-09-24,502554.4759516716,504.9153628349304,0.0,5,0.015632850828893208,7735.43229675293,502049.56058883667,0,606258.6729831696,0.0
2021-09-27,497654.99696302414,291.1541361808777,0.0,5,-0.009749150038648957,-4899.478988647461,497363.84282684326,0,603178.1054267883,0.0
2021-09-28,490682.6914591789,554.5896983146667,0.0,5,-0.014010319491202128,-6972.305503845215,490128.10176086426,0,199215.91160583496,0.0
2021-09-29,478441.93220853806,1078.7138781547546,0.0,5,-0.024946384830163093,-12240.75925064087,477363.2183303833,0,387032.5217247009,0.0
2021-09-30,490681.0951037407,1367.6182208061218,0.0,5,0.02558129225568795,12239.162895202637,489313.47688293457,0,403462.35639953613,0.0
2021-10-01,466007.69632291794,1424.3165469169617,0.0,5,-0.05028398083200303,-24673.398780822754,464583.379776001,0,197655.91803741455,0.0
2021-10-04,440377.02067899704,1291.3251147270203,0.0,5,-0.05500054150642231,-25630.6756439209,439085.69556427,0,192700.04332733154,0.0
2021-10-05,459040.84798002243,427.86246061325073,0.0,5,0.042381474111088835,18663.82730102539,458612.9855194092,0,555279.5914840698,0.0
2021-10-06,449742.77445554733,382.4486880302429,0.0,5,-0.020255438193334308,-9298.073524475098,449360.3257675171,0,549405.2423858643,0.0
2021-10-07,469739.06740903854,549.8903384208679,0.0,5,0.04446162137390308,19996.29295349121,469189.1770706177,0,563740.3089599609,0.0
2021-10-08,465705.6230750084,547.4739546775818,0.0,5,-0.008586563507007372,-4033.4443340301514,465158.1491203308,0,378427.36175727844,0.0
2021-10-12,447233.47076940536,824.9825491905212,0.0,5,-0.0396648685142198,-18472.152305603027,446408.48822021484,0,546435.7329597473,0.0
2021-10-13,443840.36183691025,245.63121557235718,0.0,5,-0.00758688504833438,-3393.108932495117,443594.7306213379,0,541909.7189483643,0.0
2021-10-14,453670.58687734604,601.4396529197693,0.0,5,0.02214810973871706,9830.225040435791,453069.14722442627,0,546267.9561576843,0.0
2021-10-15,467385.6188673973,680.0146403312683,0.0,5,0.030231256746118484,13715.03199005127,466705.60422706604,0,569279.2131900787,0.0
2021-10-18,474798.68807935715,573.3898844718933,0.0,5,0.01586071310863968,7413.069211959839,474225.29819488525,0,384784.50006103516,0.0
2021-10-19,485838.9430937767,585.9447865486145,0.0,5,0.023252496882582685,11040.255014419556,485252.9983072281,0,403516.6484975815,0.0
2021-10-20,487751.4821791649,609.8003439903259,0.0,5,0.0039365701588458535,1912.5390853881836,487141.68183517456,0,199837.94401836395,0.0
2021-10-21,493306.02126836777,337.67653799057007,0.0,5,0.011388051686458178,5554.539089202881,492968.3447303772,0,598106.6335258484,0.0
2021-10-22,493803.7917666435,186.9990038871765,0.0,5,0.0010090501165906929,497.77049827575684,493616.79276275635,0,205550.0398426056,0.0
2021-10-25,505410.27417325974,397.95731019973755,0.0,5,0.02350423913330557,11606.482406616211,505012.31686306,0,407929.74800777435,0.0
2021-10-26,509609.2189898491,192.84179735183716,0.0,5,0.008307992597613723,4198.9448165893555,509416.37719249725,0,615085.5024147034,0.0
2021-10-27,514043.4653506279,696.8749070167542,0.0,5,0.00870126794324566,4434.246360778809,513346.59044361115,0,625530.4005756378,0.0
2021-10-28,512652.611682415,646.8686633110046,0.0,5,-0.002705712185766651,-1390.8536682128906,512005.743019104,0,411877.20061969757,0.0
2021-10-29,517711.896296978,603.2831826210022,0.0,5,0.009868836126591729,5059.284614562988,517108.613114357,0,420438.4791574478,0.0
2021-11-01,520953.955930233,210.463143825531,0.0,5,0.006262285368453746,3242.059633255005,520743.49278640747,0,215688.73050022125,0.0
2021-11-02,527031.3763022423,1552.396207332611,0.0,5,0.011665945335144423,6077.420372009277,525478.9800949097,0,639482.4453697205,0.0
2021-11-03,534814.8179144859,162.6405529975891,0.0,5,0.01476845964438378,7783.441612243652,534652.1773614883,0,857108.063241005,0.0
2021-11-04,541780.51922369,1001.6692261695862,0.0,5,0.013024510682719814,6965.701309204102,540778.8499975204,0,440305.0482006073,0.0
2021-11-05,556440.1426854134,1167.5263466835022,0.0,5,0.02705823288502307,14659.623461723328,555272.6163387299,0,450627.190448761,0.0
2021-11-08,548738.5756459236,865.8111786842346,0.0,5,-0.013840782590417544,-7701.567039489746,547872.7644672394,0,443548.42741012573,0.0
2021-11-09,547570.336616993,950.5235524177551,0.0,5,-0.0021289537145361415,-1168.239028930664,546619.8130645752,0,3857.470094680786,0.0
2021-11-10,548836.7170796394,408.3139443397522,0.0,5,0.0023127265630757954,1266.3804626464844,548428.4031352997,0,451334.8994884491,0.0
2021-11-11,540718.482231617,1229.1392045021057,0.0,5,-0.014791712353392827,-8118.234848022461,539489.3430271149,0,450029.2827796936,0.0
2021-11-12,548902.8358302116,1568.3657755851746,0.0,5,0.015136071481812063,8184.3535985946655,547334.4700546265,0,445977.5189752579,0.0
2021-11-15,542756.7285838127,1551.0035319328308,0.0,5,-0.011197076868992628,-6146.107246398926,541205.7250518799,0,221184.41143798828,0.0
2021-11-16,548232.2003397942,199.57617139816284,0.0,5,0.01008826140261454,5475.471755981445,548032.624168396,0,447442.3001174927,0.0
2021-11-17,548801.8209300041,666.6155772209167,0.0,5,0.0010390133776472243,569.6205902099609,548135.2053527832,0,447587.4272079468,0.0
2021-11-18,549423.6885066032,1381.8916773796082,0.0,5,0.0011331368681417597,621.8675765991211,548041.7968292236,0,448164.4634475708,0.0
2021-11-19,545537.0872035027,729.01567029953,0.0,5,-0.0070739601957550136,-3886.601303100586,544808.0715332031,0,225786.1886291504,0.0
2021-11-22,546977.5636897087,1860.1874537467957,0.0,5,0.0026404739842531555,1440.4764862060547,545117.3762359619,0,442089.9372253418,0.0
2021-11-23,537927.807662487,2050.416938304901,0.0,5,-0.016545022370159645,-9049.75602722168,535877.3907241821,0,441182.7367630005,0.0
2021-11-24,532514.420768261,2494.351508617401,0.0,5,-0.010063407797692103,-5413.386894226074,530020.0692596436,0,220672.03198242188,0.0
2021-11-25,523260.8673014641,1672.330985546112,0.0,5,-0.017377094602333498,-9253.553466796875,521588.53631591797,0,227086.1249847412,0.0
2021-11-26,513299.08901166916,453.48198652267456,0.0,5,-0.019037881317533478,-9961.778289794922,512845.6070251465,0,418702.0740966797,0.0
2021-11-29,528426.9356150627,974.6550135612488,0.0,5,0.029471797100831587,15127.846603393555,527452.2806015015,0,427756.37158966064,0.0
2021-11-30,543893.2448420525,1582.0909724235535,0.0,5,0.029268586032594524,15466.309226989746,542311.1538696289,0,446562.42448425293,0.0
2021-12-01,549681.169570446,391.82409620285034,0.0,5,0.010641655845669451,5787.924728393555,549289.3454742432,0,674341.7799377441,0.0
2021-12-02,555130.3196253777,680.2687735557556,0.0,5,0.00991329220753534,5449.150054931641,554450.0508518219,0,244699.7686405182,0.0
2021-12-03,562225.1389803886,503.49840116500854,0.0,5,0.012780457316398763,7094.819355010986,561721.6405792236,0,677005.2305431366,0.0
2021-12-06,572959.5893740654,1399.571033000946,0.0,5,0.019092796905424647,10734.450393676758,571560.0183410645,0,693854.914642334,0.0
2021-12-07,567021.3484683037,806.6080355644226,0.0,5,-0.01036415310240113,-5938.240905761719,566214.7404327393,0,234670.2236175537,0.0
2021-12-08,575256.4462313652,743.9116063117981,0.0,5,0.014523435114580874,8235.097763061523,574512.5346250534,0,465630.0748472214,0.0
2021-12-09,572853.55453825,1605.1555819511414,0.0,5,-0.004177079125070482,-2402.8916931152344,571248.3989562988,0,462631.4446592331,0.0
2021-12-10,571062.6525607109,430.86774015426636,0.0,5,-0.003126282386399115,-1790.9019775390625,570631.7848205566,0,461659.74377441406,0.0
2021-12-13,574034.4117465019,422.8188967704773,0.0,5,0.005203910941234291,2971.7591857910156,573611.5928497314,0,469832.3918609619,0.0
2021-12-14,552221.90635252,523.902202129364,0.0,5,-0.0379986024315464,-21812.505393981934,551698.0041503906,0,236613.99950408936,0.0
2021-12-15,569406.5021777153,984.999858379364,0.0,5,0.031119004203765233,17184.595825195312,568421.5023193359,0,683360.9177246094,0.0
2021-12-16,573691.6155810356,957.8701558113098,0.0,5,0.007525578627802343,4285.1134033203125,572733.7454252243,0,463923.23504924774,0.0
2021-12-17,578440.4952054024,1057.6034970283508,0.0,5,0.008277756717007367,4748.87962436676,577382.891708374,0,467596.6783180237,0.0
2021-12-20,574213.7929196358,1034.7843747138977,0.0,5,-0.007307064980410338,-4226.702285766602,573179.0085449219,0,465296.87606811523,0.0
2021-12-21,593159.2801480293,959.5558876991272,0.0,5,0.03299378639454775,18945.487228393555,592199.7242603302,0,713094.8784198761,0.0
2021-12-22,597202.3378720284,1392.528851032257,0.0,5,0.006816141733448022,4043.0577239990234,595809.8090209961,0,482273.672334671,0.0
2021-12-23,603342.7950863838,510.28223848342896,0.0,5,0.010282038138422767,6140.457214355469,602832.5128479004,0,492093.2835998535,0.0
2021-12-24,601022.3281979561,2094.2707562446594,0.0,5,-0.0038460174005980896,-2320.4668884277344,598928.0574417114,0,480786.2578201294,0.0
2021-12-27,601669.0794568062,1284.983446598053,0.0,5,0.0010760852442690538,646.7512588500977,600384.0960102081,0,722453.2197742462,0.0
2021-12-28,600194.9058213234,2021.9613938331604,0.0,5,-0.0024501402611776246,-1474.173635482788,598172.9444274902,0,485412.55933761597,0.0
2021-12-29,596618.9587082863,1155.0705857276917,0.0,5,-0.005957976447906854,-3575.9471130371094,595463.8881225586,0,3766.235137939453,0.0
2021-12-30,601065.3322739601,987.8647141456604,0.0,5,0.007452618628312591,4446.373565673828,600077.4675598145,0,488221.9338378906,0.0
2022-01-03,592148.1345963478,1533.1523728370667,0.0,5,-0.014835654626555561,-8917.197677612305,590614.9822235107,0,247127.50897216797,0.0
2022-01-04,600689.7926621437,1325.2891716957092,0.0,5,0.014424866966132655,8541.658065795898,599364.503490448,0,488260.10859298706,0.0
2022-01-05,601581.0037140846,990.7051529884338,0.0,5,0.001483646072944378,891.211051940918,600590.2985610962,0,488203.70290756226,0.0
2022-01-06,590387.3763337135,2684.030996799469,0.0,5,-0.0186070160315287,-11193.627380371094,587703.3453369141,0,481988.341835022,0.0
2022-01-07,583900.7782349586,1395.3761048316956,0.0,5,-0.010987020317128837,-6486.598098754883,582505.402130127,0,475796.8885345459,0.0
2022-01-10,581982.2950806618,1093.3196930885315,0.0,5,-0.0032856321241704345,-1918.483154296875,580888.9753875732,0,473318.6371002197,0.0
2022-01-11,571875.3269486427,2311.3027482032776,0.0,5,-0.017366452927263465,-10106.968132019043,569564.0242004395,0,241128.49806976318,0.0
2022-01-12,574593.7575211525,2028.0100235939026,0.0,5,0.004753537081263026,2718.4305725097656,572565.7474975586,0,14386.633056640625,0.0
2022-01-13,574244.3619217873,1580.377432346344,0.0,5,-0.0006080741302734172,-349.3955993652344,572663.9844894409,0,229124.1665878296,0.0
2022-01-14,559395.8878235817,2734.9517273902893,0.0,5,-0.025857413816851582,-14848.474098205566,556660.9360961914,0,462472.0063018799,0.0
2022-01-17,566548.5532593727,2208.9166626930237,0.0,5,0.012786410467941822,7152.665435791016,564339.6365966797,0,464619.69052124023,0.0
2022-01-18,572460.3102326393,1418.2594819068909,0.0,5,0.010434687264235354,5911.756973266602,571042.0507507324,0,232162.8648223877,0.0
2022-01-19,562882.6947693825,2040.5612473487854,0.0,5,-0.016730619209853415,-9577.615463256836,560842.1335220337,0,454231.64183807373,0.0
2022-01-20,569737.6506104469,1850.0322480201721,0.0,5,0.012178302699238142,6854.955841064453,567887.6183624268,0,466896.2428970337,0.0
2022-01-21,556250.9274125099,562.3041481971741,0.0,5,-0.023671813129229946,-13486.723197937012,555688.6232643127,0,677107.9515647888,0.0
2022-01-24,561272.5054879189,2559.90545129776,0.0,5,0.00902754103937875,5021.578075408936,558712.6000366211,0,451072.16610717773,0.0
2022-01-25,546064.0401177406,1376.3431115150452,0.0,5,-0.02709640187515938,-15208.465370178223,544687.6970062256,0,441077.19200897217,0.0
2022-01-26,554923.085878849,1950.1640343666077,0.0,5,0.01622345569431416,8859.045761108398,552972.9218444824,0,224904.16864013672,0.0
2022-02-07,574291.4041543007,820.4539513587952,0.0,5,0.03490270772349913,19368.31827545166,573470.9502029419,0,690975.1023254395,0.0
2022-02-08,591002.9801812172,1377.9666466712952,0.0,5,0.02909947094110854,16711.576026916504,589625.0135345459,0,943534.6280517578,0.0
2022-02-09,597342.9086327553,701.0270295143127,0.0,5,0.010727405214765673,6339.928451538086,596641.881603241,0,716240.3674736023,0.0
2022-02-10,600204.4583153725,844.2120480537415,0.0,5,0.0047904639718028275,2861.5496826171875,599360.2462673187,0,730044.1858234406,0.0
2022-02-11,609773.9823098183,1158.221498966217,0.0,5,0.015943773595592958,9569.5239944458,608615.760810852,0,982406.3665370941,0.0
2022-02-14,601290.4118981361,1453.5136895179749,0.0,5,-0.013912647403463207,-8483.570411682129,599836.8982086182,0,721185.7153778076,0.0
2022-02-15,598325.9586663246,516.6286396980286,0.0,5,-0.004930152174642877,-2964.4532318115234,597809.3300266266,0,247206.90830421448,0.0
2022-02-16,614281.3639779091,1230.191454410553,0.0,5,0.026666744239459694,15955.405311584473,613051.1725234985,0,257314.6292514801,0.0
2022-02-17,614357.8235955238,1289.165804386139,0.0,5,0.0001244700264380061,76.4596176147461,613068.6577911377,0,495482.6530151367,0.0
2022-02-18,624029.5060448647,2298.4097771644592,0.0,5,0.015742751337872507,9671.68244934082,621731.0962677002,0,755977.4887542725,0.0
2022-02-21,621986.4177880287,1080.66867685318,0.0,5,-0.0032740250854245145,-2043.0882568359375,620905.7491111755,0,754384.0918388367,0.0
2022-02-22,602735.572327137,1520.6283802986145,0.0,5,-0.03095058816453511,-19250.845460891724,601214.9439468384,0,496167.06849861145,0.0
2022-02-23,615708.6857914925,720.2575306892395,0.0,5,0.021523722939176926,12973.113464355469,614988.4282608032,0,500871.1046142578,0.0
2022-02-24,608365.7165226936,1336.5589146614075,0.0,5,-0.01192604463482505,-7342.969268798828,607029.1576080322,0,493824.1628189087,0.0
2022-02-25,623575.2734150887,1368.2540364265442,0.0,5,0.025000680477739623,15209.55689239502,622207.0193786621,0,499219.19438934326,0.0
2022-03-01,644152.2605977058,397.711962223053,0.0,5,0.032998401411789,20576.987182617188,643754.5486354828,0,787346.5286159515,0.0
2022-03-02,641678.159172535,736.239697933197,0.0,5,-0.0038408643057080694,-2474.1014251708984,640941.9194746017,0,518981.7661485672,0.0
2022-03-03,645045.9673485756,460.95570611953735,0.0,5,0.005248438220779583,3367.8081760406494,644585.011642456,0,778828.7453355789,0.0
2022-03-04,642923.6941857338,961.4720034599304,0.0,5,-0.003290111511843552,-2122.273162841797,641962.2221822739,0,770385.7710866928,0.0
2022-03-07,600750.1541419029,496.3066039085388,0.0,5,-0.06559649368226173,-42173.54004383087,600253.8475379944,0,249858.61054039001,0.0
2022-03-08,576705.6912207603,857.4876227378845,0.0,5,-0.040024064505629786,-24044.462921142578,575848.2035980225,0,241650.0351753235,0.0
2022-03-09,582148.1785254478,1233.1289191246033,0.0,5,0.009437200616430497,5442.4873046875,580915.0496063232,0,247180.31829833984,0.0
2022-03-10,616974.3128790855,1014.5131659507751,0.0,5,0.05982348762449208,34826.134353637695,615959.7997131348,0,256884.7342224121,0.0
2022-03-11,606506.0634894371,1220.6617789268494,0.0,5,-0.01696707491888727,-10468.249389648438,605285.4017105103,0,249630.7956161499,0.0
2022-03-14,590389.3379340172,1293.9548163414001,0.0,5,-0.02657306583662966,-16116.725555419922,589095.3831176758,0,256914.3013381958,0.0
2022-03-15,554169.89372015,1019.0048499107361,0.0,5,-0.061348405004419515,-36219.44421386719,553150.8888702393,0,239831.2783050537,0.0
2022-03-16,541834.6405005455,1494.9062705039978,0.0,5,-0.022258973934505488,-12335.253219604492,540339.7342300415,0,235374.5941848755,0.0
2022-03-17,574495.3051810265,1475.9072394371033,0.0,5,0.0602779192011591,32660.664680480957,573019.3979415894,0,463146.6798171997,0.0
2022-03-18,564378.6958670616,806.1968131065369,0.0,5,-0.01760955959557764,-10116.609313964844,563572.4990539551,0,467385.038230896,0.0
2022-03-21,569278.7911734581,496.48734045028687,0.0,5,0.008682282556517151,4900.095306396484,568782.3038330078,0,236833.6272277832,0.0
2022-03-22,574939.1524863243,421.6119818687439,0.0,5,0.009943039158719635,5660.361312866211,574517.5405044556,0,468871.88246917725,0.0
2022-03-23,586150.02338171,384.49053716659546,0.0,5,0.019499230217500996,11210.870895385742,585765.5328445435,0,476812.0294647217,0.0
2022-03-24,585539.2229132652,494.99441289901733,0.0,5,-0.0010420548393411666,-610.8004684448242,585044.2285003662,0,706399.1489562988,0.0
2022-03-25,582260.4679846764,847.8359913825989,0.0,5,-0.005599547904367341,-3278.754928588867,581412.6319932938,0,711222.9119615555,0.0
2022-03-28,575777.7532935143,944.9149146080017,0.0,5,-0.01113370226489896,-6482.714691162109,574832.8383789062,0,704637.2387742996,0.0
2022-03-29,582200.8950781822,870.652238368988,0.0,5,0.011155592149795446,6423.141784667969,581330.2428398132,0,709475.0289726257,0.0
2022-03-30,588988.230576992,535.0374617576599,0.0,5,0.011658064348902153,6787.335498809814,588453.1931152344,0,477460.33770751953,0.0
2022-03-31,585973.1100020409,767.5348143577576,0.0,5,-0.005119152503263891,-3015.120574951172,585205.5751876831,0,473036.0006942749,0.0
2022-04-01,585927.9683012962,1167.3280272483826,0.0,5,-7.703715405038558e-05,-45.141700744628906,584760.6402740479,0,703232.010559082,0.0
2022-04-06,570421.1543822289,716.4532713890076,0.0,5,-0.02646539294586714,-15506.813919067383,569704.7011108398,0,458146.6774902344,0.0
2022-04-07,552050.5306563377,1112.5797057151794,0.0,5,-0.032205368936197076,-18370.623725891113,550937.9509506226,0,225678.8928527832,0.0
2022-04-08,540098.4642500877,1246.5193343162537,0.0,5,-0.02165031232202619,-11952.06640625,538851.9449157715,0,656633.1933517456,0.0
2022-04-11,523760.0567641258,1537.42125082016,0.0,5,-0.03025079419295773,-16338.407485961914,522222.63551330566,0,423099.32958984375,0.0
2022-04-12,522037.0230269432,825.8863425254822,0.0,5,-0.003289738717052626,-1723.0337371826172,521211.1366844177,0,423819.4845085144,0.0
2022-04-13,539157.1509222984,1523.0759806632996,0.0,5,0.03279485389003067,17120.127895355225,537634.0749416351,0,648368.0018291473,0.0
2022-04-14,542284.7522311211,444.31695222854614,0.0,5,0.005800908517066716,3127.601308822632,541840.4352788925,0,441854.2466688156,0.0
2022-04-15,531309.395348072,476.6695485115051,0.0,5,-0.0202391028659632,-10975.356883049011,530832.7257995605,0,651120.6486778259,0.0
2022-04-18,539623.2051930428,83.60794687271118,0.0,5,0.015647774945752868,8313.809844970703,539539.59724617,0,871658.5938282013,0.0
2022-04-19,542834.19013834,139.995108127594,0.0,5,0.005950420431138692,3210.984945297241,542694.1950302124,0,652656.8218231201,0.0
2022-04-20,548303.9866890907,435.35433435440063,0.0,5,0.010076367056682134,5469.796550750732,547868.6323547363,0,442027.24680519104,0.0
2022-04-21,546395.6431832314,983.5196232795715,0.0,5,-0.003480447985401036,-1908.343505859375,545412.1235599518,0,442394.78061676025,0.0
2022-04-22,534994.3705677986,647.0150990486145,0.0,5,-0.02086633149014583,-11401.27261543274,534347.35546875,0,643931.1041183472,0.0
2022-04-25,516038.62638139725,486.69404649734497,0.0,5,-0.035431670367453205,-18955.744186401367,515551.9323348999,0,427135.91468048096,0.0
2022-04-26,509522.0865101814,656.6280446052551,0.0,5,-0.012628007939854302,-6516.53987121582,508865.4584655762,0,210033.20650482178,0.0
2022-04-27,514266.0770726204,557.4878849983215,0.0,5,0.009310667168388242,4743.990562438965,513708.58918762207,0,622254.9246292114,0.0
2022-04-28,519500.8367009163,783.3796696662903,0.0,5,0.010179087950140442,5234.759628295898,518717.45703125,0,423067.07275390625,0.0
2022-04-29,541205.6510167122,124.22182512283325,0.0,5,0.041780133509759176,21704.8143157959,541081.4291915894,0,652621.2496414185,0.0
2022-05-03,540351.709543705,308.6560845375061,0.0,5,-0.001577850252307944,-853.9414730072021,540043.0534591675,0,650675.6980800629,0.0
2022-05-04,540021.8408913612,1138.5931515693665,0.0,5,-0.0006104702668976447,-329.86865234375,538883.2477397919,0,868575.6044216156,0.0
2022-05-05,546983.7821469307,61.10143041610718,0.0,5,0.012891962377073574,6961.941255569458,546922.6807165146,0,878784.1618261337,0.0
2022-05-06,536745.225880146,779.9610486030579,0.0,5,-0.018718208109567702,-10238.556266784668,535965.264831543,0,863968.898100853,0.0
2022-05-09,532567.3299450874,903.4747052192688,0.0,5,-0.007783759842870941,-4177.895935058594,531663.8552398682,0,644497.6720123291,0.0
2022-05-10,540325.2390446663,1284.3839421272278,0.0,5,0.014567001510172872,7757.909099578857,539040.8551025391,0,443916.0754966736,0.0
2022-05-11,542762.4245915413,1208.0751957893372,0.0,5,0.004510589864697323,2437.185546875,541554.349395752,0,439552.1319885254,0.0
2022-05-12,543844.1110844612,1060.231373310089,0.0,5,0.0019929281098152174,1081.6864929199219,542783.8797111511,0,435939.0886955261,0.0
2022-05-13,538108.5643696785,905.5507740974426,0.0,5,-0.010546306557122853,-5735.546714782715,537203.013595581,0,226174.4632911682,0.0
2022-05-16,546636.9898762703,1107.6981892585754,0.0,5,0.01584889383164101,8528.425506591797,545529.2916870117,0,447743.4047393799,0.0
2022-05-17,559971.889778614,1322.1478199958801,0.0,5,0.02439443387349627,13334.89990234375,558649.7419586182,0,236983.86726379395,0.0
2022-05-18,569562.4133534431,1504.249840259552,0.0,5,0.017126794665747846,9590.523574829102,568058.1635131836,0,459929.20724487305,0.0
2022-05-19,568935.3919606209,1262.5898613929749,0.0,5,-0.0011008826743508227,-627.0213928222656,567672.8020992279,0,459046.7672176361,0.0
2022-05-20,574307.5046811104,1602.832806110382,0.0,5,0.00944239503535993,5372.112720489502,572704.671875,0,466271.2730960846,0.0
2022-05-23,572171.651775837,1706.1781430244446,0.0,5,-0.0037190057379790087,-2135.8529052734375,570465.4736328125,0,233566.45544433594,0.0
2022-05-24,543517.9675412178,303.9896664619446,0.0,5,-0.05007882537641861,-28653.68423461914,543213.9778747559,0,227087.08038330078,0.0
2022-05-25,550293.4746670723,2058.4645352363586,0.0,5,0.012466022340541505,6775.507125854492,548235.0101318359,0,231605.03871154785,0.0
2022-05-26,534750.2402920723,758.6487393379211,0.0,5,-0.028245354688975155,-15543.234375,533991.5915527344,0,223577.80895996094,0.0
2022-05-27,551121.3209195137,1058.241367816925,0.0,5,0.03061444276958114,16371.080627441406,550063.0795516968,0,450506.1190414429,0.0
2022-05-30,570722.0809597969,1463.8067135810852,0.0,5,0.03556523635772324,19600.760040283203,569258.2742462158,0,465288.4163284302,0.0
2022-05-31,579185.0856595039,1409.122311115265,0.0,5,0.014828591677186642,8463.004699707031,577775.9633483887,0,243144.6180267334,0.0
2022-06-01,579714.2831158638,1017.8205609321594,0.0,5,0.0009136931690105765,529.1974563598633,578696.4625549316,0,475284.7028274536,0.0
2022-06-02,567798.9763836861,676.2970623970032,0.0,5,-0.020553757392581473,-11915.306732177734,567122.6793212891,0,462549.42181396484,0.0
2022-06-06,561819.2666668892,1065.2319989204407,0.0,5,-0.010531385165365559,-5979.709716796875,560754.0346679688,0,3177.1864013671875,0.0
2022-06-07,571958.1259503365,579.658625125885,0.0,5,0.018046478440652658,10138.859283447266,571378.4673252106,0,465340.65680885315,0.0
2022-06-08,578791.6609044075,1462.0474705696106,0.0,5,0.011947614071776247,6833.534954071045,577329.6134338379,0,471358.68443870544,0.0
2022-06-09,573352.6567540169,914.2820134162903,0.0,5,-0.00939717089546821,-5439.004150390625,572438.3747406006,0,467529.6262359619,0.0
2022-06-10,572715.1289830208,1339.4861607551575,0.0,5,-0.0011119295663604145,-637.5277709960938,571375.6428222656,0,236175.41999816895,0.0
2022-06-13,548137.5559391975,694.0488057136536,0.0,5,-0.04291413269886202,-24577.573043823242,547443.5071334839,0,6624.153785705566,0.0
2022-06-14,544031.501434803,1673.2103276252747,0.0,5,-0.007490919861090517,-4106.054504394531,542358.2911071777,0,438576.4969100952,0.0
2022-06-15,539244.8778691292,1140.8418583869934,0.0,5,-0.008798430886906017,-4786.623565673828,538104.0360107422,0,226904.64447021484,0.0
2022-06-16,515509.11407518387,1164.1531224250793,0.0,5,-0.0440166699176433,-23735.763793945312,514344.9609527588,0,217295.00660705566,0.0
2022-06-17,503975.3015599251,1007.0952763557434,0.0,5,-0.022373634530109654,-11533.812515258789,502968.20628356934,0,211760.7207183838,0.0
2022-06-20,487285.7483525276,1182.6071248054504,0.0,5,-0.033115815707117524,-16689.55320739746,486103.14122772217,0,201668.1795578003,0.0
2022-06-21,504212.22582292557,790.3463978767395,0.0,5,0.03473624567848521,16926.47747039795,503421.8794250488,0,9529.455795288086,0.0
2022-06-22,481410.7628865242,1154.9221959114075,0.0,5,-0.04522195569373011,-22801.462936401367,480255.8406906128,0,14785.776969909668,0.0
2022-06-23,479751.44864702225,811.3433537483215,0.0,5,-0.003446774288037857,-1659.3142395019531,478940.1052932739,0,205343.69941711426,0.0
2022-06-24,485497.07659959793,1268.7136979103088,0.0,5,0.01197625972527927,5745.627952575684,484228.3629016876,0,399422.09236335754,0.0
2022-06-27,507073.29626894,792.2855038642883,0.0,5,0.04444150275931835,21576.21966934204,506281.0107650757,0,609084.8316173553,0.0
2022-06-28,508395.28428316116,1114.9366879463196,0.0,5,0.0026070945244967003,1321.9880142211914,507280.34759521484,0,821869.198425293,0.0
2022-06-29,507405.13822603226,634.1678433418274,0.0,5,-0.0019475909547922443,-990.1460571289062,506770.97038269043,0,814333.9689178467,0.0
2022-06-30,489729.99088716507,936.6541867256165,0.0,5,-0.03483438776489778,-17675.147338867188,488793.33670043945,0,398205.1889190674,0.0
2022-07-01,461009.87232637405,1092.7241787910461,0.0,5,-0.05864480243238401,-28720.118560791016,459917.148147583,0,194116.89555358887,0.0
2022-07-04,480657.81164216995,590.9575695991516,0.0,5,0.04261934612516516,19647.9393157959,480066.8540725708,0,577613.1683425903,0.0
2022-07-05,478744.8151707649,541.7460789680481,0.0,5,-0.003979955022200277,-1912.9964714050293,478203.0690917969,0,391447.59997177124,0.0
2022-07-06,462838.1072239876,601.7643055915833,0.0,5,-0.03322585946148271,-15906.707946777344,462236.342918396,0,371294.7862930298,0.0
2022-07-07,483719.32795000076,440.37971925735474,0.0,5,0.04511560392305358,20881.220726013184,483278.9482307434,0,403271.8792152405,0.0
2022-07-08,489453.059776783,888.1395039558411,0.0,5,0.011853427174559616,5733.731826782227,488564.92027282715,0,589139.9208869934,0.0
2022-07-11,487242.57294130325,647.5858883857727,0.0,5,-0.004516238669521888,-2210.4868354797363,486594.9870529175,0,398411.6178779602,0.0
2022-07-12,464625.13849306107,1116.2437329292297,0.0,5,-0.04641924926984331,-22617.434448242188,463508.89476013184,0,198172.01500701904,0.0
2022-07-13,463699.80846071243,727.2844052314758,0.0,5,-0.001991562564500504,-925.3300323486328,462972.52405548096,0,389924.56618499756,0.0
2022-07-14,473809.9575390816,959.3848919868469,0.0,5,0.02180322030308912,10110.14907836914,472850.5726470947,0,574222.3773727417,0.0
2022-07-15,485486.8439297676,249.04059648513794,0.0,5,0.024644662284715402,11676.886390686035,485237.80333328247,0,581809.2187919617,0.0
2022-07-18,504692.0841565132,324.1695828437805,0.0,5,0.039558724333885076,19205.240226745605,504367.91457366943,0,611072.6096229553,0.0
2022-07-19,494954.0455517769,1329.66348695755,0.0,5,-0.019295009591861145,-9738.038604736328,493624.38206481934,0,205544.12390899658,0.0
2022-07-20,508458.3702893257,1198.7409024238586,0.0,5,0.027283997088040968,13504.324737548828,507259.62938690186,0,218217.40964508057,0.0
2022-07-21,520190.59682893753,1154.487835407257,0.0,5,0.02307411427396877,11732.226539611816,519036.1089935303,0,421154.21687316895,0.0
2022-07-22,514337.0117306709,2654.6385617256165,0.0,5,-0.011252769915392258,-5853.585098266602,511682.3731689453,0,415381.8222351074,0.0
2022-07-25,510027.35963106155,934.2589535713196,0.0,5,-0.008379043314631462,-4309.652099609375,509093.10067749023,0,416062.2723083496,0.0
2022-07-26,499325.8720211983,637.8650937080383,0.0,5,-0.020982183421697997,-10701.487609863281,498688.00692749023,0,203029.11981201172,0.0
2022-07-27,509992.0166897774,1386.8835263252258,0.0,5,0.02136108955340954,10666.144668579102,508605.13316345215,0,416377.014251709,0.0
2022-07-28,507396.54531526566,377.2613492012024,0.0,5,-0.005089239222524022,-2595.4713745117188,507019.28396606445,0,412931.16596984863,0.0
2022-07-29,509568.19935274124,1650.8392300605774,0.0,5,0.004279993739662258,2171.654037475586,507917.36012268066,0,220994.83563232422,0.0
2022-08-01,502402.2277035713,1460.9605984687805,0.0,5,-0.014062831350685201,-7165.971649169922,500941.26710510254,0,215492.88961791992,0.0
2022-08-02,490673.1582455635,1005.2127270698547,0.0,5,-0.023345974223920485,-11729.069458007812,489667.94551849365,0,205124.2114944458,0.0
2022-08-03,488912.5918240547,1019.7723965644836,0.0,5,-0.0035880634428909763,-1760.566421508789,487892.81942749023,0,393815.91820526123,0.0
2022-08-04,489725.6693081856,1013.443127155304,0.0,5,0.0016630324064623725,813.0774841308594,488712.2261810303,0,205930.1824798584,0.0
2022-08-05,509213.3289151192,691.4169659614563,0.0,5,0.03979301235008359,19487.659606933594,508521.9119491577,0,415239.6373062134,0.0
2022-08-08,515646.42141389847,863.4934964179993,0.0,5,0.01263339377326389,6433.092498779297,514782.92791748047,0,420887.8937301636,0.0
2022-08-09,513802.8152432442,999.8646817207336,0.0,5,-0.0035753300984794345,-1843.6061706542969,512802.95056152344,0,212657.07376098633,0.0
2022-08-10,504863.85766267776,1761.215618610382,0.0,5,-0.01739764227709517,-8938.957580566406,503102.6420440674,0,205928.04725646973,0.0
2022-08-11,521242.76659822464,831.6398358345032,0.0,5,0.03244222910187089,16378.908935546875,520411.12676239014,0,422125.8935317993,0.0
2022-08-12,528246.7310757637,1048.7403988838196,0.0,5,0.013437048773355498,7003.9644775390625,527197.9906768799,0,433289.3271255493,0.0
2022-08-15,532779.1159176826,377.5568280220032,0.0,5,0.008580052795951643,4532.384841918945,532401.5590896606,0,443013.5743179321,0.0
2022-08-16,538981.6704297066,614.074718952179,0.0,5,0.011641887466516732,6202.554512023926,538367.5957107544,0,651902.0730056763,0.0
2022-08-17,542707.6139111519,2293.1608471870422,0.0,5,0.0069129317115270705,3725.9434814453125,540414.4530639648,0,652642.7482376099,0.0
2022-08-18,550602.8148388863,1101.245487689972,0.0,5,0.014547798345476926,7895.200927734375,549501.5693511963,0,449843.9516143799,0.0
2022-08-19,554632.6962780952,1247.263599872589,0.0,5,0.007319035302041144,4029.8814392089844,553385.4326782227,0,666436.9817657471,0.0
2022-08-22,545458.4294781685,863.1785016059875,0.0,5,-0.016541157529102346,-9174.266799926758,544595.2509765625,0,443465.25004577637,0.0
2022-08-23,541102.8703045845,1470.7841687202454,0.0,5,-0.007985134958407136,-4355.559173583984,539632.0861358643,0,442079.3995819092,0.0
2022-08-24,532401.6255345345,1578.9043431282043,0.0,5,-0.01608057404159058,-8701.244770050049,530822.7211914062,0,221287.89474105835,0.0
2022-08-25,540427.6082310677,527.3560185432434,0.0,5,0.015075052951754264,8025.982696533203,539900.2522125244,0,436242.2364349365,0.0
2022-08-26,533020.4549107552,1179.9704747200012,0.0,5,-0.013706097185814836,-7407.1533203125,531840.4844360352,0,435935.0825653076,0.0
2022-08-29,527733.2711949348,1228.9124302864075,0.0,5,-0.009919288588475572,-5287.1837158203125,526504.3587646484,0,641285.0394897461,0.0
2022-08-30,527950.8865513802,640.9403538703918,0.0,5,0.00041235860674948555,217.6153564453125,527309.9461975098,0,428502.0401916504,0.0
2022-08-31,529674.8576054573,783.8539128303528,0.0,5,0.0032654004340029186,1723.9710540771484,528891.003692627,0,427753.73039245605,0.0
2022-09-01,518801.9407353401,797.1587910652161,0.0,5,-0.020527530642612035,-10872.916870117188,518004.7819442749,0,627079.4774093628,0.0
2022-09-02,511234.540207386,682.5672459602356,0.0,5,-0.014586299575572559,-7567.400527954102,510551.9729614258,0,627952.6020584106,0.0
2022-09-05,504097.7670559883,984.5020718574524,0.0,5,-0.013959880622507637,-7136.773151397705,503113.26498413086,0,406966.3117866516,0.0
2022-09-06,499779.1175198555,1315.713619709015,0.0,5,-0.008567087216740599,-4318.6495361328125,498463.4039001465,0,207975.07348632812,0.0
2022-09-07,492081.3540005684,1412.6913952827454,0.0,5,-0.015402331248826728,-7697.763519287109,490668.66260528564,0,206691.20166778564,0.0
2022-09-08,506387.5666165352,847.3299679756165,0.0,5,0.029072860614731244,14306.212615966797,505540.23664855957,0,416542.86460113525,0.0
2022-09-12,522233.71218538284,487.3161082267761,0.0,5,0.03129252496210522,15846.145568847656,521746.39607715607,0,631010.0777330399,0.0
2022-09-13,532430.7938256264,1257.2900261878967,0.0,5,0.019525896935247644,10197.08164024353,531173.5037994385,0,431745.38415050507,0.0
2022-09-14,529051.2394433022,427.8126702308655,0.0,5,-0.006347405938040174,-3379.5543823242188,528623.4267730713,0,428018.6947937012,0.0
2022-09-15,527605.9728722572,1464.911196231842,0.0,5,-0.0027318083075765776,-1445.2665710449219,526141.0616760254,0,424503.71516418457,0.0
2022-09-16,518308.47160577774,1505.2856163978577,0.0,5,-0.017622054609928717,-9297.501266479492,516803.1859893799,0,213327.54501342773,0.0
2022-09-19,515820.78940057755,1021.4635605812073,0.0,5,-0.004799617103484866,-2487.6822052001953,514799.32583999634,0,419497.6114845276,0.0
2022-09-20,521397.7456688881,707.8866295814514,0.0,5,0.010811809804702532,5576.956268310547,520689.85903930664,0,419345.22745132446,0.0
2022-09-21,518556.0095849037,669.3803124427795,0.0,5,-0.005450227024550669,-2841.736083984375,517886.62927246094,0,417907.8120422363,0.0
2022-09-22,526830.8629937172,619.2315545082092,0.0,5,0.01595749206616537,8274.853408813477,526211.631439209,0,637582.8861541748,0.0
2022-09-23,510593.6904435158,1328.474958896637,0.0,5,-0.03082046571442998,-16237.172550201416,509265.21548461914,0,423333.5800743103,0.0
2022-09-26,486795.2407975197,352.35151529312134,0.0,5,-0.0466093688414444,-23798.449645996094,486442.88928222656,0,201694.03189086914,0.0
2022-09-27,492914.64347696304,1179.8932671546936,0.0,5,0.01257079397370009,6119.402679443359,491734.75020980835,0,594493.9141197205,0.0
2022-09-28,474706.4013886452,447.19914865493774,0.0,5,-0.036939949602387556,-18208.24208831787,474259.20223999023,0,575325.5455665588,0.0
2022-09-29,476784.94048166275,88.68319940567017,0.0,5,0.004378578184194071,2078.539093017578,476696.2572822571,0,200997.51389694214,0.0
2022-09-30,482950.79846811295,424.55926752090454,0.0,5,0.012932157589166327,6165.857986450195,482526.23920059204,0,580795.9363861084,0.0
2022-10-03,482966.1449532509,1061.9946608543396,0.0,5,3.177649811658689e-05,15.346485137939453,481904.15029239655,0,586846.3875894547,0.0
2022-10-04,499103.78867292404,173.80273962020874,0.0,5,0.0334136127103386,16137.643719673157,498929.98593330383,0,797500.066078186,0.0
2022-10-05,502236.4771666527,435.96518087387085,0.0,5,0.006276627356522679,3132.6884937286377,501800.5119857788,0,602536.5060997009,0.0
2022-10-06,514045.13485097885,145.8759093284607,0.0,5,0.023512146610585205,11808.657684326172,513899.2589416504,0,420203.91498565674,0.0
2022-10-07,511931.45430135727,654.2588133811951,0.0,5,-0.004111857901805349,-2113.680549621582,511277.1954879761,0,613993.051651001,0.0
2022-10-11,482296.75748968124,970.763364315033,0.0,5,-0.05788801716065495,-29634.696811676025,481325.9941253662,0,208522.91458511353,0.0
2022-10-12,460018.04251623154,964.8017554283142,0.0,5,-0.04619296030396047,-22278.714973449707,459053.2407608032,0,206015.8645172119,0.0
2022-10-13,432834.76433706284,577.368791103363,0.0,5,-0.05909176525007609,-27183.2781791687,432257.3955459595,0,185411.0432624817,0.0
2022-10-14,437046.2311911583,964.9970412254333,0.0,5,0.009729964413893066,4211.466854095459,436081.23414993286,0,184643.19245910645,0.0
2022-10-17,427248.0335173607,1306.8699431419373,0.0,5,-0.02241913320495381,-9798.197673797607,425941.16357421875,0,18480.161338806152,0.0
2022-10-18,424531.10456228256,772.8944716453552,0.0,5,-0.006359137414187144,-2716.928955078125,423758.2100906372,0,185886.6365737915,0.0
2022-10-19,428088.3820986748,690.3514609336853,0.0,5,0.008379309544491509,3557.277536392212,427398.0306377411,0,174738.9986076355,0.0
2022-10-20,419791.73078489304,851.3907885551453,0.0,5,-0.019380697212823095,-8296.651313781738,418940.3399963379,0,179117.32314109802,0.0
2022-10-21,403744.72310209274,867.2154040336609,0.0,5,-0.038226116681233546,-16047.007682800293,402877.5076980591,0,13661.077423095703,0.0
2022-10-24,408976.5240969658,817.1250758171082,0.0,5,0.012958190399803948,5231.800994873047,408159.3990211487,0,500047.19746017456,0.0
2022-10-25,405144.77787160873,599.0417189598083,0.0,5,-0.009369110449108708,-3831.7462253570557,404545.7361526489,0,489201.24746894836,0.0
2022-10-26,405840.5247168541,998.9851202964783,0.0,5,0.0017172795584343703,695.7468452453613,404841.5395965576,0,330032.9988517761,0.0
2022-10-27,419076.08894109726,991.3422408103943,0.0,5,0.03261272203774457,13235.564224243164,418084.74670028687,0,176431.55810165405,0.0
2022-10-28,427413.8047308922,563.2364401817322,0.0,5,0.01989547008244319,8337.715789794922,426850.56829071045,0,350126.69679641724,0.0
2022-10-31,441233.66607427597,555.80792760849,0.0,5,0.03233368035944717,13819.861343383789,440677.8581466675,0,186286.39358520508,0.0
2022-11-01,447043.9110274315,302.1847434043884,0.0,5,0.013168181396606027,5810.244953155518,446741.7262840271,0,542557.4671783447,0.0
2022-11-02,453217.9623503685,447.40326833724976,0.0,5,0.013810838646135082,6174.051322937012,452770.55908203125,0,724752.2039985657,0.0
2022-11-03,461375.6718440056,1065.4387621879578,0.0,5,0.017999528199040382,8157.709493637085,460310.2330818176,0,374871.89008522034,0.0
2022-11-04,468780.3545641899,416.2292742729187,0.0,5,0.01604913993533641,7404.682720184326,468364.125289917,0,564838.7815704346,0.0
2022-11-07,483088.3525195122,368.11206579208374,0.0,5,0.030521752492431053,14307.997955322266,482720.2404537201,0,777071.72722435,0.0
2022-11-08,490725.50745630264,431.3966317176819,0.0,5,0.015809023125810118,7637.154936790466,490294.11082458496,0,787899.6136674881,0.0
2022-11-09,501204.3410935402,316.71444940567017,0.0,5,0.0213537578096461,10478.833637237549,500887.6266441345,0,406858.66316986084,0.0
2022-11-10,502715.34269189835,1600.0815072059631,0.0,5,0.003014741642223928,1511.0015983581543,501115.2611846924,0,403076.3197860718,0.0
2022-11-11,514484.69631433487,277.227961063385,0.0,5,0.023411566393448435,11769.353622436523,514207.4683532715,0,415452.40493774414,0.0
2022-11-14,526885.7017006874,1188.8967385292053,0.0,5,0.024103740063000645,12401.005386352539,525696.8049621582,0,216320.80281066895,0.0
2022-11-15,528064.9353585243,860.0563530921936,0.0,5,0.002238120438703417,1179.233657836914,527204.8790054321,0,214288.56548309326,0.0
2022-11-16,542567.4853081703,779.0091595649719,0.0,5,0.0274635730921986,14502.549949645996,541788.4761486053,0,651889.9258556366,0.0
2022-11-17,548432.6947693825,447.4937882423401,0.0,5,0.010810101268565298,5865.209461212158,547985.2009811401,0,222729.01551246643,0.0
2022-11-18,541996.4474701881,1734.1898255348206,0.0,5,-0.01173571043553634,-6436.247299194336,540262.2576446533,0,439090.024559021,0.0
2022-11-21,543682.019598484,448.7978615760803,0.0,5,0.0031099320598195757,1685.5721282958984,543233.221736908,0,657999.2183799744,0.0
2022-11-22,546207.1802582741,989.5510773658752,0.0,5,0.004644554296010961,2525.160659790039,545217.6291809082,0,875571.4516410828,0.0
2022-11-23,545344.8036408424,787.1289200782776,0.0,5,-0.0015788452598222147,-862.3766174316406,544557.6747207642,0,663638.3061294556,0.0
2022-11-24,563177.137693882,453.6953625679016,0.0,5,0.03269919128959686,17832.33405303955,562723.4423313141,0,460881.2318058014,0.0
2022-11-25,558918.2073655128,1922.1634736061096,0.0,5,-0.007562328161630938,-4258.930328369141,556996.0438919067,0,671191.9738941193,0.0
2022-11-28,556006.4465165138,775.330557346344,0.0,5,-0.005209636778024773,-2911.7608489990234,555231.1159591675,0,450315.3956604004,0.0
2022-11-29,554914.21798563,880.872419834137,0.0,5,-0.0019644170274046857,-1092.228530883789,554033.3455657959,0,449742.4903793335,0.0
2022-11-30,564203.2850022316,957.178457736969,0.0,5,0.016739645003729375,9289.067016601562,563246.1065444946,0,466485.43282318115,0.0
2022-12-01,574220.6164956093,1153.2268166542053,0.0,5,0.017754826601794838,10017.331493377686,573067.3896789551,0,472842.45344924927,0.0
2022-12-02,591886.2887444496,1461.4647240638733,0.0,5,0.03076460813380666,17665.672248840332,590424.8240203857,0,484901.0291519165,0.0
2022-12-05,595853.0379891396,1239.5960793495178,0.0,5,0.006701877235751663,3966.7492446899414,594613.44190979,0,483179.83780670166,0.0
2022-12-06,580616.7544350624,1355.457796573639,0.0,5,-0.02557053934892395,-15236.283554077148,579261.2966384888,0,249208.67321777344,0.0
2022-12-07,564631.2496609688,1142.74848985672,0.0,5,-0.027531938498136288,-15985.504774093628,563488.5011711121,0,236072.78288078308,0.0
2022-12-08,563300.4775624275,664.0643734931946,0.0,5,-0.0023568870822157084,-1330.7720985412598,562636.4131889343,0,686798.6730232239,0.0
2022-12-09,578857.6508030891,1718.7762150764465,0.0,5,0.027617894641208673,15557.173240661621,577138.8745880127,0,694221.6763496399,0.0
2022-12-12,572766.6367192268,1271.0304265022278,0.0,5,-0.010522473142424271,-6091.014083862305,571495.6062927246,0,471228.6737060547,0.0
2022-12-13,574282.8741383553,364.8773846626282,0.0,5,0.0026472167230502386,1516.237419128418,573917.9967536926,0,693052.1239128113,0.0
2022-12-14,595116.968943119,1404.1675057411194,0.0,5,0.03627845395184903,20834.094804763794,593712.8014373779,0,482329.4217739105,0.0
2022-12-15,592401.6122384071,1832.3133492469788,0.0,5,-0.0045627277433110125,-2715.356704711914,590569.2988891602,0,484081.51095581055,0.0
2022-12-16,580670.0284981728,2062.5012154579163,0.0,5,-0.019803429798082806,-11731.583740234375,578607.5272827148,0,469210.6309814453,0.0
2022-12-19,573970.4996285439,1283.204020023346,0.0,5,-0.011537583379249594,-6699.528869628906,572687.2956085205,0,469984.85383605957,0.0
2022-12-20,549586.7663674355,1217.2881417274475,0.0,5,-0.04248255489940478,-24383.7332611084,548369.478225708,0,458619.7010345459,0.0
2022-12-21,540956.4780602455,951.5679955482483,0.0,5,-0.0157032316557274,-8630.288307189941,540004.9100646973,0,440473.64612579346,0.0
2022-12-22,542534.773127079,2431.8796334266663,0.0,5,0.0029176008252880248,1578.295066833496,540102.8934936523,0,441766.9130783081,0.0
2022-12-23,540527.5361275673,390.78268671035767,0.0,5,-0.0036997388903615702,-2007.2369995117188,540136.7534408569,0,435243.87062835693,0.0
2022-12-26,532201.9202218056,991.3018975257874,0.0,5,-0.015402759987785064,-8325.615905761719,531210.6183242798,0,433559.45027160645,0.0
2022-12-27,533886.1596779823,650.2610039710999,0.0,5,0.003164662494030024,1684.2394561767578,533235.8986740112,0,215794.12048339844,0.0
2022-12-28,512282.9515480995,765.4727349281311,0.0,5,-0.040464072233887816,-21603.208129882812,511517.4788131714,0,215721.69317626953,0.0
2022-12-29,516788.90461969376,1253.0342888832092,0.0,5,0.008795828668468175,4505.953071594238,515535.87033081055,0,210813.73886108398,0.0
2022-12-30,520779.85164117813,1613.1190667152405,0.0,5,0.007722586506421436,3990.947021484375,519166.7325744629,0,419760.9487915039,0.0
2023-01-03,545455.1848626137,1026.5241389274597,0.0,5,0.047381505147854774,24675.333221435547,544428.6607236862,0,655502.3069639206,0.0
2023-01-04,545195.8128972054,637.9575428962708,0.0,5,-0.00047551471249407395,-259.3719654083252,544557.8553543091,0,442830.3875360489,0.0
2023-01-05,539238.1257023811,1446.4776692390442,0.0,5,-0.010927609959373474,-5957.687194824219,537791.6480331421,0,233840.32273864746,0.0
2023-01-06,545342.3802571297,1359.0137867927551,0.0,5,0.011320146450693791,6104.254554748535,543983.3664703369,0,448238.75218200684,0.0
2023-01-09,566889.2258076668,487.8762593269348,0.0,5,0.039510675000864026,21546.84555053711,566401.3495483398,0,462779.3966522217,0.0
2023-01-10,565105.2898945808,488.3058476448059,0.0,5,-0.003146886255501302,-1783.9359130859375,564616.984046936,0,233139.78226470947,0.0
2023-01-11,563273.0530323982,1295.6314721107483,0.0,5,-0.0032422928876216783,-1832.2368621826172,561977.4215602875,0,679478.2313671112,0.0
2023-01-12,561702.2338032722,535.0952343940735,0.0,5,-0.0027887349140339746,-1570.8192291259766,561167.1385688782,0,458726.17730140686,0.0
2023-01-13,564924.5795369148,776.8622212409973,0.0,5,0.005736750790225953,3222.345733642578,564147.7173156738,0,679283.1742744446,0.0
2023-01-16,582133.3263173103,873.498692035675,0.0,5,0.03046202520432373,17208.746780395508,581259.8276252747,0,931684.9568214417,0.0
2023-01-17,587333.2909779549,906.5564618110657,0.0,5,0.008932600876057961,5199.964660644531,586426.7345161438,0,706415.3074645996,0.0
2023-01-30,607744.9592061043,611.2649464607239,0.0,5,0.03475312661770369,20411.668228149414,607133.6942596436,0,740405.6125679016,0.0
2023-01-31,607661.2087635994,1452.5734639167786,0.0,5,-0.00013780524418383067,-83.75044250488281,606208.6352996826,0,740177.1812896729,0.0
2023-02-01,622608.7716145515,891.319441318512,0.0,5,0.024598514164440033,14947.562850952148,621717.452173233,0,751869.3443546295,0.0
2023-02-02,633406.3255162239,740.4730229377747,0.0,5,0.01734243780997824,10797.553901672363,632665.8524932861,0,517494.91715812683,0.0
2023-02-03,635965.7546391487,1199.431007862091,0.0,5,0.004040738179933445,2559.4291229248047,634766.3236312866,0,765217.0861434937,0.0
2023-02-06,624586.2942891121,1508.709557056427,0.0,5,-0.017893196712287396,-11379.460350036621,623077.5847320557,0,764328.0993804932,0.0
2023-02-07,637353.6994023323,786.4796624183655,0.0,5,0.020441378925472264,12767.405113220215,636567.2197399139,0,512291.347448349,0.0
2023-02-08,666527.0559926033,2213.454430103302,0.0,5,0.04577263239803564,29173.356590270996,664313.6015625,0,541242.0970211029,0.0
2023-02-09,667659.5033802986,1157.8385701179504,0.0,5,0.0016990268849759183,1132.4473876953125,666501.6648101807,0,537131.0681915283,0.0
2023-02-10,660603.8124928474,1616.992775440216,0.0,5,-0.010567798184147548,-7055.690887451172,658986.8197174072,0,537047.80859375,0.0
2023-02-13,646339.8711628914,1288.6679768562317,0.0,5,-0.021592278246366448,-14263.941329956055,645051.2031860352,0,6807.374237060547,0.0
2023-02-14,645680.2534871101,914.4472126960754,0.0,5,-0.0010205430690736206,-659.61767578125,644765.8062744141,0,272427.4282836914,0.0
2023-02-15,650639.4573903084,1346.4052968025208,0.0,5,0.00768058783959269,4959.203903198242,649293.0520935059,0,531536.6390838623,0.0
2023-02-16,653863.0257191658,943.3678479194641,0.0,5,0.004954461787157971,3223.568328857422,652919.6578712463,0,532703.3730201721,0.0
2023-02-17,646883.5736737251,2250.387363910675,0.0,5,-0.010674180632502028,-6979.452045440674,644633.1863098145,0,526230.1382293701,0.0
2023-02-20,652256.4364514351,1074.0805249214172,0.0,5,0.008305764740936139,5372.862777709961,651182.3559265137,0,526655.3590545654,0.0
2023-02-21,666566.7525067329,1041.0575833320618,0.0,5,0.02193970845753901,14310.316055297852,665525.6949234009,0,802613.5551376343,0.0
2023-02-22,654894.4058117867,713.1962475776672,0.0,5,-0.017511144459351646,-11672.346694946289,654181.209564209,0,536680.6667556763,0.0
2023-02-23,678092.5562634468,261.98429346084595,0.0,5,0.03542273417789299,23198.150451660156,677830.571969986,0,558333.3121585846,0.0
2023-02-24,673506.5484662056,595.657238483429,0.0,5,-0.006763100044206216,-4586.007797241211,672910.8912277222,0,551075.779542923,0.0
2023-03-01,695395.7970776558,1941.4031109809875,0.0,5,0.032500424325938804,21889.248611450195,693454.3939666748,0,834217.9832687378,0.0
2023-03-02,694175.137485981,1337.718677997589,0.0,5,-0.001755345080894255,-1220.6595916748047,692837.4188079834,0,563139.8462982178,0.0
2023-03-03,687012.3967938423,1164.9018597602844,0.0,5,-0.010318348072907324,-7162.740692138672,685847.494934082,0,559876.8723907471,0.0
2023-03-06,688113.4066205025,2116.817814350128,0.0,5,0.00160260547232971,1101.0098266601562,685996.5888061523,0,558426.910949707,0.0
2023-03-07,688383.459461689,781.9172711372375,0.0,5,0.0003924539742843347,270.05284118652344,687601.5421905518,0,551283.6462402344,0.0
2023-03-08,699723.8825268745,2230.9560208320618,0.0,5,0.01647399121712434,11340.423065185547,697492.9265060425,0,565641.556312561,0.0
2023-03-09,707731.7893033028,1709.2444424629211,0.0,5,0.011444381100027101,8007.906776428223,706022.5448608398,0,568537.9280700684,0.0
2023-03-10,687613.8006558418,604.6501431465149,0.0,5,-0.028426006788906943,-20117.988647460938,687009.1505126953,0,555993.5794067383,0.0
2023-03-13,674699.375187397,1208.8375821113586,0.0,5,-0.01878150999314898,-12914.425468444824,673490.5376052856,0,561585.273147583,0.0
2023-03-14,661911.6575627327,741.1815457344055,0.0,5,-0.018953208043378633,-12787.717624664307,661170.4760169983,0,538377.5909729004,0.0
2023-03-15,666535.4292302132,1459.3751435279846,0.0,5,0.00698548154372447,4623.771667480469,665076.0540866852,0,548070.8967571259,0.0
2023-03-16,655940.2248187065,1295.999541759491,0.0,5,-0.015895935830062546,-10595.204411506653,654644.225276947,0,790783.5629281998,0.0
2023-03-17,666832.9063715935,273.2725157737732,0.0,5,0.016606210658749454,10892.681552886963,666559.6338558197,0,538557.9054927826,0.0
2023-03-20,671833.1022715569,938.4634222984314,0.0,5,0.007498424046243679,5000.195899963379,670894.6388492584,0,541540.9997329712,0.0
2023-03-21,672018.2628741264,363.79496335983276,0.0,5,0.00027560506016088837,185.16060256958008,671654.4679107666,0,813418.2444133759,0.0
2023-03-22,682237.8749651909,1635.3294939994812,0.0,5,0.015207342799519408,10219.612091064453,680602.5454711914,0,823588.3425445557,0.0
2023-03-23,682021.5032305717,1654.4910922050476,0.0,5,-0.0003171499891151397,-216.37173461914062,680367.0121383667,0,548888.5004501343,0.0
2023-03-24,684118.5782313347,1177.0457606315613,0.0,5,0.003074793083252647,2097.0750007629395,682941.5324707031,0,832389.6252250671,0.0
2023-03-27,684088.2128520012,586.7287669181824,0.0,5,-4.438613465518326e-05,-30.365379333496094,683501.484085083,0,825493.4148483276,0.0
2023-03-28,670058.6690058708,2817.9517664909363,0.0,5,-0.020508384127304935,-14029.543846130371,667240.7172393799,0,813544.6409988403,0.0
2023-03-29,657917.4556117058,1525.0387415885925,0.0,5,-0.01811962736364303,-12141.213394165039,656392.4168701172,0,543439.5411987305,0.0
2023-03-30,669674.7517237663,849.311007976532,0.0,5,0.01787047297769151,11757.296112060547,668825.4407157898,0,546400.7900505066,0.0
2023-03-31,678461.0331721306,2620.376793384552,0.0,5,0.013120222056674624,8786.281448364258,675840.656378746,0,553220.9491453171,0.0
2023-04-06,672525.6648888588,1958.739321231842,0.0,5,-0.008748281762802401,-5935.36828327179,670566.925567627,0,807981.8545322418,0.0
2023-04-07,684079.3130822182,1683.8963332176208,0.0,5,0.017179490384606755,11553.648193359375,682395.4167490005,0,821915.3227853775,0.0
2023-04-10,692255.963198185,784.8660473823547,0.0,5,0.011952780853912603,8176.650115966797,691471.0971508026,0,832448.0684938431,0.0
2023-04-11,694150.3286099434,561.0983242988586,0.0,5,0.0027365100663150344,1894.3654117584229,693589.2302856445,0,838242.582069397,0.0
2023-04-12,692270.2861294746,1456.884304523468,0.0,5,-0.0027084082553610056,-1880.04248046875,690813.4018249512,0,278709.7466125488,0.0
2023-04-13,675292.5433011055,768.3907437324524,0.0,5,-0.024524731406995293,-16977.74282836914,674524.152557373,0,280297.94985961914,0.0
2023-04-14,693520.9069180489,1211.4305157661438,0.0,5,0.02699328431472936,18228.36361694336,692309.4764022827,0,569566.8391342163,0.0
2023-04-17,696189.824028492,1338.7155385017395,0.0,5,0.003848358548127262,2668.9171104431152,694851.1084899902,0,841982.4681892395,0.0
2023-04-18,675261.0417103767,2001.7722821235657,0.0,5,-0.03006189058755726,-20928.782318115234,673259.2694282532,0,543160.4340400696,0.0
2023-04-19,681538.1256184578,2709.444908618927,0.0,5,0.009295788621511036,6277.083908081055,678828.6807098389,0,557023.1677742004,0.0
2023-04-20,682365.9944081306,1728.075523853302,0.0,5,0.0012147064977789945,827.8687896728516,680637.9188842773,0,553615.4188232422,0.0
2023-04-21,658064.2416920662,1198.8312649726868,0.0,5,-0.03561395631554476,-24301.752716064453,656865.4104270935,0,542504.0700035095,0.0
2023-04-24,672589.7625889778,2370.69331407547,0.0,5,0.022073104685892853,14525.520896911621,670219.0692749023,0,813943.019153595,0.0
2023-04-25,648649.5110936165,630.8729939460754,0.0,5,-0.03559413602016315,-23940.251495361328,648018.6380996704,0,789786.0718460083,0.0
2023-04-26,665379.44237566,1433.631805896759,0.0,5,0.025791943100114123,16729.931282043457,663945.8105697632,0,539877.3284378052,0.0
2023-04-27,675456.7065358162,2895.554802417755,0.0,5,0.015145139026502719,10077.26416015625,672561.1517333984,0,539848.8745346069,0.0
2023-04-28,683387.9668507576,2380.2313618659973,0.0,5,0.011742070569730645,7931.260314941406,681007.7354888916,0,560772.5970001221,0.0
2023-05-02,720066.5952801704,1612.5537304878235,0.0,5,0.053671750467656265,36678.62842941284,718454.0415496826,0,880473.2765617371,0.0
2023-05-03,714867.0622601509,849.984760761261,0.0,5,-0.007220905752469253,-5199.533020019531,714017.0774993896,0,870605.2904968262,0.0
2023-05-04,717785.1309857368,915.2553563117981,0.0,5,0.004081973949618067,2918.0687255859375,716869.875629425,0,293763.81145858765,0.0
2023-05-05,712441.9193234444,1364.3591618537903,0.0,5,-0.00744402667544064,-5343.2116622924805,711077.5601615906,0,11750.017288208008,0.0
2023-05-08,717251.9024167061,1061.660957813263,0.0,5,0.006751403816649848,4809.983093261719,716190.2414588928,0,294189.85970306396,0.0
2023-05-09,719309.9214138985,1265.717525959015,0.0,5,0.0028693113120481506,2058.018997192383,718044.2038879395,0,578722.3327522278,0.0
2023-05-10,709644.1661496162,830.2504696846008,0.0,5,-0.013437539197683979,-9665.755264282227,708813.9156799316,0,881676.4933624268,0.0
2023-05-11,701759.6590619087,1404.4080777168274,0.0,5,-0.011110507862676089,-7884.5070877075195,700355.2509841919,0,286985.6081390381,0.0
2023-05-12,722841.3722271919,898.6281476020813,0.0,5,0.030041215525931753,21081.713165283203,721942.7440795898,0,305152.8661880493,0.0
2023-05-15,696888.0477337837,1298.1419606208801,0.0,5,-0.035904591920965734,-25953.324493408203,695589.9057731628,0,297237.72035598755,0.0
2023-05-16,706122.6403431892,1844.2426686286926,0.0,5,0.013251185236187624,9234.592609405518,704278.3976745605,0,12004.600708007812,0.0
2023-05-17,724663.9833836555,1392.2201161384583,0.0,5,0.02625796424181348,18541.34304046631,723271.7632675171,0,582140.8664855957,0.0
2023-05-18,732946.7582402229,1491.0851674079895,0.0,5,0.011429814433294716,8282.774856567383,731455.6730728149,0,593247.702331543,0.0
2023-05-19,764542.3830685616,548.3619046211243,0.0,5,0.04310766706192748,31595.624828338623,763994.0211639404,0,947668.1744117737,0.0
2023-05-22,759653.098751545,1862.771454334259,0.0,5,-0.0063950467956962465,-4889.284317016602,757790.3272972107,0,913135.9699668884,0.0
2023-05-23,781437.4290089607,1281.0376744270325,0.0,5,0.028676681887057853,21784.33025741577,780156.3913345337,0,625482.3303833008,0.0
2023-05-24,777073.8368153572,1310.7043461799622,0.0,5,-0.005584058341225773,-4363.592193603516,775763.1324691772,0,941872.9174499512,0.0
2023-05-25,809545.861389637,978.623016834259,0.0,5,0.04178756642658077,32472.024574279785,808567.2383728027,0,674419.7416992188,0.0
2023-05-26,805339.9857182503,2509.3538060188293,0.0,5,-0.005195351952225535,-4205.875671386719,802830.6319122314,0,660589.2240447998,0.0
2023-05-29,837601.790573597,1145.4252858161926,0.0,5,0.04005985723728056,32261.80485534668,836456.3652877808,0,353413.02715301514,0.0
2023-05-30,843350.117916584,1741.631588459015,0.0,5,0.006862840323025754,5748.327342987061,841608.486328125,0,689259.7216148376,0.0
2023-05-31,833338.8570523262,890.5078091621399,0.0,5,-0.01187082405228057,-10011.260864257812,832448.3492431641,0,343647.26599121094,0.0
2023-06-01,847597.6475338936,2909.9825863838196,0.0,5,0.01711043516199795,14258.790481567383,844687.6649475098,0,681929.3501434326,0.0
2023-06-02,846910.8714261055,1894.1746945381165,0.0,5,-0.0008102619323995253,-686.7761077880859,845016.6967315674,0,369498.8435974121,0.0
2023-06-05,845360.6010251045,1856.7128262519836,0.0,5,-0.0018305000600482568,-1550.2704010009766,843503.8881988525,0,341767.2095794678,0.0
2023-06-06,842545.8944973946,1278.1399502754211,0.0,5,-0.0033295927492915656,-2814.706527709961,841267.7545471191,0,5560.183532714844,0.0
2023-06-07,843629.8116078377,1718.4763073921204,0.0,5,0.0012864784191841672,1083.9171104431152,841911.3353004456,0,349203.78565216064,0.0
2023-06-08,804860.5247998238,2059.3143734931946,0.0,5,-0.04595533049516731,-38769.286808013916,802801.2104263306,0,332311.82678985596,0.0
2023-06-09,839815.890308857,1120.2790112495422,0.0,5,0.04343033908605087,34955.3655090332,838695.6112976074,0,363391.0061416626,0.0
2023-06-12,844263.8242383003,1780.1812024116516,0.0,5,0.005296320277778488,4447.933929443359,842483.6430358887,0,695339.4996643066,0.0
2023-06-13,877265.349873066,2230.631504535675,0.0,5,0.039089114903791744,33001.525634765625,875034.7183685303,0,717547.9646759033,0.0
2023-06-14,894518.8089261055,2996.925793170929,0.0,5,0.019667320789013232,17253.45905303955,891521.8831329346,0,725684.4052505493,0.0
2023-06-15,922249.6539578438,2603.0261273384094,0.0,5,0.03100085180436829,27730.84503173828,919646.6278305054,0,740012.5624923706,0.0
2023-06-16,929699.8253750801,2661.276104450226,0.0,5,0.008078258837250774,7450.171417236328,927038.5492706299,0,746076.070640564,0.0
2023-06-19,942925.7095150948,2110.933392047882,0.0,5,0.014225972490291339,13225.884140014648,940814.7761230469,0,771511.3754272461,0.0
2023-06-20,945080.6950802803,2144.128658771515,0.0,5,0.0022854245498236114,2154.985565185547,942936.5664215088,0,762686.2113494873,0.0
2023-06-21,958714.5322384834,2290.6514859199524,0.0,5,0.01442610903933983,13633.837158203125,956423.8807525635,0,798557.6060791016,0.0
2023-06-26,957690.1331906319,1737.9097867012024,0.0,5,-0.0010685131114678281,-1024.3990478515625,955952.2234039307,0,1153742.1036376953,0.0
2023-06-27,930108.7921566963,2802.4574093818665,0.0,5,-0.028799859242619297,-27581.341033935547,927306.3347473145,0,755125.530166626,0.0
2023-06-28,933673.0229077339,1138.414677143097,0.0,5,0.003832057906659525,3564.2307510375977,932534.6082305908,0,763038.1432113647,0.0
2023-06-29,975028.7200894356,1801.330936908722,0.0,5,0.04429355477456953,41355.69718170166,973227.3891525269,0,783702.9483795166,0.0
2023-06-30,984227.0267834663,1125.6488690376282,0.0,5,0.009433882822638351,9198.306694030762,983101.3779144287,0,417393.0841064453,0.0
2023-07-03,1013395.0757489204,3159.6513409614563,0.0,5,0.029635488735538562,29168.0489654541,1010235.424407959,0,420420.799407959,0.0
2023-07-04,1041922.9794354439,1761.3686108589172,0.0,5,0.02815082130277835,28527.903686523438,1040161.610824585,0,449398.46159362793,0.0
2023-07-05,1026062.9895977974,1078.5680584907532,0.0,5,-0.015221844753093072,-15859.989837646484,1024984.4215393066,0,842610.417892456,0.0
2023-07-06,1028898.9076428413,408.3126950263977,0.0,5,0.0027638829913898544,2835.9180450439453,1028490.5949478149,0,439744.3455886841,0.0
2023-07-07,1032582.443623066,3033.7711453437805,0.0,5,0.0035800757031256847,3683.5359802246094,1029548.6724777222,0,429385.0697479248,0.0
2023-07-10,1040576.4003796577,1302.838894367218,0.0,5,0.007741712834612002,7993.956756591797,1039273.5614852905,0,845313.6474609375,0.0
2023-07-11,1071371.5499920845,875.1500363349915,0.0,5,0.029594318688364485,30795.149612426758,1070496.3999557495,0,464899.0736236572,0.0
2023-07-12,1105993.5674023628,2400.3240246772766,0.0,5,0.03231560275287704,34622.01741027832,1103593.2433776855,0,476947.17641448975,0.0
2023-07-13,1123559.1000180244,459.40579652786255,0.0,5,0.015882129094943576,17565.53261566162,1123099.6942214966,0,54692.28094482422,0.0
2023-07-14,1175776.7987561226,2881.437885761261,0.0,5,0.04647525772098726,52217.698738098145,1172895.3608703613,0,1421750.7532806396,0.0
2023-07-17,1155894.1286511421,364.1548352241516,0.0,5,-0.01691024191497459,-19882.67010498047,1155529.973815918,0,940098.3961486816,0.0
2023-07-18,1152703.4538006783,2062.467152118683,0.0,5,-0.002760352156288892,-3190.674850463867,1150640.9866485596,0,947634.6454467773,0.0
2023-07-19,1129089.3100476265,894.0941662788391,0.0,5,-0.02048587923909795,-23614.143753051758,1128195.2158813477,0,915843.7386474609,0.0
2023-07-20,1167681.3698391914,1688.763111591339,0.0,5,0.03417981150661764,38592.05979156494,1165992.6067276,0,952298.1021270752,0.0
2023-07-21,1218628.7595334053,411.1656002998352,0.0,5,0.04363124308580013,50947.38969421387,1218217.5939331055,0,1460740.8470077515,0.0
2023-07-24,1257277.043987751,2390.797260761261,0.0,5,0.03171456783043891,38648.2844543457,1254886.2467269897,0,1512535.005973816,0.0
2023-07-25,1238918.246532917,2710.8836789131165,0.0,5,-0.014602030270595479,-18358.797454833984,1236207.362854004,0,517384.8172225952,0.0
2023-07-26,1234941.1915097237,1833.2942929267883,0.0,5,-0.0032101028734728976,-3977.0550231933594,1233107.8972167969,0,517442.7934265137,0.0
2023-07-27,1222485.2046322823,642.2225918769836,0.0,5,-0.010086299625501893,-12455.986877441406,1221842.9820404053,0,992974.5314178467,0.0
2023-07-28,1235441.8531155586,978.4764676094055,0.0,5,0.010598613737148321,12956.648483276367,1234463.3766479492,0,1501984.9026794434,0.0
2023-07-31,1165473.2588162422,3663.4166226387024,0.0,5,-0.056634469783315544,-69968.5942993164,1161809.8421936035,0,972939.6191711426,0.0
2023-08-01,1119934.6494412422,705.0876049995422,0.0,5,-0.039073062406642434,-45538.609375,1119229.5618362427,0,28896.977821350098,0.0
2023-08-02,1035236.587826252,2865.406193256378,0.0,5,-0.07562768207702819,-84698.06161499023,1032371.1816329956,0,33505.49464416504,0.0
2023-08-04,1020755.5213665962,2103.654392719269,0.0,5,-0.013988171042198738,-14481.066459655762,1018651.866973877,0,433261.62338256836,0.0
2023-08-07,1083971.2269177437,349.90072298049927,0.0,5,0.06193030968523572,63215.70555114746,1083621.3261947632,0,1298658.6223526,0.0
2023-08-08,1101372.291771412,1113.7541127204895,0.0,5,0.016053068957510908,17401.064853668213,1100258.5376586914,0,890854.9040794373,0.0
2023-08-09,1077863.0246510506,2463.6879200935364,0.0,5,-0.021345431781790825,-23509.267120361328,1075399.336730957,0,460453.4487915039,0.0
2023-08-10,993386.2288899422,1326.4966969490051,0.0,5,-0.0783743331286989,-84476.7957611084,992059.7321929932,0,18280.068267822266,0.0
2023-08-11,1007914.4683156013,1071.5722889900208,0.0,5,0.01462496560063431,14528.23942565918,1006842.8960266113,0,824059.5613708496,0.0
2023-08-14,994483.2873463631,877.7518696784973,0.0,5,-0.013325715019930295,-13431.180969238281,993605.5354766846,0,805482.4161224365,0.0
2023-08-15,1012865.2702870369,917.0504612922668,0.0,5,0.018483953601395875,18381.982940673828,1011948.2198257446,0,825082.7503128052,0.0
2023-08-16,1054400.8633580208,709.6289830207825,0.0,5,0.04100801388837527,41535.59307098389,1053691.234375,0,1263800.9472351074,0.0
2023-08-17,1062435.2978100777,378.85641717910767,0.0,5,0.0076199050392173895,8034.434452056885,1062056.4413928986,0,1279813.6373195648,0.0
2023-08-18,1041875.1357598305,818.801332950592,0.0,5,-0.01935191921110524,-20560.162050247192,1041056.3344268799,0,1275015.6608886719,0.0
2023-08-21,1038856.1628441811,484.39865350723267,0.0,5,-0.0028976340945574552,-3018.972915649414,1038371.7641906738,0,425882.4899597168,0.0
2023-08-22,1051636.6413445473,746.0242142677307,0.0,5,0.012302452406284914,12780.478500366211,1050890.6171302795,0,864896.4667549133,0.0
2023-08-23,1056873.3554787636,1229.4326577186584,0.0,5,0.004979585085130855,5236.714134216309,1055643.922821045,0,860586.1187705994,0.0
2023-08-24,1054633.8292336464,312.1102089881897,0.0,5,-0.002119010980367375,-2239.5262451171875,1054321.7190246582,0,442421.5930786133,0.0
2023-08-25,996117.1182045937,2207.0800728797913,0.0,5,-0.055485334726626534,-58516.711029052734,993910.0381317139,0,827742.3386993408,0.0
2023-08-28,981811.2315926552,853.4480538368225,0.0,5,-0.014361651205958115,-14305.886611938477,980957.7835388184,0,4541.6787109375,0.0
2023-08-29,998582.1921029091,345.2382378578186,0.0,5,0.017081654772933108,16770.960510253906,998236.9538650513,0,412483.491065979,0.0
2023-08-30,1014925.2823204994,1567.6355156898499,0.0,5,0.016366294479148946,16343.090217590332,1013357.6468048096,0,413514.1099243164,0.0
2023-08-31,1007724.4998803139,1061.1712441444397,0.0,5,-0.007094889215609856,-7200.782440185547,1006663.3286361694,0,438006.1402206421,0.0
2023-09-01,967541.8381447792,2378.1722207069397,0.0,5,-0.03987465000633317,-40182.66173553467,965163.6659240723,0,404287.18798828125,0.0
2023-09-04,986678.7783303261,740.3895211219788,0.0,5,0.019778927826254122,19136.940185546875,985938.3888092041,0,400509.50773620605,0.0
2023-09-05,984574.0440926552,1211.495523929596,0.0,5,-0.002133150407098605,-2104.7342376708984,983362.5485687256,0,399087.8091278076,0.0
2023-09-06,1002798.3329796791,594.3157525062561,0.0,5,0.018509820562879753,18224.288887023926,1002204.0172271729,0,807467.2209091187,0.0
2023-09-07,990112.3484864235,536.8198609352112,0.0,5,-0.012650583946984595,-12685.984493255615,989575.5286254883,0,801787.0228462219,0.0
2023-09-08,975068.0280518532,2022.1255249977112,0.0,5,-0.015194558938254277,-15044.320434570312,973045.9025268555,0,11353.018798828125,0.0
2023-09-11,938356.4416108131,511.6284394264221,0.0,5,-0.037650282221219245,-36711.58644104004,937844.8131713867,0,391913.15992736816,0.0
2023-09-12,924420.7343201637,511.9008240699768,0.0,5,-0.014851187323579262,-13935.707290649414,923908.8334960938,0,385837.7717437744,0.0
2023-09-13,937347.4060120583,367.0410370826721,0.0,5,0.013983537162221893,12926.671691894531,936980.3649749756,0,756317.9273529053,0.0
2023-09-14,961589.1729340553,1371.7114930152893,0.0,5,0.025862094210228337,24241.76692199707,960217.46144104,0,773568.0137786865,0.0
2023-09-15,963434.4859223366,2849.9015412330627,0.0,5,0.0019190242987561223,1845.31298828125,960584.5843811035,0,777040.5590362549,0.0
2023-09-18,928535.9564728737,2797.460241794586,0.0,5,-0.03622304366243756,-34898.52944946289,925738.4962310791,0,17544.117385864258,0.0
2023-09-19,916044.6803956032,884.4326691627502,0.0,5,-0.01345265736904766,-12491.276077270508,915160.2477264404,0,739240.0071868896,0.0
2023-09-20,904534.6679902077,3865.6793427467346,0.0,5,-0.012564902839045766,-11510.012405395508,900668.9886474609,0,371236.39559936523,0.0
2023-09-21,892873.1830048561,2564.996641635895,0.0,5,-0.012892247691580816,-11661.484985351562,890308.1863632202,0,21059.22696685791,0.0
2023-09-22,925558.9839463234,812.966070652008,0.0,5,0.03660743940305977,32685.800941467285,924746.0178756714,0,1114102.654411316,0.0
2023-09-25,930591.5098443031,341.5846047401428,0.0,5,0.00543728275049804,5032.525897979736,930249.925239563,0,748073.3690757751,0.0
2023-09-26,917755.8923974037,779.5296273231506,0.0,5,-0.013792966420945518,-12835.617446899414,916976.3627700806,0,736468.941986084,0.0
2023-09-27,925729.1984124184,562.2020516395569,0.0,5,0.008687828736448022,7973.306015014648,925166.9963607788,0,388804.9454345703,0.0
2023-09-28,921798.5260186195,410.88128900527954,0.0,5,-0.004246028320744055,-3930.672393798828,921387.6447296143,0,377843.09938812256,0.0
2023-10-02,974014.2860589027,580.5752968788147,0.0,5,0.05664552347009111,52215.7600402832,973433.7107620239,0,1168396.2178115845,0.0
2023-10-03,957629.1860527992,563.9605813026428,0.0,5,-0.016822237867168854,-16385.100006103516,957065.2254714966,0,778226.1557617188,0.0
2023-10-04,956125.9414162636,409.8033699989319,0.0,5,-0.001569756497012964,-1503.2446365356445,955716.1380462646,0,1154226.4316101074,0.0
2023-10-05,970603.2517495155,2205.44890832901,0.0,5,0.015141635328717706,14477.310333251953,968397.8028411865,0,1165379.0930786133,0.0
2023-10-06,982232.9346718788,605.599054813385,0.0,5,0.011981912178226084,11629.682922363281,981627.3356170654,0,796549.6106262207,0.0
2023-10-11,964262.0164589882,1717.1118264198303,0.0,5,-0.018295984158680167,-17970.918212890625,962544.9046325684,0,1186146.596572876,0.0
2023-10-12,976068.5820260048,469.03353357315063,0.0,5,0.012244146679523116,11806.565567016602,975599.5484924316,0,406603.6530609131,0.0
2023-10-13,952421.8655877113,2495.458300113678,0.0,5,-0.024226490713603832,-23646.716438293457,949926.4072875977,0,773844.2455215454,0.0
2023-10-16,941691.2116494179,1671.6001381874084,0.0,5,-0.011266702630427172,-10730.653938293457,940019.6115112305,0,388208.5823287964,0.0
2023-10-17,918357.0810036659,2706.6536660194397,0.0,5,-0.02477896189015194,-23334.130645751953,915650.4273376465,0,389139.1500854492,0.0
2023-10-18,876534.5086236,3057.558008670807,0.0,5,-0.045540643443788054,-41822.57238006592,873476.9506149292,0,12821.555709838867,0.0
2023-10-19,890302.6837182045,1411.256899356842,0.0,5,0.015707510610420083,13768.175094604492,888891.4268188477,0,365202.7166366577,0.0
2023-10-20,886801.0448174477,3351.2892327308655,0.0,5,-0.00393308811126214,-3501.638900756836,883449.7555847168,0,359559.50148010254,0.0
2023-10-23,864852.541323185,1740.4977059364319,0.0,5,-0.024750200309902493,-21948.503494262695,863112.0436172485,0,25794.032691955566,0.0
2023-10-24,902807.7724022865,1873.234926700592,0.0,5,0.04388636127614509,37955.23107910156,900934.5374755859,0,373721.15657806396,0.0
2023-10-25,912762.4254784584,290.5521683692932,0.0,5,0.011026326290571875,9954.653076171875,912471.8733100891,0,743702.3272895813,0.0
2023-10-26,888007.6197781563,1035.6752743721008,0.0,5,-0.027120754546097747,-24754.805700302124,886971.9445037842,0,719101.682767868,0.0
2023-10-27,914530.0553708076,845.7648358345032,0.0,5,0.029867351362679928,26522.435592651367,913684.2905349731,0,1102207.761024475,0.0
2023-10-30,920687.4751095772,387.36280488967896,0.0,5,0.006732878490552041,6157.419738769531,920300.1123046875,0,754879.6801223755,0.0
2023-10-31,904076.8167614937,3119.4064831733704,0.0,5,-0.018041581749666524,-16610.658348083496,900957.4102783203,0,1107976.2853012085,0.0
2023-11-01,915610.5386853218,863.7605175971985,0.0,5,0.012757457895163471,11533.721923828125,914746.7781677246,0,374459.1003112793,0.0
2023-11-02,952013.4198498726,379.67177629470825,0.0,5,0.039758040811565865,36402.88116455078,951633.7480735779,0,761857.915309906,0.0
2023-11-03,972342.0459218025,947.430992603302,0.0,5,0.021353297808696547,20328.62607192993,971394.6149291992,0,802308.8463745117,0.0
2023-11-06,996368.7191777229,1457.9881901741028,0.0,5,0.024710104182672277,24026.67325592041,994910.7309875488,0,801632.8070907593,0.0
2023-11-07,996840.2040295601,805.0089173316956,0.0,5,0.0004732031854897123,471.4848518371582,996035.1951122284,0,809841.0152225494,0.0
2023-11-08,1014256.3358807564,2121.9433484077454,0.0,5,0.01747133771370235,17416.13185119629,1012134.3925323486,0,1621004.1228160858,0.0
2023-11-09,1028487.9606671333,742.6974759101868,0.0,5,0.014031585786465461,14231.624786376953,1027745.2631912231,0,1242922.565208435,0.0
2023-11-10,1019524.2453427315,2117.240963459015,0.0,5,-0.008715430483588249,-8963.715324401855,1017407.0043792725,0,820768.360748291,0.0
2023-11-13,1039886.855694294,688.0594830513,0.0,5,0.019972659252176284,20362.6103515625,1039198.7962112427,0,443153.614402771,0.0
2023-11-14,1034558.6044583321,745.7976269721985,0.0,5,-0.005123875935910793,-5328.251235961914,1033812.8068313599,0,429005.03828430176,0.0
2023-11-15,1044923.6208539009,1232.264332294464,0.0,5,0.01001878129561895,10365.016395568848,1043691.3565216064,0,847131.3846435547,0.0
2023-11-16,1033646.7363324165,3141.9294476509094,0.0,5,-0.010792065847137211,-11276.884521484375,1030504.8068847656,0,418324.88679504395,0.0
2023-11-17,1044894.1834149361,2364.8032422065735,0.0,5,0.01088132597644309,11247.447082519531,1042529.3801727295,0,431426.9579925537,0.0
2023-11-20,1045951.7112698555,2153.209614276886,0.0,5,0.0010120908621227276,1057.5278549194336,1043798.5016555786,0,847975.3005523682,0.0
2023-11-21,1053196.7611660957,1079.3697476387024,0.0,5,0.00692675370973328,7245.049896240234,1052117.391418457,0,433954.08878326416,0.0
2023-11-22,1044843.5408596992,2979.3984036445618,0.0,5,-0.007931300792406337,-8353.220306396484,1041864.1424560547,0,436651.08114624023,0.0
2023-11-23,1027489.5396695137,2570.6820340156555,0.0,5,-0.01660918645858367,-17354.001190185547,1024918.857635498,0,416548.7999267578,0.0
2023-11-24,1023298.5692105293,4036.6354031562805,0.0,5,-0.004078844890559541,-4190.970458984375,1019261.933807373,0,422322.0041503906,0.0
2023-11-27,988908.0307278633,3881.3230862617493,0.0,5,-0.03360753109348935,-34390.538482666016,985026.7076416016,0,3283.4807739257812,0.0
2023-11-28,1016596.4504208565,3018.9726452827454,0.0,5,0.027998983558272572,27688.419692993164,1013577.4777755737,0,419784.13401031494,0.0
2023-11-29,1031872.7774472237,3427.746319293976,0.0,5,0.015026933273319054,15276.327026367188,1028445.0311279297,0,840876.4038009644,0.0
2023-11-30,1039683.5257382393,2506.564838886261,0.0,5,0.007569487694344401,7810.748291015625,1037176.960899353,0,844237.5640487671,0.0
2023-12-01,1049327.494656086,619.6571774482727,0.0,5,0.009275869703714745,9643.96891784668,1048707.8374786377,0,858795.2480697632,0.0
2023-12-04,1036426.7587704659,1968.9266781806946,0.0,5,-0.01229428939136712,-12900.735885620117,1034457.8320922852,0,433147.1491394043,0.0
2023-12-05,1034751.7851681709,2808.242832660675,0.0,5,-0.001616104165702903,-1674.9736022949219,1031943.5423355103,0,20545.5347366333,0.0
2023-12-06,1045960.5100445747,1495.313129901886,0.0,5,0.010832283681039723,11208.724876403809,1044465.1969146729,0,854212.7502593994,0.0
2023-12-07,1040606.9591259956,2049.540394306183,0.0,5,-0.005118310746120791,-5353.550918579102,1038557.4187316895,0,15797.193389892578,0.0
2023-12-08,1060032.6957287788,3354.7920727729797,0.0,5,0.01866769814714564,19425.736602783203,1056677.9036560059,0,861829.4634094238,0.0
2023-12-11,1068449.496822834,3052.434666156769,0.0,5,0.007940133476985523,8416.801094055176,1065397.0621566772,0,450395.58055114746,0.0
2023-12-12,1062290.8502850533,1141.0261273384094,0.0,5,-0.005764096998589263,-6158.646537780762,1061149.8241577148,0,433454.79458618164,0.0
2023-12-13,1063578.6762738228,2525.185661792755,0.0,5,0.001212310158205776,1287.8259887695312,1061053.49061203,0,867454.6789665222,0.0
2023-12-14,1069906.3516812325,3575.2380604743958,0.0,5,0.005949419209473339,6327.675407409668,1066331.113620758,0,446695.9786682129,0.0
2023-12-15,1074964.6001706123,2183.539722919464,0.0,5,0.004727748817858091,5058.248489379883,1072781.0604476929,0,452244.9514884949,0.0
2023-12-18,1059211.1117596626,2763.7792096138,0.0,5,-0.014654890410762733,-15753.488410949707,1056447.3325500488,0,436982.6223602295,0.0
2023-12-19,1048666.5249676704,2084.5820965766907,0.0,5,-0.009955132338514194,-10544.586791992188,1046581.9428710938,0,431029.66079711914,0.0
2023-12-20,1071461.4094891548,3622.0627484321594,0.0,5,0.021737019327652485,22794.884521484375,1067839.3467407227,0,443161.40313720703,0.0
2023-12-21,1095372.4132122993,1664.6506009101868,0.0,5,0.022316252840636208,23911.00372314453,1093707.7626113892,0,897055.8337783813,0.0
2023-12-22,1095063.551952839,711.5568814277649,0.0,5,-0.00028196917845935143,-308.8612594604492,1094351.9950714111,0,892697.3488464355,0.0
2023-12-25,1102101.1511807442,1389.5733304023743,0.0,5,0.006426658265956453,7037.599227905273,1100711.5778503418,0,1332770.9967346191,0.0
2023-12-26,1119309.2974743843,1458.2605481147766,0.0,5,0.015613944577776762,17208.146293640137,1117851.0369262695,0,900527.5073013306,0.0
2023-12-27,1134476.7371373177,3398.602135181427,0.0,5,0.013550713549112192,15167.43966293335,1131078.1350021362,0,914105.0588645935,0.0
2023-12-28,1138829.7867131233,3732.256157398224,0.0,5,0.0038370549463975223,4353.049575805664,1135097.530555725,0,35205.4850769043,0.0
2023-12-29,1146953.6216511726,3923.7327122688293,0.0,5,0.007133493549985381,8123.834938049316,1143029.8889389038,0,465471.7060623169,0.0
2024-01-02,1132282.110985279,1565.9593358039856,0.0,5,-0.01279172094576253,-14671.510665893555,1130716.151649475,0,935755.7983703613,0.0
2024-01-03,1103279.7905278206,2461.0857548713684,0.0,5,-0.02561404103807796,-29002.320457458496,1100818.7047729492,0,906228.6253204346,0.0
2024-01-04,1088706.7395939827,1620.2578206062317,0.0,5,-0.013208844265030883,-14573.05093383789,1087086.4817733765,0,441321.05376434326,0.0
2024-01-05,1092535.23345232,3218.558693408966,0.0,5,0.003516551996146422,3828.4938583374023,1089316.6747589111,0,1319907.9819335938,0.0
2024-01-08,1097830.2065815926,2307.6523060798645,0.0,5,0.00484650102545503,5294.973129272461,1095522.5542755127,0,1320400.4633331299,0.0
2024-01-09,1076263.5452504158,2605.080765247345,0.0,5,-0.01964480591067963,-21566.661331176758,1073658.4644851685,0,878940.7650375366,0.0
2024-01-10,1083065.1092915535,4796.736767292023,0.0,5,0.006319608307048252,6801.564041137695,1078268.3725242615,0,883165.5871620178,0.0
2024-01-11,1091518.6165738106,814.5797543525696,0.0,5,0.007805169984458793,8453.50728225708,1090704.036819458,0,887011.111114502,0.0
2024-01-12,1089693.8365368843,4445.635899066925,0.0,5,-0.0016717809565668373,-1824.7800369262695,1085248.2006378174,0,879601.4630050659,0.0
2024-01-15,1071134.907345295,2652.2308049201965,0.0,5,-0.017031324367742462,-18558.929191589355,1068482.6765403748,0,445469.8552207947,0.0
2024-01-16,1069925.3627171516,4511.1863560676575,0.0,5,-0.0011292178229360683,-1209.5446281433105,1065414.176361084,0,866660.5248565674,0.0
2024-01-17,1051101.0229039192,5608.4409947395325,0.0,5,-0.017594068211848612,-18824.339813232422,1045492.5819091797,0,843788.8674316406,0.0
2024-01-18,1071374.9242863655,490.90781450271606,0.0,5,0.019288251976422588,20273.90138244629,1070884.0164718628,0,1286643.881614685,0.0
2024-01-19,1101131.7026410103,1033.4434094429016,0.0,5,0.027774383812898762,29756.778354644775,1100098.2592315674,0,1355494.0161018372,0.0
2024-01-22,1107139.3203549385,3518.2927021980286,0.0,5,0.00545585755048128,6007.617713928223,1103621.0276527405,0,894693.4534111023,0.0
2024-01-23,1104480.8175168037,2911.257118701935,0.0,5,-0.0024012360407201783,-2658.5028381347656,1101569.5603981018,0,894561.1600952148,0.0
2024-01-24,1093068.8721928596,1706.3425068855286,0.0,5,-0.01033240699426674,-11411.945323944092,1091362.5296859741,0,454520.3103027344,0.0
2024-01-25,1075344.313114643,1478.1870694160461,0.0,5,-0.016215409229116906,-17724.559078216553,1073866.126045227,0,450953.246509552,0.0
2024-01-26,1069493.255833149,765.4564862251282,0.0,5,-0.005441101245560187,-5851.057281494141,1068727.7993469238,0,855832.7341384888,0.0
2024-01-29,1084474.5930218697,2667.517963886261,0.0,5,0.014007883740276617,14981.337188720703,1081807.0750579834,0,1314374.7899627686,0.0
2024-01-30,1087878.4905552864,1113.9389424324036,0.0,5,0.003138752678319312,3403.897533416748,1086764.551612854,0,873520.5287361145,0.0
2024-01-31,1072163.6677937508,1628.6835713386536,0.0,5,-0.014445384202342648,-15714.822761535645,1070534.984222412,0,441252.1484375,0.0
2024-02-01,1077910.915421009,1602.8695034980774,0.0,5,0.005360420055162685,5747.247627258301,1076308.045917511,0,441886.5001411438,0.0
2024-02-02,1098720.2398266792,1279.2310910224915,0.0,5,0.019305235811201138,20809.324405670166,1097441.0087356567,0,910762.9025726318,0.0
2024-02-05,1087744.7280964851,841.1459851264954,0.0,5,-0.009989359740861237,-10975.511730194092,1086903.5821113586,0,873541.4672622681,0.0
2024-02-15,1098383.7059445381,2224.033977985382,0.0,5,0.009780767098426457,10638.977848052979,1096159.6719665527,0,450768.39545440674,0.0
2024-02-16,1111295.222290516,3606.8335270881653,0.0,5,0.011755014459973845,12911.516345977783,1107688.3887634277,0,902678.5314826965,0.0
2024-02-19,1097759.4972844124,2016.8512196540833,0.0,5,-0.01218013425649822,-13535.725006103516,1095742.6460647583,0,14669.908699035645,0.0
2024-02-20,1100176.3551106453,1009.4645619392395,0.0,5,0.002201627799360173,2416.85782623291,1099166.890548706,0,454408.97772216797,0.0
2024-02-21,1076414.4380421638,3460.3988575935364,0.0,5,-0.02159828009218734,-23761.917068481445,1072954.0391845703,0,446932.0495300293,0.0
2024-02-22,1081900.947502613,2110.570557117462,0.0,5,0.005097023290052016,5486.509460449219,1079790.3769454956,0,447580.82988739014,0.0
2024-02-23,1074194.1277241707,4143.61909532547,0.0,5,-0.00712340607172246,-7706.819778442383,1070050.5086288452,0,446412.76135253906,0.0
2024-02-26,1086228.4077687263,2094.6046986579895,0.0,5,0.011203077482886625,12034.280044555664,1084133.8030700684,0,440826.83179473877,0.0
2024-02-27,1079006.8174061775,4735.433708667755,0.0,5,-0.006648316607170135,-7221.590362548828,1074271.3836975098,0,881468.765838623,0.0
2024-02-29,1141676.8545918465,2153.4530415534973,0.0,5,0.058081224487831706,62670.037185668945,1139523.401550293,0,1366811.5814666748,0.0
2024-03-01,1153874.9898152351,1754.7442708015442,0.0,5,0.010684402661162329,12198.135223388672,1152120.2455444336,0,1400081.0412902832,0.0
2024-03-04,1170118.1494488716,2842.874622821808,0.0,5,0.014077053213743307,16243.159633636475,1167275.2748260498,0,1426144.9106636047,0.0
2024-03-05,1192747.3546795845,3097.2528500556946,0.0,5,0.019339248127525632,22629.20523071289,1189650.1018295288,0,977055.6603622437,0.0
2024-03-06,1166185.7703061104,3995.4913449287415,0.0,5,-0.022269246097476825,-26561.58437347412,1162190.2789611816,0,469285.7651062012,0.0
2024-03-07,1158164.5513272285,5281.699810504913,0.0,5,-0.006878165711777129,-8021.218978881836,1152882.8515167236,0,485278.11337280273,0.0
2024-03-08,1137383.4373364449,1413.6024556159973,0.0,5,-0.017943144579040227,-20781.11399078369,1135969.8348808289,0,18202.28619003296,0.0
2024-03-11,1143242.136074543,3649.6089749336243,0.0,5,0.005151032225173102,5858.6987380981445,1139592.5270996094,0,935330.3646736145,0.0
2024-03-12,1135026.7499966621,2780.3548550605774,0.0,5,-0.007186042062873321,-8215.38607788086,1132246.3951416016,0,931239.0422668457,0.0
2024-03-13,1075422.754269123,3823.179142475128,0.0,5,-0.05251329603263921,-59603.99572753906,1071599.575126648,0,462027.88945770264,0.0
2024-03-14,1101519.483227253,859.2745022773743,0.0,5,0.0242664839055462,26096.728958129883,1100660.2087249756,0,909667.5174484253,0.0
2024-03-15,1095521.0044369698,3040.396465778351,0.0,5,-0.0054456402102927015,-5998.478790283203,1092480.6079711914,0,883089.8414459229,0.0
2024-03-18,1102140.353008747,4134.396923542023,0.0,5,0.006042192294778648,6619.348571777344,1098005.956085205,0,454747.2473449707,0.0
2024-03-19,1065858.3282895088,2236.107433795929,0.0,5,-0.03291960467665622,-36282.02471923828,1063622.220855713,0,456056.5122680664,0.0
2024-03-20,1064281.3489804268,3974.8285641670227,0.0,5,-0.0014795393226534337,-1576.9793090820312,1060306.5204162598,0,15500.728210449219,0.0
2024-03-21,1067302.4303097725,2292.816406726837,0.0,5,0.0028386115496996656,3021.081329345703,1065009.6139030457,0,434191.4885978699,0.0
2024-03-22,1089192.7857365608,5209.557922840118,0.0,5,0.020509983679541488,21890.35542678833,1083983.2278137207,0,438006.21099853516,0.0
2024-03-25,1071824.646179676,3127.8094182014465,0.0,5,-0.01594588192680657,-17368.139556884766,1068696.8367614746,0,441972.6901550293,0.0
2024-03-26,1053517.3000798225,3621.0872654914856,0.0,5,-0.017080542199796156,-18307.346099853516,1049896.212814331,0,430736.21800231934,0.0
2024-03-27,1028372.8070073128,1631.0420079231262,0.0,5,-0.023867185731648255,-25144.493072509766,1026741.7649993896,0,430988.20849609375,0.0
2024-03-28,1023222.45484972,2600.683090686798,0.0,5,-0.005008253935244511,-5150.352157592773,1020621.7717590332,0,421874.00985717773,0.0
2024-03-29,1043729.7161412239,3434.1609654426575,0.0,5,0.020041840554130275,20507.261291503906,1040295.5551757812,0,440927.7472229004,0.0
2024-04-01,1061842.7247776985,4026.3732991218567,0.0,5,0.017354117983188422,18113.00863647461,1057816.3514785767,0,849659.1317214966,0.0
2024-04-02,1067846.7733311653,3181.0321202278137,0.0,5,0.005654367085976775,6004.048553466797,1064665.7412109375,0,887344.6910476685,0.0
2024-04-03,1088212.910294056,1850.9905552864075,0.0,5,0.019072152926358665,20366.136962890625,1086361.9197387695,0,459078.2202758789,0.0
2024-04-08,1054946.695007801,2800.757477283478,0.0,5,-0.030569583370652853,-33266.21528625488,1052145.9375305176,0,450291.596572876,0.0
2024-04-09,1057889.5343327522,4521.225815296173,0.0,5,0.0027895621066706955,2942.839324951172,1053368.308517456,0,869478.8602752686,0.0
2024-04-10,1045581.7677464485,891.8070073127747,0.0,5,-0.011634264435810504,-12307.766586303711,1044689.9607391357,0,433100.012802124,0.0
2024-04-11,1039130.0689854622,3406.6114048957825,0.0,5,-0.006170439232975222,-6451.698760986328,1035723.4575805664,0,430162.46965026855,0.0
2024-04-12,1026963.2682042122,3351.093933582306,0.0,5,-0.011708640856797459,-12166.80078125,1023612.1742706299,0,849135.3982086182,0.0
2024-04-15,1000045.2307896614,2575.197235584259,0.0,5,-0.026211295231250764,-26918.03741455078,997470.0335540771,0,434939.0496520996,0.0
2024-04-16,986120.6551060677,2889.7413029670715,0.0,5,-0.01392394589252588,-13924.57568359375,983230.9138031006,0,419299.0838623047,0.0
2024-04-17,1012338.2409672737,3378.4813237190247,0.0,5,0.026586590317780212,26217.585861206055,1008959.7596435547,0,1218910.2180480957,0.0
2024-04-18,1031417.7159276009,3940.683304309845,0.0,5,0.018846936911221412,19079.47496032715,1027477.032623291,0,835311.8702545166,0.0
2024-04-19,987095.3092045784,4794.961655139923,0.0,5,-0.04297231474559393,-44322.40672302246,982300.3475494385,0,1190838.403137207,0.0
2024-04-22,953996.5887150764,4020.3929600715637,0.0,5,-0.033531433267749544,-33098.72048950195,949976.1957550049,0,16968.07290649414,0.0
2024-04-23,978732.2024998665,1406.1988377571106,0.0,5,0.025928409050294476,24735.61378479004,977326.0036621094,0,408763.02865600586,0.0
2024-04-24,1036177.3703465462,2484.9330830574036,0.0,5,0.05869344821796396,57445.16784667969,1033692.4372634888,0,421337.95374298096,0.0
2024-04-25,1024833.1590428352,2495.082230091095,0.0,5,-0.010948136514424056,-11344.211303710938,1022338.0768127441,0,837784.4001846313,0.0
2024-04-26,1064059.509903431,1228.7013401985168,0.0,5,0.03827584081806257,39226.3508605957,1062830.8085632324,0,858687.270904541,0.0
2024-04-29,1082232.0228276253,2242.053223133087,0.0,5,0.01707847423481379,18172.512924194336,1079989.9696044922,0,1303175.351638794,0.0
2024-04-30,1081208.5710377693,1763.1432423591614,0.0,5,-0.0009456861082172141,-1023.451789855957,1079445.4277954102,0,434190.56633758545,0.0
2024-05-02,1071650.7249684334,3499.8895802497864,0.0,5,-0.008839965132871774,-9557.846069335938,1068150.8353881836,0,871627.2463989258,0.0
2024-05-03,1065481.3904805183,2912.4014134407043,0.0,5,-0.005756851877365854,-6169.334487915039,1062568.9890670776,0,434719.4097061157,0.0
2024-05-06,1056283.954193592,2543.238380908966,0.0,5,-0.00863218857607484,-9197.43628692627,1053740.715812683,0,898957.9558486938,0.0
2024-05-07,1059926.720234394,3998.183521747589,0.0,5,0.0034486617223898897,3642.766040802002,1055928.5367126465,0,870036.4004020691,0.0
2024-05-08,1047094.9643521309,3839.1887249946594,0.0,5,-0.012106267006294136,-12831.755882263184,1043255.7756271362,0,453022.6473236084,0.0
2024-05-09,1027271.0397458076,2599.873417377472,0.0,5,-0.018932308225346972,-19823.924606323242,1024671.1663284302,0,429902.60946655273,0.0
2024-05-10,1027667.0977063179,3543.235737323761,0.0,5,0.00038554378074184825,396.0579605102539,1024123.8619689941,0,836299.6531524658,0.0
2024-05-13,1036098.3668408394,1577.0599331855774,0.0,5,0.008204280504201744,8431.269134521484,1034521.3069076538,0,849659.5934066772,0.0
2024-05-14,1057894.976547718,1962.275848865509,0.0,5,0.021037201104117775,21796.609706878662,1055932.7006988525,0,1275238.6043128967,0.0
2024-05-15,1080028.8387761116,3310.0723881721497,0.0,5,0.02092255159451084,22133.862228393555,1076718.7663879395,0,877180.5950622559,0.0
2024-05-16,1092606.7381596565,636.5621037483215,0.0,5,0.01164589215765588,12577.899383544922,1091970.1760559082,0,907437.820526123,0.0
2024-05-17,1096512.4133152962,1778.601288318634,0.0,5,0.0035746394555631333,3905.6751556396484,1094733.8120269775,0,1324824.8788146973,0.0
2024-05-20,1084592.184158802,1796.508240222931,0.0,5,-0.010871038951992706,-11920.22915649414,1082795.675918579,0,454672.5400695801,0.0
2024-05-21,1074222.1672673225,1251.002655506134,0.0,5,-0.009561213000555013,-10370.016891479492,1072971.1646118164,0,870249.6903381348,0.0
2024-05-22,1108952.6270604134,4353.75598192215,0.0,5,0.032330797903231234,34730.45979309082,1104598.8710784912,0,906244.2781982422,0.0
2024-05-23,1135458.236427784,2688.0063557624817,0.0,5,0.023901480298244238,26505.609367370605,1132770.2300720215,0,922579.0117874146,0.0
2024-05-24,1143434.3283162117,1486.941662311554,0.0,5,0.007024557691809985,7976.091888427734,1141947.3866539001,0,1375163.0739097595,0.0
2024-05-27,1167364.9301991463,2505.9476323127747,0.0,5,0.020928706870445346,23930.60188293457,1164858.9825668335,0,1408993.0179786682,0.0
2024-05-28,1181705.1669888496,2916.6256070137024,0.0,5,0.012284279250411423,14340.23678970337,1178788.541381836,0,1417530.8641319275,0.0
2024-05-29,1153075.7480130196,1203.5198483467102,0.0,5,-0.024227209777530123,-28629.418975830078,1151872.2281646729,0,1403064.4571380615,0.0
2024-05-30,1161475.0434765816,2889.8597531318665,0.0,5,0.007284252988613904,8399.295463562012,1158585.1837234497,0,949755.2376861572,0.0
2024-05-31,1139285.4766278267,2327.977467060089,0.0,5,-0.019104643679933142,-22189.566848754883,1136957.4991607666,0,932057.0127029419,0.0
2024-06-03,1162378.967236042,2698.440769672394,0.0,5,0.020270152724644497,23093.490608215332,1159680.5264663696,0,481115.80253601074,0.0
2024-06-04,1142973.2093014717,2301.322796344757,0.0,5,-0.016694863277433747,-19405.757934570312,1140671.886505127,0,462199.87200164795,0.0
2024-06-05,1174348.1336331367,3179.6142773628235,0.0,5,0.02745027099177566,31374.92433166504,1171168.519355774,0,501516.51053619385,0.0
2024-06-06,1204524.2767987251,3021.4665417671204,0.0,5,0.02569607963886389,30176.14316558838,1201502.810256958,0,994532.9777526855,0.0
2024-06-07,1225525.0014538765,1187.8490872383118,0.0,5,0.017434870396273894,21000.724655151367,1224337.1523666382,0,526443.5058822632,0.0
2024-06-11,1175968.190685749,2508.278835773468,0.0,5,-0.04043720912207971,-49556.81076812744,1173459.9118499756,0,511321.5983581543,0.0
2024-06-12,1168984.5438885689,2508.182312488556,0.0,5,-0.005938635800265768,-6983.646797180176,1166476.3615760803,0,496528.24770736694,0.0
2024-06-13,1195475.5014004707,455.2923512458801,0.0,5,0.022661512207664547,26490.957511901855,1195020.2090492249,0,514841.82709503174,0.0
2024-06-14,1235557.3564801216,1499.1059346199036,0.0,5,0.03352796024067062,40081.85507965088,1234058.2505455017,0,520843.4105834961,0.0
2024-06-17,1236127.2309308052,3458.9597821235657,0.0,5,0.0004612286493175244,569.8744506835938,1232668.2711486816,0,1008460.0622215271,0.0
2024-06-18,1254364.9920544624,1461.2104001045227,0.0,5,0.014753951427737944,18237.761123657227,1252903.781654358,0,1041633.579826355,0.0
2024-06-19,1263961.5115704536,1589.282482624054,0.0,5,0.007650500115021108,9596.519515991211,1262372.2290878296,0,520705.7434692383,0.0
2024-06-20,1278323.4606442451,2798.493420124054,0.0,5,0.011362647471715226,14361.949073791504,1275524.967224121,0,1028099.8286132812,0.0
2024-06-21,1249314.7362484932,2326.4972653388977,0.0,5,-0.02269278886670223,-29008.724395751953,1246988.2389831543,0,21318.930603027344,0.0
2024-06-24,1214065.297504902,3764.5227932929993,0.0,5,-0.02821501877856669,-35249.43874359131,1210300.774711609,0,14819.388900756836,0.0
2024-06-25,1216772.0654873848,1771.5950589179993,0.0,5,0.002229507743978676,2706.76798248291,1215000.4704284668,0,513976.56591796875,0.0
2024-06-26,1199940.6715664864,3066.7217831611633,0.0,5,-0.013832824074701766,-16831.393920898438,1196873.9497833252,0,495494.5821380615,0.0
2024-06-27,1175460.099911213,2503.713406085968,0.0,5,-0.020401485036184996,-24480.571655273438,1172956.386505127,0,483556.6070404053,0.0
2024-06-28,1191113.6685452461,2647.199085712433,0.0,5,0.013316971486497575,15653.568634033203,1188466.4694595337,0,499964.2778701782,0.0
2024-07-01,1176086.019794941,3694.253529071808,0.0,5,-0.01261646906349334,-15027.648750305176,1172391.7662658691,0,493335.9177246094,0.0
2024-07-02,1161729.940899372,2121.4541363716125,0.0,5,-0.012206657212090577,-14356.078895568848,1159608.4867630005,0,474778.22901916504,0.0
2024-07-03,1188045.799305439,2904.187839984894,0.0,5,0.022652302811180025,26315.858406066895,1185141.611465454,0,954879.7864990234,0.0
2024-07-04,1209708.7849011421,559.9374585151672,0.0,5,0.018234133404930963,21662.985595703125,1209148.847442627,0,1013728.514755249,0.0
2024-07-05,1195056.0566601753,882.6154980659485,0.0,5,-0.012112607946518472,-14652.728240966797,1194173.4411621094,0,497499.09478759766,0.0
2024-07-08,1184715.246937275,3866.6201367378235,0.0,5,-0.008652991351552064,-10340.80972290039,1180848.626800537,0,502723.86279296875,0.0
2024-07-09,1212342.6310315132,1516.261158466339,0.0,5,0.02331985189323804,27627.38409423828,1210826.3698730469,0,525759.5081481934,0.0
2024-07-10,1218872.8331494331,4060.68537569046,0.0,5,0.005386432804366237,6530.202117919922,1214812.1477737427,0,496926.44284820557,0.0
2024-07-11,1252587.5690274239,944.1158413887024,0.0,5,0.027660585223542533,33714.73587799072,1251643.4531860352,0,21547.418716430664,0.0
2024-07-12,1234126.8400845528,2352.8184628486633,0.0,5,-0.014738074526162714,-18460.728942871094,1231774.021621704,0,506337.9185638428,0.0
2024-07-15,1256451.0784573555,3186.8004269599915,0.0,5,0.01808909558378402,22324.238372802734,1253264.2780303955,0,39989.69906616211,0.0
2024-07-16,1266885.70377779,928.470242023468,0.0,5,0.00830484011621535,10434.62532043457,1265957.2335357666,0,552041.0992279053,0.0
2024-07-17,1249609.1415829659,2625.8766751289368,0.0,5,-0.013637033035660884,-17276.56219482422,1246983.264907837,0,524618.4568481445,0.0
2024-07-18,1223576.7364239693,836.6226773262024,0.0,5,-0.020832438154237187,-26032.405158996582,1222740.113746643,0,503089.3994445801,0.0
2024-07-19,1197135.1597867012,2992.3334012031555,0.0,5,-0.021610068130705318,-26441.576637268066,1194142.826385498,0,498952.512298584,0.0
2024-07-22,1177190.9756131172,1453.3045620918274,0.0,5,-0.016659926834942773,-19944.184173583984,1175737.6710510254,0,493130.81732177734,0.0
2024-07-23,1216110.7581830025,2037.9961514472961,0.0,5,0.033061570616963465,38919.782569885254,1214072.7620315552,0,505586.81770324707,0.0
2024-07-26,1194404.7663388252,1293.7566800117493,0.0,5,-0.01784869650903198,-21705.991844177246,1193111.0096588135,0,502850.45571899414,0.0
2024-07-29,1165326.6073651314,2497.2577023506165,0.0,5,-0.024345313911318556,-29078.158973693848,1162829.3496627808,0,34230.46250915527,0.0
2024-07-30,1213082.7472424507,3557.2515454292297,0.0,5,0.04098090576108837,47756.139877319336,1209525.4956970215,0,497070.943397522,0.0
2024-07-31,1219589.2679944038,771.9835247993469,0.0,5,0.0053636248365938055,6506.520751953125,1218817.2844696045,0,1003022.802444458,0.0
2024-08-01,1268626.520512104,2926.2844281196594,0.0,5,0.04020800592837381,49037.252517700195,1265700.2360839844,0,1040954.0670166016,0.0
2024-08-02,1180824.123600483,335.2587323188782,0.0,5,-0.06921059546837949,-87802.3969116211,1180488.864868164,0,962196.4921875,0.0
2024-08-05,1076448.610798359,589.0961575508118,0.0,5,-0.08839209050359664,-104375.51280212402,1075859.514640808,0,15695.97794342041,0.0
2024-08-06,1114014.59856081,1732.9829602241516,0.0,5,0.03489807816704782,37565.98776245117,1112281.615600586,0,488142.5525741577,0.0
2024-08-07,1175909.303425312,744.1645398139954,0.0,5,0.055560048265492545,61894.70486450195,1175165.138885498,0,489403.3428955078,0.0
2024-08-08,1144462.83659029,181.29531526565552,0.0,5,-0.02674225532821406,-31446.466835021973,1144281.5412750244,0,480316.3936538696,0.0
2024-08-09,1166709.2669644356,369.9806180000305,0.0,5,0.01943831609283575,22246.430374145508,1166339.2863464355,0,487290.1605834961,0.0
2024-08-12,1219810.5270810127,683.166286945343,0.0,5,0.04551370390220422,53101.26011657715,1219127.3607940674,0,506162.8701477051,0.0
2024-08-13,1216866.1298184395,1018.9919857978821,0.0,5,-0.002413815258357488,-2944.397262573242,1215847.1378326416,0,505750.8313446045,0.0
2024-08-14,1223590.9156155586,669.9727902412415,0.0,5,0.005526315206194843,6724.785797119141,1222920.9428253174,0,506156.6544494629,0.0
2024-08-15,1214250.9985928535,684.221935749054,0.0,5,-0.007633202325637023,-9339.917022705078,1213566.7766571045,0,500496.3483276367,0.0
2024-08-16,1242084.0888485909,462.31148958206177,0.0,5,0.02292202377267305,27833.090255737305,1241621.7773590088,0,20599.549606323242,0.0
2024-08-19,1260713.4226651192,1256.3300824165344,0.0,5,0.014998448159655231,18629.33381652832,1259457.0925827026,0,532578.7248764038,0.0
2024-08-20,1262997.0310864449,534.8326916694641,0.0,5,0.0018113620274606834,2283.6084213256836,1262462.1983947754,0,509312.9220123291,0.0
2024-08-21,1270573.6992611885,989.4716763496399,0.0,5,0.0059989596081837515,7576.668174743652,1269584.2275848389,0,1028442.0994338989,0.0
2024-08-22,1262296.4834256172,806.2384915351868,0.0,5,-0.006514549955177196,-8277.215835571289,1261490.244934082,0,1052871.3403625488,0.0
2024-08-23,1275717.0209393501,658.8277821540833,0.0,5,0.010631842590032692,13420.53751373291,1275058.193157196,0,1042080.3055763245,0.0
2024-08-26,1258335.3145070076,440.082359790802,0.0,5,-0.013625048617399327,-17381.70643234253,1257895.2321472168,0,535764.1728515625,0.0
2024-08-27,1289903.5211720467,1196.0777287483215,0.0,5,0.02508727705651892,31568.206665039062,1288707.4434432983,0,548291.5397872925,0.0
2024-08-28,1273800.2544102669,1249.7611393928528,0.0,5,-0.012484086210686418,-16103.266761779785,1272550.493270874,0,15699.827941894531,0.0
2024-08-29,1275515.8243069649,891.0199017524719,0.0,5,0.001346812336359804,1715.569896697998,1274624.8044052124,0,33600.3395652771,0.0
2024-08-30,1287247.6313061714,2542.7779545783997,0.0,5,0.009197696159968016,11731.806999206543,1284704.853351593,0,542985.9272499084,0.0
2024-09-02,1264181.9829850197,385.3459916114807,0.0,5,-0.01791857895884963,-23065.648321151733,1263796.6369934082,0,525476.1377544403,0.0
2024-09-03,1265044.8071808815,1183.7767701148987,0.0,5,0.000682515814554252,862.8241958618164,1263861.0304107666,0,517876.7826156616,0.0
2024-09-04,1220346.1439728737,2154.5805802345276,0.0,5,-0.03533366008403893,-44698.66320800781,1218191.5633926392,0,509682.6231918335,0.0
2024-09-05,1225399.767645359,1684.377302646637,0.0,5,0.004141139542616301,5053.623672485352,1223715.3903427124,0,512003.3452453613,0.0
2024-09-06,1233763.013662815,1930.0136399269104,0.0,5,0.0068249123578065785,8363.246017456055,1231833.0000228882,0,1003703.9129333496,0.0
2024-09-09,1214064.97012949,3770.673887729645,0.0,5,-0.015965824323785904,-19698.043533325195,1210294.2962417603,0,16219.166107177734,0.0
2024-09-10,1191420.4737610817,2312.467260837555,0.0,5,-0.018651799471648522,-22644.496368408203,1189108.0065002441,0,17611.170082092285,0.0
2024-09-11,1199300.1807923317,2685.6952843666077,0.0,5,0.0066137079266190835,7879.70703125,1196614.485507965,0,970464.3077430725,0.0
2024-09-12,1241466.6949734688,4369.932323932648,0.0,5,0.035159266092396724,42166.514181137085,1237096.7626495361,0,521681.49245262146,0.0
2024-09-13,1250960.016506672,1454.386667728424,0.0,5,0.007646859615034529,9493.321533203125,1249505.6298389435,0,529116.1434307098,0.0
2024-09-16,1237142.320417881,2302.6109986305237,0.0,5,-0.011045673647809395,-13817.696088790894,1234839.7094192505,0,518588.5739402771,0.0
2024-09-18,1207136.0360207558,3993.1743512153625,0.0,5,-0.024254512922158966,-30006.284397125244,1203142.8616695404,0,502842.82629585266,0.0
2024-09-19,1249305.8861813545,1491.4828000068665,0.0,5,0.03493380108144972,42169.850160598755,1247814.4033813477,0,513564.7049484253,0.0
2024-09-20,1250100.0293393135,3350.1342606544495,0.0,5,0.0006356675068477369,794.1431579589844,1246749.895078659,0,521820.99177360535,0.0
2024-09-23,1274681.3086018562,2370.04989862442,0.0,5,0.019663449872514782,24581.279262542725,1272311.2587032318,0,530571.2429924011,0.0
2024-09-24,1268442.4832291603,2496.2090973854065,0.0,5,-0.004894419750721135,-6238.825372695923,1265946.274131775,0,531189.4435157776,0.0
2024-09-25,1281797.2962555885,2268.1022248268127,0.0,5,0.010528512883319685,13354.813026428223,1279529.1940307617,0,538448.8505249023,0.0
2024-09-26,1253504.650282383,2685.819441318512,0.0,5,-0.022072636645321886,-28292.645973205566,1250818.8308410645,0,1065310.1112747192,0.0
2024-09-27,1247847.1622757912,1958.743055820465,0.0,5,-0.004513336273078261,-5657.488006591797,1245888.4192199707,0,1011298.1432189941,0.0
2024-09-30,1223725.1930832863,514.1881623268127,0.0,5,-0.019330868332073536,-24121.969192504883,1223211.0049209595,0,988526.5936508179,0.0
2024-10-01,1232505.791548252,1135.480360507965,0.0,5,0.00717530252265397,8780.59846496582,1231370.3111877441,0,512047.6801376343,0.0
2024-10-04,1209829.0635666847,1301.1605515480042,0.0,5,-0.018398881479559814,-22676.727981567383,1208527.9030151367,0,1007897.0617523193,0.0
2024-10-07,1212549.683523655,1171.023542881012,0.0,5,0.002248763927814368,2720.619956970215,1211378.659980774,0,35297.13456726074,0.0
2024-10-08,1205528.9354920387,643.8862595558167,0.0,5,-0.005790070400426006,-7020.748031616211,1204885.049232483,0,497862.4331512451,0.0
2024-10-09,1195263.4152359962,854.1299958229065,0.0,5,-0.008515366121720325,-10265.52025604248,1194409.2852401733,0,14472.324745178223,0.0
2024-10-11,1184623.0402359962,2243.5126328468323,0.0,5,-0.008902117193890002,-10640.375,1182379.5276031494,0,43051.8882522583,0.0
2024-10-14,1185059.650358677,1681.018156528473,0.0,5,0.00036856460481615727,436.61012268066406,1183378.6322021484,0,10393.576690673828,0.0
2024-10-15,1180376.4346680641,2067.91517496109,0.0,5,-0.0039518818223162056,-4683.215690612793,1178308.519493103,0,490936.265335083,0.0
2024-10-16,1186172.1960968971,1876.2437348365784,0.0,5,0.004910095846214491,5795.761428833008,1184295.9523620605,0,479857.8059768677,0.0
2024-10-17,1191530.4675278664,2229.7963852882385,0.0,5,0.004517279572561872,5358.271430969238,1189300.6711425781,0,492907.7233657837,0.0
2024-10-18,1182315.2633957863,3161.221960544586,0.0,5,-0.007733922365576906,-9215.204132080078,1179154.0414352417,0,481425.80391693115,0.0
2024-10-21,1232576.4780488014,1858.72572183609,0.0,5,0.04251083971347658,50261.21465301514,1230717.7523269653,0,505865.55043792725,0.0
2024-10-22,1235123.4872117043,2476.1718583106995,0.0,5,0.0020664106513981206,2547.009162902832,1232647.3153533936,0,503547.166015625,0.0
2024-10-23,1223769.0101456642,897.3283524513245,0.0,5,-0.009192989351755276,-11354.477066040039,1222871.681793213,0,11364.927368164062,0.0
2024-10-24,1199481.938185215,1203.951765537262,0.0,5,-0.01984612435769917,-24287.07196044922,1198277.9864196777,0,2596.1085815429688,0.0
2024-10-25,1212716.2735581398,1329.2676301002502,0.0,5,0.01103337611981714,13234.335372924805,1211387.0059280396,0,514478.5875015259,0.0
2024-10-28,1208215.018805027,1599.698576450348,0.0,5,-0.0037117129960712036,-4501.254753112793,1206615.3202285767,0,20363.36045074463,0.0
2024-10-29,1180682.5512986183,1770.3574204444885,0.0,5,-0.022787721620642798,-27532.46750640869,1178912.1938781738,0,12975.181060791016,0.0
2024-10-30,1203382.410337925,573.2918381690979,0.0,5,0.019226047691091264,22699.85903930664,1202809.1184997559,0,36233.585845947266,0.0
2024-11-01,1228760.9686570168,941.1454758644104,0.0,5,0.021089354556848683,25378.558319091797,1227819.8231811523,0,517734.0792236328,0.0
2024-11-04,1235112.8789048195,699.9651169776917,0.0,5,0.005169361991327781,6351.910247802734,1234412.9137878418,0,526151.5438232422,0.0
2024-11-05,1252494.8873505592,964.4360337257385,0.0,5,0.014073214475062823,17382.008445739746,1251530.4513168335,0,535955.1500549316,0.0
2024-11-06,1269372.9380784035,971.1456589698792,0.0,5,0.013475544609644619,16878.05072784424,1268401.7924194336,0,523881.6772155762,0.0
2024-11-07,1270483.965162754,788.3238053321838,0.0,5,0.0008752566334306877,1111.027084350586,1269695.6413574219,0,518062.3343658447,0.0
2024-11-08,1263958.1197953224,1078.3408646583557,0.0,5,-0.005136503526508962,-6525.845367431641,1262879.778930664,0,524781.4904174805,0.0
2024-11-11,1271594.2020020485,1383.2714295387268,0.0,5,0.006041404447769683,7636.082206726074,1270210.9305725098,0,508212.56606292725,0.0
2024-11-12,1239182.669119358,2563.856276035309,0.0,5,-0.02548889640394747,-32411.53288269043,1236618.8128433228,0,13505.971977233887,0.0
2024-11-13,1227516.413336277,741.575918674469,0.0,5,-0.009414476230023339,-11666.255783081055,1226774.8374176025,0,7278.604713439941,0.0
2024-11-14,1215466.1791901588,1233.4101777076721,0.0,5,-0.00981676009803134,-12050.234146118164,1214232.7690124512,0,21318.098907470703,0.0
2024-11-15,1242333.72920084,2205.657415866852,0.0,5,0.022104728597699408,26867.550010681152,1240128.0717849731,0,513696.73902893066,0.0
2024-11-18,1210157.2045884132,1930.1428589820862,0.0,5,-0.025900065220900825,-32176.524612426758,1208227.0617294312,0,983494.6811523438,0.0
2024-11-19,1248157.1759171486,2502.776556491852,0.0,5,0.03140085534726822,37999.97132873535,1245654.3993606567,0,516007.80780029297,0.0
2024-11-20,1244733.5864548683,2396.4186997413635,0.0,5,-0.0027429153381781646,-3423.5894622802734,1242337.167755127,0,9442.699760437012,0.0
2024-11-21,1261679.547346592,2633.5036149024963,0.0,5,0.013614126810852278,16945.960891723633,1259046.0437316895,0,535675.1276397705,0.0
2024-11-22,1273027.1372208595,3539.4609818458557,0.0,5,0.008994034894306058,11347.589874267578,1269487.6762390137,0,536168.8811340332,0.0
2024-11-25,1267886.6893982887,1360.540129184723,0.0,5,-0.004037971911418081,-5140.447822570801,1266526.149269104,0,530284.2976226807,0.0
2024-11-26,1253265.0632157326,1909.4242844581604,0.0,5,-0.011532281476584694,-14621.626182556152,1251355.6389312744,0,509624.8475341797,0.0
2024-11-27,1214981.9032273293,2612.7472825050354,0.0,5,-0.030546738365284987,-38283.15998840332,1212369.1559448242,0,504581.70947265625,0.0
2024-11-28,1197543.8410172462,2732.2715973854065,0.0,5,-0.014352528349403926,-17438.062210083008,1194811.5694198608,0,11573.960350036621,0.0
2024-11-29,1235795.483511448,2193.5339188575745,0.0,5,0.031941747086026595,38251.64249420166,1233601.9495925903,0,1007018.848701477,0.0
2024-12-02,1262226.9463028908,1109.0838685035706,0.0,5,0.021388217665547105,26431.46279144287,1261117.8624343872,0,1020497.1427536011,0.0
2024-12-03,1280740.2938523293,2719.648870944977,0.0,5,0.014667209889366317,18513.347549438477,1278020.6449813843,0,534917.6853637695,0.0
2024-12-04,1331168.1035523415,1722.9769310951233,0.0,5,0.039373954221687546,50427.80970001221,1329445.1266212463,0,558979.1840248108,0.0
2024-12-05,1339670.648214817,2582.943308353424,0.0,5,0.006387280945048035,8502.544662475586,1337087.7049064636,0,577431.6402206421,0.0
2024-12-06,1340873.4440903664,2347.699827671051,0.0,5,0.0008978295353057053,1202.7958755493164,1338525.7442626953,0,551273.3101081848,0.0
2024-12-09,1382767.4819016457,815.3543915748596,0.0,5,0.031243841837511832,41894.0378112793,1381952.1275100708,0,1129580.7728042603,0.0
2024-12-10,1363752.1573090553,2774.1006684303284,0.0,5,-0.013751642876674852,-19015.324592590332,1360978.056640625,0,1104580.4813842773,0.0
2024-12-11,1380198.6106934547,1371.8749032020569,0.0,5,0.012059708427410554,16446.453384399414,1378826.7357902527,0,1122126.1090660095,0.0
2024-12-12,1390112.5507645607,1129.3492035865784,0.0,5,0.007182980763996705,9913.940071105957,1388983.2015609741,0,1131487.4797477722,0.0
2024-12-13,1415815.1134400368,1121.3925919532776,0.0,5,0.01848955515245132,25702.562675476074,1414693.7208480835,0,578509.2027053833,0.0
2024-12-16,1391769.8393082619,1399.718641757965,0.0,5,-0.016983343307694687,-24045.274131774902,1390370.120666504,0,31069.694458007812,0.0
2024-12-17,1442817.8123383522,271.7312226295471,0.0,5,0.03667845902987965,51047.97303009033,1442546.0811157227,0,604496.6213302612,0.0
2024-12-18,1445533.154364109,842.6809906959534,0.0,5,0.0018819715161100259,2715.342025756836,1444690.473373413,0,652651.6129150391,0.0
2024-12-19,1477035.4821839333,4203.531355381012,0.0,5,0.021792878098103596,31502.32781982422,1472831.9508285522,0,615925.1401748657,0.0
2024-12-20,1457484.1559128761,2906.8348755836487,0.0,5,-0.01323686973460425,-19551.32627105713,1454577.3210372925,0,607388.054359436,0.0
2024-12-23,1476992.9200119972,3320.565580844879,0.0,5,0.013385232367690403,19508.764099121094,1473672.3544311523,0,610207.88256073,0.0
2024-12-24,1444157.6412034035,2858.832853794098,0.0,5,-0.022231168723765515,-32835.27880859375,1441298.8083496094,0,14959.643005371094,0.0
2024-12-25,1471553.2967057228,3991.4298043251038,0.0,5,0.018969989647037888,27395.655502319336,1467561.8669013977,0,633341.0307044983,0.0
2024-12-26,1471299.3901162148,2853.4202218055725,0.0,5,-0.00017254325077897814,-253.90658950805664,1468445.9698944092,0,1196112.3933410645,0.0
2024-12-27,1484685.9775032997,3217.072802066803,0.0,5,0.009098479532454462,13386.587387084961,1481468.904701233,0,613012.0594558716,0.0
2024-12-30,1470130.6752495766,1307.8638939857483,0.0,5,-0.009803623442446674,-14555.302253723145,1468822.8113555908,0,1195532.730331421,0.0
2024-12-31,1512367.8087944984,3662.0258736610413,0.0,5,0.028730189945700868,42237.133544921875,1508705.7829208374,0,1218262.179573059,0.0
2025-01-02,1480183.0204606056,2160.142164707184,0.0,5,-0.021281058844770828,-32184.788333892822,1478022.8782958984,0,1225291.463459015,0.0
2025-01-03,1443997.6995682716,1525.3603959083557,0.0,5,-0.024446518026584152,-36185.320892333984,1442472.3391723633,0,25763.717071533203,0.0
2025-01-06,1496365.2128434181,1889.8308701515198,0.0,5,0.03626564868545379,52367.513275146484,1494475.3819732666,0,619791.703201294,0.0
2025-01-07,1495941.652159214,1738.1328110694885,0.0,5,-0.0002830596973042443,-423.56068420410156,1494203.5193481445,0,636341.1237182617,0.0
2025-01-08,1487236.6288437843,1803.611906528473,0.0,5,-0.005819092812119342,-8705.023315429688,1485433.0169372559,0,38446.778411865234,0.0
2025-01-09,1446430.9805588722,3683.440336704254,0.0,5,-0.027437226527049385,-40805.64828491211,1442747.540222168,0,639488.1054077148,0.0
2025-01-10,1422264.657131672,1667.432873249054,0.0,5,-0.016707553801055153,-24166.323427200317,1420597.2242584229,0,600972.3755931854,0.0
2025-01-13,1386744.9551358223,3691.8900876045227,0.0,5,-0.02497404531410019,-35519.70199584961,1383053.0650482178,0,576642.992980957,0.0
2025-01-14,1394871.0163846016,2975.355709552765,0.0,5,0.005859809490335266,8126.061248779297,1391895.6606750488,0,573004.1085968018,0.0
2025-01-15,1365823.0539822578,1598.1244168281555,0.0,5,-0.020824837609454305,-29047.96240234375,1364224.9295654297,0,43026.638275146484,0.0
2025-01-16,1396806.2588162422,1769.0653347969055,0.0,5,0.022684640403197287,30983.204833984375,1395037.1934814453,0,20750.740295410156,0.0
2025-01-17,1383655.3493618965,3427.3402829170227,0.0,5,-0.009414984627496459,-13150.909454345703,1380228.0090789795,0,577252.9101104736,0.0
2025-01-20,1476521.9221615791,3515.1943287849426,0.0,5,0.06711683862784912,92866.57279968262,1473006.7278327942,0,628177.4478340149,0.0
2025-01-21,1458060.7048459053,2669.3961300849915,0.0,5,-0.012503178610885235,-18461.217315673828,1455391.3087158203,0,587359.6342964172,0.0
2025-01-22,1451597.9099850655,2406.822002887726,0.0,5,-0.004432459388940768,-6462.794860839844,1449191.0879821777,0,38203.888580322266,0.0
2025-02-03,1378328.192211628,1067.8443112373352,0.0,5,-0.05047521580834413,-73269.7177734375,1377260.3479003906,0,52933.06576538086,0.0
2025-02-04,1418300.8473935127,323.0182194709778,0.0,5,0.029000825353318493,39972.655181884766,1417977.8291740417,0,1174155.734172821,0.0
2025-02-05,1476675.4628338814,3173.617947101593,0.0,5,0.04115813337321694,58374.61544036865,1473501.8448867798,0,619115.4422645569,0.0
2025-02-06,1507716.8079037666,2417.3297848701477,0.0,5,0.021021101691710786,31041.345069885254,1505299.4781188965,0,615361.7816925049,0.0
2025-02-07,1559828.1080288887,1013.1057438850403,0.0,5,0.034563055775423956,52111.30012512207,1558815.0022850037,0,1267383.1633110046,0.0
2025-02-10,1560643.8741612434,2273.7932896614075,0.0,5,0.0005229846341117117,815.7661323547363,1558370.080871582,0,1266617.3134002686,0.0
2025-02-11,1635397.7802891731,2006.6730427742004,0.0,5,0.04789940060355247,74753.90612792969,1633391.107246399,0,674631.2833023071,0.0
2025-02-12,1640847.265692234,2063.3077607154846,0.0,5,0.0033322078999626914,5449.485403060913,1638783.9579315186,0,679565.7946910858,0.0
2025-02-13,1643570.6536927223,1186.9419465065002,0.0,5,0.0016597449728750213,2723.3880004882812,1642383.7117462158,0,672299.1367492676,0.0
2025-02-14,1626733.2540192604,3679.6690888404846,0.0,5,-0.010244402718941337,-16837.399673461914,1623053.58493042,0,674944.5578308105,0.0
2025-02-17,1633063.6914582253,3394.576895236969,0.0,5,0.00389150306193331,6330.437438964844,1629669.1145629883,0,699260.355682373,0.0
2025-02-18,1655813.9555573463,3519.4429383277893,0.0,5,0.013931032952429812,22750.264099121094,1652294.5126190186,0,698522.5478973389,0.0
2025-02-19,1631033.9929718971,1162.1517243385315,0.0,5,-0.01496542682363633,-24779.96258544922,1629871.8412475586,0,672664.886795044,0.0
2025-02-20,1633807.3246369362,3085.408895969391,0.0,5,0.001700351848575421,2773.3316650390625,1630721.9157409668,0,30965.944305419922,0.0
2025-02-21,1646238.1547455788,2163.2840485572815,0.0,5,0.007608504332911492,12430.830108642578,1644074.8706970215,0,674042.9368591309,0.0
2025-02-24,1634530.4614624977,2718.008764743805,0.0,5,-0.007111785891568356,-11707.693283081055,1631812.452697754,0,685395.7077484131,0.0
2025-02-25,1577622.360022068,926.0436463356018,0.0,5,-0.03481617674442794,-56908.10144042969,1576696.3163757324,0,15724.206268310547,0.0
2025-02-26,1603283.707098484,1416.2470154762268,0.0,5,0.01626583631589562,25661.347076416016,1601867.4600830078,0,669628.7989501953,0.0
2025-02-27,1526584.9733338356,2592.0464539527893,0.0,5,-0.04783852878007022,-76698.73376464844,1523992.9268798828,0,34163.516357421875,0.0
2025-03-03,1476590.242620945,2777.603666782379,0.0,5,-0.032749392654972564,-49994.730712890625,1473812.6389541626,0,616656.1561660767,0.0
2025-03-04,1466024.0402741432,3337.914816379547,0.0,5,-0.0071558121148401765,-10566.202346801758,1462686.1254577637,0,591370.3375167847,0.0
2025-03-05,1471180.78703928,2640.273397922516,0.0,5,0.003517504913611358,5156.746765136719,1468540.5136413574,0,619831.1917724609,0.0
2025-03-06,1448563.401754856,3755.590292453766,0.0,5,-0.0153736274179741,-22617.385284423828,1444807.8114624023,0,17933.74267578125,0.0
2025-03-07,1417709.9214844704,3523.8651185035706,0.0,5,-0.021299364758911032,-30853.480270385742,1414186.0563659668,0,28358.39143371582,0.0
2025-03-10,1396797.1567139626,2189.2254395484924,0.0,5,-0.014751088677301682,-20912.764770507812,1394607.931274414,0,34539.34548950195,0.0
2025-03-11,1355138.2137818336,2111.88400888443,0.0,5,-0.02982461893760846,-41658.942932128906,1353026.3297729492,0,596361.6705932617,0.0
2025-03-12,1347409.191626072,1098.5769410133362,0.0,5,-0.005703493619438338,-7729.022155761719,1346310.6146850586,0,555219.0077514648,0.0
2025-03-13,1352366.1172242165,2548.008581638336,0.0,5,0.0036788568973338265,4956.925598144531,1349818.1086425781,0,545385.9660644531,0.0
2025-03-14,1374382.4122681618,1216.78879404068,0.0,5,0.016279833370222763,22016.295043945312,1373165.623474121,0,582183.5527954102,0.0
2025-03-17,1377626.0595459938,1428.7802414894104,0.0,5,0.0023600762414290877,3243.6472778320312,1376197.2793045044,0,566866.4434890747,0.0
2025-03-18,1404537.1404252052,581.6423020362854,0.0,5,0.01953438721105516,26911.080879211426,1403955.498123169,0,22297.491333007812,0.0
2025-03-19,1366401.9929947853,3028.443022251129,0.0,5,-0.027151398373755353,-38135.14743041992,1363373.5499725342,0,569345.6949462891,0.0
2025-03-20,1374076.8799424171,3376.614408969879,0.0,5,0.005616858718721973,7674.886947631836,1370700.2655334473,0,558189.0911865234,0.0
2025-03-21,1376092.5795731544,3640.062162876129,0.0,5,0.0014669482182261273,2015.6996307373047,1372452.5174102783,0,38076.78369140625,0.0
2025-03-24,1342749.3947281837,889.8509964942932,0.0,5,-0.024230335473005238,-33343.1848449707,1341859.5437316895,0,6932.421096801758,0.0
2025-03-25,1369408.726454258,2862.913332462311,0.0,5,0.019854286906210827,26659.33172607422,1366545.8131217957,0,559054.0109062195,0.0
2025-03-26,1376718.3213868141,3269.5252022743225,0.0,5,0.005337774465248524,7309.594932556152,1373448.7961845398,0,11446.330116271973,0.0
2025-03-27,1354420.1127705574,2101.7254662513733,0.0,5,-0.016196638244630135,-22298.208616256714,1352318.387304306,0,17033.483100891113,0.0
2025-03-28,1330594.4296860695,630.866129398346,0.0,5,-0.01759105823949325,-23825.683084487915,1329963.5635566711,0,558204.578086853,0.0
2025-03-31,1238678.990093708,3203.5611519813538,0.0,5,-0.069078479168177,-91915.43959236145,1235475.4289417267,0,507243.2017059326,0.0
2025-04-01,1270361.5064721107,3272.898470401764,0.0,5,0.02557766510272841,31682.51637840271,1267088.608001709,0,545042.408241272,0.0
2025-04-02,1275905.0895409584,2518.3284783363342,0.0,5,0.004363783884040018,5543.583068847656,1273386.761062622,0,526370.9334259033,0.0
2025-04-07,1149630.2130761147,2347.7066597938538,0.0,5,-0.09896886335822563,-126274.87646484375,1147282.5064163208,0,460205.2016067505,0.0
2025-04-08,1036424.7937645912,1794.3352227210999,0.0,5,-0.09847115883342594,-113205.41931152344,1034630.4585418701,0,414400.41039276123,0.0
2025-04-09,934549.1068291664,2026.551073551178,0.0,5,-0.0982953008730939,-101875.6869354248,932522.5557556152,0,374590.50326538086,0.0
2025-04-10,1026507.9216485023,2243.6752495765686,0.0,5,0.09839912546847662,91958.81481933594,1024264.2463989258,0,411616.2496032715,0.0
2025-04-11,1074218.5797142982,2545.168489933014,0.0,5,0.04647860679845106,47710.6580657959,1071673.4112243652,0,481121.2786102295,0.0
2025-04-14,1103399.5912117958,1945.6008095741272,0.0,5,0.0271648731911327,29181.01149749756,1101453.9904022217,0,453742.13426971436,0.0
2025-04-15,1146699.549387455,652.3725914955139,0.0,5,0.03924231848600335,43299.95817565918,1146047.1767959595,0,943961.1750869751,0.0
2025-04-16,1131930.2025780678,1048.9689965248108,0.0,5,-0.012879874957024917,-14769.346809387207,1130881.233581543,0,929973.7863006592,0.0
2025-04-17,1162824.179262638,2300.801493167877,0.0,5,0.027293181694601598,30893.976684570312,1160523.3777694702,0,949330.9492721558,0.0
2025-04-18,1175594.4530587196,1779.5516076087952,0.0,5,0.010982119243666988,12770.273796081543,1173814.9014511108,0,487226.6207046509,0.0
2025-04-21,1135907.3684792519,1956.4973397254944,0.0,5,-0.03375916284413216,-39687.08457946777,1133950.8711395264,0,481621.2170944214,0.0
2025-04-22,1110182.0809350014,1056.2213463783264,0.0,5,-0.02264734630491161,-25725.28754425049,1109125.859588623,0,462741.3229904175,0.0
2025-04-23,1150379.7002587318,1047.0587792396545,0.0,5,0.03620813199387607,40197.61932373047,1149332.6414794922,0,16939.62466430664,0.0
2025-04-24,1171296.3816552162,2183.7556023597717,0.0,5,0.01818241524235864,20916.681396484375,1169112.6260528564,0,485301.94206237793,0.0
2025-04-25,1185374.718225956,1947.3749032020569,0.0,5,0.012019448528343357,14078.336570739746,1183427.343322754,0,485101.0807723999,0.0
2025-04-28,1182440.7046151161,2484.07639169693,0.0,5,-0.0024751781573602027,-2934.0136108398438,1179956.6282234192,0,482768.2106208801,0.0
2025-04-29,1186498.6825356483,2438.5256524086,0.0,5,0.0034318658895060583,4057.9779205322266,1184060.1568832397,0,8852.680683135986,0.0
2025-04-30,1172283.0928139687,837.0388970375061,0.0,5,-0.01198112558481712,-14215.589721679688,1171446.0539169312,0,482419.19456481934,0.0
2025-05-02,1240441.928080082,2293.675028324127,0.0,5,0.0581419587844636,68158.83526611328,1238148.2530517578,0,538517.4147720337,0.0
2025-05-05,1219221.9748330116,1283.3345131874084,0.0,5,-0.017106768778699655,-21219.953247070312,1217938.6403198242,0,520731.8518676758,0.0
2025-05-06,1224875.363550663,530.1726326942444,0.0,5,0.004636882236662254,5653.388717651367,1224345.1909179688,0,503052.0582122803,0.0
2025-05-07,1221132.1384835243,1446.7691140174866,0.0,5,-0.003056004862639905,-3743.225067138672,1219685.3693695068,0,492566.60792541504,0.0
2025-05-08,1235711.0453133583,415.855890750885,0.0,5,0.011938844593787357,14578.906829833984,1235295.1894226074,0,519777.19203186035,0.0
2025-05-09,1262857.2705330849,2026.655695438385,0.0,5,0.021968101137141316,27146.225219726562,1260830.6148376465,0,525601.0461425781,0.0
2025-05-12,1314235.4987282753,963.5436501502991,0.0,5,0.040684113235933905,51378.22819519043,1313271.955078125,0,574472.3390045166,0.0
2025-05-13,1335398.722055912,1127.8277840614319,0.0,5,0.01610306778968873,21163.22332763672,1334270.8942718506,0,37084.55778503418,0.0
2025-05-14,1342180.5460839272,999.6875023841858,0.0,5,0.005078501211663644,6781.824028015137,1341180.858581543,0,556500.5578994751,0.0
2025-05-15,1332030.3180565834,2428.5861535072327,0.0,5,-0.007562490796755306,-10150.22802734375,1329601.7319030762,0,20514.642791748047,0.0
2025-05-16,1328577.7782006264,660.1468529701233,0.0,5,-0.0025919378929709636,-3452.5398559570312,1327917.6313476562,0,539105.9397888184,0.0
2025-05-19,1289812.799021244,2532.9390816688538,0.0,5,-0.02917780186861474,-38764.979179382324,1287279.8599395752,0,520803.8875350952,0.0
2025-05-20,1312160.3468270302,937.3765511512756,0.0,5,0.01732619479566666,22347.547805786133,1311222.970275879,0,41021.03567504883,0.0
2025-05-21,1335284.9694924355,1002.4724678993225,0.0,5,0.01762332074835493,23124.622665405273,1334282.4970245361,0,17635.16616821289,0.0
2025-05-22,1326535.8418984413,648.0613503456116,0.0,5,-0.006552254982185479,-8749.12759399414,1325887.7805480957,0,19187.083297729492,0.0
2025-05-23,1324987.5094704628,2529.9475655555725,0.0,5,-0.0011671998441916687,-1548.3324279785156,1322457.5619049072,0,540487.5228118896,0.0
2025-05-26,1294164.2211403847,1220.2911629676819,0.0,5,-0.023263078413770732,-30823.288330078125,1292943.929977417,0,37526.447814941406,0.0
2025-05-27,1286746.0534005165,2230.2286858558655,0.0,5,-0.005732014236440097,-7418.167739868164,1284515.8247146606,0,12959.755500793457,0.0
2025-05-28,1260595.7841362953,2689.607454776764,0.0,5,-0.020322789562954746,-26150.26926422119,1257906.1766815186,0,18945.552474975586,0.0
2025-05-29,1266888.8401360512,2281.5846734046936,0.0,5,0.004992128387981021,6293.055999755859,1264607.2554626465,0,539973.3351135254,0.0
2025-06-02,1252885.8542962074,2236.4764046669006,0.0,5,-0.011053050114751994,-14002.98583984375,1250649.3778915405,0,526910.0751419067,0.0
2025-06-03,1260122.9336571693,999.0942482948303,0.0,5,0.0057763277765054966,7237.079360961914,1259123.8394088745,0,513472.31523132324,0.0
2025-06-04,1288123.7160668373,1779.0215706825256,0.0,5,0.022220675191112704,28000.78240966797,1286344.6944961548,0,1053024.4418487549,0.0
2025-06-05,1277750.4384789467,2652.0226616859436,0.0,5,-0.00805301343225362,-10373.277587890625,1275098.4158172607,0,22517.320671081543,0.0
2025-06-06,1256646.237215519,1466.9132256507874,0.0,5,-0.016516684814094407,-21104.201263427734,1255179.3239898682,0,20500.63377380371,0.0
2025-06-09,1246872.002474308,443.7395119667053,0.0,5,-0.007778032075971275,-9774.234741210938,1246428.2629623413,0,23868.355445861816,0.0
2025-06-10,1287406.0477318764,597.3241906166077,0.0,5,0.03250858562637715,40534.04525756836,1286808.7235412598,0,542276.9784164429,0.0
2025-06-11,1325667.3900170326,2999.785379886627,0.0,5,0.02971971613195712,38261.34228515625,1322667.604637146,0,549514.937828064,0.0
2025-06-12,1340686.8196930885,908.1611466407776,0.0,5,0.011329711954265465,15019.429676055908,1339778.6585464478,0,1117946.6492500305,0.0
2025-06-13,1336697.8073563576,821.3899750709534,0.0,5,-0.0029753498566086334,-3989.012336730957,1335876.4173812866,0,1101146.8752822876,0.0
2025-06-16,1332840.3429226875,3222.989872455597,0.0,5,-0.002885816384556761,-3857.464433670044,1329617.353050232,0,548138.652677536,0.0
2025-06-17,1345991.9520955086,1286.3713841438293,0.0,5,0.009867355263258215,13151.609172821045,1344705.5807113647,0,34150.70503616333,0.0
2025-06-18,1355983.9023442268,1318.7821888923645,0.0,5,0.007423484392430568,9991.950248718262,1354665.1201553345,0,555450.8635177612,0.0
2025-06-19,1340023.8997883797,816.6698231697083,0.0,5,-0.011770053116600843,-15960.002555847168,1339207.22996521,0,552301.5663757324,0.0
2025-06-20,1331998.9138875008,2371.881600856781,0.0,5,-0.005988688636184958,-8024.985900878906,1329627.032286644,0,543012.0211324692,0.0
2025-06-23,1332261.2308402061,531.7387251853943,0.0,5,0.0001969348097587975,262.3169527053833,1331729.4921150208,0,1084777.3261184692,0.0
2025-06-24,1370953.8719735146,2601.658251285553,0.0,5,0.02904283352065007,38692.64113330841,1368352.213722229,0,1125434.6081991196,0.0
2025-06-25,1397068.5885949135,264.4133324623108,0.0,5,0.019048574248385464,26114.716621398926,1396804.1752624512,0,2238902.6045074463,0.0
2025-06-26,1384146.4126152992,2902.4607644081116,0.0,5,-0.009249492891834743,-12922.175979614258,1381243.951850891,0,1125809.918952942,0.0
2025-06-27,1390352.8009209633,458.76495599746704,0.0,5,0.004483910263465063,6206.3883056640625,1389894.0359649658,0,1683825.6215896606,0.0
2025-06-30,1385178.75572443,886.397394657135,0.0,5,-0.0037213901342925126,-5174.045196533203,1384292.358329773,0,1676972.734489441,0.0
2025-07-01,1388642.5820565224,1465.5559029579163,0.0,5,0.0025006348947942403,3463.826332092285,1387177.0261535645,0,1122623.5934143066,0.0
2025-07-02,1389294.938486576,283.19964838027954,0.0,5,0.00046977994084529406,652.3564300537109,1389011.7388381958,0,568829.1570663452,0.0
2025-07-03,1423592.5920510292,1444.2564339637756,0.0,5,0.024687093153751283,34297.653564453125,1422148.3356170654,0,1716919.988899231,0.0
2025-07-04,1411718.2095894814,464.5404381752014,0.0,5,-0.0083411381373093,-11874.382461547852,1411253.6691513062,0,1145910.9036331177,0.0
2025-07-07,1407961.6955895424,3402.2786660194397,0.0,5,-0.002660951721400129,-3756.513999938965,1404559.416923523,0,1140791.7643814087,0.0
2025-07-08,1410469.7407784462,1343.3979077339172,0.0,5,0.0017813305551992453,2508.0451889038086,1409126.3428707123,0,1139151.4272975922,0.0
2025-07-09,1444755.2196259499,1491.0029282569885,0.0,5,0.024307844299149117,34285.47884750366,1443264.2166976929,0,1176047.4012050629,0.0
2025-07-10,1465987.3721909523,925.8422989845276,0.0,5,0.014696020666047138,21232.15256500244,1465061.5298919678,0,1782213.4179534912,0.0
2025-07-11,1467463.698378086,1244.0751099586487,0.0,5,0.0010070524583900564,1476.326187133789,1466219.6232681274,0,1192140.3404312134,0.0
2025-07-14,1442119.3085389137,2987.724470615387,0.0,5,-0.017270880272666544,-25344.389839172363,1439131.5840682983,0,597915.2961959839,0.0
2025-07-15,1477404.0346741676,681.1310486793518,0.0,5,0.024467272524769657,35284.726135253906,1476722.9036254883,0,1219717.1818008423,0.0
2025-07-16,1501425.682779789,976.806574344635,0.0,5,0.016259362734798,24021.648105621338,1500448.8762054443,0,1812217.9503059387,0.0
2025-07-17,1489861.8804650307,2276.923777103424,0.0,5,-0.007701881250192,-11563.8023147583,1487584.9566879272,0,609036.5311126709,0.0
2025-07-18,1511193.7329888344,296.6324715614319,0.0,5,0.014318006792109816,21331.85252380371,1510897.100517273,0,1825303.3164672852,0.0
2025-07-21,1507948.9215569496,1793.6364541053772,0.0,5,-0.002147184282896175,-3244.8114318847656,1506155.2851028442,0,1808499.3054199219,0.0
2025-07-22,1464557.8570389748,1261.5024247169495,0.0,5,-0.028774890115756624,-43391.06451797485,1463296.3546142578,0,608313.5080299377,0.0
2025-07-23,1495811.9673905373,858.8112759590149,0.0,5,0.021340304311877167,31254.1103515625,1494953.1561145782,0,1800159.8877124786,0.0
2025-07-24,1497767.3900942802,1175.2692170143127,0.0,5,0.00130726504826284,1955.422703742981,1496592.120877266,0,1235036.747838974,0.0
2025-07-25,1499761.915400982,2420.3972125053406,0.0,5,0.0013316655976707281,1994.5253067016602,1497341.5181884766,0,1216125.130314827,0.0
2025-07-28,1514445.7861924171,1256.5640006065369,0.0,5,0.009790801220278533,14683.870791435242,1513189.2221918106,0,1229751.001302719,0.0
2025-07-29,1511090.214486599,2310.104268550873,0.0,5,-0.0022157093614124657,-3355.5717058181763,1508780.110218048,0,1220433.4118919373,0.0
2025-07-30,1531611.4100871086,1299.698625087738,0.0,5,0.013580390769377004,20521.195600509644,1530311.7114620209,0,654005.3732185364,0.0
2025-07-31,1535184.6651091576,1031.1124930381775,0.0,5,0.0023330036577917657,3573.25502204895,1534153.5526161194,0,655846.4889640808,0.0
2025-08-04,1484015.4065413475,1821.369882106781,0.0,5,-0.033331012047447595,-51169.25856781006,1482194.0366592407,0,642245.9693336487,0.0
2025-08-05,1490903.79940176,3380.699483394623,0.0,5,0.004641725975383704,6888.392860412598,1487523.0999183655,0,616068.5844612122,0.0
2025-08-06,1492714.1893019676,3363.1584334373474,0.0,5,0.0012142902184124615,1810.3899002075195,1489351.0308685303,0,618807.8981590271,0.0
2025-08-07,1489924.4598402977,214.87552785873413,0.0,5,-0.0018688972622243893,-2789.729461669922,1489709.584312439,0,614576.240562439,0.0
2025-08-08,1498100.4979720116,175.65926504135132,0.0,5,0.005487552122333872,8176.038131713867,1497924.8387069702,0,1220631.0166168213,0.0
2025-08-11,1551727.8715758324,135.1194281578064,0.0,5,0.03579691327545542,53627.3736038208,1551592.7521476746,0,1251996.232120514,0.0
2025-08-12,1566751.3859724998,1223.0561652183533,0.0,5,0.00968179709333361,15023.51439666748,1565528.3298072815,0,658364.2323608398,0.0
2025-08-13,1615796.9628310204,346.9254698753357,0.0,5,0.03130399455691402,49045.57685852051,1615450.037361145,0,683608.5890693665,0.0
2025-08-14,1595639.9031310081,667.2461485862732,0.0,5,-0.01247499541322028,-20157.059700012207,1594972.6569824219,0,665152.2876281738,0.0
2025-08-15,1617689.5161833763,489.9239172935486,0.0,5,0.01381866485608807,22049.613052368164,1617199.5922660828,0,678832.0284767151,0.0
2025-08-18,1655438.4123282433,1087.999463558197,0.0,5,0.02333506879238989,37748.89614486694,1654350.412864685,0,49886.314224243164,0.0
2025-08-19,1595866.3327765465,231.74920797348022,0.0,5,-0.03598568156209048,-59572.07955169678,1595634.583568573,0,1310853.7945671082,0.0
2025-08-20,1550327.4070563316,1002.7122931480408,0.0,5,-0.028535551371012713,-45538.925720214844,1549324.6947631836,0,627000.6628303528,0.0
2025-08-21,1604252.0116820335,437.82218313217163,0.0,5,0.034782720333952355,53924.604625701904,1603814.1894989014,0,1290441.1565208435,0.0
2025-08-22,1586247.2320914268,2572.0187125205994,0.0,5,-0.011223161610206756,-18004.77959060669,1583675.2133789062,0,1288284.7007484436,0.0
2025-08-25,1636788.0540060997,638.6807417869568,0.0,5,0.031861881863167074,50540.82191467285,1636149.3732643127,0,1341275.3988685608,0.0
2025-08-26,1657083.0958418846,425.35059118270874,0.0,5,0.012399309602799224,20295.041835784912,1656657.745250702,0,1345566.387020111,0.0
2025-08-27,1678751.8811240196,291.56412649154663,0.0,5,0.013076462693095037,21668.78528213501,1678460.316997528,0,1376134.847957611,0.0
2025-08-28,1644172.1505408287,343.26561880111694,0.0,5,-0.020598476148862344,-34579.73058319092,1643828.8849220276,0,676376.5179901123,0.0
2025-08-29,1637614.833600521,763.2298254966736,0.0,5,-0.003988217984443265,-6557.316940307617,1636851.6037750244,0,667059.9078559875,0.0
2025-09-01,1612132.1976447105,470.306764125824,0.0,5,-0.015560823847560967,-25482.635955810547,1611661.8908805847,0,1945680.358379364,0.0
2025-09-02,1597586.859948635,259.64432668685913,0.0,5,-0.009022422427469534,-14545.33769607544,1597327.2156219482,0,1317094.9401474,0.0
2025-09-03,1617242.1768050194,666.347981929779,0.0,5,0.012303128768232474,19655.316856384277,1616575.8288230896,0,1313209.7474861145,0.0
2025-09-04,1640788.555112362,3980.2789435386658,0.0,5,0.014559587082906944,23546.37830734253,1636808.2761688232,0,706385.3556594849,0.0
2025-09-05,1659861.327680111,953.3751616477966,0.0,5,0.01162415017359919,19072.772567749023,1658907.9525184631,0,681327.7813453674,0.0
2025-09-08,1669756.5939154625,634.9904990196228,0.0,5,0.0059615017654406355,9895.266235351562,1669121.6034164429,0,678791.3216133118,0.0
2025-09-09,1675332.1567053795,1371.1640334129333,0.0,5,0.003339147041092172,5575.562789916992,1673960.9926719666,0,1350441.3684196472,0.0
2025-09-10,1676594.8080382347,560.3607420921326,0.0,5,0.0007536722361602965,1262.6513328552246,1676034.4472961426,0,700238.4810256958,0.0
2025-09-11,1658998.0095305443,1039.0394072532654,0.0,5,-0.010495558272830552,-17596.79850769043,1657958.970123291,0,1333896.878189087,0.0
2025-09-12,1657259.923295498,1882.446397304535,0.0,5,-0.0010476722847535536,-1738.0862350463867,1655377.4768981934,0,1338277.4172439575,0.0
2025-09-15,1627008.678033352,1138.767659664154,0.0,5,-0.018253772288169934,-30251.245262145996,1625869.9103736877,0,659707.4570655823,0.0
2025-09-16,1644405.62834692,1088.4865012168884,0.0,5,0.010692598354543836,17396.950313568115,1643317.1418457031,0,1343686.1805725098,0.0
2025-09-17,1649390.8225913048,1822.6567435264587,0.0,5,0.0030316085997565967,4985.194244384766,1647568.1658477783,0,700430.0549163818,0.0
2025-09-18,1658255.5556235313,3657.9938139915466,0.0,5,0.0053745497494035455,8864.733032226562,1654597.5618095398,0,1341212.0560264587,0.0
2025-09-19,1721059.0176978111,575.3874335289001,0.0,5,0.03787321071308858,62803.462074279785,1720483.6302642822,0,722479.9689369202,0.0
2025-09-22,1751882.9258246422,2031.488217830658,0.0,5,0.01790984958090691,30823.908126831055,1749851.4376068115,0,1411201.291732788,0.0
2025-09-23,1722839.9812903404,2631.018876552582,0.0,5,-0.016578130939104097,-29042.944534301758,1720208.9624137878,0,1393872.293560028,0.0
2025-09-24,1702553.3888754845,3666.702992916107,0.0,5,-0.011775088014652435,-20286.592414855957,1698886.6858825684,0,1386914.4455833435,0.0
2025-09-25,1692608.7863974571,1178.6495566368103,0.0,5,-0.005840993030236552,-9944.602478027344,1691430.1368408203,0,2084070.7686767578,0.0
2025-09-26,1643788.5514883995,886.0620169639587,0.0,5,-0.028843188869984826,-48820.23490905762,1642902.4894714355,0,667426.8325042725,0.0
2025-09-30,1673665.355565548,1211.428777217865,0.0,5,0.01817557620175414,29876.804077148438,1672453.92678833,0,1353026.5502624512,0.0
2025-10-01,1661422.1109366417,2762.8273215293884,0.0,5,-0.007315228571944221,-12243.24462890625,1658659.2836151123,0,1327465.5102996826,0.0
2025-10-02,1634733.57158041,1833.233064174652,0.0,5,-0.016063671706635585,-26688.53935623169,1632900.3385162354,0,668734.8381538391,0.0
2025-10-03,1656040.568330288,3224.7979941368103,0.0,5,0.01303392621299082,21306.99674987793,1652815.7703361511,0,684170.3222465515,0.0
2025-10-07,1724378.711221218,3191.11647939682,0.0,5,0.04126598357420219,68338.14289093018,1721187.5947418213,0,2112445.043735504,0.0
2025-10-08,1725056.054971218,5006.665261745453,0.0,5,0.0003928045188636986,677.34375,1720049.3897094727,0,1396345.0152130127,0.0
2025-10-09,1749252.861978054,1323.8147673606873,0.0,5,0.014026678690878702,24196.807006835938,1747929.0472106934,0,2116933.4292297363,0.0
2025-10-13,1715715.2429442406,440.7625708580017,0.0,5,-0.019172539181035897,-33537.61903381348,1715274.4803733826,0,1393551.6741752625,0.0
2025-10-14,1675486.8024687767,734.2225584983826,0.0,5,-0.023447037986577657,-40228.44047546387,1674752.5799102783,0,708599.4589576721,0.0
2025-10-15,1730354.0461211205,1614.0721373558044,0.0,5,0.032747046154883774,54867.24365234375,1728739.9739837646,0,1410628.4099121094,0.0
2025-10-16,1767573.4723830223,982.6543707847595,0.0,5,0.021509717242743198,37219.426261901855,1766590.8180122375,0,718431.6524848938,0.0
2025-10-17,1796183.6481261253,2705.0494170188904,0.0,5,0.01618613098132271,28610.175743103027,1793478.5987091064,0,1452814.7280921936,0.0
2025-10-20,1833290.0875792503,1737.598599910736,0.0,5,0.020658488619377247,37106.439453125,1831552.4889793396,0,1496590.9084587097,0.0
2025-10-21,1851707.9707884789,1695.9526419639587,0.0,5,0.010046355093507486,18417.883209228516,1850012.018146515,0,1498834.0937423706,0.0
2025-10-22,1857090.675397396,2640.7380194664,0.0,5,0.00290688634160019,5382.704608917236,1854449.9373779297,0,1517128.3420181274,0.0
2025-10-23,1853547.2498297691,3196.8077521324158,0.0,5,-0.0019080519947517471,-3543.425567626953,1850350.4420776367,0,1514918.802520752,0.0
2025-10-27,1877858.904996395,3596.8298468589783,0.0,5,0.013116285634940716,24311.655166625977,1874262.0751495361,0,797849.3743286133,0.0
2025-10-28,1862084.7110571861,4159.495709896088,0.0,5,-0.008400095394408336,-15774.193939208984,1857925.21534729,0,802764.2335205078,0.0
2025-10-29,1885885.9677138329,2770.964822292328,0.0,5,0.012782048268434432,23801.25665664673,1883115.0028915405,0,1537244.1556434631,0.0
2025-10-30,1840027.0495619774,1728.05650472641,0.0,5,-0.024316909366184025,-45858.91815185547,1838298.993057251,0,766665.752204895,0.0
2025-10-31,1873358.3973555565,3038.5473227500916,0.0,5,0.01811459663134496,33331.3477935791,1870319.8500328064,0,1513524.2268943787,0.0
2025-11-03,1870906.9257559776,1735.275945186615,0.0,5,-0.0013085972246631439,-2451.4715995788574,1869171.649810791,0,1550867.0824127197,0.0
2025-11-04,1835899.234471798,1474.2453818321228,0.0,5,-0.01871161563530699,-35007.69128417969,1834424.9890899658,0,1501501.6634979248,0.0
2025-11-05,1821936.7418112755,968.7256369590759,0.0,5,-0.007605260897959654,-13962.492660522461,1820968.0161743164,0,1464931.60836792,0.0
2025-11-06,1861068.486272335,1032.7510542869568,0.0,5,0.02147810270413486,39131.74446105957,1860035.735218048,0,1507825.2439613342,0.0
2025-11-07,1848454.0150504112,3738.5224318504333,0.0,5,-0.006778080073340131,-12614.471221923828,1844715.4926185608,0,765978.4844818115,0.0
2025-11-10,1891977.7492194176,3664.763337612152,0.0,5,0.02354601943820578,43523.73416900635,1888312.9858818054,0,806567.2048950195,0.0
2025-11-11,1900730.4309134483,3862.958779811859,0.0,5,0.004626207521542858,8752.681694030762,1896867.4721336365,0,23669.911628723145,0.0
2025-11-12,1872184.3148207664,2996.14866399765,0.0,5,-0.01501849795657939,-28546.116092681885,1869188.1661567688,0,24999.75336074829,0.0
2025-11-13,1916736.9539237022,5486.751630306244,0.0,5,0.02379714366274932,44552.63910293579,1911250.202293396,0,823568.6493530273,0.0
2025-11-14,1879214.3458342552,2394.097535610199,0.0,5,-0.01957629502193059,-37522.60808944702,1876820.248298645,0,1527055.5121040344,0.0
2025-11-17,1904095.6649413109,1270.1717772483826,0.0,5,0.013240277333030903,24881.319107055664,1902825.4931640625,0,797563.1406021118,0.0
2025-11-18,1868242.5528655052,5252.775750637054,0.0,5,-0.01882946993470036,-35853.112075805664,1862989.7771148682,0,1514787.525604248,0.0
2025-11-19,1879861.9293456078,1771.7167220115662,0.0,5,0.006219415387087146,11619.376480102539,1878090.2126235962,0,1517816.804145813,0.0
2025-11-20,1968547.119172573,781.198853969574,0.0,5,0.04717643803650895,88685.18982696533,1967765.9203186035,0,1602698.8531341553,0.0
2025-11-21,1901622.7726073265,1764.7873244285583,0.0,5,-0.03399682228250467,-66924.34656524658,1899857.985282898,0,810229.0989990234,0.0
2025-11-24,1937551.141740322,3859.868577480316,0.0,5,0.018893531172712086,35928.369132995605,1933691.2731628418,0,831270.5670318604,0.0
2025-11-25,1976072.8542952538,117.5216383934021,0.0,5,0.019881649431111814,38521.71255493164,1975955.3326568604,0,2420995.833755493,0.0
2025-11-26,1951652.4699225426,2304.031596660614,0.0,5,-0.012358038480023814,-24420.38437271118,1949348.438325882,0,820649.9324207306,0.0
2025-11-27,2007440.2426600456,3528.0483622550964,0.0,5,0.028584890802673124,55787.77273750305,2003912.1942977905,0,863000.4149513245,0.0
2025-11-28,2064410.5456271172,1400.7285380363464,0.0,5,0.02837957601745633,56970.30296707153,2063009.8170890808,0,1673038.4321517944,0.0
2025-12-01,2062322.7473139763,1489.2529273033142,0.0,5,-0.0010113290292782517,-2087.798313140869,2060833.494386673,0,849080.4320735931,0.0
2025-12-02,2066372.4652228355,1768.3563361167908,0.0,5,0.0019636683511994324,4049.717908859253,2064604.1088867188,0,49172.76823425293,0.0
2025-12-03,2083160.6496367455,3207.519628047943,0.0,5,0.008124471602509287,16788.184413909912,2079953.1300086975,0,878695.4798355103,0.0
2025-12-04,2057064.3973612785,4168.390189647675,0.0,5,-0.012527239452232108,-26096.25227546692,2052896.0071716309,0,865890.1582431793,0.0
2025-12-05,2077543.225303173,3750.2734599113464,0.0,5,0.009955365504436209,20478.82794189453,2073792.9518432617,0,1691095.7700500488,0.0
2025-12-08,2064164.2088236809,3563.587432384491,0.0,5,-0.00643982580797553,-13379.016479492188,2060600.6213912964,0,836580.2817764282,0.0
2025-12-09,2058394.1193385124,2762.9637446403503,0.0,5,-0.0027953635958336553,-5770.089485168457,2055631.155593872,0,873191.9140014648,0.0
2025-12-10,2086618.414252758,176.14507246017456,0.0,5,0.01371180312316267,28224.294914245605,2086442.2691802979,0,1708648.9129104614,0.0
2025-12-11,2065507.7649874687,2175.406165599823,0.0,5,-0.010117158518822555,-21110.649265289307,2063332.358821869,0,1675263.12374115,0.0
2025-12-12,2068303.6596446037,3217.2441782951355,0.0,5,0.0013536113030065966,2795.8946571350098,2065086.4154663086,0,1674114.1649169922,0.0
2025-12-15,2024498.3740382195,5772.244079113007,0.0,5,-0.021179329931617197,-43805.28560638428,2018726.1299591064,0,823105.2279281616,0.0
2025-12-16,1933171.0311579704,2581.7773089408875,0.0,5,-0.045111097174200476,-91327.34288024902,1930589.2538490295,0,34966.19143295288,0.0
2025-12-17,1944674.4644122124,3017.293300151825,0.0,5,0.005950551228440126,11503.433254241943,1941657.1711120605,0,44017.04064941406,0.0
2025-12-18,1935155.9721941948,629.5715289115906,0.0,5,-0.00489464555235708,-9518.492218017578,1934526.4006652832,0,792073.4125671387,0.0
2025-12-19,1967535.7200007439,1681.965533733368,0.0,5,0.0167323710707592,32379.747806549072,1965853.7544670105,0,1608193.1341171265,0.0
2025-12-22,1977680.7638010979,4470.684440135956,0.0,5,0.005156218358439935,10145.043800354004,1973210.079360962,0,825640.035068512,0.0
2025-12-23,1962047.7770609856,595.884063243866,0.0,5,-0.007904706880025314,-15632.986740112305,1961451.8929977417,0,1584083.142906189,0.0
2025-12-24,1976857.5487132072,1588.883117198944,0.0,5,0.007548119788604701,14809.77165222168,1975268.6655960083,0,1621807.7331237793,0.0
2025-12-26,1993973.1319880486,737.5926280021667,0.0,5,0.00865797501999177,17115.58327484131,1993235.5393600464,0,1623687.8466415405,0.0
2025-12-29,1989863.6233286858,2432.497878551483,0.0,5,-0.002060964911430596,-4109.508659362793,1987431.1254501343,0,819442.686958313,0.0
2025-12-30,1984865.4645152092,1438.1531977653503,0.0,5,-0.0025118097315209864,-4998.1588134765625,1983427.3113174438,0,802774.0719909668,0.0
2025-12-31,2011960.537490368,2423.867034435272,0.0,5,0.013650836018640033,27095.07297515869,2009536.6704559326,0,1628760.3876342773,0.0
2026-01-02,1993134.8117556572,1319.8832201957703,0.0,5,-0.009356906054525882,-18825.725734710693,1991814.9285354614,0,843811.4230232239,0.0
2026-01-05,2008216.9698939323,3804.427993297577,0.0,5,0.007567053693166903,15082.158138275146,2004412.5419006348,0,2432223.7629356384,0.0
2026-01-06,2048591.5054240227,1290.8759722709656,0.0,5,0.020104668039043094,40374.53553009033,2047300.6294517517,0,2473171.705394745,0.0
2026-01-07,2056016.897304058,2453.3215289115906,0.0,5,0.0036246327588371763,7425.3918800354,2053563.5757751465,0,1729134.4190063477,0.0
2026-01-08,2054943.85998106,1774.1414065361023,0.0,5,-0.0005219010234813748,-1073.0373229980469,2053169.718574524,0,1672944.217124939,0.0
2026-01-09,2039206.5817751884,2371.61735868454,0.0,5,-0.007658252136394927,-15737.278205871582,2036834.964416504,0,895515.7223815918,0.0
2026-01-12,2054053.2330813408,622.3531680107117,0.0,5,0.007280601896266781,14846.651306152344,2053430.87991333,0,1665745.7873840332,0.0
2026-01-13,2037473.309375286,4055.5092425346375,0.0,5,-0.00807180818833142,-16579.923706054688,2033417.8001327515,0,863937.2366256714,0.0
2026-01-14,2030636.2689242363,2677.294337749481,0.0,5,-0.0033556466333029,-6837.040451049805,2027958.9745864868,0,881223.9471282959,0.0
2026-01-15,2055706.997416973,3015.6489748954773,0.0,5,0.012346242838466859,25070.728492736816,2052691.3484420776,0,1730858.5139389038,0.0
2026-01-16,2088751.211177349,733.6264681816101,0.0,5,0.01607437918044563,33044.21376037598,2088017.5847091675,0,898250.2140655518,0.0
2026-01-19,2179104.6147112846,4202.656207561493,0.0,5,0.043257139984137494,90353.40353393555,2174901.958503723,0,966573.4262237549,0.0
2026-01-20,2184691.5684542656,3726.0796847343445,0.0,5,0.0025638758714303655,5586.953742980957,2180965.4887695312,0,921935.49559021,0.0
2026-01-21,2146903.398562908,1260.6410250663757,0.0,5,-0.017296798521584278,-37788.16989135742,2145642.757537842,0,904299.3283081055,0.0
2026-01-22,2214867.5922579765,3238.1925387382507,0.0,5,0.03165684759759668,67964.19369506836,2211629.3997192383,0,987874.2718200684,0.0
2026-01-23,2220013.2275042534,441.09196043014526,0.0,5,0.002323224767143417,5145.6352462768555,2219572.1355438232,0,955910.7346115112,0.0
2026-01-26,2277384.5939745903,2073.0395770072937,0.0,5,0.02584280388943183,57371.366470336914,2275311.554397583,0,1891022.999862671,0.0
2026-01-27,2346305.4067111015,4636.218089580536,0.0,5,0.030263141727953746,68920.81273651123,2341669.188621521,0,1964787.852859497,0.0
2026-01-28,2349150.532336712,2727.9190554618835,0.0,5,0.001212598162827705,2845.1256256103516,2346422.61328125,0,1878289.6256484985,0.0
2026-01-29,2309338.1165652275,726.8835253715515,0.0,5,-0.016947579656329093,-39812.415771484375,2308611.233039856,0,1957098.7542800903,0.0
2026-01-30,2286065.1452975273,2598.79834318161,0.0,5,-0.010077766915446373,-23272.971267700195,2283466.3469543457,0,1937907.9209976196,0.0
2026-02-02,2267316.7748446465,444.69110441207886,0.0,5,-0.008201153187365029,-18748.37045288086,2266872.0837402344,0,1884839.408996582,0.0
2026-02-03,2333426.586177349,483.39150190353394,0.0,5,0.029157730435453777,66109.81133270264,2332943.1946754456,0,964207.3398399353,0.0
2026-02-04,2370794.219581127,2252.081832408905,0.0,5,0.016014060020201448,37367.633403778076,2368542.1377487183,0,1936136.7597885132,0.0
2026-02-05,2261858.819457531,767.6315455436707,0.0,5,-0.045948905739631396,-108935.40012359619,2261091.1879119873,0,935385.9325256348,0.0
2026-02-06,2233104.8169322014,332.6898112297058,0.0,5,-0.012712554063045278,-28754.00252532959,2232772.1271209717,0,944885.9937515259,0.0
2026-02-09,2265127.6830210686,387.246253490448,0.0,5,0.014340064042698941,32022.866088867188,2264740.436767578,0,947196.2627410889,0.0
2026-02-10,2313017.022407055,350.79850721359253,0.0,5,0.021142004375715784,47889.33938598633,2312666.2238998413,0,1039696.9318771362,0.0
2026-02-11,2385638.2090830803,2188.474452495575,0.0,5,0.031396736804146785,72621.18667602539,2383449.7346305847,0,1011298.6774635315,0.0
2026-02-23,2457719.341823101,2206.430507183075,0.0,5,0.030214611949783032,72081.13274002075,2455512.911315918,0,1065719.0490722656,0.0
2026-02-24,2585100.8760943413,1314.7136340141296,0.0,5,0.05182916214377453,127381.53427124023,2583786.162460327,0,2114938.8680725098,0.0
2026-02-25,2636858.341899395,715.2625155448914,0.0,5,0.020021449175805728,51757.46580505371,2636143.07938385,0,2150640.519767761,0.0
2026-02-26,2660766.4213519096,467.9507403373718,0.0,5,0.009066880489034146,23908.07945251465,2660298.4706115723,0,1121419.3120193481,0.0
2026-03-02,2615132.075099468,2209.8309893608093,0.0,5,-0.017150827628550358,-45634.346252441406,2612922.2441101074,0,1064869.9637451172,0.0
2026-03-03,2485970.245288372,293.9705767631531,0.0,5,-0.04939017460759931,-129161.82981109619,2485676.274711609,0,1016300.2127227783,0.0
2026-03-04,2314091.661494732,2369.4670062065125,0.0,5,-0.06913943725569505,-171878.58379364014,2311722.1944885254,0,1879090.067352295,0.0
2026-03-05,2450831.026927471,418.2905535697937,0.0,5,0.05908986567300256,136739.36543273926,2450412.7363739014,0,1977185.242767334,0.0
2026-03-06,2506326.4883532524,518.7935290336609,0.0,5,0.02264352818127735,55495.46142578125,2505807.6948242188,0,2115745.390487671,0.0
2026-03-09,2296152.898387432,2569.070239543915,0.0,5,-0.08385722727764489,-210173.5899658203,2293583.828147888,0,1866052.3373031616,0.0
2026-03-10,2401049.9165759087,1344.061049938202,0.0,5,0.04568381237248831,104897.01818847656,2399705.8555259705,0,1018141.3084602356,0.0
2026-03-11,2529970.8402667046,829.7814898490906,0.0,5,0.05369356247064094,128920.9236907959,2529141.0587768555,0,1026978.2675590515,0.0
2026-03-12,2538810.5394091606,712.3638186454773,0.0,5,0.0034939925005317285,8839.699142456055,2538098.175590515,0,1094949.1786575317,0.0
2026-03-13,2618556.93924284,512.9099879264832,0.0,5,0.03141092988066685,79746.3998336792,2618044.0292549133,0,2154434.0968055725,0.0
2026-03-16,2731116.184024334,2399.2574877738953,0.0,5,0.042985219490411675,112559.24478149414,2728716.92653656,0,2226370.4619865417,0.0
2026-03-17,2722449.6534075737,727.4288935661316,0.0,5,-0.0031732559264432414,-8666.530616760254,2721722.2245140076,0,1158883.5503349304,0.0
2026-03-18,2806562.917930126,1295.1552348136902,0.0,5,0.03089616897681524,84113.26452255249,2805267.7626953125,0,2269372.9131088257,0.0
2026-03-19,2778230.4018855095,715.9174799919128,0.0,5,-0.01009509384721452,-28332.5160446167,2777514.4844055176,0,2259765.0961532593,0.0
2026-03-20,2711721.8561701775,880.2749285697937,0.0,5,-0.02393917569622539,-66508.54571533203,2710841.5812416077,0,2243811.327152252,0.0
2026-03-23,2564951.430484295,187.05289793014526,0.0,5,-0.054124439551912484,-146770.42568588257,2564764.3775863647,0,60246.980545043945,0.0
2026-03-24,2528995.2935557365,2217.304214000702,0.0,5,-0.014018252549043209,-35956.13692855835,2526777.989341736,0,2093372.991230011,0.0
2026-03-25,2666147.732383251,1783.223937511444,0.0,5,0.054231986582576885,137152.43882751465,2664364.5084457397,0,2148640.2046051025,0.0
2026-03-26,2688490.090339184,3933.453673839569,0.0,5,0.00838001498737695,22342.357955932617,2684556.6366653442,0,2189523.445968628,0.0
2026-03-27,2675804.868461132,1967.9897074699402,0.0,5,-0.00471834429430662,-12685.221878051758,2673836.878753662,0,2145369.1404800415,0.0
2026-03-30,2684712.469657421,3620.8667826652527,0.0,5,0.0033289427421558937,8907.601196289062,2681091.602874756,0,1199676.7666625977,0.0
2026-03-31,2488311.4959635735,3410.997931957245,0.0,5,-0.07315531026639477,-196400.97369384766,2484900.498031616,0,1065782.3996124268,0.0
2026-04-01,2669909.7184062004,361.30061292648315,0.0,5,0.07298050213456286,181598.22244262695,2669548.417793274,0,1140069.4021530151,0.0
2026-04-02,2668130.7614512444,696.7426066398621,0.0,5,-0.0006662985428653734,-1778.9569549560547,2667434.0188446045,0,1119516.3885116577,0.0
2026-04-07,2805119.671851635,1470.3926310539246,0.0,5,0.05134265245901215,136988.91040039062,2803649.279220581,0,2264000.4251708984,0.0
2026-04-08,2981414.6800608635,1619.7962336540222,0.0,5,0.06284758899175857,176295.00820922852,2979794.8838272095,0,2447467.075645447,0.0
2026-04-09,3005850.5506510735,2296.592040538788,0.0,5,0.00819606569781528,24435.87059020996,3003553.9586105347,0,1255973.049407959,0.0
2026-04-10,2999337.6177363396,353.70535230636597,0.0,5,-0.0021667520739921953,-6512.932914733887,2998983.912384033,0,67940.13754272461,0.0
2026-04-13,3046821.1579813957,1024.4211268424988,0.0,5,0.015831342215116395,47483.54024505615,3045796.736854553,0,1311856.3359680176,0.0
2026-04-14,3057311.739669323,2244.6623072624207,0.0,5,0.003443123552049121,10490.581687927246,3055067.0773620605,0,1304270.7489013672,0.0
2026-04-15,3099010.315803051,775.7422938346863,0.0,5,0.013638967722093609,41698.57613372803,3098234.5735092163,0,1285323.699066162,0.0
2026-04-16,3166953.612617016,2060.8298106193542,0.0,5,0.021924191883936572,67943.29681396484,3164892.7828063965,0,2534555.992729187,0.0
2026-04-17,3151542.705710888,4160.152343273163,0.0,5,-0.0048661612360634265,-15410.90690612793,3147382.5533676147,0,2561855.823677063,0.0
2026-04-20,3322007.6708521843,1409.9552111625671,0.0,5,0.05408937179635798,170464.9651412964,3320597.7156410217,0,2771379.573108673,0.0
2026-04-21,3362878.6441264153,3508.372764110565,0.0,5,0.012303094189950015,40870.97327423096,3359370.2713623047,0,1455210.4072303772,0.0
2026-04-22,3388712.3887820244,3046.1955218315125,0.0,5,0.0076820329810980414,25833.74465560913,3385666.193260193,0,4103953.853336334,0.0
2026-04-23,3329237.480960369,1548.4176669120789,0.0,5,-0.017550886885101424,-59474.90782165527,3327689.063293457,0,2794897.5715560913,0.0
2026-04-24,3362691.5107455254,1519.6249346733093,0.0,5,0.010048556156320165,33454.02978515625,3361171.885810852,0,2741375.1195755005,0.0
2026-04-27,3365254.9645648003,4457.0840716362,0.0,5,0.0007623220301604672,2563.4538192749023,3360797.880493164,0,2805774.695098877,0.0
2026-04-28,3429058.375163555,4385.4686007499695,0.0,5,0.01895945813039046,63803.41059875488,3424672.906562805,0,2809231.195075989,0.0
2026-04-29,3433642.6257357597,2552.2351183891296,0.0,5,0.0013368832112652385,4584.25057220459,3431090.3906173706,0,2809758.8151474,0.0
2026-04-30,3524660.8956637383,5306.074504375458,0.0,5,0.026507787748724976,91018.26992797852,3519354.821159363,0,2922652.9324645996,0.0
2026-05-04,3647045.4144473076,3292.7678484916687,0.0,5,0.03472235270466295,122384.51878356934,3643752.646598816,0,2982281.532608032,0.0
2026-05-05,3695710.085864544,1647.5635256767273,0.0,5,0.013343587997137973,48664.67141723633,3694062.522338867,0,3054542.6013412476,0.0
2026-05-06,3631323.7262454033,2995.7945437431335,0.0,5,-0.01742191841979368,-64386.359619140625,3628327.93170166,0,3006841.068054199,0.0
2026-05-07,3634334.683673382,2287.8363490104675,0.0,5,0.0008291624914122941,3010.9574279785156,3632046.8473243713,0,1533753.804386139,0.0
2026-05-08,3620741.2698550224,3765.218120098114,0.0,5,-0.0037402757317386293,-13593.413818359375,3616976.0517349243,0,4361571.113292694,0.0
2026-05-11,3856095.059756756,2959.5598788261414,0.0,5,0.06500154867767094,235353.7899017334,3853135.4998779297,0,3144005.20980072,0.0
2026-05-12,3944859.9584536552,6132.598086833954,0.0,5,0.02301937512466279,88764.89869689941,3938727.3603668213,0,4809112.281738281,0.0
2026-05-13,3751442.2186083794,4531.479083538055,0.0,5,-0.0490303184098565,-193417.73984527588,3746910.7395248413,0,1578207.9390411377,0.0
2026-05-14,3760535.645312786,6000.637088298798,0.0,5,0.002423981544831033,9093.426704406738,3754535.0082244873,0,3259049.3645477295,0.0
2026-05-15,3591674.753894329,9550.949939250946,0.0,5,-0.04490341465820935,-168860.89141845703,3582123.803955078,0,1507014.6747894287,0.0
2026-05-18,3649214.1840701103,5421.3023562431335,0.0,5,0.0160202229094919,57539.43017578125,3643792.881713867,0,1616223.859008789,0.0
2026-05-19,3512925.1985964775,2517.8607058525085,0.0,5,-0.03734748869183235,-136288.9854736328,3510407.337890625,0,1493381.9792480469,0.0
2026-05-20,3579247.4109988213,2711.6268649101257,0.0,5,0.018879483237741912,66322.21240234375,3576535.784133911,0,2905340.5092315674,0.0
2026-05-21,3914652.8335528374,3719.7672686576843,0.0,5,0.09370836492703316,335405.4225540161,3910933.0662841797,0,29063.98508453369,0.0
2026-05-22,4001325.5906329155,3323.061366558075,0.0,5,0.02214059860869355,86672.75708007812,3998002.5292663574,0,1692390.3016052246,0.0
2026-05-25,4197545.589778423,5510.364312648773,0.0,5,0.0490387484599748,196219.9991455078,4192035.2254657745,0,3426425.309053421,0.0
2026-05-26,4237177.880256176,2826.9158396720886,0.0,5,0.009441777255323247,39632.290477752686,4234350.964416504,0,3514651.735731125,0.0
2026-05-27,4212873.700873852,10907.092353343964,0.0,5,-0.005735935584761154,-24304.17938232422,4201966.608520508,0,3473604.7265625,0.0
2026-05-28,3972729.88574934,7216.884833812714,0.0,5,-0.05700237704128186,-240143.81512451172,3965513.0009155273,0,3260875.939819336,0.0
2026-05-29,3986866.0790019035,5243.414695262909,0.0,5,0.0035583071739337946,14136.193252563477,3981622.6643066406,0,3271607.4932403564,0.0
2026-06-01,4107111.0816874504,3537.3511271476746,0.0,5,0.030160281359550956,120245.00268554688,4103573.7305603027,0,3392895.2608337402,0.0
2026-06-02,4036675.9163737297,5016.388419628143,0.0,5,-0.017149564234523185,-70435.1653137207,4031659.5279541016,0,1693687.8439331055,0.0
2026-06-03,4076774.6285624504,6689.129600048065,0.0,5,0.009933597103020109,40098.7121887207,4070085.4989624023,0,3399490.5913391113,0.0
2026-06-04,3869721.2544322014,6962.803832530975,0.0,5,-0.05078852597825845,-207053.37413024902,3862758.4505996704,0,71093.52579498291,0.0
2026-06-05,3932463.852584362,7506.41313123703,0.0,5,0.016213725492578712,62742.598152160645,3924957.439453125,0,3236553.3309783936,0.0
2026-06-08,3754216.09013319,5669.124824047089,0.0,5,-0.0453272475305857,-178247.76245117188,3748546.965309143,0,1600797.7796401978,0.0
2026-06-09,3932187.5192637444,2800.571921825409,0.0,5,0.04740574992427793,177971.4291305542,3929386.947341919,0,1681519.7144012451,0.0
2026-06-10,3647593.1076045036,3832.666434764862,0.0,5,-0.07237559507653579,-284594.4116592407,3643760.441169739,0,1454905.3601379395,0.0
2026-06-11,3676373.550353527,2529.033263683319,0.0,5,0.00789025582075542,28780.442749023438,3673844.5170898438,0,3022693.783821106,0.0
2026-06-12,3844153.8751826286,4687.493590831757,0.0,5,0.04563745292231447,167780.32482910156,3839466.381591797,0,4655351.41027832,0.0
2026-06-15,4131200.7373042107,5538.527465343475,0.0,5,0.07467101251454067,287046.86212158203,4125662.209838867,0,3313126.0900268555,0.0
2026-06-16,4194585.993773937,1860.8349452018738,0.0,5,0.015343058955563649,63385.25646972656,4192725.1588287354,0,1817993.5636138916,0.0
2026-06-17,4189956.495681286,2904.4866786003113,0.0,5,-0.0011036841536978814,-4629.498092651367,4187052.0090026855,0,3424699.851196289,0.0
2026-06-18,4306144.918456554,4332.317809581757,0.0,5,0.02773022175648543,116188.42277526855,4301812.600646973,0,3532390.5226593018,0.0
2026-06-22,4335660.187682629,3430.144591808319,0.0,5,0.00685422106895861,29515.26922607422,4332230.04309082,0,3617178.4603271484,0.0
2026-06-23,4270442.942138195,6268.937743663788,0.0,5,-0.015042056508421053,-65217.245544433594,4264174.004394531,0,1803047.7272338867,0.0
2026-06-24,4234947.423583508,3134.0526118278503,0.0,5,-0.008311905588162527,-35495.5185546875,4231813.37097168,0,1840935.5521240234,0.0
2026-06-25,4345945.286376476,5145.555907726288,0.0,5,0.026209974219478127,110997.86279296875,4340799.73046875,0,1929130.8099365234,0.0
2026-06-26,4019453.732665539,8485.887328624725,0.0,5,-0.07512555547682853,-326491.5537109375,4010967.845336914,0,1661249.349975586,0.0
2026-06-29,4029000.1082758904,5810.585570812225,0.0,5,0.0023750430394979816,9546.375610351562,4023189.522705078,0,1739131.9936523438,0.0
2026-06-30,4184695.9080348015,6022.218978404999,0.0,5,0.03864378147796499,155695.79975891113,4178673.6890563965,0,1854568.3665924072,0.0
2026-07-01,4242803.161269665,2893.021010875702,0.0,5,0.013885657288333686,58107.25323486328,4239910.140258789,0,3464288.1531066895,0.0
2026-07-02,4163672.773391247,2390.5648646354675,0.0,5,-0.01865049705834998,-79130.38787841797,4161282.2085266113,0,1857990.2764587402,0.0
2026-07-03,4180396.491485119,8563.667510509491,0.0,5,0.004016578392218584,16723.71809387207,4171832.8239746094,0,5075183.773788452,0.0
2026-07-06,4057685.889922619,2700.835204601288,0.0,5,-0.029353818905083373,-122710.6015625,4054985.0547180176,0,4976457.277130127,0.0
2026-07-07,3752008.357924938,575.9478297233582,0.0,5,-0.07533297063649991,-305677.53199768066,3751432.410095215,0,1593714.5118865967,0.0
2026-07-08,3874921.9478297234,2464.3041529655457,0.0,5,0.03275941260769555,122913.58990478516,3872457.643676758,0,3242933.643676758,0.0
2026-07-09,3816425.8733668327,2104.004714488983,0.0,5,-0.01509606522414042,-58496.074462890625,3814321.8686523438,0,1585079.2994384766,0.0
2026-07-10,3816425.8733668327,2104.004714488983,0.0,5,0.0,0.0,3814321.8686523438,0,0.0,0.0
2026-07-13,3810112.8733668327,2964.373366832733,0.0,5,-0.0016541654965855912,-6313.0,3807148.5,0,1681804.3686523438,0.0
2026-07-14,3713501.3733668327,4207.373366832733,0.0,5,-0.025356597878064546,-96611.5,3709294.0,0,131509.0,0.0
2026-07-15,3902423.3733668327,6116.398269176483,0.0,5,0.050874358457208446,188922.0,3896306.9750976562,0,1679096.9750976562,0.0
2026-07-16,3865203.0310816765,996.0310816764832,0.0,5,-0.009537750962434477,-37220.34228515625,3864207.0,0,3224969.6328125,0.0
2026-07-17,3495101.0310816765,907.0310816764832,0.0,5,-0.09575227925256669,-370102.0,3494194.0,0,24449.0,0.0
2026-07-20,3263480.0310816765,771.5310816764832,0.0,5,-0.06627018731081347,-231621.0,3262708.5,0,88384.5,0.0
2026-07-21,3476135.0310816765,1382.0310816764832,0.0,5,0.06516203499781059,212655.0,3474753.0,0,64049.5,0.0
2026-07-22,3680238.0310816765,824.0310816764832,0.0,5,0.058715498153847356,204103.0,3679414.0,0,64280.0,0.0
2026-07-23,3608724.5310816765,1339.5310816764832,0.0,5,-0.01943175941230657,-71513.5,3607385.0,0,49765.5,0.0
2026-07-24,3370104.5310816765,3492.031081676483,0.0,5,-0.06612308530196298,-238620.0,3366612.5,0,1423338.5,0.0
2026-07-27,3332379.0310816765,1180.5180277824402,0.0,5,-0.01119416316380295,-37725.5,3331198.513053894,0,1369339.513053894,0.0
2026-07-28,3040893.0049738884,959.817412853241,0.0,5,-0.08747084992104659,-291486.0261077881,3039933.187561035,0,1259828.2993850708,0.0
2026-07-29,2802483.942290783,1115.4422907829285,0.0,5,-0.07840100335432643,-238409.06268310547,2801368.5,0,1219383.6248779297,0.0
2026-07-30,2852396.942290783,1721.2544474601746,0.0,5,0.017810271540467992,49913.0,2850675.6878433228,0,2411312.1878433228,0.0
2026-07-31,3073561.8787608147,2589.7522654533386,0.0,5,0.0775365213694319,221164.93647003174,3070972.1264953613,0,1327322.5021820068,0.0
2026-08-03,3174979.125770092,557.8543925285339,0.0,5,0.03299665046931355,101417.24700927734,3174421.2713775635,0,1432947.8978729248,0.0
2026-08-04,3281738.125770092,1163.0551371574402,0.0,5,0.03362510296004095,106759.0,3280575.0706329346,0,1393194.799255371,0.0
2026-08-05,3343241.8404536247,743.2555460929871,0.0,5,0.018741201255691342,61503.714683532715,3342498.5849075317,0,1373033.7995910645,0.0
2026-08-06,3334733.8404536247,1575.9556193351746,0.0,5,-0.0025448353442614202,-8508.0,3333157.8848342896,0,1355174.2999267578,0.0
2026-08-07,3313787.955619335,1784.9556193351746,0.0,5,-0.006281126421603833,-20945.88483428955,3312003.0,0,1490465.0,0.0
2026-08-10,3406325.955619335,930.9556193351746,0.0,5,0.02792514223581488,92538.0,3405395.0,0,1463510.0,0.0
2026-08-11,3500851.2405543327,2263.135085582733,0.0,5,0.02774992357353856,94525.28493499756,3498588.10546875,0,2831592.3904037476,0.0
2026-08-12,3482697.2171168327,1128.8473963737488,0.0,5,-0.005185602640638165,-18154.0234375,3481568.369720459,0,1441156.451751709,0.0
2026-08-13,3564298.4776759148,2254.846511363983,0.0,5,0.023430478009407896,81601.26055908203,3562043.631164551,0,106118.00088500977,0.0
2026-08-14,3614880.1620936394,2671.162093639374,0.0,5,0.014191203327816204,50581.68441772461,3612209.0,0,2996110.3155822754,0.0
2026-08-17,3698831.6620936394,2257.162093639374,0.0,5,0.02322386807737975,83951.5,3696574.5,0,1652334.0,0.0
2026-08-18,3695685.1620936394,3888.162093639374,0.0,5,-0.0008506740201902341,-3146.5,3691797.0,0,1582799.0,0.0
2026-08-19,3586164.1620936394,3124.478499889374,0.0,5,-0.02963482959082897,-109521.0,3583039.68359375,0,1502701.68359375,0.0
2026-08-20,3631916.459945202,1832.4599452018738,0.0,5,0.01275800431423968,45752.2978515625,3630084.0,0,2984055.9814453125,0.0
2026-08-21,3623745.459945202,5163.436507701874,0.0,5,-0.0022497764169727708,-8171.0,3618582.0234375,0,1532653.0234375,0.0
2026-08-24,3544390.02561903,4924.025619029999,0.0,5,-0.021898733010726423,-79355.43432617188,3539466.0,0,1501860.5891113281,0.0
2026-08-25,3652986.02561903,1521.5256190299988,0.0,5,0.030638840312455118,108596.0,3651464.5,0,1536933.5,0.0
2026-08-26,3806692.52561903,2679.525619029999,0.0,5,0.042076947166517886,153706.5,3804013.0,0,1711084.0,0.0
2026-08-27,4015272.02561903,5598.525619029999,0.0,5,0.05479284144864871,208579.5,4009673.5,0,3239421.0,0.0
2026-08-28,4159450.02561903,8038.025619029999,0.0,5,0.035907405296599304,144178.0,4151412.0,0,1822602.5,0.0
2026-08-31,4167034.02561903,11533.025619029999,0.0,5,0.0018233179755227091,7584.0,4155501.0,0,321565.0,0.0
2026-09-01,4129521.02561903,12669.525619029999,0.0,5,-0.009002326299561991,-37513.0,4116851.5,0,84063.5,0.0
2026-09-02,4112212.02561903,5927.025619029999,0.0,5,-0.004191527272198625,-17309.0,4106285.0,0,91357.5,0.0
2026-09-03,3886167.02561903,5334.025619029999,0.0,5,-0.05496919871634598,-226045.0,3880833.0,0,66175.0,0.0
2026-09-04,3990218.02561903,9221.025619029999,0.0,5,0.026774711255089567,104051.0,3980997.0,0,124437.0,0.0
2026-09-07,4025741.02561903,8918.525619029999,0.0,5,0.008902521058229418,35523.0,4016822.5,0,1779177.5,0.0
2026-09-08,3944067.52561903,4661.525619029999,0.0,5,-0.020287817691263754,-81673.5,3939406.0,0,110623.0,0.0
2026-09-09,4039583.52561903,7415.525619029999,0.0,5,0.024217638105729078,95516.0,4032168.0,0,1685674.0,0.0
2026-09-10,4099269.52561903,2414.025619029999,0.0,5,0.014775285526706261,59686.0,4096855.5,0,3360305.5,0.0
2026-09-11,4033830.02561903,6793.025619029999,0.0,5,-0.015963697822508505,-65439.5,4027037.0,0,3260797.0,0.0
2026-09-14,3984033.02561903,5993.025619029999,0.0,5,-0.012344843407812722,-49797.0,3978040.0,0,1724630.0,0.0
2026-09-15,3937890.52561903,6260.025619029999,0.0,5,-0.011581856802713286,-46142.5,3931630.5,0,3219271.0,0.0
2026-09-16,3992368.02561903,3099.025619029999,0.0,5,0.01383418346588905,54477.5,3989269.0,0,3197721.0,0.0
2026-09-17,4037575.595351696,1774.5953516960144,0.0,5,0.011323497594051712,45207.569732666016,4035801.0,0,3354045.569732666,0.0
2026-09-18,4196491.595351696,4616.095351696014,0.0,5,0.03935926306443749,158916.0,4191875.5,0,3408886.5,0.0
2026-09-21,4217523.095351696,6572.595351696014,0.0,5,0.005011686434281293,21031.5,4210950.5,0,71852.5,0.0
2026-09-22,4290201.595351696,11982.595351696014,0.0,5,0.01723250788599162,72678.5,4278219.0,0,5253515.0,0.0
2026-09-23,4280042.595351696,4164.095351696014,0.0,5,-0.002367953993352434,-10159.0,4275878.5,0,1795578.5,0.0
2026-09-24,4360555.595351696,7076.595351696014,0.0,5,0.018811261384978017,80513.0,4353479.0,0,3503086.5,0.0
2026-09-29,4250129.095351696,4174.095351696014,0.0,5,-0.02532395186469205,-110426.5,4245955.0,0,1851605.5,0.0
2026-09-30,4288397.595351696,8099.595351696014,0.0,5,0.00900407943887016,38268.5,4280298.0,0,1768739.5,0.0
2026-10-01,4398673.595351696,8612.823852062225,0.0,5,0.0257149663826719,110276.0,4390060.771499634,0,3651176.771499634,0.0
2026-10-02,4480442.823852062,8572.823852062225,0.0,5,0.018589519483049655,81769.22850036621,4471870.0,0,1876680.0,0.0
2026-10-05,4731173.823852062,6420.23849439621,0.0,5,0.05596120960749906,250731.0,4724753.585357666,0,2029338.585357666,0.0
