as_of,for_date,ticker,side,rank,pred_xret,actual_ret,actual_xret,model_version
2026-05-13,2026-05-14,3443.TW,long,1,0.0018478340164389,-0.0478424015009381,-0.0536015957601822,rf-v1
2026-05-13,2026-05-14,2303.TW,long,2,0.001563259099252,0.0975609585899885,0.0918017643307445,rf-v1
2026-05-13,2026-05-14,6415.TW,long,3,0.0010508255900993,0.0759358288770053,0.0701766346177612,rf-v1
2026-05-13,2026-05-14,1303.TW,long,4,0.0010306114100164,-0.013872797089505,-0.0196319913487491,rf-v1
2026-05-13,2026-05-14,3037.TW,long,5,0.0009983751468357,-0.0123318385650224,-0.0180910328242664,rf-v1
2026-05-13,2026-05-14,3665.TW,flat,6,0.0009933375138546,-0.0999999999999999,-0.105759194259244,rf-v1
2026-05-13,2026-05-14,2454.TW,flat,7,0.0008297171057706,-0.0257510729613733,-0.0315102672206174,rf-v1
2026-05-13,2026-05-14,3661.TW,flat,8,0.0008062138481509,0.0104602510460252,0.0047010567867811,rf-v1
2026-05-13,2026-05-14,2327.TW,flat,9,0.0005486661015788,0.1,0.094240805740756,rf-v1
2026-05-13,2026-05-14,2308.TW,flat,10,0.0004457131531213,-0.0046189376443418,-0.0103781319035859,rf-v1
2026-05-13,2026-05-14,6669.TW,flat,11,0.000363219454997,-0.0259856630824373,-0.0317448573416814,rf-v1
2026-05-13,2026-05-14,3711.TW,flat,12,0.0002420015375411,0.0,-0.005759194259244,rf-v1
2026-05-13,2026-05-14,3019.TW,flat,13,0.000157490429098,0.0462633451957295,0.0405041509364854,rf-v1
2026-05-13,2026-05-14,2330.TW,flat,14,0.0001565918329053,0.0225225225225225,0.0167633282632784,rf-v1
2026-05-13,2026-05-14,2049.TW,flat,15,0.0001314244582515,0.027434842249657,0.0216756479904129,rf-v1
2026-05-13,2026-05-14,1301.TW,flat,16,0.0001262537275877,-0.0170576338108726,-0.0228168280701167,rf-v1
2026-05-13,2026-05-14,2474.TW,flat,17,0.0001223857895285,-0.0592592592592592,-0.0650184535185033,rf-v1
2026-05-13,2026-05-14,3231.TW,flat,18,3.696536321794138e-05,-0.0177935943060498,-0.0235527885652939,rf-v1
2026-05-13,2026-05-14,2615.TW,flat,19,1.7664269890913877e-05,0.0067294748245392,0.0009702805652951,rf-v1
2026-05-13,2026-05-14,5871.TW,flat,20,4.438571401266268e-06,0.0046511627906977,-0.0011080314685463,rf-v1
2026-05-13,2026-05-14,6505.TW,flat,21,-6.289604234954843e-05,-0.0094517955685766,-0.0152109898278207,rf-v1
2026-05-13,2026-05-14,2382.TW,flat,22,-0.0001272271973571,-0.0176211453744493,-0.0233803396336934,rf-v1
2026-05-13,2026-05-14,2357.TW,flat,23,-0.000136141418712,0.0241327300150828,0.0183735357558387,rf-v1
2026-05-13,2026-05-14,2317.TW,flat,24,-0.0001737688645384,-0.0258964143426294,-0.0316556086018735,rf-v1
2026-05-13,2026-05-14,2105.TW,flat,25,-0.0002065441534721,0.0224358602074876,0.0166766659482435,rf-v1
2026-05-13,2026-05-14,3034.TW,flat,26,-0.0002184750705337,0.013360739979445,0.0076015457202009,rf-v1
2026-05-13,2026-05-14,2887.TW,flat,27,-0.000219325672364,-0.0021597942930644,-0.0079189885523085,rf-v1
2026-05-13,2026-05-14,2890.TW,flat,28,-0.0002360062861788,-0.0016366362785336,-0.0073958305377777,rf-v1
2026-05-13,2026-05-14,2002.TW,flat,29,-0.0002380614477483,-0.0054348034534206,-0.0111939977126647,rf-v1
2026-05-13,2026-05-14,3008.TW,flat,30,-0.0002390544407905,0.1,0.094240805740756,rf-v1
2026-05-13,2026-05-14,2885.TW,flat,31,-0.0002548833468949,-0.0053763304867806,-0.0111355247460247,rf-v1
2026-05-13,2026-05-14,4938.TW,flat,32,-0.0002610347426274,-0.0586797417198221,-0.0644389359790662,rf-v1
2026-05-13,2026-05-14,2889.TW,flat,33,-0.0002631645531674,-0.0034129172943666,-0.0091721115536107,rf-v1
2026-05-13,2026-05-14,2882.TW,flat,34,-0.0003032594673682,-0.0077620450171764,-0.0135212392764205,rf-v1
2026-05-13,2026-05-14,2883.TW,flat,35,-0.0003152677352724,0.0068336953674978,0.0010745011082538,rf-v1
2026-05-13,2026-05-14,9910.TW,flat,36,-0.0003493395320095,-0.0153631075078678,-0.0211223017671119,rf-v1
2026-05-13,2026-05-14,2880.TW,flat,37,-0.0003509465210586,-0.004580199263478,-0.0103393935227221,rf-v1
2026-05-13,2026-05-14,2912.TW,flat,38,-0.0003688588045579,0.0044345898004434,-0.0013246044588006,rf-v1
2026-05-13,2026-05-14,5880.TW,flat,39,-0.0004074247165518,-0.0043763842363355,-0.0101355784955796,rf-v1
2026-05-13,2026-05-14,2884.TW,flat,40,-0.0004150069001668,-0.001567374221268,-0.0073265684805121,rf-v1
2026-05-13,2026-05-14,2207.TW,flat,41,-0.0004256392410341,-0.010559662090813,-0.0163188563500571,rf-v1
2026-05-13,2026-05-14,2892.TW,flat,42,-0.0004729779203906,0.0,-0.005759194259244,rf-v1
2026-05-13,2026-05-14,2891.TW,flat,43,-0.0004736461644395,-0.0018215352648254,-0.0075807295240695,rf-v1
2026-05-13,2026-05-14,2886.TW,flat,44,-0.0004776559617323,-0.0063211126377402,-0.0120803068969843,rf-v1
2026-05-13,2026-05-14,2881.TW,short,45,-0.0005096327054464,-0.0010559501303442,-0.0068151443895883,rf-v1
2026-05-13,2026-05-14,2412.TW,short,46,-0.0005167621005389,0.0,-0.005759194259244,rf-v1
2026-05-13,2026-05-14,3045.TW,short,47,-0.0005546858851644,0.0267857142857141,0.02102652002647,rf-v1
2026-05-13,2026-05-14,9904.TW,short,48,-0.0005576027501894,-0.0076774994797806,-0.0134366937390247,rf-v1
2026-05-13,2026-05-14,1216.TW,short,49,-0.000604870382551,-0.0053190679882564,-0.0110782622475005,rf-v1
2026-05-14,2026-05-15,3443.TW,long,1,0.001746146369591,-0.0453201970443349,-0.0385528726796637,rf-v1
2026-05-14,2026-05-15,3037.TW,long,2,0.0012273945715418,-0.0681044267877412,-0.06133710242307,rf-v1
2026-05-14,2026-05-15,3665.TW,long,3,0.0011761893802241,-0.0688888888888888,-0.0621215645242176,rf-v1
2026-05-14,2026-05-15,2454.TW,long,4,0.0008855296624656,-0.0425844346549192,-0.035817110290248,rf-v1
2026-05-14,2026-05-15,3661.TW,long,5,0.000645652026089,-0.046583850931677,-0.0398165265670058,rf-v1
2026-05-14,2026-05-15,1303.TW,flat,6,0.0005405298344805,0.0,0.0067673243646712,rf-v1
2026-05-14,2026-05-15,6669.TW,flat,7,0.000459339687688,-0.0588776448942042,-0.052110320529533,rf-v1
2026-05-14,2026-05-15,2308.TW,flat,8,0.000448724348638,-0.037122969837587,-0.0303556454729158,rf-v1
2026-05-14,2026-05-15,2327.TW,flat,9,0.0004323020212923,-0.0140692640692641,-0.0073019397045929,rf-v1
2026-05-14,2026-05-15,6415.TW,flat,10,0.0004260221234581,-0.0695825049701789,-0.0628151806055077,rf-v1
2026-05-14,2026-05-15,2474.TW,flat,11,0.0003843598256304,-0.0288713910761154,-0.0221040667114442,rf-v1
2026-05-14,2026-05-15,2303.TW,flat,12,0.0003325503487158,0.0185185185185186,0.0252858428831898,rf-v1
2026-05-14,2026-05-15,2317.TW,flat,13,0.0002494298546632,0.016359918200409,0.0231272425650802,rf-v1
2026-05-14,2026-05-15,4938.TW,flat,14,0.0002482652619685,-0.0064935064935064,0.0002738178711647,rf-v1
2026-05-14,2026-05-15,2382.TW,flat,15,0.0001698444814376,-0.0852017937219731,-0.0784344693573019,rf-v1
2026-05-14,2026-05-15,3231.TW,flat,16,0.0001229419698304,-0.0181159420289854,-0.0113486176643142,rf-v1
2026-05-14,2026-05-15,1301.TW,flat,17,6.917636704045505e-05,-0.0086767402260584,-0.0019094158613872,rf-v1
2026-05-14,2026-05-15,3711.TW,flat,18,2.230555654214425e-05,-0.0018248175182481,0.004942506846423,rf-v1
2026-05-14,2026-05-15,2882.TW,flat,19,-5.859493728272247e-05,0.0156454318824352,0.0224127562471064,rf-v1
2026-05-14,2026-05-15,2885.TW,flat,20,-7.042079860662012e-05,-0.0126126263592694,-0.0058453019945982,rf-v1
2026-05-14,2026-05-15,2207.TW,flat,21,-8.540930455458912e-05,-0.0010672358591248,0.0057000885055463,rf-v1
2026-05-14,2026-05-15,2330.TW,flat,22,-9.431544613402776e-05,-0.0022026431718061,0.004564681192865,rf-v1
2026-05-14,2026-05-15,3008.TW,flat,23,-0.0001369779388143,0.098883572567783,0.1056508969324542,rf-v1
2026-05-14,2026-05-15,2049.TW,flat,24,-0.0001457164068847,0.0480640854472629,0.0548314098119341,rf-v1
2026-05-14,2026-05-15,6505.TW,flat,25,-0.0001765472197063,-0.020992409480658,-0.0142250851159868,rf-v1
2026-05-14,2026-05-15,2880.TW,flat,26,-0.0001865312300551,-0.0061348760001002,0.0006324483645709,rf-v1
2026-05-14,2026-05-15,2887.TW,flat,27,-0.0001907667799385,0.0303029802610887,0.03707030462576,rf-v1
2026-05-14,2026-05-15,2002.TW,flat,28,-0.0002233840195997,-0.0081967008078611,-0.0014293764431899,rf-v1
2026-05-14,2026-05-15,2891.TW,flat,29,-0.0002344955996856,0.0,0.0067673243646712,rf-v1
2026-05-14,2026-05-15,5871.TW,flat,30,-0.000243081061689,-0.0185185185185184,-0.0117511941538472,rf-v1
2026-05-14,2026-05-15,2886.TW,flat,31,-0.0002554422110679,0.002544587551138,0.0093119119158092,rf-v1
2026-05-14,2026-05-15,2615.TW,flat,32,-0.0002752759293375,-0.0080214716448667,-0.0012541472801955,rf-v1
2026-05-14,2026-05-15,3034.TW,flat,33,-0.0002799537426072,-0.0537525354969573,-0.0469852111322861,rf-v1
2026-05-14,2026-05-15,9904.TW,flat,34,-0.0003218901782801,0.0058026930876875,0.0125700174523587,rf-v1
2026-05-14,2026-05-15,2883.TW,flat,35,-0.0003345801896162,-0.0113122169993091,-0.0045448926346379,rf-v1
2026-05-14,2026-05-15,5880.TW,flat,36,-0.0003349503959929,0.0043956211635045,0.0111629455281757,rf-v1
2026-05-14,2026-05-15,2890.TW,flat,37,-0.0003353674386447,-0.0098360405593621,-0.0030687161946909,rf-v1
2026-05-14,2026-05-15,1216.TW,flat,38,-0.0003510157704431,0.0120320034728023,0.0187993278374735,rf-v1
2026-05-14,2026-05-15,2889.TW,flat,39,-0.0003731509811692,-0.0034246705087982,0.0033426538558729,rf-v1
2026-05-14,2026-05-15,2357.TW,flat,40,-0.0003807987765785,-0.0559646539027982,-0.049197329538127,rf-v1
2026-05-14,2026-05-15,2881.TW,flat,41,-0.0003870273476525,0.0158562370422272,0.0226235614068984,rf-v1
2026-05-14,2026-05-15,3019.TW,flat,42,-0.0003891149581431,-0.0170068027210884,-0.0102394783564172,rf-v1
2026-05-14,2026-05-15,9910.TW,flat,43,-0.0004096637019583,-0.0028368361452792,0.0039304882193919,rf-v1
2026-05-14,2026-05-15,2884.TW,flat,44,-0.0004163863378839,0.0031397293648984,0.0099070537295696,rf-v1
2026-05-14,2026-05-15,2912.TW,short,45,-0.0004526220334326,0.0044150110375276,0.0111823354021988,rf-v1
2026-05-14,2026-05-15,2412.TW,short,46,-0.0004555342173276,0.0036363636363636,0.0104036880010348,rf-v1
2026-05-14,2026-05-15,2892.TW,short,47,-0.0004620247803467,-0.0067796868793035,-1.236251463232474e-05,rf-v1
2026-05-14,2026-05-15,2105.TW,short,48,-0.0005306490446576,0.0156740411701505,0.0224413655348217,rf-v1
2026-05-14,2026-05-15,3045.TW,short,49,-0.0005415240579022,-0.0043478260869564,0.0024194982777147,rf-v1
2026-05-15,2026-05-16,3443.TW,long,1,0.0016562130684373,,,rf-v1
2026-05-15,2026-05-16,3037.TW,long,2,0.001536717382848,,,rf-v1
2026-05-15,2026-05-16,6415.TW,long,3,0.0012202207103277,,,rf-v1
2026-05-15,2026-05-16,2454.TW,long,4,0.0011425368609583,,,rf-v1
2026-05-15,2026-05-16,3665.TW,long,5,0.0010990506961255,,,rf-v1
2026-05-15,2026-05-16,2303.TW,flat,6,0.000832569888966,,,rf-v1
2026-05-15,2026-05-16,3661.TW,flat,7,0.000727231767273,,,rf-v1
2026-05-15,2026-05-16,1303.TW,flat,8,0.000665378595085,,,rf-v1
2026-05-15,2026-05-16,2327.TW,flat,9,0.0005240396791834,,,rf-v1
2026-05-15,2026-05-16,2308.TW,flat,10,0.0004756550860742,,,rf-v1
2026-05-15,2026-05-16,6669.TW,flat,11,0.0004596074344319,,,rf-v1
2026-05-15,2026-05-16,2382.TW,flat,12,0.0003766616488432,,,rf-v1
2026-05-15,2026-05-16,3034.TW,flat,13,0.0002963193756517,,,rf-v1
2026-05-15,2026-05-16,2474.TW,flat,14,0.0002250766170967,,,rf-v1
2026-05-15,2026-05-16,6505.TW,flat,15,0.0001165764435756,,,rf-v1
2026-05-15,2026-05-16,2357.TW,flat,16,8.899977836037499e-05,,,rf-v1
2026-05-15,2026-05-16,3231.TW,flat,17,8.522296921996497e-05,,,rf-v1
2026-05-15,2026-05-16,2883.TW,flat,18,1.858045360274913e-05,,,rf-v1
2026-05-15,2026-05-16,2885.TW,flat,19,-2.0489719285797075e-05,,,rf-v1
2026-05-15,2026-05-16,3711.TW,flat,20,-2.5389515045388788e-05,,,rf-v1
2026-05-15,2026-05-16,1301.TW,flat,21,-2.718472795244997e-05,,,rf-v1
2026-05-15,2026-05-16,5871.TW,flat,22,-6.650986387916292e-05,,,rf-v1
2026-05-15,2026-05-16,4938.TW,flat,23,-6.862743665951142e-05,,,rf-v1
2026-05-15,2026-05-16,3019.TW,flat,24,-0.0001358347789604,,,rf-v1
2026-05-15,2026-05-16,3008.TW,flat,25,-0.0002020665783769,,,rf-v1
2026-05-15,2026-05-16,2049.TW,flat,26,-0.0002074805850075,,,rf-v1
2026-05-15,2026-05-16,2330.TW,flat,27,-0.0002146283062986,,,rf-v1
2026-05-15,2026-05-16,2890.TW,flat,28,-0.0002319886443279,,,rf-v1
2026-05-15,2026-05-16,2002.TW,flat,29,-0.0002616615413925,,,rf-v1
2026-05-15,2026-05-16,2615.TW,flat,30,-0.0002692063065061,,,rf-v1
2026-05-15,2026-05-16,2317.TW,flat,31,-0.0002730545803497,,,rf-v1
2026-05-15,2026-05-16,2891.TW,flat,32,-0.000333373164457,,,rf-v1
2026-05-15,2026-05-16,2880.TW,flat,33,-0.0003418937594108,,,rf-v1
2026-05-15,2026-05-16,2207.TW,flat,34,-0.000354113107289,,,rf-v1
2026-05-15,2026-05-16,2892.TW,flat,35,-0.0003878139606301,,,rf-v1
2026-05-15,2026-05-16,2882.TW,flat,36,-0.0004152085408328,,,rf-v1
2026-05-15,2026-05-16,2889.TW,flat,37,-0.0004341205849484,,,rf-v1
2026-05-15,2026-05-16,2884.TW,flat,38,-0.0004353725361242,,,rf-v1
2026-05-15,2026-05-16,2881.TW,flat,39,-0.0004405718458635,,,rf-v1
2026-05-15,2026-05-16,2886.TW,flat,40,-0.0004415238476436,,,rf-v1
2026-05-15,2026-05-16,3045.TW,flat,41,-0.0004513107613213,,,rf-v1
2026-05-15,2026-05-16,9910.TW,flat,42,-0.0004777277891068,,,rf-v1
2026-05-15,2026-05-16,5880.TW,flat,43,-0.0004946525774053,,,rf-v1
2026-05-15,2026-05-16,2912.TW,flat,44,-0.0004966485895586,,,rf-v1
2026-05-15,2026-05-16,2412.TW,short,45,-0.0005080026058377,,,rf-v1
2026-05-15,2026-05-16,2887.TW,short,46,-0.0005120145040583,,,rf-v1
2026-05-15,2026-05-16,1216.TW,short,47,-0.0005457574931284,,,rf-v1
2026-05-15,2026-05-16,2105.TW,short,48,-0.0005518451267557,,,rf-v1
2026-05-15,2026-05-16,9904.TW,short,49,-0.0005929773879089,,,rf-v1
2026-05-18,2026-05-19,3443.TW,long,1,0.0015522033884453,-0.0580168776371308,-0.0390495117486596,rf-v1
2026-05-18,2026-05-19,3665.TW,long,2,0.0011576952757697,-0.0172839506172839,0.0016834152711872,rf-v1
2026-05-18,2026-05-19,3037.TW,long,3,0.0010691610065167,0.0024509803921568,0.0214183462806279,rf-v1
2026-05-18,2026-05-19,6415.TW,long,4,0.0008909527146849,-0.0622568093385214,-0.0432894434500502,rf-v1
2026-05-18,2026-05-19,2303.TW,long,5,0.0008265097997813,0.018018018018018,0.0369853839064892,rf-v1
2026-05-18,2026-05-19,2308.TW,flat,6,0.0007323587929197,-0.051980198019802,-0.0330128321313308,rf-v1
2026-05-18,2026-05-19,3711.TW,flat,7,0.0005988985988936,-0.0745098039215685,-0.0555424380330974,rf-v1
2026-05-18,2026-05-19,3008.TW,flat,8,0.0004782257265618,0.0227963525835865,0.0417637184720577,rf-v1
2026-05-18,2026-05-19,1303.TW,flat,9,0.0004244309186583,-0.0296912124775581,-0.0107238465890869,rf-v1
2026-05-18,2026-05-19,2454.TW,flat,10,0.0004194326758452,-0.0720588235294117,-0.0530914576409405,rf-v1
2026-05-18,2026-05-19,3661.TW,flat,11,0.0003660686887007,-0.0348583877995642,-0.0158910219110931,rf-v1
2026-05-18,2026-05-19,2049.TW,flat,12,0.000346186602424,-0.0066050198150594,0.0123623460734116,rf-v1
2026-05-18,2026-05-19,2382.TW,flat,13,0.0002720955474939,-0.0333333333333333,-0.0143659674448621,rf-v1
2026-05-18,2026-05-19,2327.TW,flat,14,0.0002268610823278,-0.0079840319361277,0.0109833339523434,rf-v1
2026-05-18,2026-05-19,2883.TW,flat,15,0.0001704461448698,0.0140514862623104,0.0330188521507816,rf-v1
2026-05-18,2026-05-19,2357.TW,flat,16,0.0001418314651909,0.0110236220472441,0.0299909879357153,rf-v1
2026-05-18,2026-05-19,6669.TW,flat,17,0.0001392576391005,-0.0392927308447936,-0.0203253649563225,rf-v1
2026-05-18,2026-05-19,2330.TW,flat,18,-3.009601123229048e-05,-0.015625,0.0033423658884711,rf-v1
2026-05-18,2026-05-19,2885.TW,flat,19,-5.724884977934783e-05,0.0073665107090075,0.0263338765974786,rf-v1
2026-05-18,2026-05-19,2474.TW,flat,20,-7.262526650380336e-05,0.0,0.0189673658884711,rf-v1
2026-05-18,2026-05-19,2880.TW,flat,21,-9.001447442416812e-05,0.0109890228344662,0.0299563887229373,rf-v1
2026-05-18,2026-05-19,2892.TW,flat,22,-0.0001342066672993,0.0086956521739129,0.0276630180623841,rf-v1
2026-05-18,2026-05-19,2882.TW,flat,23,-0.0001398164039258,0.013020832815932,0.0319881987044031,rf-v1
2026-05-18,2026-05-19,4938.TW,flat,24,-0.0001559632394901,0.005228778116064,0.0241961440045351,rf-v1
2026-05-18,2026-05-19,6505.TW,flat,25,-0.0001606882485581,0.0019530951685742,0.0209204610570453,rf-v1
2026-05-18,2026-05-19,2317.TW,flat,26,-0.0001678355637922,-0.0140845070422535,0.0048828588462176,rf-v1
2026-05-18,2026-05-19,3034.TW,flat,27,-0.0001695565336301,-0.0199789695057833,-0.0010116036173122,rf-v1
2026-05-18,2026-05-19,2887.TW,flat,28,-0.00017130834971,0.0063965720106642,0.0253639378991353,rf-v1
2026-05-18,2026-05-19,2207.TW,flat,29,-0.0002123428181659,0.0162689804772233,0.0352363463656945,rf-v1
2026-05-18,2026-05-19,1216.TW,flat,30,-0.0002328609875473,0.0013387698474058,0.020306135735877,rf-v1
2026-05-18,2026-05-19,2881.TW,flat,31,-0.0002341055524008,0.0210084040347957,0.0399757699232669,rf-v1
2026-05-18,2026-05-19,2884.TW,flat,32,-0.0002470257576099,0.0094636981022182,0.0284310639906893,rf-v1
2026-05-18,2026-05-19,2890.TW,flat,33,-0.0002525272934469,0.0033333460489908,0.0223007119374619,rf-v1
2026-05-18,2026-05-19,1301.TW,flat,34,-0.0002665737610347,0.0010893079607492,0.0200566738492203,rf-v1
2026-05-18,2026-05-19,2412.TW,flat,35,-0.0002900253413932,0.0401459854014598,0.059113351289931,rf-v1
2026-05-18,2026-05-19,3231.TW,flat,36,-0.0002950454108101,-0.022140221402214,-0.0031728555137429,rf-v1
2026-05-18,2026-05-19,2912.TW,flat,37,-0.0003300893934986,0.0088691796008868,0.0278365454893579,rf-v1
2026-05-18,2026-05-19,5880.TW,flat,38,-0.0003816941365784,0.0044052189762193,0.0233725848646905,rf-v1
2026-05-18,2026-05-19,3019.TW,flat,39,-0.0003962463923124,0.0170068027210883,0.0359741686095594,rf-v1
2026-05-18,2026-05-19,2889.TW,flat,40,-0.0003994664501207,0.0068728128168058,0.0258401787052769,rf-v1
2026-05-18,2026-05-19,2891.TW,flat,41,-0.00042549547308,0.0109489470286814,0.0299163129171525,rf-v1
2026-05-18,2026-05-19,9910.TW,flat,42,-0.0004701464360015,-0.0142045451466702,0.0047628207418008,rf-v1
2026-05-18,2026-05-19,3045.TW,flat,43,-0.000484555541552,0.0219298245614034,0.0408971904498746,rf-v1
2026-05-18,2026-05-19,2615.TW,flat,44,-0.0004967217994772,0.0455136531931297,0.0644810190816008,rf-v1
2026-05-18,2026-05-19,2105.TW,short,45,-0.0005031102548425,0.0015456894626382,0.0205130553511093,rf-v1
2026-05-18,2026-05-19,2886.TW,short,46,-0.000513615941633,0.0278129534775717,0.0467803193660428,rf-v1
2026-05-18,2026-05-19,5871.TW,short,47,-0.0005157929882968,0.0,0.0189673658884711,rf-v1
2026-05-18,2026-05-19,2002.TW,short,48,-0.0005350820451764,0.0,0.0189673658884711,rf-v1
2026-05-18,2026-05-19,9904.TW,short,49,-0.0006305110159196,-0.0094876658968023,0.0094796999916687,rf-v1
2026-05-19,2026-05-20,3443.TW,long,1,0.0018291691115719,0.0313549832026875,0.0377996500550492,rf-v1
2026-05-19,2026-05-20,6415.TW,long,2,0.0016284962766413,0.0518672199170124,0.0583118867693741,rf-v1
2026-05-19,2026-05-20,2454.TW,long,3,0.0013482872681656,0.0237717908082408,0.0302164576606025,rf-v1
2026-05-19,2026-05-20,3665.TW,long,4,0.0012272930555924,-0.0125628140703517,-0.00611814721799,rf-v1
2026-05-19,2026-05-20,3037.TW,long,5,0.0010865890046684,0.0061124694376528,0.0125571362900145,rf-v1
2026-05-19,2026-05-20,2303.TW,flat,6,0.0009323357673526,-0.0442477876106194,-0.0378031207582577,rf-v1
2026-05-19,2026-05-20,3661.TW,flat,7,0.000795881441914,0.0383747178329572,0.0448193846853188,rf-v1
2026-05-19,2026-05-20,3711.TW,flat,8,0.0006961584563182,0.0084745762711864,0.014919243123548,rf-v1
2026-05-19,2026-05-20,6669.TW,flat,9,0.0006861521560256,0.0040899795501021,0.0105346464024638,rf-v1
2026-05-19,2026-05-20,2308.TW,flat,10,0.0005915382954938,0.0,0.0064446668523616,rf-v1
2026-05-19,2026-05-20,1303.TW,flat,11,0.0004102524663716,-0.0110158375777483,-0.0045711707253867,rf-v1
2026-05-19,2026-05-20,3034.TW,flat,12,0.0003539226760603,0.0139484978540771,0.0203931647064388,rf-v1
2026-05-19,2026-05-20,2382.TW,flat,13,0.0003411828692469,0.0,0.0064446668523616,rf-v1
2026-05-19,2026-05-20,2327.TW,flat,14,0.0002967999020788,0.0462776659959758,0.0527223328483374,rf-v1
2026-05-19,2026-05-20,2330.TW,flat,15,0.0001739871733798,-0.0090702947845805,-0.0026256279322188,rf-v1
2026-05-19,2026-05-20,3231.TW,flat,16,0.0001480893767519,0.0,0.0064446668523616,rf-v1
2026-05-19,2026-05-20,2049.TW,flat,17,8.518310299066781e-05,-0.0438829787234043,-0.0374383118710426,rf-v1
2026-05-19,2026-05-20,2474.TW,flat,18,6.958163758413467e-05,-0.0054347826086956,0.0010098842436659,rf-v1
2026-05-19,2026-05-20,2317.TW,flat,19,4.138858104444035e-05,-0.0204081632653061,-0.0139634964129444,rf-v1
2026-05-19,2026-05-20,3008.TW,flat,20,-7.887585353604948e-05,-0.0490341753343239,-0.0425895084819623,rf-v1
2026-05-19,2026-05-20,2357.TW,flat,21,-0.00013286009297,-0.0031152647975077,0.0033294020548538,rf-v1
2026-05-19,2026-05-20,6505.TW,flat,22,-0.0001336782911694,-0.0019492880235533,0.0044953788288083,rf-v1
2026-05-19,2026-05-20,4938.TW,flat,23,-0.0001394929666835,0.0039011107465625,0.0103457775989241,rf-v1
2026-05-19,2026-05-20,1301.TW,flat,24,-0.0001574364781528,-0.0119695152976829,-0.0055248484453213,rf-v1
2026-05-19,2026-05-20,9910.TW,flat,25,-0.0001968589562176,0.0100864111361893,0.016531077988551,rf-v1
2026-05-19,2026-05-20,5871.TW,flat,26,-0.000262692534919,0.009090909090909,0.0155355759432707,rf-v1
2026-05-19,2026-05-20,2002.TW,flat,27,-0.0002797002421175,-0.0054945262240514,0.0009501406283102,rf-v1
2026-05-19,2026-05-20,2885.TW,flat,28,-0.0002875765931601,0.0073125723144897,0.0137572391668514,rf-v1
2026-05-19,2026-05-20,2890.TW,flat,29,-0.0003309998932007,-0.0099668153025628,-0.0035221484502011,rf-v1
2026-05-19,2026-05-20,9904.TW,flat,30,-0.0003503275076773,-0.0172414082897462,-0.0107967414373846,rf-v1
2026-05-19,2026-05-20,1216.TW,flat,31,-0.0003509144123618,-0.0187165971759409,-0.0122719303235793,rf-v1
2026-05-19,2026-05-20,3019.TW,flat,32,-0.000369281510882,0.0267558528428093,0.033200519695171,rf-v1
2026-05-19,2026-05-20,2889.TW,flat,33,-0.0003744623704755,0.0034129823915913,0.009857649243953,rf-v1
2026-05-19,2026-05-20,2883.TW,flat,34,-0.0003749621851889,-0.0023094336231651,0.0041352332291965,rf-v1
2026-05-19,2026-05-20,2892.TW,flat,35,-0.0003934852725276,-0.0431034482758621,-0.0366587814235004,rf-v1
2026-05-19,2026-05-20,5880.TW,flat,36,-0.0004012944254318,-0.0043858981345292,0.0020587687178323,rf-v1
2026-05-19,2026-05-20,2105.TW,flat,37,-0.0004094161696642,-0.0108025392695985,-0.0043578724172368,rf-v1
2026-05-19,2026-05-20,2891.TW,flat,38,-0.0004160387086725,0.0433212571313834,0.0497659239837451,rf-v1
2026-05-19,2026-05-20,2887.TW,flat,39,-0.000420807954039,0.012711831873363,0.0191564987257246,rf-v1
2026-05-19,2026-05-20,2884.TW,flat,40,-0.0004430458019829,-0.009374976158142,-0.0029303093057804,rf-v1
2026-05-19,2026-05-20,2880.TW,flat,41,-0.0004528568019717,-0.0046584323703355,0.001786234482026,rf-v1
2026-05-19,2026-05-20,2912.TW,flat,42,-0.0004582114849436,-0.0241758241758242,-0.0177311573234625,rf-v1
2026-05-19,2026-05-20,2882.TW,flat,43,-0.0004629287591294,0.0012853273804445,0.0077299942328061,rf-v1
2026-05-19,2026-05-20,2881.TW,flat,44,-0.0004844813916413,-0.014403229839913,-0.0079585629875513,rf-v1
2026-05-19,2026-05-20,2615.TW,short,45,-0.0005051482612941,0.0087064295392689,0.0151510963916305,rf-v1
2026-05-19,2026-05-20,2207.TW,short,46,-0.0005321034668084,-0.0042689434364994,0.0021757234158622,rf-v1
2026-05-19,2026-05-20,2886.TW,short,47,-0.0005413425281568,-0.0086101420831568,-0.0021654752307951,rf-v1
2026-05-19,2026-05-20,2412.TW,short,48,-0.0005464729861883,-0.0245614035087718,-0.0181167366564102,rf-v1
2026-05-19,2026-05-20,3045.TW,short,49,-0.0005494891604331,-0.0128755364806867,-0.006430869628325,rf-v1
2026-05-20,2026-05-21,2303.TW,long,1,0.0014888758145908,0.0740740740740741,0.0378578743538462,rf-v1
2026-05-20,2026-05-21,3443.TW,long,2,0.0011650501001186,0.0998914223669924,0.0636752226467645,rf-v1
2026-05-20,2026-05-21,3037.TW,long,3,0.0010729885820104,0.0996354799513974,0.0634192802311695,rf-v1
2026-05-20,2026-05-21,6415.TW,long,4,0.0009028211386999,0.0986193293885602,0.0624031296683322,rf-v1
2026-05-20,2026-05-21,3665.TW,long,5,0.0007090380841248,0.0966921119592876,0.0604759122390596,rf-v1
2026-05-20,2026-05-21,2454.TW,flat,6,0.0007062248390709,0.0990712074303405,0.0628550077101126,rf-v1
2026-05-20,2026-05-21,3661.TW,flat,7,0.0005982174204121,0.0663043478260869,0.030088148105859,rf-v1
2026-05-20,2026-05-21,2049.TW,flat,8,0.0003915336188472,0.03894297635605,0.0027267766358221,rf-v1
2026-05-20,2026-05-21,3711.TW,flat,9,0.0003245589729545,0.0714285714285714,0.0352123717083434,rf-v1
2026-05-20,2026-05-21,3008.TW,flat,10,0.0003049310191493,0.08125,0.0450338002797721,rf-v1
2026-05-20,2026-05-21,1303.TW,flat,11,0.0002973559124968,0.0804455415160851,0.0442293417958572,rf-v1
2026-05-20,2026-05-21,2308.TW,flat,12,0.0002250842748476,0.0600522193211487,0.0238360196009208,rf-v1
2026-05-20,2026-05-21,2317.TW,flat,13,0.0001925497152893,0.03125,-0.0049661997202279,rf-v1
2026-05-20,2026-05-21,6669.TW,flat,14,0.000190771890789,0.0885947046843176,0.0523785049640896,rf-v1
2026-05-20,2026-05-21,2382.TW,flat,15,9.110954428528962e-05,0.0620689655172412,0.0258527657970133,rf-v1
2026-05-20,2026-05-21,2892.TW,flat,16,6.734975956173731e-05,-0.0018017743084881,-0.038017974028716,rf-v1
2026-05-20,2026-05-21,2327.TW,flat,17,6.402174630497438e-05,0.1,0.0637838002797721,rf-v1
2026-05-20,2026-05-21,2474.TW,flat,18,5.86130964741595e-05,0.0109289617486338,-0.025287237971594,rf-v1
2026-05-20,2026-05-21,2330.TW,flat,19,3.300046353174652e-05,0.0205949656750572,-0.0156212340451706,rf-v1
2026-05-20,2026-05-21,2357.TW,flat,20,-4.9019785318676434e-05,0.0249999999999999,-0.011216199720228,rf-v1
2026-05-20,2026-05-21,2412.TW,flat,21,-8.36699866815609e-05,-0.0107913669064748,-0.0470075666267028,rf-v1
2026-05-20,2026-05-21,1301.TW,flat,22,-8.991677469645062e-05,0.0077092172325499,-0.028506982487678,rf-v1
2026-05-20,2026-05-21,2912.TW,flat,23,-9.274201129880362e-05,-0.0045045045045044,-0.0407207042247323,rf-v1
2026-05-20,2026-05-21,1216.TW,flat,24,-9.43129390057847e-05,-0.0040872349526047,-0.0403034346728327,rf-v1
2026-05-20,2026-05-21,2881.TW,flat,25,-0.0001117741105086,0.0031314761253316,-0.0330847235948963,rf-v1
2026-05-20,2026-05-21,3231.TW,flat,26,-0.0001295675234511,0.0566037735849056,0.0203875738646777,rf-v1
2026-05-20,2026-05-21,3045.TW,flat,27,-0.0001469620017531,-0.0130434782608696,-0.0492596779810975,rf-v1
2026-05-20,2026-05-21,4938.TW,flat,28,-0.0001549221080402,0.024611419701904,-0.0116047800183238,rf-v1
2026-05-20,2026-05-21,3034.TW,flat,29,-0.0001551023773445,0.0253968253968253,-0.0108193743234026,rf-v1
2026-05-20,2026-05-21,2890.TW,flat,30,-0.0001762066918504,-0.0033556535799078,-0.0395718533001357,rf-v1
2026-05-20,2026-05-21,9904.TW,flat,31,-0.0001900883007293,0.0058479384312313,-0.0303682612889966,rf-v1
2026-05-20,2026-05-21,6505.TW,flat,32,-0.0002032305723848,0.0019530951685742,-0.0342631045516537,rf-v1
2026-05-20,2026-05-21,2883.TW,flat,33,-0.0002191867415558,-0.0092592944170052,-0.0454754941372331,rf-v1
2026-05-20,2026-05-21,2880.TW,flat,34,-0.0002311227099554,0.0,-0.0362161997202279,rf-v1
2026-05-20,2026-05-21,2885.TW,flat,35,-0.0002620294771861,-0.0072594867923545,-0.0434756865125824,rf-v1
2026-05-20,2026-05-21,2884.TW,flat,36,-0.0002839925558304,-0.0047319092198342,-0.0409481089400621,rf-v1
2026-05-20,2026-05-21,2886.TW,flat,37,-0.0002976968233636,-0.0024813517621393,-0.0386975514823673,rf-v1
2026-05-20,2026-05-21,2002.TW,flat,38,-0.0003137808387642,0.0055248828376879,-0.03069131688254,rf-v1
2026-05-20,2026-05-21,2105.TW,flat,39,-0.0003139907972188,0.0124805471263902,-0.0237356525938376,rf-v1
2026-05-20,2026-05-21,2889.TW,flat,40,-0.000317719941876,0.0034013735635118,-0.032814826156716,rf-v1
2026-05-20,2026-05-21,5880.TW,flat,41,-0.0003201860844722,0.0,-0.0362161997202279,rf-v1
2026-05-20,2026-05-21,3019.TW,flat,42,-0.0003440510809374,-0.013029315960912,-0.0492455156811399,rf-v1
2026-05-20,2026-05-21,2207.TW,flat,43,-0.0003830136581485,-0.0010718113612003,-0.0372880110814283,rf-v1
2026-05-20,2026-05-21,2882.TW,flat,44,-0.0003844118728159,0.0102695174158311,-0.0259466823043967,rf-v1
2026-05-20,2026-05-21,2891.TW,short,45,-0.0004969519964215,-0.0051902982875506,-0.0414064980077786,rf-v1
2026-05-20,2026-05-21,2887.TW,short,46,-0.00050288726266,-0.002092018320443,-0.0383082180406709,rf-v1
2026-05-20,2026-05-21,5871.TW,short,47,-0.0005258081000873,0.0090090090090089,-0.027207190711219,rf-v1
2026-05-20,2026-05-21,9910.TW,short,48,-0.0005365978549174,-0.0128388237584792,-0.0490550234787071,rf-v1
2026-05-20,2026-05-21,2615.TW,short,49,-0.0005412135484496,0.001233026831104,-0.0349831728891238,rf-v1
2026-05-21,2026-05-22,3443.TW,long,1,0.0011731329145293,0.014807502467917,-0.0003203493914463,rf-v1
2026-05-21,2026-05-22,6415.TW,long,2,0.0010010340806544,0.0089766606822261,-0.0061511911771372,rf-v1
2026-05-21,2026-05-22,3037.TW,long,3,0.0009594762923818,0.0718232044198894,0.056695352560526,rf-v1
2026-05-21,2026-05-22,2454.TW,long,4,0.0007340541489846,0.0873239436619719,0.0721960918026085,rf-v1
2026-05-21,2026-05-22,2303.TW,long,5,0.0006209199460242,-0.0172413793103448,-0.0323692311697082,rf-v1
2026-05-21,2026-05-22,3665.TW,flat,6,0.0004720767000955,0.0324825986078887,0.0173547467485253,rf-v1
2026-05-21,2026-05-22,3661.TW,flat,7,0.0004696630698657,-0.00203873598369,-0.0171665878430534,rf-v1
2026-05-21,2026-05-22,2327.TW,flat,8,0.0003167582174242,0.0996503496503495,0.0845224977909862,rf-v1
2026-05-21,2026-05-22,3711.TW,flat,9,0.0002916605746265,0.1,0.0848721481406367,rf-v1
2026-05-21,2026-05-22,2308.TW,flat,10,0.0002488833055529,0.0320197044334975,0.0168918525741341,rf-v1
2026-05-21,2026-05-22,2883.TW,flat,11,0.0001988292022257,0.0140187453157432,-0.0011091065436201,rf-v1
2026-05-21,2026-05-22,2885.TW,flat,12,0.0001001960229183,0.0073125723144897,-0.0078152795448735,rf-v1
2026-05-21,2026-05-22,2382.TW,flat,13,9.81338530751072e-05,0.0259740259740259,0.0108461741146625,rf-v1
2026-05-21,2026-05-22,3019.TW,flat,14,9.194900863471566e-05,0.0132013201320131,-0.0019265317273502,rf-v1
2026-05-21,2026-05-22,3045.TW,flat,15,8.809625386487233e-05,-0.0132158590308369,-0.0283437108902003,rf-v1
2026-05-21,2026-05-22,2890.TW,flat,16,3.5310891184005246e-05,-0.0202020325271649,-0.0353298843865282,rf-v1
2026-05-21,2026-05-22,6669.TW,flat,17,3.368955751146573e-05,0.0336763330215155,0.0185484811621521,rf-v1
2026-05-21,2026-05-22,3034.TW,flat,18,2.9780304148534072e-05,0.0020639834881321,-0.0130638683712311,rf-v1
2026-05-21,2026-05-22,2892.TW,flat,19,-1.5165199261802813e-06,-0.0054152173916037,-0.0205430692509671,rf-v1
2026-05-21,2026-05-22,2330.TW,flat,20,-1.5107252910733254e-05,0.0112107623318384,-0.0039170895275248,rf-v1
2026-05-21,2026-05-22,2412.TW,flat,21,-4.609098247477573e-05,-0.0036363636363636,-0.018764215495727,rf-v1
2026-05-21,2026-05-22,6505.TW,flat,22,-5.234459475262339e-05,-0.0058479384312313,-0.0209757902905947,rf-v1
2026-05-21,2026-05-22,2357.TW,flat,23,-6.386949106271769e-05,0.0396341463414633,0.0245062944820999,rf-v1
2026-05-21,2026-05-22,1216.TW,flat,24,-6.919616736651052e-05,-0.0218878044804272,-0.0370156563397906,rf-v1
2026-05-21,2026-05-22,2912.TW,flat,25,-8.185131082598291e-05,-0.004524886877828,-0.0196527387371914,rf-v1
2026-05-21,2026-05-22,2474.TW,flat,26,-8.453403014084468e-05,0.0135135135135135,-0.0016143383458497,rf-v1
2026-05-21,2026-05-22,2049.TW,flat,27,-9.987039912184616e-05,0.0080321285140563,-0.007095723345307,rf-v1
2026-05-21,2026-05-22,2880.TW,flat,28,-0.0001139121396853,-0.0031200772699383,-0.0182479291293017,rf-v1
2026-05-21,2026-05-22,2884.TW,flat,29,-0.0001172584391466,-0.0079239304610294,-0.0230517823203928,rf-v1
2026-05-21,2026-05-22,3008.TW,flat,30,-0.0001199667664597,0.0231213872832369,0.0079935354238735,rf-v1
2026-05-21,2026-05-22,2891.TW,flat,31,-0.0001211538398857,0.0017391038977581,-0.0133887479616052,rf-v1
2026-05-21,2026-05-22,2887.TW,flat,32,-0.0001852550564588,-0.0020964840087813,-0.0172243358681447,rf-v1
2026-05-21,2026-05-22,1303.TW,flat,33,-0.0001909636213701,-0.0068729219076876,-0.022000773767051,rf-v1
2026-05-21,2026-05-22,2886.TW,flat,34,-0.0002091162303175,-0.0074626674469399,-0.0225905193063032,rf-v1
2026-05-21,2026-05-22,2889.TW,flat,35,-0.000211855297199,-0.0067796868793035,-0.0219075387386669,rf-v1
2026-05-21,2026-05-22,2317.TW,flat,36,-0.0002149323464404,0.0101010101010101,-0.0050268417583532,rf-v1
2026-05-21,2026-05-22,2881.TW,flat,37,-0.0002275516282933,-0.0104058274284914,-0.0255336792878548,rf-v1
2026-05-21,2026-05-22,5880.TW,flat,38,-0.0002296214968575,0.0,-0.0151278518593633,rf-v1
2026-05-21,2026-05-22,9910.TW,flat,39,-0.0002670353773767,-0.0072254338446571,-0.0223532857040205,rf-v1
2026-05-21,2026-05-22,2002.TW,flat,40,-0.0002807351030486,-0.0027473155117112,-0.0178751673710746,rf-v1
2026-05-21,2026-05-22,2207.TW,flat,41,-0.0002873523354307,-0.0085836909871244,-0.0237115428464878,rf-v1
2026-05-21,2026-05-22,2615.TW,flat,42,-0.0003164672124866,0.0381774165027568,0.0230495646433934,rf-v1
2026-05-21,2026-05-22,9904.TW,flat,43,-0.0003209001711491,0.0,-0.0151278518593633,rf-v1
2026-05-21,2026-05-22,3231.TW,flat,44,-0.0003398244205691,0.0321428571428572,0.0170150052834938,rf-v1
2026-05-21,2026-05-22,1301.TW,short,45,-0.0003579566435956,-0.0109289617486338,-0.0260568136079972,rf-v1
2026-05-21,2026-05-22,2882.TW,short,46,-0.0003714624220174,0.012706480797676,-0.0024213710616873,rf-v1
2026-05-21,2026-05-22,4938.TW,short,47,-0.0003831696954872,0.0202275411502639,0.0050996892909005,rf-v1
2026-05-21,2026-05-22,5871.TW,short,48,-0.0004154878141551,-0.0089285714285713,-0.0240564232879347,rf-v1
2026-05-21,2026-05-22,2105.TW,short,49,-0.0004806198514326,-0.0169491874107234,-0.0320770392700868,rf-v1
2026-05-22,2026-05-23,2303.TW,long,1,0.0016735929761526,,,rf-v1
2026-05-22,2026-05-23,3037.TW,long,2,0.0012719703140926,,,rf-v1
2026-05-22,2026-05-23,6415.TW,long,3,0.0012406048402723,,,rf-v1
2026-05-22,2026-05-23,3443.TW,long,4,0.0010286078230921,,,rf-v1
2026-05-22,2026-05-23,2454.TW,long,5,0.000719650833497,,,rf-v1
2026-05-22,2026-05-23,2327.TW,flat,6,0.0003359012734611,,,rf-v1
2026-05-22,2026-05-23,3661.TW,flat,7,0.0003054996189357,,,rf-v1
2026-05-22,2026-05-23,1303.TW,flat,8,0.0002566694248081,,,rf-v1
2026-05-22,2026-05-23,3711.TW,flat,9,0.0001981439705628,,,rf-v1
2026-05-22,2026-05-23,3665.TW,flat,10,0.000150182835984,,,rf-v1
2026-05-22,2026-05-23,2049.TW,flat,11,0.0001345329581163,,,rf-v1
2026-05-22,2026-05-23,2890.TW,flat,12,0.0001080329385113,,,rf-v1
2026-05-22,2026-05-23,3045.TW,flat,13,0.0001031195968898,,,rf-v1
2026-05-22,2026-05-23,2308.TW,flat,14,8.579430429297612e-05,,,rf-v1
2026-05-22,2026-05-23,1301.TW,flat,15,6.497403598566354e-05,,,rf-v1
2026-05-22,2026-05-23,1216.TW,flat,16,4.769908418919167e-05,,,rf-v1
2026-05-22,2026-05-23,2881.TW,flat,17,3.4013433944640205e-05,,,rf-v1
2026-05-22,2026-05-23,2892.TW,flat,18,7.190360791162256e-06,,,rf-v1
2026-05-22,2026-05-23,2884.TW,flat,19,-3.08103574472186e-05,,,rf-v1
2026-05-22,2026-05-23,2105.TW,flat,20,-6.017446388718061e-05,,,rf-v1
2026-05-22,2026-05-23,6505.TW,flat,21,-6.561866651693335e-05,,,rf-v1
2026-05-22,2026-05-23,3008.TW,flat,22,-9.44743122561022e-05,,,rf-v1
2026-05-22,2026-05-23,2880.TW,flat,23,-9.466429332136936e-05,,,rf-v1
2026-05-22,2026-05-23,2330.TW,flat,24,-9.520452074723524e-05,,,rf-v1
2026-05-22,2026-05-23,2412.TW,flat,25,-0.0001031960178678,,,rf-v1
2026-05-22,2026-05-23,2912.TW,flat,26,-0.0001085729125799,,,rf-v1
2026-05-22,2026-05-23,6669.TW,flat,27,-0.0001305742418654,,,rf-v1
2026-05-22,2026-05-23,2886.TW,flat,28,-0.0001652491789385,,,rf-v1
2026-05-22,2026-05-23,2889.TW,flat,29,-0.0001696693667682,,,rf-v1
2026-05-22,2026-05-23,2207.TW,flat,30,-0.0001728130828311,,,rf-v1
2026-05-22,2026-05-23,2317.TW,flat,31,-0.000173757344417,,,rf-v1
2026-05-22,2026-05-23,3034.TW,flat,32,-0.000178193224807,,,rf-v1
2026-05-22,2026-05-23,2887.TW,flat,33,-0.000215569068253,,,rf-v1
2026-05-22,2026-05-23,5880.TW,flat,34,-0.0002249689247267,,,rf-v1
2026-05-22,2026-05-23,2883.TW,flat,35,-0.0002306217961157,,,rf-v1
2026-05-22,2026-05-23,9910.TW,flat,36,-0.0002345058423975,,,rf-v1
2026-05-22,2026-05-23,5871.TW,flat,37,-0.0002360897968217,,,rf-v1
2026-05-22,2026-05-23,2885.TW,flat,38,-0.0002681982246476,,,rf-v1
2026-05-22,2026-05-23,9904.TW,flat,39,-0.0002744961082179,,,rf-v1
2026-05-22,2026-05-23,3019.TW,flat,40,-0.0002786535084889,,,rf-v1
2026-05-22,2026-05-23,2382.TW,flat,41,-0.0002855762892109,,,rf-v1
2026-05-22,2026-05-23,2002.TW,flat,42,-0.0002870897995775,,,rf-v1
2026-05-22,2026-05-23,2474.TW,flat,43,-0.0003171747054224,,,rf-v1
2026-05-22,2026-05-23,2357.TW,flat,44,-0.0003791724345988,,,rf-v1
2026-05-22,2026-05-23,2891.TW,short,45,-0.0003841631391402,,,rf-v1
2026-05-22,2026-05-23,2882.TW,short,46,-0.0004026886576809,,,rf-v1
2026-05-22,2026-05-23,3231.TW,short,47,-0.0004273290416688,,,rf-v1
2026-05-22,2026-05-23,4938.TW,short,48,-0.0004420431611429,,,rf-v1
2026-05-22,2026-05-23,2615.TW,short,49,-0.0005974619378833,,,rf-v1
2026-05-29,2026-05-30,6415.TW,long,1,0.0018297085276662,,,rf-v1
2026-05-29,2026-05-30,3443.TW,long,2,0.0012013653613855,,,rf-v1
2026-05-29,2026-05-30,2327.TW,long,3,0.001045065161391,,,rf-v1
2026-05-29,2026-05-30,2454.TW,long,4,0.0010247326904777,,,rf-v1
2026-05-29,2026-05-30,3037.TW,long,5,0.0009322955632748,,,rf-v1
2026-05-29,2026-05-30,2303.TW,flat,6,0.0008311497818209,,,rf-v1
2026-05-29,2026-05-30,3711.TW,flat,7,0.0006942600989351,,,rf-v1
2026-05-29,2026-05-30,3665.TW,flat,8,0.0006882453424751,,,rf-v1
2026-05-29,2026-05-30,3661.TW,flat,9,0.0003909305866635,,,rf-v1
2026-05-29,2026-05-30,3034.TW,flat,10,0.0003000772235705,,,rf-v1
2026-05-29,2026-05-30,2049.TW,flat,11,0.0002075870919689,,,rf-v1
2026-05-29,2026-05-30,3008.TW,flat,12,0.0001556991292468,,,rf-v1
2026-05-29,2026-05-30,2308.TW,flat,13,9.397540473866604e-05,,,rf-v1
2026-05-29,2026-05-30,6669.TW,flat,14,5.6281555307977375e-05,,,rf-v1
2026-05-29,2026-05-30,5871.TW,flat,15,-5.1250913660643527e-05,,,rf-v1
2026-05-29,2026-05-30,3045.TW,flat,16,-7.268562470307677e-05,,,rf-v1
2026-05-29,2026-05-30,2412.TW,flat,17,-9.157750180377884e-05,,,rf-v1
2026-05-29,2026-05-30,2887.TW,flat,18,-0.0001117948382855,,,rf-v1
2026-05-29,2026-05-30,2886.TW,flat,19,-0.0001295593890248,,,rf-v1
2026-05-29,2026-05-30,2884.TW,flat,20,-0.0001353178016794,,,rf-v1
2026-05-29,2026-05-30,2889.TW,flat,21,-0.0001384047672991,,,rf-v1
2026-05-29,2026-05-30,2881.TW,flat,22,-0.0001562413164196,,,rf-v1
2026-05-29,2026-05-30,2330.TW,flat,23,-0.0001584339502289,,,rf-v1
2026-05-29,2026-05-30,2885.TW,flat,24,-0.0001609209001003,,,rf-v1
2026-05-29,2026-05-30,2892.TW,flat,25,-0.0001723516537499,,,rf-v1
2026-05-29,2026-05-30,3019.TW,flat,26,-0.0001918508784745,,,rf-v1
2026-05-29,2026-05-30,9904.TW,flat,27,-0.0001983766288946,,,rf-v1
2026-05-29,2026-05-30,5880.TW,flat,28,-0.0002092083322001,,,rf-v1
2026-05-29,2026-05-30,2615.TW,flat,29,-0.0002321616169296,,,rf-v1
2026-05-29,2026-05-30,1303.TW,flat,30,-0.0002428700350771,,,rf-v1
2026-05-29,2026-05-30,2883.TW,flat,31,-0.000269489365094,,,rf-v1
2026-05-29,2026-05-30,2880.TW,flat,32,-0.0002752922531197,,,rf-v1
2026-05-29,2026-05-30,2882.TW,flat,33,-0.0002785644219059,,,rf-v1
2026-05-29,2026-05-30,1216.TW,flat,34,-0.0002856522575893,,,rf-v1
2026-05-29,2026-05-30,2105.TW,flat,35,-0.0003147948305138,,,rf-v1
2026-05-29,2026-05-30,2002.TW,flat,36,-0.000316928364194,,,rf-v1
2026-05-29,2026-05-30,2357.TW,flat,37,-0.0003195099359169,,,rf-v1
2026-05-29,2026-05-30,2891.TW,flat,38,-0.0003293040495998,,,rf-v1
2026-05-29,2026-05-30,2382.TW,flat,39,-0.0003699404427905,,,rf-v1
2026-05-29,2026-05-30,2317.TW,flat,40,-0.0003842289684819,,,rf-v1
2026-05-29,2026-05-30,2890.TW,flat,41,-0.0003862778469529,,,rf-v1
2026-05-29,2026-05-30,2912.TW,flat,42,-0.0004050082970861,,,rf-v1
2026-05-29,2026-05-30,6505.TW,flat,43,-0.0004054696603493,,,rf-v1
2026-05-29,2026-05-30,3231.TW,flat,44,-0.0004206089209396,,,rf-v1
2026-05-29,2026-05-30,2474.TW,short,45,-0.0004518012016765,,,rf-v1
2026-05-29,2026-05-30,4938.TW,short,46,-0.0004757107750442,,,rf-v1
2026-05-29,2026-05-30,1301.TW,short,47,-0.0004844394250131,,,rf-v1
2026-05-29,2026-05-30,2207.TW,short,48,-0.0005140106551272,,,rf-v1
2026-05-29,2026-05-30,9910.TW,short,49,-0.0005406468246227,,,rf-v1
2026-06-01,2026-06-02,3443.TW,long,1,0.0017784765459738,-0.0257787325456498,-0.0276744382161918,rf-v1
2026-06-01,2026-06-02,6415.TW,long,2,0.0015099041679085,-0.0462046204620462,-0.0481003261325881,rf-v1
2026-06-01,2026-06-02,3037.TW,long,3,0.001138797290026,-0.0714285714285714,-0.0733242770991133,rf-v1
2026-06-01,2026-06-02,2303.TW,long,4,0.0009775917337117,-0.0308219178082191,-0.0327176234787611,rf-v1
2026-06-01,2026-06-02,3711.TW,long,5,0.0008795161402741,-0.0183028286189683,-0.0201985342895103,rf-v1
2026-06-01,2026-06-02,3665.TW,flat,6,0.0005136585837178,0.0353773584905661,0.0334816528200241,rf-v1
2026-06-01,2026-06-02,2049.TW,flat,7,0.0005120418005766,-0.0606451612903226,-0.0625408669608645,rf-v1
2026-06-01,2026-06-02,2454.TW,flat,8,0.0004637329687293,-0.0065861690450055,-0.0084818747155475,rf-v1
2026-06-01,2026-06-02,2308.TW,flat,9,0.0004505392757305,-0.024793388429752,-0.026689094100294,rf-v1
2026-06-01,2026-06-02,6669.TW,flat,10,0.0003736152801339,-0.0072529465095194,-0.0091486521800614,rf-v1
2026-06-01,2026-06-02,2327.TW,flat,11,0.0002987295175505,0.070886075949367,0.068990370278825,rf-v1
2026-06-01,2026-06-02,3661.TW,flat,12,0.000240441624268,-0.0576725025746652,-0.0595682082452072,rf-v1
2026-06-01,2026-06-02,2330.TW,flat,13,0.0001453396235275,0.0106157112526539,0.0087200055821119,rf-v1
2026-06-01,2026-06-02,3019.TW,flat,14,0.0001243709869851,-0.0161290322580645,-0.0180247379286064,rf-v1
2026-06-01,2026-06-02,3008.TW,flat,15,0.0001147849483787,0.0039113428943937,0.0020156372238517,rf-v1
2026-06-01,2026-06-02,2885.TW,flat,16,2.2451276300014247e-06,0.0067567180072072,0.0048610123366652,rf-v1
2026-06-01,2026-06-02,2002.TW,flat,17,-2.861302740396314e-05,-0.0078533830122746,-0.0097490886828166,rf-v1
2026-06-01,2026-06-02,2317.TW,flat,18,-4.664223298967633e-05,0.0272572402044293,0.0253615345338873,rf-v1
2026-06-01,2026-06-02,5880.TW,flat,19,-9.204672295033665e-05,0.0087526850000847,0.0068569793295427,rf-v1
2026-06-01,2026-06-02,2889.TW,flat,20,-9.938566576104884e-05,0.0,-0.0018957056705419,rf-v1
2026-06-01,2026-06-02,3034.TW,flat,21,-0.0001001518936619,0.0211480362537763,0.0192523305832343,rf-v1
2026-06-01,2026-06-02,5871.TW,flat,22,-0.0001286977464485,0.0552995391705068,0.0534038334999649,rf-v1
2026-06-01,2026-06-02,2881.TW,flat,23,-0.0001519650196154,0.0271493212669682,0.0252536155964262,rf-v1
2026-06-01,2026-06-02,2892.TW,flat,24,-0.0001527456996557,0.0144144006677575,0.0125186949972155,rf-v1
2026-06-01,2026-06-02,2883.TW,flat,25,-0.0001554964675815,0.0331125833391368,0.0312168776685948,rf-v1
2026-06-01,2026-06-02,2357.TW,flat,26,-0.0001940641889521,0.0991636798088411,0.0972679741382991,rf-v1
2026-06-01,2026-06-02,2207.TW,flat,27,-0.0001956153246774,-0.0042238648363251,-0.0061195705068671,rf-v1
2026-06-01,2026-06-02,2884.TW,flat,28,-0.0002292043532149,0.0238473762100444,0.0219516705395024,rf-v1
2026-06-01,2026-06-02,9904.TW,flat,29,-0.0002762437521879,0.0116279516775428,0.0097322460070008,rf-v1
2026-06-01,2026-06-02,2890.TW,flat,30,-0.0002787844341752,0.0180623718646979,0.0161666661941559,rf-v1
2026-06-01,2026-06-02,2382.TW,flat,31,-0.0002954641558607,0.0751677852348993,0.0732720795643573,rf-v1
2026-06-01,2026-06-02,3231.TW,flat,32,-0.0003075059203457,0.0977011494252872,0.0958054437547453,rf-v1
2026-06-01,2026-06-02,2474.TW,flat,33,-0.0003137335251911,0.0984340044742728,0.0965382988037308,rf-v1
2026-06-01,2026-06-02,1303.TW,flat,34,-0.0003154634524766,0.0465116279069768,0.0446159222364348,rf-v1
2026-06-01,2026-06-02,3045.TW,flat,35,-0.0003288560757704,0.013157894736842,0.0112621890663,rf-v1
2026-06-01,2026-06-02,4938.TW,flat,36,-0.0003339801507213,0.072368490398758,0.070472784728216,rf-v1
2026-06-01,2026-06-02,2615.TW,flat,37,-0.000361060057437,-0.0023697224410048,-0.0042654281115468,rf-v1
2026-06-01,2026-06-02,2891.TW,flat,38,-0.0003862170080577,0.0322061199539878,0.0303104142834458,rf-v1
2026-06-01,2026-06-02,2412.TW,flat,39,-0.0003871739688961,0.0106761565836299,0.0087804509130879,rf-v1
2026-06-01,2026-06-02,2882.TW,flat,40,-0.0004379960598857,0.0113378688730207,0.0094421632024788,rf-v1
2026-06-01,2026-06-02,2105.TW,flat,41,-0.000442833472072,0.0303030303030302,0.0284073246324882,rf-v1
2026-06-01,2026-06-02,2886.TW,flat,42,-0.0004448093174048,0.0060313629770429,0.004135657306501,rf-v1
2026-06-01,2026-06-02,6505.TW,flat,43,-0.0004630317294875,0.0225140859308881,0.0206183802603461,rf-v1
2026-06-01,2026-06-02,2887.TW,flat,44,-0.0004674493932542,0.0609756088105548,0.0590799031400128,rf-v1
2026-06-01,2026-06-02,1216.TW,short,45,-0.0004703669861725,0.0067842607965253,0.0048885551259834,rf-v1
2026-06-01,2026-06-02,1301.TW,short,46,-0.0005114980110237,0.018000030517578,0.016104324847036,rf-v1
2026-06-01,2026-06-02,9910.TW,short,47,-0.0005394353069941,0.0987482381563733,0.0968525324858313,rf-v1
2026-06-01,2026-06-02,2880.TW,short,48,-0.0005452480473479,0.036529705287043,0.034633999616501,rf-v1
2026-06-01,2026-06-02,2912.TW,short,49,-0.0005884398627511,0.024175824175824,0.0222801185052821,rf-v1
2026-06-02,2026-06-03,6415.TW,long,1,0.0018986164094818,0.0363321799307958,0.0183567628945089,rf-v1
2026-06-02,2026-06-03,3443.TW,long,2,0.0017905895641325,0.0154355016538036,-0.0025399153824832,rf-v1
2026-06-02,2026-06-03,2303.TW,long,3,0.001596055514578,-0.07773851590106,-0.0957139329373469,rf-v1
2026-06-02,2026-06-03,3037.TW,long,4,0.0011928553076789,0.0256410256410255,0.0076656086047386,rf-v1
2026-06-02,2026-06-03,2454.TW,long,5,0.0008099248673328,0.0044198895027625,-0.0135555275335244,rf-v1
2026-06-02,2026-06-03,3711.TW,flat,6,0.0007429739037613,0.0474576271186439,0.029482210082357,rf-v1
2026-06-02,2026-06-03,3661.TW,flat,7,0.0007169728231348,0.0043715846994536,-0.0136038323368332,rf-v1
2026-06-02,2026-06-03,2049.TW,flat,8,0.0006782796994967,0.0137362637362636,-0.0042391533000232,rf-v1
2026-06-02,2026-06-03,3665.TW,flat,9,0.0004873318565691,0.0501138952164008,0.0321384781801139,rf-v1
2026-06-02,2026-06-03,2327.TW,flat,10,0.0004846994214916,-0.0307328605200946,-0.0487082775563815,rf-v1
2026-06-02,2026-06-03,2308.TW,flat,11,0.0004446779141647,0.0402542372881356,0.0222788202518486,rf-v1
2026-06-02,2026-06-03,6669.TW,flat,12,0.0003000841807664,0.0228310502283104,0.0048556331920235,rf-v1
2026-06-02,2026-06-03,3008.TW,flat,13,0.0002613945770974,0.035064935064935,0.0170895180286481,rf-v1
2026-06-02,2026-06-03,3019.TW,flat,14,5.0486695841033086e-05,-0.0065573770491803,-0.0245327940854672,rf-v1
2026-06-02,2026-06-03,2330.TW,flat,15,1.863880483723877e-05,0.01890756302521,0.0009321459889231,rf-v1
2026-06-02,2026-06-03,2002.TW,flat,16,-4.0264751867012686e-05,0.0237466404999247,0.0057712234636377,rf-v1
2026-06-02,2026-06-03,3034.TW,flat,17,-5.577996857780696e-05,-0.0078895463510848,-0.0258649633873717,rf-v1
2026-06-02,2026-06-03,2885.TW,flat,18,-9.558336557375829e-05,0.0687919864729296,0.0508165694366427,rf-v1
2026-06-02,2026-06-03,2889.TW,flat,19,-9.956327630320698e-05,0.0271186182054423,0.0091432011691554,rf-v1
2026-06-02,2026-06-03,2317.TW,flat,20,-0.0001450028492544,0.0248756218905472,0.0069002048542603,rf-v1
2026-06-02,2026-06-03,2207.TW,flat,21,-0.0001481292152235,0.0286320254506893,0.0106566084144024,rf-v1
2026-06-02,2026-06-03,5880.TW,flat,22,-0.000153383754967,0.015184398830998,-0.0027910182052888,rf-v1
2026-06-02,2026-06-03,2357.TW,flat,23,-0.000157127888622,0.0119565217391304,-0.0060188952971564,rf-v1
2026-06-02,2026-06-03,2615.TW,flat,24,-0.0001902773512779,-0.0035628911310732,-0.0215383081673601,rf-v1
2026-06-02,2026-06-03,2882.TW,flat,25,-0.0002075720328715,0.0291480514850719,0.011172634448785,rf-v1
2026-06-02,2026-06-03,2474.TW,flat,26,-0.0002132474821792,0.0468431771894093,0.0288677601531224,rf-v1
2026-06-02,2026-06-03,1303.TW,flat,27,-0.0002185968758026,0.0044444444444444,-0.0135309725918424,rf-v1
2026-06-02,2026-06-03,2412.TW,flat,28,-0.0002479710179715,-0.0070422535211267,-0.0250176705574136,rf-v1
2026-06-02,2026-06-03,2886.TW,flat,29,-0.0002657907891326,-0.0011990224495387,-0.0191744394858256,rf-v1
2026-06-02,2026-06-03,2382.TW,flat,30,-0.000266189228884,0.0411985018726592,0.0232230848363723,rf-v1
2026-06-02,2026-06-03,2892.TW,flat,31,-0.0002785977047148,0.0301953958432807,0.0122199788069938,rf-v1
2026-06-02,2026-06-03,2881.TW,flat,32,-0.0002967118294093,-0.0044052863436123,-0.0223807033798992,rf-v1
2026-06-02,2026-06-03,1216.TW,flat,33,-0.0003169614851785,-0.0121292982951489,-0.0301047153314358,rf-v1
2026-06-02,2026-06-03,2884.TW,flat,34,-0.0003459323157287,0.0248446962144579,0.006869279178171,rf-v1
2026-06-02,2026-06-03,3231.TW,flat,35,-0.000358296660148,0.0157068062827225,-0.0022686107535643,rf-v1
2026-06-02,2026-06-03,3045.TW,flat,36,-0.000362280317642,0.0043290043290042,-0.0136464127072826,rf-v1
2026-06-02,2026-06-03,9904.TW,flat,37,-0.0003662714048827,0.0153256556583907,-0.0026497613778961,rf-v1
2026-06-02,2026-06-03,2891.TW,flat,38,-0.0003785286485303,0.0998440199411667,0.0818686029048798,rf-v1
2026-06-02,2026-06-03,2890.TW,flat,39,-0.0003871995328116,0.064516129032258,0.046540711995971,rf-v1
2026-06-02,2026-06-03,4938.TW,flat,40,-0.0004058392261673,0.0071574327852703,-0.0108179842510165,rf-v1
2026-06-02,2026-06-03,1301.TW,flat,41,-0.0004072454995811,0.0216109713388088,0.0036355543025219,rf-v1
2026-06-02,2026-06-03,6505.TW,flat,42,-0.0004245316763123,0.0256881013922734,0.0077126843559864,rf-v1
2026-06-02,2026-06-03,2883.TW,flat,43,-0.000425163247154,0.09829064879932,0.0803152317630331,rf-v1
2026-06-02,2026-06-03,2105.TW,flat,44,-0.000446608926185,0.0161764481488395,-0.0017989688874473,rf-v1
2026-06-02,2026-06-03,5871.TW,short,45,-0.0004535903394601,0.0262008733624454,0.0082254563261585,rf-v1
2026-06-02,2026-06-03,2880.TW,short,46,-0.0004710252935747,0.0690162214823364,0.0510408044460495,rf-v1
2026-06-02,2026-06-03,2912.TW,short,47,-0.0004757127019142,0.0257510729613734,0.0077756559250865,rf-v1
2026-06-02,2026-06-03,9910.TW,short,48,-0.0004806999137115,0.0443037974683544,0.0263283804320675,rf-v1
2026-06-02,2026-06-03,2887.TW,short,49,-0.0005177656416124,0.0842911426603947,0.0663157256241078,rf-v1
2026-06-03,2026-06-04,6415.TW,long,1,0.0015881371408873,-0.0484140233722871,-0.0344735027284995,rf-v1
2026-06-03,2026-06-04,2303.TW,long,2,0.0015333115424302,-0.0421455938697318,-0.0282050732259442,rf-v1
2026-06-03,2026-06-04,3443.TW,long,3,0.001522655979076,-0.0445168295331162,-0.0305763088893286,rf-v1
2026-06-03,2026-06-04,2454.TW,long,4,0.001130233426176,-0.0253025302530253,-0.0113620096092377,rf-v1
2026-06-03,2026-06-04,3037.TW,long,5,0.0008612769796088,-0.029,-0.0150594793562124,rf-v1
2026-06-03,2026-06-04,2327.TW,flat,6,0.0007978565887799,-0.0939024390243902,-0.0799619183806026,rf-v1
2026-06-03,2026-06-04,3661.TW,flat,7,0.000553627862682,-0.0554951033732318,-0.0415545827294442,rf-v1
2026-06-03,2026-06-04,3665.TW,flat,8,0.0003548144848357,-0.0650759219088936,-0.051135401265106,rf-v1
2026-06-03,2026-06-04,2049.TW,flat,9,0.0003347686661982,-0.029810298102981,-0.0158697774591934,rf-v1
2026-06-03,2026-06-04,3034.TW,flat,10,0.0002910352100508,-0.0278330019880715,-0.013892481344284,rf-v1
2026-06-03,2026-06-04,2308.TW,flat,11,0.0002689151264886,-0.0122199592668024,0.0017205613769851,rf-v1
2026-06-03,2026-06-04,3711.TW,flat,12,0.0002652708794491,-0.0404530744336569,-0.0265125537898693,rf-v1
2026-06-03,2026-06-04,3019.TW,flat,13,0.0001526201039507,0.0033003300330032,0.0172408506767908,rf-v1
2026-06-03,2026-06-04,2881.TW,flat,14,0.0001272673051857,0.0088495575221239,0.0227900781659114,rf-v1
2026-06-03,2026-06-04,2357.TW,flat,15,4.176847873070709e-05,-0.0418904403866809,-0.0279499197428934,rf-v1
2026-06-03,2026-06-04,1303.TW,flat,16,3.9894998914722025e-05,-0.0176991150442478,-0.0037585944004602,rf-v1
2026-06-03,2026-06-04,3008.TW,flat,17,-8.600256902545251e-06,-0.0401505646173149,-0.0262100439735273,rf-v1
2026-06-03,2026-06-04,6669.TW,flat,18,-2.415305359079312e-05,-0.0053571428571428,0.0085833777866447,rf-v1
2026-06-03,2026-06-04,2412.TW,flat,19,-5.413369263167143e-05,0.00354609929078,0.0174866199345676,rf-v1
2026-06-03,2026-06-04,2330.TW,flat,20,-7.911160576333397e-05,-0.0164948453608247,-0.0025543247170372,rf-v1
2026-06-03,2026-06-04,5880.TW,flat,21,-0.0001163709555499,0.0128205619358903,0.0267610825796779,rf-v1
2026-06-03,2026-06-04,1216.TW,flat,22,-0.000117585816745,0.0040927068195542,0.0180332274633417,rf-v1
2026-06-03,2026-06-04,3231.TW,flat,23,-0.0001227593255181,-0.0927835051546391,-0.0788429845108515,rf-v1
2026-06-03,2026-06-04,4938.TW,flat,24,-0.0001414838468886,-0.0152284263959391,-0.0012879057521515,rf-v1
2026-06-03,2026-06-04,2317.TW,flat,25,-0.0001568779257333,-0.0517799352750809,-0.0378394146312933,rf-v1
2026-06-03,2026-06-04,2615.TW,flat,26,-0.0001726948028216,-0.0023838447437337,0.0115566759000538,rf-v1
2026-06-03,2026-06-04,2886.TW,flat,27,-0.0001790705837278,0.0108042480613737,0.0247447687051612,rf-v1
2026-06-03,2026-06-04,3045.TW,flat,28,-0.0001878645941094,0.0,0.0139405206437875,rf-v1
2026-06-03,2026-06-04,2002.TW,flat,29,-0.0001980953150151,-0.0077319392515347,0.0062085813922528,rf-v1
2026-06-03,2026-06-04,2382.TW,flat,30,-0.000200664448256,-0.0311750599520383,-0.0172345393082508,rf-v1
2026-06-03,2026-06-04,2474.TW,flat,31,-0.0002520026886135,-0.0583657587548638,-0.0444252381110762,rf-v1
2026-06-03,2026-06-04,2889.TW,flat,32,-0.0002662398468862,0.0,0.0139405206437875,rf-v1
2026-06-03,2026-06-04,2207.TW,flat,33,-0.0002795174945116,0.0010309278350515,0.0149714484788391,rf-v1
2026-06-03,2026-06-04,9904.TW,flat,34,-0.0003286676646356,-0.0037735993007443,0.0101669213430432,rf-v1
2026-06-03,2026-06-04,2882.TW,flat,35,-0.0003291837722435,0.0283224225238336,0.0422629431676212,rf-v1
2026-06-03,2026-06-04,1301.TW,flat,36,-0.0003363133084642,-0.0230769377488356,-0.009136417105048,rf-v1
2026-06-03,2026-06-04,2105.TW,flat,37,-0.0003398678268788,0.0,0.0139405206437875,rf-v1
2026-06-03,2026-06-04,2885.TW,flat,38,-0.0003742081249802,0.0031397293648984,0.017080250008686,rf-v1
2026-06-03,2026-06-04,2884.TW,flat,39,-0.0003837852689018,0.0136363867557409,0.0275769073995285,rf-v1
2026-06-03,2026-06-04,2892.TW,flat,40,-0.0003939657029995,0.0189654909331222,0.0329060115769098,rf-v1
2026-06-03,2026-06-04,5871.TW,flat,41,-0.0004248416603475,0.0127659574468084,0.026706478090596,rf-v1
2026-06-03,2026-06-04,6505.TW,flat,42,-0.0004379971565819,0.0286225121725689,0.0425630328163565,rf-v1
2026-06-03,2026-06-04,2891.TW,flat,43,-0.000438515462616,-0.0354609929078014,-0.0215204722640138,rf-v1
2026-06-03,2026-06-04,2912.TW,flat,44,-0.0004580505706028,0.0292887029288702,0.0432292235726577,rf-v1
2026-06-03,2026-06-04,2883.TW,short,45,-0.0004769462845413,0.066147813428951,0.0800883340727386,rf-v1
2026-06-03,2026-06-04,2880.TW,short,46,-0.0005059629360883,0.0357142632572775,0.0496547839010651,rf-v1
2026-06-03,2026-06-04,9910.TW,short,47,-0.0005262704909396,-0.0242424242424242,-0.0103019035986366,rf-v1
2026-06-03,2026-06-04,2890.TW,short,48,-0.0005278193743305,0.0045455007842092,0.0184860214279968,rf-v1
2026-06-03,2026-06-04,2887.TW,short,49,-0.0005400927324908,0.0088339224996376,0.0227744431434252,rf-v1
2026-06-04,2026-06-05,2303.TW,long,1,0.0017521742588225,0.052,0.0703788593429416,rf-v1
2026-06-04,2026-06-05,3443.TW,long,2,0.0012493207412781,0.0022727272727272,0.0206515866156687,rf-v1
2026-06-04,2026-06-05,6415.TW,long,3,0.0012482869539459,0.0210526315789474,0.039431490921889,rf-v1
2026-06-04,2026-06-05,2327.TW,long,4,0.0011815656644373,0.0349932705248989,0.0533721298678405,rf-v1
2026-06-04,2026-06-05,3037.TW,long,5,0.0010605642147498,-0.03913491246138,-0.0207560531184384,rf-v1
2026-06-04,2026-06-05,2454.TW,flat,6,0.0009488254245491,-0.0293453724604966,-0.010966513117555,rf-v1
2026-06-04,2026-06-05,3661.TW,flat,7,0.0008379501334303,-0.0126728110599078,0.0057060482830337,rf-v1
2026-06-04,2026-06-05,3665.TW,flat,8,0.0008000959716175,0.0208816705336427,0.0392605298765843,rf-v1
2026-06-04,2026-06-05,3711.TW,flat,9,0.0005622640254496,-0.026981450252951,-0.0086025909100094,rf-v1
2026-06-04,2026-06-05,3008.TW,flat,10,0.0004140794517564,-0.0379084967320261,-0.0195296373890845,rf-v1
2026-06-04,2026-06-05,2308.TW,flat,11,0.0002466949048423,-0.0515463917525773,-0.0331675324096357,rf-v1
2026-06-04,2026-06-05,2049.TW,flat,12,0.0002401475570422,-0.0363128491620111,-0.0179339898190695,rf-v1
2026-06-04,2026-06-05,2474.TW,flat,13,0.0001128045960119,-0.0475206611570248,-0.0291418018140832,rf-v1
2026-06-04,2026-06-05,2357.TW,flat,14,0.0001048920674948,0.0089686098654708,0.0273474692084124,rf-v1
2026-06-04,2026-06-05,2317.TW,flat,15,0.000104434055005,-0.0290102389078498,-0.0106313795649082,rf-v1
2026-06-04,2026-06-05,3231.TW,flat,16,8.936224734298317e-05,-0.0284090909090909,-0.0100302315661493,rf-v1
2026-06-04,2026-06-05,3034.TW,flat,17,5.0098529239258375e-05,0.0061349693251533,0.0245138286680949,rf-v1
2026-06-04,2026-06-05,2330.TW,flat,18,-7.130866273827049e-07,-0.0083857442348008,0.0099931151081407,rf-v1
2026-06-04,2026-06-05,2382.TW,flat,19,-1.8040198472109827e-05,-0.0334158415841584,-0.0150369822412168,rf-v1
2026-06-04,2026-06-05,1303.TW,flat,20,-2.115487516991156e-05,-0.0585585585585585,-0.0401796992156169,rf-v1
2026-06-04,2026-06-05,2891.TW,flat,21,-4.6752109253832254e-05,-0.0205882577335133,-0.0022093983905717,rf-v1
2026-06-04,2026-06-05,6669.TW,flat,22,-0.0001209035961282,0.0161579892280072,0.0345368485709488,rf-v1
2026-06-04,2026-06-05,3019.TW,flat,23,-0.0001248172838306,0.0032894736842106,0.0216683330271522,rf-v1
2026-06-04,2026-06-05,2881.TW,flat,24,-0.0001949231128211,0.0350877192982457,0.0534665786411873,rf-v1
2026-06-04,2026-06-05,4938.TW,flat,25,-0.0002226250119021,-0.0010309121043411,0.0173479472386004,rf-v1
2026-06-04,2026-06-05,2002.TW,flat,26,-0.000229052436498,0.0025973629641842,0.0209762223071258,rf-v1
2026-06-04,2026-06-05,2885.TW,flat,27,-0.0002698727559806,0.0219092565328331,0.0402881158757747,rf-v1
2026-06-04,2026-06-05,2412.TW,flat,28,-0.0002971193154244,-0.0035335689045936,0.0148452904383479,rf-v1
2026-06-04,2026-06-05,2889.TW,flat,29,-0.0003045930544639,-0.0066006224629272,0.0117782368800143,rf-v1
2026-06-04,2026-06-05,1301.TW,flat,30,-0.0003085492419195,-0.0374015303093847,-0.0190226709664431,rf-v1
2026-06-04,2026-06-05,9910.TW,flat,31,-0.0003546385511681,-0.0447204779393924,-0.0263416185964509,rf-v1
2026-06-04,2026-06-05,3045.TW,flat,32,-0.0003703001428512,0.0,0.0183788593429415,rf-v1
2026-06-04,2026-06-05,2615.TW,flat,33,-0.0003999393170746,0.0286738544012492,0.0470527137441908,rf-v1
2026-06-04,2026-06-05,2882.TW,flat,34,-0.0004024347872078,0.0593220167754542,0.0777008761183958,rf-v1
2026-06-04,2026-06-05,2207.TW,flat,35,-0.0004047756083737,0.01956745623069,0.0379463155736315,rf-v1
2026-06-04,2026-06-05,1216.TW,flat,36,-0.0004161487040102,0.0027174535568372,0.0210963128997788,rf-v1
2026-06-04,2026-06-05,2883.TW,flat,37,-0.0004232853861964,0.0072992980191208,0.0256781573620624,rf-v1
2026-06-04,2026-06-05,9904.TW,flat,38,-0.000429498681661,0.0018939827701391,0.0202728421130807,rf-v1
2026-06-04,2026-06-05,2886.TW,flat,39,-0.0004299052156855,-0.0035628911310732,0.0148159682118683,rf-v1
2026-06-04,2026-06-05,2105.TW,flat,40,-0.0004491981753144,-0.0130246243958452,0.0053542349470963,rf-v1
2026-06-04,2026-06-05,2884.TW,flat,41,-0.0004500729420983,-0.0029896049786987,0.0153892543642428,rf-v1
2026-06-04,2026-06-05,5880.TW,flat,42,-0.0004597988921463,-0.0105485228671778,0.0078303364757637,rf-v1
2026-06-04,2026-06-05,2892.TW,flat,43,-0.0004643566857691,-0.0084602371050642,0.0099186222378773,rf-v1
2026-06-04,2026-06-05,2890.TW,flat,44,-0.0004660149921824,-0.0135746830234126,0.0048041763195288,rf-v1
2026-06-04,2026-06-05,5871.TW,short,45,-0.0004751601711999,-0.0084033613445377,0.0099754979984038,rf-v1
2026-06-04,2026-06-05,2880.TW,short,46,-0.0004814530991435,-0.076923115840616,-0.0585442564976744,rf-v1
2026-06-04,2026-06-05,2887.TW,short,47,-0.0004818824302073,0.0017513536162996,0.0201302129592412,rf-v1
2026-06-04,2026-06-05,6505.TW,short,48,-0.0005091106910331,-0.0382608828337296,-0.019882023490788,rf-v1
2026-06-04,2026-06-05,2912.TW,short,49,-0.0005171317088306,-0.056910569105691,-0.0385317097627494,rf-v1
2026-06-05,2026-06-06,3443.TW,long,1,0.0012047144602937,,,rf-v1
2026-06-05,2026-06-06,2454.TW,long,2,0.001077910048997,,,rf-v1
2026-06-05,2026-06-06,2303.TW,long,3,0.0010267237969394,,,rf-v1
2026-06-05,2026-06-06,3037.TW,long,4,0.0010089116356819,,,rf-v1
2026-06-05,2026-06-06,6415.TW,long,5,0.0008525287525633,,,rf-v1
2026-06-05,2026-06-06,2327.TW,flat,6,0.0007230064415274,,,rf-v1
2026-06-05,2026-06-06,3661.TW,flat,7,0.000664619207596,,,rf-v1
2026-06-05,2026-06-06,2308.TW,flat,8,0.0004832780612914,,,rf-v1
2026-06-05,2026-06-06,3008.TW,flat,9,0.0004746836960365,,,rf-v1
2026-06-05,2026-06-06,2049.TW,flat,10,0.0004181387866848,,,rf-v1
2026-06-05,2026-06-06,3711.TW,flat,11,0.0004180943621039,,,rf-v1
2026-06-05,2026-06-06,1303.TW,flat,12,0.000267568979335,,,rf-v1
2026-06-05,2026-06-06,3665.TW,flat,13,0.0002392231028395,,,rf-v1
2026-06-05,2026-06-06,2317.TW,flat,14,0.0002158565661092,,,rf-v1
2026-06-05,2026-06-06,2474.TW,flat,15,0.0001823400603499,,,rf-v1
2026-06-05,2026-06-06,2330.TW,flat,16,5.820560777689085e-05,,,rf-v1
2026-06-05,2026-06-06,2382.TW,flat,17,9.35067008977688e-06,,,rf-v1
2026-06-05,2026-06-06,3231.TW,flat,18,-2.468332044660885e-05,,,rf-v1
2026-06-05,2026-06-06,6669.TW,flat,19,-5.162097976002341e-05,,,rf-v1
2026-06-05,2026-06-06,1301.TW,flat,20,-6.169721585812009e-05,,,rf-v1
2026-06-05,2026-06-06,2912.TW,flat,21,-9.939917174926156e-05,,,rf-v1
2026-06-05,2026-06-06,3019.TW,flat,22,-0.000109930989187,,,rf-v1
2026-06-05,2026-06-06,2880.TW,flat,23,-0.0001243918340386,,,rf-v1
2026-06-05,2026-06-06,6505.TW,flat,24,-0.0001608603193269,,,rf-v1
2026-06-05,2026-06-06,2891.TW,flat,25,-0.0001825097575517,,,rf-v1
2026-06-05,2026-06-06,9910.TW,flat,26,-0.0001858007295836,,,rf-v1
2026-06-05,2026-06-06,5880.TW,flat,27,-0.0001955909492913,,,rf-v1
2026-06-05,2026-06-06,2357.TW,flat,28,-0.0001986769236723,,,rf-v1
2026-06-05,2026-06-06,2889.TW,flat,29,-0.000239186709821,,,rf-v1
2026-06-05,2026-06-06,2002.TW,flat,30,-0.0002526819778236,,,rf-v1
2026-06-05,2026-06-06,2105.TW,flat,31,-0.0002910908818191,,,rf-v1
2026-06-05,2026-06-06,2412.TW,flat,32,-0.0002927932782056,,,rf-v1
2026-06-05,2026-06-06,2890.TW,flat,33,-0.0002944067314595,,,rf-v1
2026-06-05,2026-06-06,3034.TW,flat,34,-0.0003039197226431,,,rf-v1
2026-06-05,2026-06-06,2892.TW,flat,35,-0.0003046078127773,,,rf-v1
2026-06-05,2026-06-06,4938.TW,flat,36,-0.0003067080965353,,,rf-v1
2026-06-05,2026-06-06,2881.TW,flat,37,-0.0003159109408722,,,rf-v1
2026-06-05,2026-06-06,2882.TW,flat,38,-0.0003502489346955,,,rf-v1
2026-06-05,2026-06-06,5871.TW,flat,39,-0.0003561501815224,,,rf-v1
2026-06-05,2026-06-06,3045.TW,flat,40,-0.0003748126493014,,,rf-v1
2026-06-05,2026-06-06,2885.TW,flat,41,-0.0003793742158063,,,rf-v1
2026-06-05,2026-06-06,1216.TW,flat,42,-0.0003881617597184,,,rf-v1
2026-06-05,2026-06-06,2886.TW,flat,43,-0.0003954585064993,,,rf-v1
2026-06-05,2026-06-06,2207.TW,flat,44,-0.0004048571566149,,,rf-v1
2026-06-05,2026-06-06,2887.TW,short,45,-0.0004368870288883,,,rf-v1
2026-06-05,2026-06-06,2884.TW,short,46,-0.0004451015959903,,,rf-v1
2026-06-05,2026-06-06,2883.TW,short,47,-0.0004547180924479,,,rf-v1
2026-06-05,2026-06-06,9904.TW,short,48,-0.0004665005107077,,,rf-v1
2026-06-05,2026-06-06,2615.TW,short,49,-0.000519090358853,,,rf-v1
2026-06-08,2026-06-09,2303.TW,long,1,0.0016135201481267,0.0537190082644627,0.0284589475527698,rf-v1
2026-06-08,2026-06-09,6415.TW,long,2,0.0013375711700717,0.0076335877862594,-0.0176264729254334,rf-v1
2026-06-08,2026-06-09,3443.TW,long,3,0.0011648935106023,0.0129259694477086,-0.0123340912639842,rf-v1
2026-06-08,2026-06-09,2454.TW,long,4,0.0011304853827987,0.0995085995085995,0.0742485387969067,rf-v1
2026-06-08,2026-06-09,3037.TW,long,5,0.0009748439473532,0.0636663007683864,0.0384062400566935,rf-v1
2026-06-08,2026-06-09,3661.TW,flat,6,0.0007408372959833,0.0191846522781775,-0.0060754084335152,rf-v1
2026-06-08,2026-06-09,2327.TW,flat,7,0.0007298636916485,0.099866844207723,0.0746067834960302,rf-v1
2026-06-08,2026-06-09,3711.TW,flat,8,0.000692157544632,0.0537037037037038,0.0284436429920109,rf-v1
2026-06-08,2026-06-09,1303.TW,flat,9,0.0004764853411573,0.0174358661358173,-0.0078241945758754,rf-v1
2026-06-08,2026-06-09,3008.TW,flat,10,0.0003657620067231,0.0990099009900991,0.0737498402784062,rf-v1
2026-06-08,2026-06-09,6669.TW,flat,11,0.0003560444164676,0.0047393364928909,-0.0205207242188019,rf-v1
2026-06-08,2026-06-09,3665.TW,flat,12,0.0003281911491589,0.0286396181384247,0.0033795574267319,rf-v1
2026-06-08,2026-06-09,2317.TW,flat,13,0.0002409699551256,0.0296846011131726,0.0044245404014797,rf-v1
2026-06-08,2026-06-09,2049.TW,flat,14,0.0002279068241819,0.0470409711684369,0.0217809104567441,rf-v1
2026-06-08,2026-06-09,3231.TW,flat,15,0.0001804185681942,0.0122324159021407,-0.013027644809552,rf-v1
2026-06-08,2026-06-09,3019.TW,flat,16,0.0001667662306708,0.0669014084507042,0.0416413477390114,rf-v1
2026-06-08,2026-06-09,2308.TW,flat,17,0.0001505296899266,0.0709534368070954,0.0456933760954025,rf-v1
2026-06-08,2026-06-09,2357.TW,flat,18,0.0001443446606822,0.0071090047393365,-0.0181510559723563,rf-v1
2026-06-08,2026-06-09,2474.TW,flat,19,3.783902884088505e-05,0.0,-0.0252600607116928,rf-v1
2026-06-08,2026-06-09,2330.TW,flat,20,3.60053159088748e-05,0.0043572984749455,-0.0209027622367472,rf-v1
2026-06-08,2026-06-09,1301.TW,flat,21,1.2800466191943904e-05,-0.0065430588232161,-0.031803119534909,rf-v1
2026-06-08,2026-06-09,3034.TW,flat,22,-6.576689664365145e-06,0.0158562367864694,-0.0094038239252234,rf-v1
2026-06-08,2026-06-09,4938.TW,flat,23,-9.147720170557026e-05,0.0325732904419424,0.0073132297302496,rf-v1
2026-06-08,2026-06-09,2382.TW,flat,24,-9.933011667704826e-05,-0.0039840637450199,-0.0292441244567127,rf-v1
2026-06-08,2026-06-09,2885.TW,flat,25,-0.0001197084257168,0.0451613395444807,0.0199012788327879,rf-v1
2026-06-08,2026-06-09,2882.TW,flat,26,-0.0001405765059347,0.0947368421052632,0.0694767813935703,rf-v1
2026-06-08,2026-06-09,6505.TW,flat,27,-0.0002230522265184,-0.003802223460911,-0.0290622841726039,rf-v1
2026-06-08,2026-06-09,2912.TW,flat,28,-0.0002463700177622,0.0090090090090089,-0.0162510517026839,rf-v1
2026-06-08,2026-06-09,2880.TW,flat,29,-0.0002465363265649,0.0582089779981926,0.0329489172864998,rf-v1
2026-06-08,2026-06-09,2883.TW,flat,30,-0.0002896401910635,0.0859812798901138,0.0607212191784209,rf-v1
2026-06-08,2026-06-09,2002.TW,flat,31,-0.0003040241585139,0.005361950858721,-0.0198981098529718,rf-v1
2026-06-08,2026-06-09,2207.TW,flat,32,-0.0003256116625537,0.0211416490486258,-0.004118411663067,rf-v1
2026-06-08,2026-06-09,2891.TW,flat,33,-0.0003684764914619,0.0581039041850728,0.0328438434733799,rf-v1
2026-06-08,2026-06-09,2889.TW,flat,34,-0.0003694478210059,0.0204081765052661,-0.0048518842064266,rf-v1
2026-06-08,2026-06-09,2887.TW,flat,35,-0.0003913173531678,0.0648648373715512,0.0396047766598584,rf-v1
2026-06-08,2026-06-09,2412.TW,flat,36,-0.0004103901702057,0.0252707581227435,1.0697411050752947e-05,rf-v1
2026-06-08,2026-06-09,2881.TW,flat,37,-0.0004191229419761,0.0775862068965518,0.0523261461848589,rf-v1
2026-06-08,2026-06-09,2615.TW,flat,38,-0.0004286220395554,0.0011820150818522,-0.0240780456298406,rf-v1
2026-06-08,2026-06-09,2890.TW,flat,39,-0.0004296372583168,0.0736677244379853,0.0484076637262924,rf-v1
2026-06-08,2026-06-09,2886.TW,flat,40,-0.0004301579689004,0.0570387968593191,0.0317787361476262,rf-v1
2026-06-08,2026-06-09,5871.TW,flat,41,-0.0004634502987881,0.0346320346320345,0.0093719739203417,rf-v1
2026-06-08,2026-06-09,9904.TW,flat,42,-0.0005106503886755,0.0231660382357863,-0.0020940224759065,rf-v1
2026-06-08,2026-06-09,2105.TW,flat,43,-0.0005148322624487,0.0208955451623717,-0.004364515549321,rf-v1
2026-06-08,2026-06-09,3045.TW,flat,44,-0.000538325056243,0.0173913043478259,-0.0078687563638668,rf-v1
2026-06-08,2026-06-09,5880.TW,short,45,-0.0005439048743492,0.0347072091491835,0.0094471484374907,rf-v1
2026-06-08,2026-06-09,9910.TW,short,46,-0.0005454790667912,0.0993630962007363,0.0741030354890435,rf-v1
2026-06-08,2026-06-09,2884.TW,short,47,-0.0005616364865806,0.0395136527892856,0.0142535920775928,rf-v1
2026-06-08,2026-06-09,1216.TW,short,48,-0.0005772912335119,0.0164608631430027,-0.00879919756869,rf-v1
2026-06-08,2026-06-09,2892.TW,short,49,-0.000590099370187,0.0481099518961436,0.0228498911844508,rf-v1
2026-06-09,2026-06-10,6415.TW,long,1,0.0015143059583337,-0.0672348484848485,-0.0603007527007636,rf-v1
2026-06-09,2026-06-10,3443.TW,long,2,0.0012147982939496,-0.0661252900232018,-0.059191194239117,rf-v1
2026-06-09,2026-06-10,2303.TW,long,3,0.0011040503767716,-0.0705882352941176,-0.0636541395100327,rf-v1
2026-06-09,2026-06-10,3037.TW,long,4,0.0007150515897045,-0.087719298245614,-0.0807852024615292,rf-v1
2026-06-09,2026-06-10,2327.TW,long,5,0.0006436174989912,-0.0084745762711864,-0.0015404804871015,rf-v1
2026-06-09,2026-06-10,2474.TW,flat,6,0.0006098214057309,-0.0704545454545454,-0.0635204496704605,rf-v1
2026-06-09,2026-06-10,2454.TW,flat,7,0.0005427350775129,-0.0715083798882681,-0.0645742841041833,rf-v1
2026-06-09,2026-06-10,3231.TW,flat,8,0.0004460795481832,-0.0453172205438066,-0.0383831247597217,rf-v1
2026-06-09,2026-06-10,2382.TW,flat,9,0.0004148367769905,0.0146666666666666,0.0216007624507514,rf-v1
2026-06-09,2026-06-10,2357.TW,flat,10,0.0003735421453968,-0.0635294117647058,-0.0565953159806209,rf-v1
2026-06-09,2026-06-10,3661.TW,flat,11,0.0003531713153052,-0.0494117647058823,-0.0424776689217974,rf-v1
2026-06-09,2026-06-10,1303.TW,flat,12,0.0003262827796783,-0.0443547785468186,-0.0374206827627338,rf-v1
2026-06-09,2026-06-10,6669.TW,flat,13,0.0002828663573318,-0.0443396226415094,-0.0374055268574246,rf-v1
2026-06-09,2026-06-10,3665.TW,flat,14,0.0002483464255387,0.0,0.0314009661835749,rf-v1
2026-06-09,2026-06-10,3711.TW,flat,15,0.0001985010000449,-0.0527240773286467,-0.0457899815445618,rf-v1
2026-06-09,2026-06-10,2330.TW,flat,16,0.0001849617610991,-0.0216919739696311,-0.0147578781855463,rf-v1
2026-06-09,2026-06-10,1301.TW,flat,17,0.000132528286037,-0.0252469315135789,-0.018312835729494,rf-v1
2026-06-09,2026-06-10,2317.TW,flat,18,9.72719818821536e-05,-0.0522522522522522,-0.0453181564681673,rf-v1
2026-06-09,2026-06-10,3034.TW,flat,19,1.0760508832832248e-05,-0.0041623309053069,0.0027717648787779,rf-v1
2026-06-09,2026-06-10,2308.TW,flat,20,-1.177074093857033e-05,-0.0890269151138716,-0.0820928193297867,rf-v1
2026-06-09,2026-06-10,6505.TW,flat,21,-3.891596555843672e-05,-0.0267175855937233,-0.0197834898096385,rf-v1
2026-06-09,2026-06-10,3008.TW,flat,22,-4.5398300168527256e-05,0.063063063063063,0.0699971588471479,rf-v1
2026-06-09,2026-06-10,2049.TW,flat,23,-6.848321551926399e-05,-0.0550724637681159,-0.048138367984031,rf-v1
2026-06-09,2026-06-10,2912.TW,flat,24,-9.914767082804945e-05,0.015625,0.0225590957840848,rf-v1
2026-06-09,2026-06-10,4938.TW,flat,25,-0.000136701440705,-0.0031545260481251,0.0037795697359597,rf-v1
2026-06-09,2026-06-10,2002.TW,flat,26,-0.0001497860217911,-0.0026666259765625,0.0042674698075223,rf-v1
2026-06-09,2026-06-10,2615.TW,flat,27,-0.000204123902704,-0.0188901833739003,-0.0119560875898154,rf-v1
2026-06-09,2026-06-10,3045.TW,flat,28,-0.000261056026397,0.0085470085470085,0.0154811043310933,rf-v1
2026-06-09,2026-06-10,2412.TW,flat,29,-0.0002735676429744,0.0140845070422535,0.0210186028263383,rf-v1
2026-06-09,2026-06-10,2105.TW,flat,30,-0.000276539664162,0.0102338732840137,0.0171679690680985,rf-v1
2026-06-09,2026-06-10,1216.TW,flat,31,-0.0002831823476134,0.0040486242636372,0.0109827200477221,rf-v1
2026-06-09,2026-06-10,2889.TW,flat,32,-0.0002949585133455,0.0033333460489908,0.0102674418330757,rf-v1
2026-06-09,2026-06-10,9910.TW,flat,33,-0.0003112577188983,0.0892235999531096,0.0961576957371945,rf-v1
2026-06-09,2026-06-10,2207.TW,flat,34,-0.0003174145438071,0.0082815734989647,0.0152156692830496,rf-v1
2026-06-09,2026-06-10,2891.TW,flat,35,-0.000342755570558,-0.0144508676893142,-0.0075167719052293,rf-v1
2026-06-09,2026-06-10,3019.TW,flat,36,-0.0003440002880795,-0.0330033003300329,-0.026069204545948,rf-v1
2026-06-09,2026-06-10,9904.TW,flat,37,-0.0003466402289287,0.0,0.0069340957840848,rf-v1
2026-06-09,2026-06-10,2885.TW,flat,38,-0.000372484841783,-0.0385803039654246,-0.0316462081813397,rf-v1
2026-06-09,2026-06-10,2880.TW,flat,39,-0.0003767516862336,-0.0028209389750678,0.004113156809017,rf-v1
2026-06-09,2026-06-10,2881.TW,flat,40,-0.0003908964440465,-0.02,-0.0130659042159151,rf-v1
2026-06-09,2026-06-10,5871.TW,flat,41,-0.0004074908042733,0.0,0.0069340957840848,rf-v1
2026-06-09,2026-06-10,5880.TW,flat,42,-0.0004341055772843,-0.0020964840087813,0.0048376117753035,rf-v1
2026-06-09,2026-06-10,2884.TW,flat,43,-0.000444645950659,-0.0160818486781014,-0.0091477528940165,rf-v1
2026-06-09,2026-06-10,2886.TW,flat,44,-0.0004447472413363,-0.003444264381387,0.0034898314026978,rf-v1
2026-06-09,2026-06-10,2887.TW,short,45,-0.0004490968469404,-0.0219966035638696,-0.0150625077797847,rf-v1
2026-06-09,2026-06-10,2883.TW,short,46,-0.0004499105776792,-0.0292598449722748,-0.0223257491881899,rf-v1
2026-06-09,2026-06-10,2882.TW,short,47,-0.0004643785206378,-0.0394230622511643,-0.0324889664670794,rf-v1
2026-06-09,2026-06-10,2892.TW,short,48,-0.000467753798343,0.0016393192478867,0.0085734150319716,rf-v1
2026-06-09,2026-06-10,2890.TW,short,49,-0.0005305260121781,-0.0364963503649634,-0.0295622545808785,rf-v1
2026-06-10,2026-06-11,6415.TW,long,1,0.0016750259372763,-0.0233502538071066,-0.0193602136487135,rf-v1
2026-06-10,2026-06-11,2303.TW,long,2,0.0013541568367523,0.0548523206751054,0.0588423608334985,rf-v1
2026-06-10,2026-06-11,2454.TW,long,3,0.0011735285583572,-0.0168471720818291,-0.012857131923436,rf-v1
2026-06-10,2026-06-11,3443.TW,long,4,0.0010169186412887,0.0198757763975154,0.0238658165559085,rf-v1
2026-06-10,2026-06-11,3037.TW,long,5,0.0008916569812861,-0.0339366515837104,-0.0299466114253172,rf-v1
2026-06-10,2026-06-11,2327.TW,flat,6,0.0008281000318608,0.0280830280830279,0.032073068241421,rf-v1
2026-06-10,2026-06-11,2474.TW,flat,7,0.0007509068399865,0.0048899755501221,0.0088800157085152,rf-v1
2026-06-10,2026-06-11,3711.TW,flat,8,0.0005745860818535,0.0092764378478664,0.0132664780062595,rf-v1
2026-06-10,2026-06-11,3231.TW,flat,9,0.0004737802618994,-0.0348101265822784,-0.0308200864238853,rf-v1
2026-06-10,2026-06-11,2308.TW,flat,10,0.0004498381413946,-0.0181818181818181,-0.014191778023425,rf-v1
2026-06-10,2026-06-11,2357.TW,flat,11,0.0004099394862656,-0.015075376884422,-0.0110853367260289,rf-v1
2026-06-10,2026-06-11,1303.TW,flat,12,0.0003727479952714,0.022151881925305,0.0261419220836981,rf-v1
2026-06-10,2026-06-11,3661.TW,flat,13,0.0003457781080568,0.0049504950495049,0.008940535207898,rf-v1
2026-06-10,2026-06-11,2317.TW,flat,14,0.000250336126943,-0.0171102661596957,-0.0131202260013026,rf-v1
2026-06-10,2026-06-11,6669.TW,flat,15,0.0002150166192054,-0.0325765054294175,-0.0285864652710244,rf-v1
2026-06-10,2026-06-11,2049.TW,flat,16,0.0001704220218073,-0.0230061349693251,-0.019016094810932,rf-v1
2026-06-10,2026-06-11,3008.TW,flat,17,3.5619719499457666e-05,0.0084745762711864,0.0124646164295795,rf-v1
2026-06-10,2026-06-11,1301.TW,flat,18,-3.4752836722691955e-05,-0.0135135645990607,-0.0095235244406676,rf-v1
2026-06-10,2026-06-11,2330.TW,flat,19,-5.6854768315793584e-05,0.0004446420631392,0.0044346822215323,rf-v1
2026-06-10,2026-06-11,2382.TW,flat,20,-8.431698920801544e-05,-0.0275952693823915,-0.0236052292239984,rf-v1
2026-06-10,2026-06-11,2883.TW,flat,21,-0.0001042090353313,-0.0159574734313782,-0.0119674332729851,rf-v1
2026-06-10,2026-06-11,2885.TW,flat,22,-0.0001237288144889,-0.0112359674399969,-0.0072459272816038,rf-v1
2026-06-10,2026-06-11,6505.TW,flat,23,-0.0001573943671202,0.0078431671740961,0.0118332073324892,rf-v1
2026-06-10,2026-06-11,2887.TW,flat,24,-0.0001652294823512,-0.0051902982875506,-0.0012002581291575,rf-v1
2026-06-10,2026-06-11,2882.TW,flat,25,-0.0001777749024698,0.006005990640207,0.0099960307986001,rf-v1
2026-06-10,2026-06-11,3019.TW,flat,26,-0.0001784183877559,-0.0068259385665528,-0.0028358984081597,rf-v1
2026-06-10,2026-06-11,2891.TW,flat,27,-0.0001842948534158,-0.0102638853308663,-0.0062738451724732,rf-v1
2026-06-10,2026-06-11,2880.TW,flat,28,-0.0002335427797367,0.0084866496381164,0.0124766897965095,rf-v1
2026-06-10,2026-06-11,4938.TW,flat,29,-0.0002353140265836,0.0063290976245382,0.0103191377829313,rf-v1
2026-06-10,2026-06-11,2890.TW,flat,30,-0.0002509668611941,0.0075757575757575,0.0115657977341506,rf-v1
2026-06-10,2026-06-11,9910.TW,flat,31,-0.0002839535366759,0.0319148936170212,0.0359049337754143,rf-v1
2026-06-10,2026-06-11,3034.TW,flat,32,-0.0003030417507924,0.0198537095088819,0.023843749667275,rf-v1
2026-06-10,2026-06-11,2881.TW,flat,33,-0.000313778385874,0.0244897959183674,0.0284798360767605,rf-v1
2026-06-10,2026-06-11,2002.TW,flat,34,-0.0003558615644186,-0.0080214716448667,-0.0040314314864736,rf-v1
2026-06-10,2026-06-11,2884.TW,flat,35,-0.0004100865158779,0.0059434454434832,0.0099334856018763,rf-v1
2026-06-10,2026-06-11,2615.TW,flat,36,-0.0004144285333634,0.0084236412814702,0.0124136814398633,rf-v1
2026-06-10,2026-06-11,2889.TW,flat,37,-0.0004205204289859,-0.0066445435350418,-0.0026545033766487,rf-v1
2026-06-10,2026-06-11,2886.TW,flat,38,-0.0004248311422936,0.0,0.0039900401583931,rf-v1
2026-06-10,2026-06-11,5880.TW,flat,39,-0.0004510411698879,0.0021008884879003,0.0060909286462934,rf-v1
2026-06-10,2026-06-11,5871.TW,flat,40,-0.0004581812744768,0.0292887029288702,0.0332787430872633,rf-v1
2026-06-10,2026-06-11,2912.TW,flat,41,-0.0004779458434738,0.0065934065934065,0.0105834467517996,rf-v1
2026-06-10,2026-06-11,2892.TW,flat,42,-0.0005041197990554,0.0032733349907392,0.0072633751491323,rf-v1
2026-06-10,2026-06-11,2207.TW,flat,43,-0.0005146714214092,0.0051334702258727,0.0091235103842658,rf-v1
2026-06-10,2026-06-11,2105.TW,short,44,-0.0005351739682769,0.0130246243958451,0.0170146645542382,rf-v1
2026-06-10,2026-06-11,3045.TW,short,45,-0.0005361447226902,0.0084745762711864,0.0124646164295795,rf-v1
2026-06-10,2026-06-11,9904.TW,short,46,-0.0005468507201357,-0.0075471986014887,-0.0035571584430956,rf-v1
2026-06-10,2026-06-11,1216.TW,short,47,-0.0005508463250542,0.0161289909090227,0.0201190310674158,rf-v1
2026-06-10,2026-06-11,2412.TW,short,48,-0.0005716346327021,0.0069444444444444,0.0109344846028375,rf-v1
2026-06-11,2026-06-12,6415.TW,long,1,0.0016314661150014,0.0124740124740123,-0.0085575198866552,rf-v1
2026-06-11,2026-06-12,2454.TW,long,2,0.001184911629465,0.0232558139534884,0.0022242815928208,rf-v1
2026-06-11,2026-06-12,3665.TW,long,3,0.0010442464103801,0.0694444444444444,0.0484129120837768,rf-v1
2026-06-11,2026-06-12,2303.TW,long,4,0.0009232018175348,0.068,0.0469684676393324,rf-v1
2026-06-11,2026-06-12,3037.TW,long,5,0.0008988753268357,0.0562060889929743,0.0351745566323067,rf-v1
2026-06-11,2026-06-12,2327.TW,flat,6,0.0007522155715226,0.0227254807021191,0.0016939483414515,rf-v1
2026-06-11,2026-06-12,3443.TW,flat,7,0.0006687942915978,0.0669914738124237,0.0459599414517561,rf-v1
2026-06-11,2026-06-12,2308.TW,flat,8,0.000466828762682,0.025462962962963,0.0044314306022954,rf-v1
2026-06-11,2026-06-12,3231.TW,flat,9,0.0004447346243259,0.022950819672131,0.0019192873114635,rf-v1
2026-06-11,2026-06-12,2382.TW,flat,10,0.0004156159736314,0.0054054054054053,-0.0156261269552622,rf-v1
2026-06-11,2026-06-12,2357.TW,flat,11,0.0003968966125091,0.0012755102040815,-0.019756022156586,rf-v1
2026-06-11,2026-06-12,6669.TW,flat,12,0.000391265990283,-0.010204081632653,-0.0312356139933206,rf-v1
2026-06-11,2026-06-12,2474.TW,flat,13,0.0002565378626985,0.0,-0.0210315323606675,rf-v1
2026-06-11,2026-06-12,2049.TW,flat,14,0.0002165135475126,0.0156985871271586,-0.0053329452335089,rf-v1
2026-06-11,2026-06-12,2317.TW,flat,15,0.0002008502022114,0.0077369439071566,-0.0132945884535109,rf-v1
2026-06-11,2026-06-12,1303.TW,flat,16,0.0001356085249137,0.0990711901233276,0.07803965776266,rf-v1
2026-06-11,2026-06-12,3008.TW,flat,17,0.0001027481169582,-0.0348139255702281,-0.0558454579308956,rf-v1
2026-06-11,2026-06-12,3711.TW,flat,18,9.87724458761251e-05,0.0845588235294116,0.0635272911687441,rf-v1
2026-06-11,2026-06-12,3661.TW,flat,19,7.626491581412104e-05,0.0110837438423645,-0.009947788518303,rf-v1
2026-06-11,2026-06-12,1301.TW,flat,20,6.877425460611274e-05,0.0331050408264061,0.0120735084657386,rf-v1
2026-06-11,2026-06-12,2883.TW,flat,21,2.372674955332367e-05,-0.0108107833174971,-0.0318423156781647,rf-v1
2026-06-11,2026-06-12,2891.TW,flat,22,1.9698651617323003e-05,0.001481458875868,-0.0195500734847995,rf-v1
2026-06-11,2026-06-12,2885.TW,flat,23,-2.9003827533923267e-05,0.0373377128040688,0.0163061804434012,rf-v1
2026-06-11,2026-06-12,9910.TW,flat,24,-6.094270375946813e-05,-0.0525773038569185,-0.073608836217586,rf-v1
2026-06-11,2026-06-12,2330.TW,flat,25,-0.0001012498713458,0.0266666666666666,0.005635134305999,rf-v1
2026-06-11,2026-06-12,2887.TW,flat,26,-0.0001616429031184,0.05043480914572,0.0294032767850525,rf-v1
2026-06-11,2026-06-12,3019.TW,flat,27,-0.0001618942588173,0.0,-0.0210315323606675,rf-v1
2026-06-11,2026-06-12,2889.TW,flat,28,-0.0002073016707505,0.0033444944062057,-0.0176870379544618,rf-v1
2026-06-11,2026-06-12,2002.TW,flat,29,-0.0002425587034404,0.0188679458687237,-0.0021635864919438,rf-v1
2026-06-11,2026-06-12,6505.TW,flat,30,-0.0002445503466844,0.0272373087474864,0.0062057763868188,rf-v1
2026-06-11,2026-06-12,2882.TW,flat,31,-0.0002582027222781,0.0,-0.0210315323606675,rf-v1
2026-06-11,2026-06-12,4938.TW,flat,32,-0.0002669890440586,-0.0241090462785149,-0.0451405786391825,rf-v1
2026-06-11,2026-06-12,5880.TW,flat,33,-0.0002852143328839,0.008385696117062,-0.0126458362436054,rf-v1
2026-06-11,2026-06-12,2886.TW,flat,34,-0.0002911194401015,0.0,-0.0210315323606675,rf-v1
2026-06-11,2026-06-12,2880.TW,flat,35,-0.0002925258229421,0.0098176285873936,-0.0112139037732739,rf-v1
2026-06-11,2026-06-12,9904.TW,flat,36,-0.0003214822396919,0.0133079996814799,-0.0077235326791875,rf-v1
2026-06-11,2026-06-12,2912.TW,flat,37,-0.0003362354707317,0.0043668122270741,-0.0166647201335934,rf-v1
2026-06-11,2026-06-12,2892.TW,flat,38,-0.0003467306188116,0.0114192621802879,-0.0096122701803795,rf-v1
2026-06-11,2026-06-12,2890.TW,flat,39,-0.000354584318278,0.0270677150640272,0.0060361827033597,rf-v1
2026-06-11,2026-06-12,2884.TW,flat,40,-0.0003804380869575,0.0147710494103052,-0.0062604829503623,rf-v1
2026-06-11,2026-06-12,2881.TW,flat,41,-0.000388500684044,-0.0278884462151394,-0.0489199785758069,rf-v1
2026-06-11,2026-06-12,2207.TW,flat,42,-0.0004118864463637,-0.0181043663471778,-0.0391358987078453,rf-v1
2026-06-11,2026-06-12,3034.TW,flat,43,-0.0004125347125193,0.0010245901639345,-0.020006942196733,rf-v1
2026-06-11,2026-06-12,2412.TW,flat,44,-0.0004313377020512,0.0,-0.0210315323606675,rf-v1
2026-06-11,2026-06-12,3045.TW,short,45,-0.0004348248864311,0.0042016806722688,-0.0168298516883986,rf-v1
2026-06-11,2026-06-12,2615.TW,short,46,-0.0004521637639027,0.0143197721305694,-0.0067117602300981,rf-v1
2026-06-11,2026-06-12,5871.TW,short,47,-0.0005093416344137,-0.0121951219512195,-0.033226654311887,rf-v1
2026-06-11,2026-06-12,1216.TW,short,48,-0.0005169513214846,0.0119047823286264,-0.0091267500320411,rf-v1
2026-06-11,2026-06-12,2105.TW,short,49,-0.0005201436520739,-0.0214285714285714,-0.042460103789239,rf-v1
2026-06-12,2026-06-13,6415.TW,long,1,0.0014095493789255,,,rf-v1
2026-06-12,2026-06-13,2327.TW,long,2,0.0011670876636928,,,rf-v1
2026-06-12,2026-06-13,3037.TW,long,3,0.0008149581709611,,,rf-v1
2026-06-12,2026-06-13,2303.TW,long,4,0.0007658889744755,,,rf-v1
2026-06-12,2026-06-13,3665.TW,long,5,0.000735840453084,,,rf-v1
2026-06-12,2026-06-13,3008.TW,flat,6,0.000701800935037,,,rf-v1
2026-06-12,2026-06-13,2454.TW,flat,7,0.0006746153187057,,,rf-v1
2026-06-12,2026-06-13,3443.TW,flat,8,0.0005699914128564,,,rf-v1
2026-06-12,2026-06-13,2474.TW,flat,9,0.000386721822633,,,rf-v1
2026-06-12,2026-06-13,6669.TW,flat,10,0.0003469995392971,,,rf-v1
2026-06-12,2026-06-13,2357.TW,flat,11,0.0002693922028385,,,rf-v1
2026-06-12,2026-06-13,2308.TW,flat,12,0.000200038048825,,,rf-v1
2026-06-12,2026-06-13,4938.TW,flat,13,0.0001797970400787,,,rf-v1
2026-06-12,2026-06-13,2883.TW,flat,14,0.0001623399722927,,,rf-v1
2026-06-12,2026-06-13,2382.TW,flat,15,0.0001390070775863,,,rf-v1
2026-06-12,2026-06-13,3231.TW,flat,16,9.505209049907464e-05,,,rf-v1
2026-06-12,2026-06-13,2317.TW,flat,17,9.293884059524778e-05,,,rf-v1
2026-06-12,2026-06-13,2882.TW,flat,18,6.677451948846275e-05,,,rf-v1
2026-06-12,2026-06-13,3661.TW,flat,19,5.553713214670594e-05,,,rf-v1
2026-06-12,2026-06-13,3019.TW,flat,20,4.006131078352252e-05,,,rf-v1
2026-06-12,2026-06-13,2881.TW,flat,21,1.6591523950941513e-05,,,rf-v1
2026-06-12,2026-06-13,9910.TW,flat,22,1.3305783807526323e-06,,,rf-v1
2026-06-12,2026-06-13,2207.TW,flat,23,-4.108490293754245e-05,,,rf-v1
2026-06-12,2026-06-13,1303.TW,flat,24,-6.002331714900572e-05,,,rf-v1
2026-06-12,2026-06-13,3711.TW,flat,25,-6.329843667506957e-05,,,rf-v1
2026-06-12,2026-06-13,2891.TW,flat,26,-7.994112603859118e-05,,,rf-v1
2026-06-12,2026-06-13,2049.TW,flat,27,-8.271504064242509e-05,,,rf-v1
2026-06-12,2026-06-13,3034.TW,flat,28,-0.000155895121629,,,rf-v1
2026-06-12,2026-06-13,2105.TW,flat,29,-0.0001649219565362,,,rf-v1
2026-06-12,2026-06-13,5871.TW,flat,30,-0.0001837004451384,,,rf-v1
2026-06-12,2026-06-13,2886.TW,flat,31,-0.0002092117601156,,,rf-v1
2026-06-12,2026-06-13,2330.TW,flat,32,-0.0002119192045929,,,rf-v1
2026-06-12,2026-06-13,2412.TW,flat,33,-0.0002258994353082,,,rf-v1
2026-06-12,2026-06-13,2885.TW,flat,34,-0.0002386876625266,,,rf-v1
2026-06-12,2026-06-13,2889.TW,flat,35,-0.0002489362836305,,,rf-v1
2026-06-12,2026-06-13,2912.TW,flat,36,-0.0002730795830513,,,rf-v1
2026-06-12,2026-06-13,1301.TW,flat,37,-0.0002741182392674,,,rf-v1
2026-06-12,2026-06-13,2880.TW,flat,38,-0.0002905607431018,,,rf-v1
2026-06-12,2026-06-13,3045.TW,flat,39,-0.0002991156341205,,,rf-v1
2026-06-12,2026-06-13,5880.TW,flat,40,-0.0003240581956881,,,rf-v1
2026-06-12,2026-06-13,6505.TW,flat,41,-0.0003399464918684,,,rf-v1
2026-06-12,2026-06-13,2002.TW,flat,42,-0.0003453807252663,,,rf-v1
2026-06-12,2026-06-13,2892.TW,flat,43,-0.0003560368401388,,,rf-v1
2026-06-12,2026-06-13,2887.TW,flat,44,-0.000374758264292,,,rf-v1
2026-06-12,2026-06-13,2615.TW,short,45,-0.000388218915044,,,rf-v1
2026-06-12,2026-06-13,2884.TW,short,46,-0.0004055890125761,,,rf-v1
2026-06-12,2026-06-13,1216.TW,short,47,-0.0004215143081796,,,rf-v1
2026-06-12,2026-06-13,2890.TW,short,48,-0.0004426252112693,,,rf-v1
2026-06-12,2026-06-13,9904.TW,short,49,-0.0004753091328167,,,rf-v1
2026-06-15,2026-06-16,6415.TW,long,1,0.0011489102317612,0.0990654205607477,0.0928896340915894,rf-v1
2026-06-15,2026-06-16,2327.TW,long,2,0.001108868880581,0.0106382978723404,0.0044625114031822,rf-v1
2026-06-15,2026-06-16,3665.TW,long,3,0.0009454251697964,-0.0640176600441501,-0.0701934465133083,rf-v1
2026-06-15,2026-06-16,3443.TW,long,4,0.000814716191193,0.0218068535825544,0.0156310671133961,rf-v1
2026-06-15,2026-06-16,3037.TW,long,5,0.0007886128778537,0.021875,0.0156992135308418,rf-v1
2026-06-15,2026-06-16,2303.TW,flat,6,0.0007239629186141,-0.0035335689045936,-0.0097093553737519,rf-v1
2026-06-15,2026-06-16,2308.TW,flat,7,0.0005122386736944,0.009049773755656,0.0028739872864977,rf-v1
2026-06-15,2026-06-16,2454.TW,flat,8,0.0004240624104731,0.0201342281879195,0.0139584417187612,rf-v1
2026-06-15,2026-06-16,3711.TW,flat,9,0.0003814299842345,0.0033898305084745,-0.0027859559606837,rf-v1
2026-06-15,2026-06-16,2382.TW,flat,10,0.0003122893595295,-0.0202702702702702,-0.0264460567394285,rf-v1
2026-06-15,2026-06-16,6669.TW,flat,11,0.0002925014565846,-0.0040816326530612,-0.0102574191222195,rf-v1
2026-06-15,2026-06-16,4938.TW,flat,12,0.0002102772070181,-0.0059880239520958,-0.0121638104212541,rf-v1
2026-06-15,2026-06-16,2357.TW,flat,13,0.0001753822218378,-0.0012626262626262,-0.0074384127317845,rf-v1
2026-06-15,2026-06-16,3231.TW,flat,14,5.154003087901895e-05,-0.021671826625387,-0.0278476130945453,rf-v1
2026-06-15,2026-06-16,2474.TW,flat,15,4.650564818067955e-05,-0.0120192307692307,-0.018195017238389,rf-v1
2026-06-15,2026-06-16,3661.TW,flat,16,1.3801657516443995e-05,0.0152941176470589,0.0091183311779006,rf-v1
2026-06-15,2026-06-16,2317.TW,flat,17,-6.158023797008845e-05,0.005607476635514,-0.0005683098336441,rf-v1
2026-06-15,2026-06-16,5871.TW,flat,18,-6.880123917862057e-05,-0.0168776371308017,-0.0230534235999599,rf-v1
2026-06-15,2026-06-16,2105.TW,flat,19,-0.0001221188052019,0.0014749036817116,-0.0047008827874466,rf-v1
2026-06-15,2026-06-16,3008.TW,flat,20,-0.0001240146972554,0.0995475113122172,0.093371724843059,rf-v1
2026-06-15,2026-06-16,2049.TW,flat,21,-0.0001257001096901,-0.015174506828528,-0.0213502932976863,rf-v1
2026-06-15,2026-06-16,2330.TW,flat,22,-0.000128103535097,0.0105263157894737,0.0043505293203154,rf-v1
2026-06-15,2026-06-16,2002.TW,flat,23,-0.0001497419945353,-0.018421072708933,-0.0245968591780912,rf-v1
2026-06-15,2026-06-16,2615.TW,flat,24,-0.0001545128769346,-0.0239520958083832,-0.0301278822775414,rf-v1
2026-06-15,2026-06-16,9910.TW,flat,25,-0.0001605172355165,-0.0139064285125236,-0.0200822149816819,rf-v1
2026-06-15,2026-06-16,1303.TW,flat,26,-0.0001610670803803,-0.0170940170940171,-0.0232698035631754,rf-v1
2026-06-15,2026-06-16,6505.TW,flat,27,-0.0001682208315289,-0.0112570071802909,-0.0174327936494492,rf-v1
2026-06-15,2026-06-16,2912.TW,flat,28,-0.0001755100645371,0.0,-0.0061757864691582,rf-v1
2026-06-15,2026-06-16,3045.TW,flat,29,-0.0001803677511405,0.0083682008368199,0.0021924143676617,rf-v1
2026-06-15,2026-06-16,2889.TW,flat,30,-0.0001889383824287,0.0033222717675209,-0.0028535147016373,rf-v1
2026-06-15,2026-06-16,2885.TW,flat,31,-0.0001951903951299,0.0061538696289062,-2.191684025198981e-05,rf-v1
2026-06-15,2026-06-16,1216.TW,flat,32,-0.0002175991473328,-0.0091743715548985,-0.0153501580240568,rf-v1
2026-06-15,2026-06-16,2207.TW,flat,33,-0.0002366181490424,0.0107874865156418,0.0046117000464835,rf-v1
2026-06-15,2026-06-16,2882.TW,flat,34,-0.0002510601398176,0.0528846153846154,0.0467088289154571,rf-v1
2026-06-15,2026-06-16,2884.TW,flat,35,-0.0002572928424384,0.0158729931555636,0.0096972066864053,rf-v1
2026-06-15,2026-06-16,2883.TW,flat,36,-0.0002578179341335,0.0312500538097502,0.0250742673405919,rf-v1
2026-06-15,2026-06-16,2412.TW,flat,37,-0.0002616058436227,0.0068728522336769,0.0006970657645186,rf-v1
2026-06-15,2026-06-16,5880.TW,flat,38,-0.0002694347704228,0.0186335722586996,0.0124577857895413,rf-v1
2026-06-15,2026-06-16,2891.TW,flat,39,-0.0002789192018453,0.0099858001836496,0.0038100137144914,rf-v1
2026-06-15,2026-06-16,2881.TW,flat,40,-0.0002813965825126,0.0352941176470589,0.0291183311779006,rf-v1
2026-06-15,2026-06-16,3034.TW,flat,41,-0.0002847856457488,0.0101010101010101,0.0039252236318518,rf-v1
2026-06-15,2026-06-16,9904.TW,flat,42,-0.0003037697493242,-0.0168855107704364,-0.0230612972395947,rf-v1
2026-06-15,2026-06-16,2892.TW,flat,43,-0.0003051043694833,0.0159744412839466,0.0097986548147883,rf-v1
2026-06-15,2026-06-16,2880.TW,flat,44,-0.0003616963530711,0.0204359668776183,0.0142601804084601,rf-v1
2026-06-15,2026-06-16,2887.TW,short,45,-0.0003699259692399,0.0221518622512832,0.015976075782125,rf-v1
2026-06-15,2026-06-16,2886.TW,short,46,-0.0003800758610792,0.0113636363636364,0.0051878498944781,rf-v1
2026-06-15,2026-06-16,1301.TW,short,47,-0.000391762657521,-0.0105820105820105,-0.0167577970511688,rf-v1
2026-06-15,2026-06-16,2890.TW,short,48,-0.0004008481746645,0.0028408656805023,-0.0033349207886559,rf-v1
2026-06-15,2026-06-16,3019.TW,short,49,-0.0004430726132839,0.0379746835443037,0.0317988970751454,rf-v1
2026-06-16,2026-06-17,6415.TW,long,1,0.0011470857328136,-0.0272108843537415,-0.028155156994726,rf-v1
2026-06-16,2026-06-17,2327.TW,long,2,0.0011334198195386,0.0357894736842105,0.034845201043226,rf-v1
2026-06-16,2026-06-17,3665.TW,long,3,0.0010957271650834,-0.0141509433962264,-0.0150952160372109,rf-v1
2026-06-16,2026-06-17,2303.TW,long,4,0.0008666011543703,-0.0070921985815602,-0.0080364712225448,rf-v1
2026-06-16,2026-06-17,3443.TW,long,5,0.0008560295559441,0.0315040650406504,0.0305597923996658,rf-v1
2026-06-16,2026-06-17,3037.TW,flat,6,0.0005872587543365,0.0071355759429154,0.0061913033019309,rf-v1
2026-06-16,2026-06-17,2308.TW,flat,7,0.0003467807146888,-0.0285791133856287,-0.0295233860266133,rf-v1
2026-06-16,2026-06-17,1303.TW,flat,8,0.0003068309428205,0.1,0.0990557273590155,rf-v1
2026-06-16,2026-06-17,3231.TW,flat,9,0.0003039242562647,0.0284810126582277,0.0275367400172432,rf-v1
2026-06-16,2026-06-17,2382.TW,flat,10,0.0002928340731448,0.0317241379310344,0.0307798652900499,rf-v1
2026-06-16,2026-06-17,2454.TW,flat,11,0.0002306849259829,-0.0219298245614034,-0.0228740972023879,rf-v1
2026-06-16,2026-06-17,3711.TW,flat,12,0.0002132651161,0.0050675675675675,0.004123294926583,rf-v1
2026-06-16,2026-06-17,2474.TW,flat,13,0.0001957265405924,0.0,-0.0009442726409845,rf-v1
2026-06-16,2026-06-17,2357.TW,flat,14,0.0001652413010285,0.0151706700379266,0.014226397396942,rf-v1
2026-06-16,2026-06-17,6669.TW,flat,15,0.0001547250222684,0.0409836065573769,0.0400393339163924,rf-v1
2026-06-16,2026-06-17,2049.TW,flat,16,0.0001082243275202,-0.0015408320493066,-0.0024851046902911,rf-v1
2026-06-16,2026-06-17,9910.TW,flat,17,0.0001049824024166,-0.0666666275415664,-0.067610900182551,rf-v1
2026-06-16,2026-06-17,4938.TW,flat,18,3.772474881921859e-05,0.0,-0.0009442726409845,rf-v1
2026-06-16,2026-06-17,2317.TW,flat,19,1.2618493917773916e-05,0.0111524163568772,0.0102081437158927,rf-v1
2026-06-16,2026-06-17,3008.TW,flat,20,-4.385170498403463e-05,0.058641975308642,0.0576977026676575,rf-v1
2026-06-16,2026-06-17,5871.TW,flat,21,-4.9006949360288745e-05,-0.0128755364806867,-0.0138198091216712,rf-v1
2026-06-16,2026-06-17,2002.TW,flat,22,-7.578639322703378e-05,0.005361950858721,0.0044176782177365,rf-v1
2026-06-16,2026-06-17,3661.TW,flat,23,-9.560389586685092e-05,0.0011587485515642,0.0002144759105797,rf-v1
2026-06-16,2026-06-17,2885.TW,flat,24,-0.000130564481895,0.0198776053827594,0.0189333327417748,rf-v1
2026-06-16,2026-06-17,2615.TW,flat,25,-0.0001326308175594,-0.0134969137928968,-0.0144411864338813,rf-v1
2026-06-16,2026-06-17,6505.TW,flat,26,-0.0001486382758533,-0.0018975766104483,-0.0028418492514328,rf-v1
2026-06-16,2026-06-17,2889.TW,flat,27,-0.00016956683133,0.0066224784946447,0.0056782058536601,rf-v1
2026-06-16,2026-06-17,1301.TW,flat,28,-0.0001787643194959,0.0256684655174215,0.024724192876437,rf-v1
2026-06-16,2026-06-17,2330.TW,flat,29,-0.0002005863875616,-0.0062499999999999,-0.0071942726409844,rf-v1
2026-06-16,2026-06-17,9904.TW,flat,30,-0.0002057592430158,0.0095419844549635,0.008597711813979,rf-v1
2026-06-16,2026-06-17,2105.TW,flat,31,-0.0002164069868848,-0.0762053078276635,-0.077149580468648,rf-v1
2026-06-16,2026-06-17,2890.TW,flat,32,-0.0002214788631472,0.0297450215227816,0.0288007488817971,rf-v1
2026-06-16,2026-06-17,2883.TW,flat,33,-0.0002344998321626,0.0168350164025556,0.0158907437615711,rf-v1
2026-06-16,2026-06-17,1216.TW,flat,34,-0.0002398157732003,0.0052910255813805,0.0043467529403959,rf-v1
2026-06-16,2026-06-17,2891.TW,flat,35,-0.000256545353324,0.0028248155313777,0.0018805428903931,rf-v1
2026-06-16,2026-06-17,2882.TW,flat,36,-0.0002979256709034,0.0365296803652968,0.0355854077243122,rf-v1
2026-06-16,2026-06-17,2881.TW,flat,37,-0.0002988496568127,0.0265151515151516,0.025570878874167,rf-v1
2026-06-16,2026-06-17,2912.TW,flat,38,-0.0003133516279561,0.0043859649122806,0.003441692271296,rf-v1
2026-06-16,2026-06-17,2887.TW,flat,39,-0.0003462318858259,0.009287902295562,0.0083436296545775,rf-v1
2026-06-16,2026-06-17,2886.TW,flat,40,-0.0003516593667798,0.0134831117780021,0.0125388391370175,rf-v1
2026-06-16,2026-06-17,3034.TW,flat,41,-0.0003747646269958,0.03,0.0290557273590155,rf-v1
2026-06-16,2026-06-17,2412.TW,flat,42,-0.0003755801895449,-0.0068259385665528,-0.0077702112075374,rf-v1
2026-06-16,2026-06-17,3045.TW,flat,43,-0.0003762340606238,-0.0124481327800829,-0.0133924054210674,rf-v1
2026-06-16,2026-06-17,2880.TW,flat,44,-0.0003802533577118,0.0173564138301667,0.0164121411891822,rf-v1
2026-06-16,2026-06-17,2884.TW,short,45,-0.0003869191985336,0.0085227054135863,0.0075784327726018,rf-v1
2026-06-16,2026-06-17,2207.TW,short,46,-0.000396682728181,-0.0149413020277481,-0.0158855746687326,rf-v1
2026-06-16,2026-06-17,2892.TW,short,47,-0.0004304024818213,0.022012603136281,0.0210683304952965,rf-v1
2026-06-16,2026-06-17,3019.TW,short,48,-0.0004321320626521,-0.0335365853658536,-0.0344808580068382,rf-v1
2026-06-16,2026-06-17,5880.TW,short,49,-0.0004441182898402,0.0060975453741562,0.0051532727331717,rf-v1
2026-06-17,2026-06-18,6415.TW,long,1,0.0014710226548295,0.09965034965034958,0.08738616991678527,rf-v1
2026-06-17,2026-06-18,2303.TW,long,2,0.0012911050890479,0.03928571428571437,0.02702153455215006,rf-v1
2026-06-17,2026-06-18,3665.TW,long,3,0.0011360027175608,0.004784688995215225,-0.007479490738349082,rf-v1
2026-06-17,2026-06-18,2327.TW,long,4,0.0010781443461423,0.09756097560975618,0.08529679587619188,rf-v1
2026-06-17,2026-06-18,3443.TW,long,5,0.0009009995023577,-0.04236453201970447,-0.05462871175326878,rf-v1
2026-06-17,2026-06-18,3037.TW,flat,6,0.0007486491023837,-0.020242914979757054,-0.03250709471332136,rf-v1
2026-06-17,2026-06-18,2308.TW,flat,7,0.0006586523178203,-0.002320185614849146,-0.014584365348413453,rf-v1
2026-06-17,2026-06-18,2454.TW,flat,8,0.0005858748659753,-0.015695067264574036,-0.027959246998138343,rf-v1
2026-06-17,2026-06-18,9910.TW,flat,9,0.0002032658692549,-0.002747315511711257,-0.015011495245275563,rf-v1
2026-06-17,2026-06-18,3711.TW,flat,10,0.0001213444061438,0.030252100840336027,0.01798792110677172,rf-v1
2026-06-17,2026-06-18,3008.TW,flat,11,7.920998471962109e-05,0.009718172983479212,-0.0025460067500850947,rf-v1
2026-06-17,2026-06-18,4938.TW,flat,12,3.462824514249045e-05,-0.0012048008930252152,-0.013468980626589522,rf-v1
2026-06-17,2026-06-18,3661.TW,flat,13,1.992937879188946e-05,0.01388888888888884,0.001624709155324533,rf-v1
2026-06-17,2026-06-18,2049.TW,flat,14,1.242155699809279e-05,0.033950617283950546,0.02168643755038624,rf-v1
2026-06-17,2026-06-18,2330.TW,flat,15,8.247049835901735e-06,0.01048218029350112,-0.0017819994400631867,rf-v1
2026-06-17,2026-06-18,2474.TW,flat,16,-5.602027297170954e-06,-0.014598540145985384,-0.02686271987954969,rf-v1
2026-06-17,2026-06-18,6669.TW,flat,17,-4.606325912564166e-05,0.009842519685039353,-0.002421660048524954,rf-v1
2026-06-17,2026-06-18,2357.TW,flat,18,-4.7164780914360816e-05,-0.01743462017434616,-0.029698799907910467,rf-v1
2026-06-17,2026-06-18,2891.TW,flat,19,-4.9674840821185226e-05,0.012676077829280263,0.0004118980957159568,rf-v1
2026-06-17,2026-06-18,5871.TW,flat,20,-5.0419279307648055e-05,-0.008695652173912993,-0.0209598319074773,rf-v1
2026-06-17,2026-06-18,3019.TW,flat,21,-6.228095772068037e-05,0.012618296529968376,0.00035411679640406923,rf-v1
2026-06-17,2026-06-18,2382.TW,flat,22,-7.404140318779355e-05,0.005347593582887722,-0.006916586150676585,rf-v1
2026-06-17,2026-06-18,2105.TW,flat,23,-8.738310028455005e-05,-0.0016835401725502352,-0.013947719906114542,rf-v1
2026-06-17,2026-06-18,1303.TW,flat,24,-8.761768744848927e-05,0.09881422924901195,0.08655004951544765,rf-v1
2026-06-17,2026-06-18,2207.TW,flat,25,-9.335773971165289e-05,0.044420368364030294,0.03215618863046599,rf-v1
2026-06-17,2026-06-18,3045.TW,flat,26,-0.0001301330936348,0.0,-0.012264179733564307,rf-v1
2026-06-17,2026-06-18,2412.TW,flat,27,-0.000146180330759,-0.010309278350515427,-0.022573458084079734,rf-v1
2026-06-17,2026-06-18,2883.TW,flat,28,-0.0001501633461986,0.018211894806820395,0.005947715073256088,rf-v1
2026-06-17,2026-06-18,3231.TW,flat,29,-0.0001813753587252,-0.006153846153846176,-0.018418025887410483,rf-v1
2026-06-17,2026-06-18,2317.TW,flat,30,-0.000184389921177,-0.012867647058823484,-0.02513182679238779,rf-v1
2026-06-17,2026-06-18,2615.TW,flat,31,-0.000199532678774,0.0,-0.012264179733564307,rf-v1
2026-06-17,2026-06-18,2889.TW,flat,32,-0.000234355258722,0.0032894862738344077,-0.008974693459729899,rf-v1
2026-06-17,2026-06-18,2002.TW,flat,33,-0.0002364848636005,0.018666687011718697,0.00640250727815439,rf-v1
2026-06-17,2026-06-18,2912.TW,flat,34,-0.000243759814742,-0.024017467248908297,-0.036281646982472604,rf-v1
2026-06-17,2026-06-18,2881.TW,flat,35,-0.0002490840468268,0.01845018450184499,0.006186004768280684,rf-v1
2026-06-17,2026-06-18,2885.TW,flat,36,-0.0002580117649117,0.0194903015178034,0.007226121784239092,rf-v1
2026-06-17,2026-06-18,2887.TW,flat,37,-0.0002652868800626,-0.004601157000075129,-0.016865336733639436,rf-v1
2026-06-17,2026-06-18,2882.TW,flat,38,-0.0002672997893845,0.017621145374449254,0.0053569656408849475,rf-v1
2026-06-17,2026-06-18,1216.TW,flat,39,-0.0002799767552602,-0.019736842105263164,-0.03200102183882747,rf-v1
2026-06-17,2026-06-18,5880.TW,flat,40,-0.000316497867001,0.0,-0.012264179733564307,rf-v1
2026-06-17,2026-06-18,2886.TW,flat,41,-0.0003172700555531,0.008869213734196357,-0.0033949659993679493,rf-v1
2026-06-17,2026-06-18,2880.TW,flat,42,-0.0003256238350957,0.006561680052816987,-0.005702499680747319,rf-v1
2026-06-17,2026-06-18,9904.TW,flat,43,-0.0003281986375985,-0.011342197949178456,-0.023606377682742763,rf-v1
2026-06-17,2026-06-18,2884.TW,flat,44,-0.0003288158042283,-0.002816858425946256,-0.015081038159510562,rf-v1
2026-06-17,2026-06-18,6505.TW,short,45,-0.0003318119547039,0.017110295665154762,0.004846115931590456,rf-v1
2026-06-17,2026-06-18,2892.TW,short,46,-0.0003753171170358,0.003076876126802963,-0.009187303606761343,rf-v1
2026-06-17,2026-06-18,1301.TW,short,47,-0.0004185714901525,0.07820646382342455,0.06594228408986025,rf-v1
2026-06-17,2026-06-18,2890.TW,short,48,-0.0004375955101889,0.09491061644460963,0.08264643671104532,rf-v1
2026-06-17,2026-06-18,3034.TW,short,49,-0.0004523910607139,0.001941747572815622,-0.010322432160748685,rf-v1
2026-06-18,2026-06-19,2327.TW,long,1,0.0013967870882624141,,,rf-v1
2026-06-18,2026-06-19,3443.TW,long,2,0.001181518548398115,,,rf-v1
2026-06-18,2026-06-19,3665.TW,long,3,0.001022387910835091,,,rf-v1
2026-06-18,2026-06-19,3037.TW,long,4,0.0010026779083258741,,,rf-v1
2026-06-18,2026-06-19,6415.TW,long,5,0.0009844737820991465,,,rf-v1
2026-06-18,2026-06-19,2454.TW,flat,6,0.0006400782476825406,,,rf-v1
2026-06-18,2026-06-19,2303.TW,flat,7,0.0006206553510956643,,,rf-v1
2026-06-18,2026-06-19,2308.TW,flat,8,0.00040712162705646863,,,rf-v1
2026-06-18,2026-06-19,2357.TW,flat,9,0.0003385799195491516,,,rf-v1
2026-06-18,2026-06-19,2474.TW,flat,10,0.0002270661797823703,,,rf-v1
2026-06-18,2026-06-19,1303.TW,flat,11,0.0002267913804648703,,,rf-v1
2026-06-18,2026-06-19,9910.TW,flat,12,0.00022650720870988028,,,rf-v1
2026-06-18,2026-06-19,3008.TW,flat,13,0.00015091724200038978,,,rf-v1
2026-06-18,2026-06-19,4938.TW,flat,14,4.1650303127719055e-05,,,rf-v1
2026-06-18,2026-06-19,3231.TW,flat,15,2.592697234084232e-05,,,rf-v1
2026-06-18,2026-06-19,2382.TW,flat,16,5.411932007879546e-06,,,rf-v1
2026-06-18,2026-06-19,2317.TW,flat,17,-1.7436920980872342e-05,,,rf-v1
2026-06-18,2026-06-19,1216.TW,flat,18,-4.608461626704783e-05,,,rf-v1
2026-06-18,2026-06-19,5871.TW,flat,19,-6.028024419594293e-05,,,rf-v1
2026-06-18,2026-06-19,2412.TW,flat,20,-6.603682306067815e-05,,,rf-v1
2026-06-18,2026-06-19,2887.TW,flat,21,-7.523910055252405e-05,,,rf-v1
2026-06-18,2026-06-19,2912.TW,flat,22,-7.855598726303887e-05,,,rf-v1
2026-06-18,2026-06-19,3711.TW,flat,23,-9.334579605501253e-05,,,rf-v1
2026-06-18,2026-06-19,3045.TW,flat,24,-0.0001282029477467418,,,rf-v1
2026-06-18,2026-06-19,2105.TW,flat,25,-0.00013694385306420472,,,rf-v1
2026-06-18,2026-06-19,6669.TW,flat,26,-0.00016017324426746262,,,rf-v1
2026-06-18,2026-06-19,2884.TW,flat,27,-0.00016244025301027,,,rf-v1
2026-06-18,2026-06-19,9904.TW,flat,28,-0.0001672563112133058,,,rf-v1
2026-06-18,2026-06-19,3034.TW,flat,29,-0.0001832704481228917,,,rf-v1
2026-06-18,2026-06-19,2889.TW,flat,30,-0.00019442916984557706,,,rf-v1
2026-06-18,2026-06-19,2891.TW,flat,31,-0.00019875037671284655,,,rf-v1
2026-06-18,2026-06-19,3661.TW,flat,32,-0.00019942223694727128,,,rf-v1
2026-06-18,2026-06-19,5880.TW,flat,33,-0.00020007839271549006,,,rf-v1
2026-06-18,2026-06-19,2330.TW,flat,34,-0.00021127666088226315,,,rf-v1
2026-06-18,2026-06-19,2882.TW,flat,35,-0.00021451191502340573,,,rf-v1
2026-06-18,2026-06-19,2883.TW,flat,36,-0.0002227210463228737,,,rf-v1
2026-06-18,2026-06-19,2881.TW,flat,37,-0.00024932730366476275,,,rf-v1
2026-06-18,2026-06-19,2892.TW,flat,38,-0.00026051513737853553,,,rf-v1
2026-06-18,2026-06-19,2615.TW,flat,39,-0.0002669628330831308,,,rf-v1
2026-06-18,2026-06-19,2880.TW,flat,40,-0.00027006465255373786,,,rf-v1
2026-06-18,2026-06-19,2886.TW,flat,41,-0.00033278989619837793,,,rf-v1
2026-06-18,2026-06-19,2885.TW,flat,42,-0.0003356501992453054,,,rf-v1
2026-06-18,2026-06-19,3019.TW,flat,43,-0.0003388873632902168,,,rf-v1
2026-06-18,2026-06-19,2049.TW,flat,44,-0.0003459467618769252,,,rf-v1
2026-06-18,2026-06-19,2207.TW,short,45,-0.00035316570236512327,,,rf-v1
2026-06-18,2026-06-19,2002.TW,short,46,-0.00041228660044417565,,,rf-v1
2026-06-18,2026-06-19,6505.TW,short,47,-0.0004616993434888046,,,rf-v1
2026-06-18,2026-06-19,2890.TW,short,48,-0.00046716816079800974,,,rf-v1
2026-06-18,2026-06-19,1301.TW,short,49,-0.0005178635284019741,,,rf-v1
